order_id,order_line,order_date,customer_id,product_id,quantity,unit_price,discount_pct,unit_cost,status
O203376,1,2024-10-21,C52227,P1120,1,21.77,0.0,12.19,completed
O202174,2,2024-11-23,C51447,P1060,2,46.08,10.0,24.58,completed
O202603,1,2024-06-29,C51743,P1021,2,163.75,0.0,127.73,completed
O202275,1,2024-10-06,C51518,P1083,1,49.42,0.0,32.12,completed
O200529,2,2023-08-19,C50383,P1034,1,32.89,0.0,20.39,completed
O201193,1,02/03/2024,C50788,P1092,1,16.6,5.0,6.99,completed
O200999,1,2024-12-08,C50685,P1050,1,20.48,40.0,16.39,completed
O202681,2,2024-12-06,C51798,P1015,1,140.65,40.0,182.85,completed
O204502,1,2024-09-08,C53016,P1068,1,26.9,0.0,12.91,completed
O201161,4,2023-11-02,C50774,P1058,1,64.89,0.0,31.15,completed
O200110,2,2023-06-22,C50077,P1058,3,64.89,0.0,31.15,completed
O202830,1,2023-12-08,C51885,P1008,4,121.86,,118.82,completed
O202981,2,2024-09-30,C51962,P1101,1,15.62,0.0,6.25,completed
O203797,1,2024-06-26,C52515,P1073,5,36.39,,23.65,completed
O200391,1,2024-01-06,C50280,P1052,-1,30.8,30.0,21.12,returned
O201203,4,22/08/2023,C50792,P1015,1,234.42,0.0,182.85,completed
O200201,2,27/11/2024,C50142,P1049,1,35.96,20.0,21.58,completed
O200604,1,11/09/2024,C50429,P1034,1,32.89,0.0,20.39,completed
O200043,3,2024-04-30,C50028,P1077,1,47.7,0.0,31.01,completed
O202017,1,"Dec 16, 2024",C51343,P1100,2,7.59,40.0,5.06,completed
O204679,1,"Jan 04, 2024",C53145,P1026,1,37.29,10.0,25.69,returned
O202496,1,"Apr 30, 2023",C51663,P1048,2,36.62,0.0,17.58,completed
O203035,2,"Jan 28, 2024",C51997,P1074,1,79.32,0.0,51.56,completed
O204814,2,2024-12-15,C53245,P1088,1,42.53,30.0,39.49,completed
O202523,2,27/02/2024,C51678,P1018,1,106.98,0.0,83.44,completed
O201490,1,2024-07-07,C50979,P1107,1,12.43,0.0,4.97,completed
O202757,2,2023-04-26,C51835,P1073,1,36.39,0.0,23.65,completed
O201644,1,2024-11-23,C51065,P1106,4,11.72,30.0,6.7,completed
O200822,3,01/11/2024,C50550,P1069,1,46.28,5.0,23.39,completed
O201045,1,02/12/2024,C50708,P1035,1,53.78,20.0,41.68,completed
O201196,2,2023-08-15,C50788,P1090,1,77.14,0.0,50.14,returned
O205673,1,19/12/2024,C53867,P1075,1,52.21,20.0,42.42,completed
O203597,1,2023-09-22,C52387,P1022,2,124.65,0.0,97.23,completed
O205515,1,2023-09-24,C53752,P1015,1,234.42,0.0,182.85,completed
O200462,1,30/11/2024,C50331,P1037,2,42.0,10.0,28.94,completed
O204525,3,2024-12-01,C53032,P1038,1,22.72,30.0,20.13,completed
O205170,3,2024-11-10,C53510,P1015,1,222.7,5.0,182.85,completed
O203145,4,30/01/2023,C52071,P1059,1,22.43,0.0,10.77,completed
O203893,2,2023-07-14,C52572,P1074,1,79.32,0.0,51.56,completed
O201261,4,19/12/2024,C50821,P1114,1,9.53,20.0,6.67,completed
O204393,2,2023-11-07,C52941,P1040,2,61.55,10.0,42.4,completed
O202775,2,2024-12-03,C51850,P1112,1,22.1,,15.47,completed
O204654,3,2024-12-01,C53124,P1017,1,155.42,30.0,173.18,completed
O205680,2,2024-06-24,C53871,P1102,1,30.56,0.0,12.22,completed
O204612,3,2024-11-13,C53095,P1061,4,13.98,10.0,7.45,completed
O200453,1,2024-12-04,C50322,P1042,1,58.34,10.0,40.19,completed
O201203,3,2023-08-22,C50792,P1095,1,9.25,0.0,3.7,completed
O202663,1,2024-11-29,C51785,P1020,1,105.82,40.0,137.56,completed
O200871,2,09/12/2023,C50583,P1024,1,116.55,30.0,129.87,completed
O205756,2,2024-12-28,C53928,P1068,1,26.9,0.0,12.91,completed
O204549,2,2023-08-23,C53053,P1082,2,35.64,15.0,27.25,completed
O203951,4,"Nov 30, 2024",C52624,P1012,3,250.24,10.0,216.88,completed
O200673,3,14/09/2024,C50476,P1037,1,46.67,0.0,28.94,completed
O201360,1,2024-02-04,C50892,P1008,1,144.71,5.0,118.82,completed
O203831,1,2023-12-20,C52535,P1067,1,25.48,10.0,13.59,completed
O203974,1,2023-05-01,C52641,P1101,1,14.84,5.0,6.25,completed
O201676,2,2024-09-22,C51083,P1082,1,41.93,0.0,27.25,completed
O203793,3,2024-05-01,C52514,P1031,1,144.15,0.0,89.37,completed
O204473,4,2024-11-27,C52996,P1054,1,22.94,20.0,13.77,completed
O200696,1,2023-05-07,C50487,P1111,2,27.43,10.0,17.07,completed
O205411,2,2024-11-07,C53682,P1048,1,32.96,10.0,17.58,completed
O205588,1,2024-11-03,C53811,P1004,1,304.09,0.0,237.19,completed
O200687,1,26/11/2024,C50479,P1073,1,29.11,20.0,23.65,completed
O203412,1,2024-11-20,C52259,P1003,2,273.9,0.0,213.64,completed
O203073,1,2024-12-02,C52020,P1067,1,22.65,20.0,13.59,completed
O200321,1,07/02/2024,C50233,P1037,1,44.34,5.0,28.94,completed
O202268,2,28/11/2024,C51512,P1038,3,29.21,10.0,20.13,completed
O203220,1,"May 12, 2024",C52127,P1070,1,30.38,0.0,14.58,completed
O203344,1,2024-09-14,C52208,P1109,5,33.61,10.0,20.91,completed
O203537,1,2024-02-27,C52353,P1020,-1,158.72,10.0,137.56,returned
O203599,6,2024-09-08,C52389,P1052,1,44.0,,21.12,completed
O203483,4,2024-11-26,C52314,P1078,1,52.67,20.0,42.8,completed
O204501,3,2024-05-24,C53014,P1010,1,113.39,0.0,88.44,completed
O203795,2,2024-10-29,C52515,P1026,1,41.43,0.0,25.69,completed
O200049,4,2024-05-31,C50030,P1001,2,214.35,0.0,167.19,completed
O201547,3,06/08/2024,C51012,P1038,2,30.84,5.0,20.13,completed
O200930,1,06/11/2024,C50626,P1077,1,45.32,5.0,31.01,completed
O203145,3,2023-01-30,C52071,P1012,1,278.05,0.0,216.88,completed
O204517,1,2024-12-07,C53026,P1015,1,187.54,20.0,182.85,completed
O204573,1,2024-11-15,C53066,P1104,2,24.41,0.0,9.76,completed
O203596,1,2024-11-20,C52387,P1108,1,15.87,0.0,6.35,completed
O200776,1,08/03/2023,C50533,P1022,3,112.18,10.0,97.23,completed
O203597,2,2023-09-22,C52387,P1008,2,152.33,0.0,118.82,completed
O205063,1,2023-07-28,C53426,P1015,2,234.42,0.0,182.85,completed
O205781,1,2023-12-06,C53942,P1027,1,58.02,10.0,39.97,completed
O203301,2,2023-10-18,C52182,P1040,1,68.39,0.0,42.4,completed
O200915,2,16/11/2023,C50614,P1034,3,32.89,0.0,20.39,completed
O204997,1,2024-07-31,C53378,P1075,2,65.26,0.0,42.42,completed
O202433,2,23/12/2024,C51618,P1088,1,60.76,0.0,39.49,completed
O200701,3,2024-07-21,C50489,P1037,2,46.67,0.0,28.94,completed
O201507,4,2023-07-19,C50983,P1045,1,52.37,0.0,32.47,completed
O202181,4,"Aug 17, 2024",C51453,P1070,1,30.38,0.0,14.58,completed
O200993,1,2023-06-25,C50676,P1046,1,46.84,15.0,34.17,completed
O203330,2,06/02/2024,C52201,P1026,3,37.29,10.0,25.69,completed
O202188,5,2024-03-26,C51460,P1001,2,214.35,0.0,167.19,completed
O201150,2,"Jul 26, 2024",C50766,P1074,1,79.32,0.0,51.56,completed
O205594,1,"Nov 25, 2024",C53813,P1088,2,54.68,10.0,39.49,completed
O200247,1,2024-04-04,C50180,P1114,3,11.91,0.0,6.67,completed
O201044,1,2023-08-26,C50708,P1078,3,65.84,0.0,42.8,completed
O205381,1,2024-09-12,C53658,P1088,3,57.72,5.0,39.49,completed
O203092,2,2023-06-13,C52038,P1038,2,29.21,10.0,20.13,completed
O200052,1,2024-08-08,C50032,P1062,3,25.63,10.0,13.67,completed
O205751,1,2024-12-30,C53928,P1061,3,15.53,0.0,7.45,completed
O203985,2,2023-04-03,C52646,P1096,2,10.19,0.0,4.08,completed
O204144,3,2024-12-11,C52742,P1064,1,38.8,10.0,20.69,completed
O204983,1,2024-04-14,C53366,P1108,2,14.28,10.0,6.35,completed
O202346,2,2024-10-30,C51570,P1114,2,11.91,,6.67,completed
O202860,3,2024-04-20,C51900,P1060,1,51.2,0.0,24.58,completed
O205802,1,2024-07-18,C53957,P1057,2,29.26,0.0,14.04,completed
O203182,4,2024-06-17,C52099,P1010,1,113.39,0.0,88.44,completed
O200848,1,2024-12-18,C50572,P1087,1,41.95,10.0,30.3,completed
O202301,2,2024-11-15,C51544,P1079,2,85.12,0.0,55.33,completed
O204520,4,2024-12-15,C53030,P1032,2,24.19,40.0,,completed
O203474,2,2023-12-11,C52306,P1084,1,39.13,20.0,31.79,completed
O201739,1,2024-12-18,C51144,P1092,1,13.98,20.0,6.99,completed
O204140,1,2024-12-06,C52742,P1068,1,24.21,10.0,12.91,completed
O201772,2,2024-07-20,C51170,P1005,1,61.99,0.0,48.35,completed
O202580,1,29/11/2024,C51720,P1013,1,169.18,10.0,146.62,completed
O205605,2,2024-06-09,C53823,P1052,1,44.0,0.0,21.12,completed
O203480,1,2024-10-06,C52313,P1050,4,34.14,0.0,16.39,completed
O201731,1,2024-05-09,C51135,P1106,1,16.74,0.0,6.7,completed
O201002,3,2024-05-16,C50689,P1112,1,23.49,15.0,15.47,completed
O201455,1,2024-04-17,C50955,P1062,2,27.06,5.0,13.67,completed
O200628,1,27/06/2023,C50442,P1006,2,88.57,0.0,69.08,completed
O204658,2,20/07/2024,C53130,P1092,2,17.47,0.0,6.99,completed
O203033,1,2023-07-12,C51996,P1060,1,51.2,0.0,24.58,completed
O205235,1,2024-03-16,C53552,P1005,1,58.89,5.0,48.35,completed
O203978,2,2023-03-01,C52644,P1104,1,24.41,0.0,9.76,completed
O200188,2,"Dec 14, 2024",C50137,P1083,1,44.48,10.0,32.12,completed
O200299,4,2024-09-21,C50214,P1032,1,38.3,5.0,25.0,returned
O202459,1,2024-06-18,C51636,P1092,1,14.85,15.0,6.99,completed
O200968,1,2024-01-18,C50655,P1074,3,79.32,0.0,51.56,completed
O203532,1,2023-01-14,C52349,P1086,1,47.32,40.0,51.27,completed
O204660,3,2024-02-24,C53130,P1120,2,20.68,5.0,12.19,completed
O200996,1,19/05/2023,C50682,P1078,1,65.84,0.0,42.8,completed
O203277,1,2024-08-18,C52172,P1028,1,53.38,10.0,36.77,completed
O203825,2,25/12/2024,C52533,P1112,2,24.87,10.0,15.47,completed
O201026,5,2023-07-10,C50700,P1046,1,55.11,0.0,34.17,completed
O201173,2,2023-06-03,C50781,P1028,2,59.31,0.0,36.77,completed
O204559,1,2024-10-21,C53060,P1117,1,27.56,0.0,15.43,completed
O201909,1,27/11/2024,C51267,P1111,1,243.79999999999998,20.0,17.07,completed
O200508,4,2024-10-09,C50366,P1098,1,11.59,5.0,4.88,completed
O201888,2,2023-02-28,C51246,P1084,1,48.91,0.0,31.79,completed
O202088,2,2024-12-10,C51391,P1009,1,143.68,20.0,140.09,completed
O204145,4,"Aug 29, 2024",C52742,P1093,1,15.34,0.0,6.14,completed
O203842,2,2024-10-31,C52544,P1050,1,34.14,0.0,16.39,completed
O205095,2,2023-09-27,C53460,P1093,1,15.34,0.0,6.14,completed
O204969,1,2023-12-30,C53350,P1092,2,17.47,0.0,6.99,completed
O202941,1,2024-03-30,C51943,P1030,1,61.28,0.0,37.99,completed
O204531,1,"Dec 30, 2023",C53039,P1045,2,52.37,0.0,32.47,completed
O202001,2,"Oct 26, 2024",C51333,P1015,2,222.7,5.0,182.85,completed
O204304,1,2024-07-23,C52864,P1109,1,37.34,0.0,20.91,completed
O200302,1,2024-12-09,C50218,P1025,1,31.9,20.0,24.73,completed
O200348,2,2023-07-05,C50254,P1030,1,61.28,0.0,37.99,completed
O205256,3,2023-12-09,C53571,P1064,2,30.18,30.0,20.69,completed
O200510,4,2024-11-29,C50367,P1042,1,51.86,20.0,40.19,completed
O201053,4,2024-09-15,C50709,P1001,1,214.35,0.0,167.19,completed
O202991,2,"Dec 31, 2024",C51966,P1014,1,336.97,0.0,262.84,returned
O200912,3,"Nov 28, 2023",C50614,P1114,1,9.53,20.0,6.67,completed
O204349,1,2024-08-23,C52899,P1070,1,30.38,0.0,14.58,returned
O203850,1,2023-12-17,C52551,P1108,1,12.7,20.0,6.35,completed
O200410,1,2023-11-03,C50297,P1114,1,11.91,0.0,6.67,completed
O201394,1,2024-11-16,C50918,P1117,2,27.56,0.0,15.43,completed
O200426,3,2024-12-11,C50309,P1115,1,22.89,10.0,14.24,completed
O205588,3,2024-11-03,C53811,P1104,1,21.97,10.0,9.76,completed
O205334,1,2024-11-26,C53627,P1103,1,11.03,30.0,6.3,completed
O202778,2,2024-11-28,C51851,P1032,2,32.26,20.0,25.0,completed
O204406,2,2024-04-10,C52946,P1035,1,67.22,0.0,41.68,completed
O204031,1,2024-12-03,C52675,P1089,1,62.88,20.0,51.09,completed
O200546,1,"Aug 27, 2024",C50394,P1099,3,21.33,0.0,8.53,completed
O203866,1,30/08/2024,C52560,P1050,1,34.14,0.0,16.39,completed
O200492,1,2024-05-09,C50359,P1045,3,49.75,5.0,32.47,completed
O203329,1,2024-09-20,C52200,P1017,1,222.03,0.0,173.18,completed
O204965,1,2024-10-16,C53348,P1094,1,15.84,10.0,,completed
O205028,1,2024-09-12,C53398,P1062,3,28.48,0.0,13.67,returned
O203477,2,2024-10-31,C52311,P1099,4,21.33,0.0,8.53,completed
O204071,2,2024-12-22,C52707,P1100,2,12.02,5.0,5.06,completed
O200897,1,2024-07-23,C50602,P1114,1,11.91,0.0,,completed
O201435,2,2024-12-11,C50946,P1074,1,55.52,30.0,51.56,completed
O203232,4,2024-09-17,C52136,P1101,3,15.62,0.0,6.25,completed
O204249,2,2024-10-19,C52833,P1015,1,234.42,0.0,182.85,completed
O201950,2,2024-11-26,C51291,P1008,3,106.63,30.0,118.82,completed
O203274,3,2023-08-07,C52170,P1032,1,38.3,5.0,25.0,completed
O201092,1,2023-07-30,C50733,P1098,1,10.98,10.0,4.88,completed
O205839,2,2024-11-11,C53983,P1050,2,34.14,0.0,16.39,completed
O205431,1,2023-12-07,C53690,P1095,1,6.48,30.0,3.7,completed
O203158,2,2024-01-22,C52078,P1079,1,76.61,10.0,55.33,completed
O204936,4,2024-08-02,C53332,P1032,1,40.32,0.0,25.0,completed
O204423,2,2024-10-13,C52956,P1085,2,31.26,0.0,20.32,completed
O203477,3,2024-10-31,C52311,P1114,2,11.91,0.0,6.67,completed
O203351,1,2024-08-15,C52211,P1039,1,32.71,0.0,20.28,completed
O202807,2,2024-07-24,C51874,P1010,2,102.05,10.0,88.44,completed
O203154,2,2024-07-17,C52076,P1005,1,61.99,0.0,48.35,completed
O204276,1,2024-11-30,C52849,P1048,1,21.97,40.0,17.58,completed
O202129,1,2024-10-05,C51423,P1052,1,44.0,0.0,21.12,completed
O204708,3,03/07/2024,C53165,P1015,1,234.42,0.0,182.85,completed
O201207,3,23/11/2024,C50792,P1054,1,25.81,10.0,,completed
O202895,2,2024-04-05,C51915,P1062,1,28.48,0.0,13.67,completed
O200918,5,2024-08-26,C50616,P1110,4,10.34,0.0,5.79,completed
O203194,2,30/09/2024,C52105,P1008,1,144.71,5.0,118.82,returned
O200590,1,2024-10-08,C50421,P1114,1,11.31,5.0,6.67,completed
O201231,2,2024-08-09,C50806,P1088,1,54.68,10.0,39.49,completed
O204145,3,2024-08-29,C52742,P1080,1,50.9,0.0,33.09,completed
O200780,3,04/10/2024,C50535,P1049,2,40.46,10.0,21.58,completed
O202465,1,2024-07-29,C51641,P1082,2,39.83,5.0,27.25,completed
O204846,2,2024-11-07,C53264,P1019,3,293.87,0.0,229.22,completed
O203445,2,2024-11-27,C52287,P1040,1,54.71,20.0,42.4,completed
O203666,1,2024-08-10,C52433,P1029,1,51.62,15.0,37.65,completed
O200433,2,2024-04-18,C50312,P1096,1,9.17,10.0,4.08,completed
O202099,1,"Dec 10, 2024",C51400,P1079,2,59.58,30.0,55.33,completed
O202917,3,2023-11-25,C51928,P1092,4,13.98,20.0,6.99,completed
O203733,3,2024-07-22,C52471,P1052,2,44.0,0.0,21.12,completed
O202709,2,2024-11-16,C51816,P1111,1,30.48,0.0,17.07,completed
O202184,2,2024-12-28,C51454,P1034,3,32.89,0.0,20.39,completed
O204544,3,2024-09-05,C53050,P1098,1,11.59,5.0,4.88,completed
O202699,1,2024-04-30,C51810,P1114,1,10.72,10.0,6.67,completed
O200321,2,2024-02-07,C50233,P1102,1,30.56,0.0,12.22,completed
O204045,2,15/12/2024,C52690,P1062,3,17.09,40.0,13.67,completed
O204642,2,2024-09-26,C53118,P1102,1,30.56,0.0,12.22,completed
O202150,2,2023-12-04,C51433,P1015,1,210.98,,182.85,completed
O205756,1,2024-12-28,C53928,P1088,1,54.68,10.0,39.49,completed
O203877,2,2023-10-31,C52565,P1067,1,28.31,0.0,,completed
O204334,2,2023-03-27,C52888,P1114,1,11.91,0.0,6.67,completed
O204856,4,2024-08-01,C53273,P1072,1,19.89,0.0,9.55,returned
O200716,1,2024-08-24,C50496,P1015,3,234.42,0.0,182.85,completed
O204856,5,2024-08-01,C53273,P1117,1,27.56,0.0,15.43,completed
O200631,1,2024-11-29,C50443,P1008,1,91.4,40.0,118.82,completed
O204467,4,10/12/2023,C52987,P1017,3,133.22,40.0,173.18,completed
O200754,1,2024-08-06,C50516,P1026,1,41.43,0.0,25.69,completed
O205569,1,2023-06-02,C53791,P1023,3,355.1,0.0,276.98,completed
O201863,1,2024-08-03,C51225,P1027,2,54.8,15.0,39.97,completed
O203479,2,2024-11-19,C52311,P1068,1,26.9,0.0,12.91,completed
O201316,2,2023-06-16,C50862,P1055,1,25.46,5.0,12.86,completed
O201021,2,09/12/2024,C50699,P1024,1,149.85,10.0,129.87,completed
O202917,2,"Nov 25, 2023",C51928,P1023,1,319.59,10.0,276.98,completed
O203274,4,"Aug 07, 2023",C52170,P1042,1,64.82,0.0,40.19,completed
O203424,1,2023-07-13,C52266,P1034,1,32.89,0.0,20.39,returned
O202507,1,"May 19, 2023",C51670,P1032,1,40.32,0.0,25.0,completed
O202695,1,2024-12-21,C51806,P1015,1,234.42,0.0,182.85,completed
O200449,1,2024-06-05,C50322,P1105,1,11.88,5.0,5.0,completed
O205708,1,18/09/2024,C53893,P1096,1,10.19,0.0,4.08,completed
O200215,3,11/10/2024,C50150,P1020,1,158.72,10.0,137.56,completed
O202866,1,2024-11-24,C51901,P1013,1,150.38,20.0,146.62,completed
O203900,2,2024-08-25,C52576,P1015,1,210.98,10.0,182.85,completed
O200068,2,2023-10-05,C50045,P1018,1,106.98,0.0,83.44,completed
O201130,2,2023-01-04,C50758,P1031,4,100.9,30.0,89.37,completed
O204926,5,2024-03-17,C53323,P1112,1,26.25,5.0,15.47,completed
O205485,6,2023-05-18,C53725,P1005,1,58.89,5.0,48.35,completed
O202046,2,2023-05-20,C51369,P1101,1,13.28,15.0,6.25,completed
O202083,4,2024-05-26,C51386,P1054,2,28.68,0.0,13.77,completed
O204483,1,2024-01-29,C53000,P1015,1,234.42,0.0,182.85,completed
O202880,1,2024-10-24,C51908,P1005,2,61.99,0.0,48.35,completed
O202431,3,2024-12-26,C51618,P1062,5,25.63,10.0,13.67,completed
O201576,3,2023-06-04,C51037,P1032,1,40.32,0.0,25.0,completed
O202649,1,2023-06-06,C51772,P1050,2,32.43,5.0,16.39,completed
O204401,1,2023-08-19,C52945,P1044,1,55.48,0.0,34.4,completed
O204795,1,2023-08-05,C53229,P1088,3,57.72,5.0,39.49,completed
O205807,2,2023-03-18,C53963,P1105,1,12.51,0.0,5.0,completed
O203396,3,2023-10-08,C52238,P1039,1,31.07,5.0,20.28,completed
O201760,1,31/12/2024,C51162,P1051,1,37.72,0.0,18.11,completed
O205323,3,2024-06-30,C53617,P1081,1,77.57,0.0,50.42,completed
O204710,2,2024-02-27,C53166,P1006,1,88.57,0.0,69.08,completed
O204110,2,2024-11-13,C52731,P1065,1,45.61,0.0,21.89,completed
O204528,4,"Nov 25, 2024",C53036,P1074,1,71.39,10.0,51.56,completed
O200857,2,25/06/2024,C50579,P1024,1,158.17,5.0,129.87,completed
O204939,2,2024-10-05,C53334,P1083,1,49.42,0.0,32.12,completed
O202952,2,2024-06-13,C51948,P1001,1,214.35,0.0,167.19,completed
O205308,2,2023-05-13,C53608,P1098,1,12.2,0.0,4.88,completed
O201260,2,2024-01-04,C50820,P1050,2,23.9,30.0,16.39,completed
O202366,5,02/06/2024,C51575,P1120,1,20.68,5.0,12.19,
O201886,1,"Mar 04, 2024",C51241,P1101,1,14.06,10.0,6.25,completed
O202414,2,2024-12-11,C51605,P1091,1,14.23,40.0,9.49,completed
O205591,1,2024-10-01,C53812,P1061,1,13.98,10.0,7.45,completed
O203555,1,2024-06-15,C52363,P1059,1,22.43,0.0,10.77,completed
O200682,2,21/04/2024,C50478,P1033,1,38.24,0.0,23.71,completed
O204678,2,2023-11-03,C53145,P1019,2,279.18,5.0,229.22,completed
O205275,2,2024-12-14,C53587,P1029,1,54.66,10.0,37.65,completed
O204079,3,2024-01-10,C52713,P1055,2,21.44,20.0,12.86,completed
O201202,2,07/02/2023,C50792,P1114,2,11.91,0.0,6.67,completed
O201271,2,2024-12-17,C50829,P1035,3,53.78,20.0,41.68,completed
O205554,1,2024-09-30,C53780,P1013,1,159.78,15.0,146.62,completed
O200789,3,2024-12-04,C50538,P1016,1,67.8,40.0,88.14,completed
O204581,3,2024-06-26,C53068,P1094,1,17.6,0.0,7.04,completed
O203493,2,2023-07-09,C52321,P1080,1,50.9,0.0,33.09,completed
O204019,1,2024-06-28,C52666,P1094,1,17.6,0.0,7.04,completed
O201634,1,2024-11-02,C51063,P1072,4,19.89,0.0,9.55,completed
O202313,2,2024-06-15,C51554,P1054,3,28.68,0.0,13.77,completed
O205720,4,2024-08-25,C53901,P1089,1,78.6,0.0,51.09,completed
O201577,2,"Nov 08, 2023",C51038,P1067,2,28.31,0.0,13.59,completed
O202081,2,2024-10-03,C51386,P1013,1,178.58,5.0,146.62,completed
O202299,1,01/12/2023,C51542,P1107,1,11.19,10.0,4.97,completed
O205316,1,22/02/2024,C53613,P1032,2,40.32,0.0,25.0,completed
O201580,1,2023-12-04,C51038,P1108,1,14.28,10.0,6.35,completed
O204320,2,2024-08-27,C52875,P1067,3,28.31,0.0,13.59,completed
O204899,2,2024-11-02,C53305,P1059,1,22.43,0.0,10.77,completed
O203390,1,2023-10-15,C52236,P1119,1,49.18,10.0,30.6,completed
O202455,1,2024-06-06,C51634,P1062,2,28.48,,13.67,completed
O205071,2,"Mar 16, 2024",C53432,P1044,2,55.48,0.0,34.4,completed
O200780,2,04/10/2024,C50535,P1050,1,34.14,0.0,16.39,completed
O203334,1,2023-04-30,C52203,P1044,1,47.16,15.0,34.4,completed
O201745,5,03/09/2024,C51149,P1049,1,44.95,0.0,21.58,completed
O202613,1,2024-07-08,C51751,P1034,2,32.89,0.0,20.39,completed
O203690,2,2024-11-24,C52454,P1012,1,194.64,30.0,216.88,completed
O201176,2,2024-03-15,C50781,P1066,3,47.32,0.0,22.71,completed
O205068,1,22/06/2023,C53429,P1088,1,60.76,0.0,39.49,completed
O201530,1,2024-01-14,C50993,P1120,1,15.24,30.0,12.19,completed
O205541,1,2024-02-17,C53771,P1015,1,234.42,0.0,182.85,completed
O200457,1,2024-11-28,C50324,P1032,2,32.26,20.0,25.0,completed
O204525,2,2024-12-01,C53032,P1023,3,248.57,30.0,276.98,completed
O200366,1,2023-08-10,C50266,P1079,1,80.86,5.0,55.33,completed
O205661,3,2024-11-11,C53860,P1085,1,31.26,0.0,20.32,completed
O205743,4,13/10/2024,C53919,P1038,2,32.46,0.0,20.13,completed
O202497,5,12/06/2024,C51663,P1074,1,79.32,0.0,51.56,completed
O205752,1,2024-12-28,C53928,P1037,1,46.67,0.0,28.94,completed
O204633,3,2024-08-22,C53111,P1087,1,46.61,0.0,30.3,returned
O204518,1,2023-12-02,C53027,P1019,2,264.48,10.0,229.22,completed
O205814,2,11/11/2023,C53965,P1110,3,10.34,0.0,5.79,completed
O203664,1,2024-11-23,C52432,P1058,4,45.42,30.0,31.15,completed
O201271,3,2024-12-17,C50829,P1019,1,205.71,30.0,229.22,completed
O204630,2,2024-06-29,C53107,P1080,1,50.9,0.0,33.09,completed
O202522,2,2024-12-23,C51678,P1062,1,25.63,10.0,13.67,completed
O203272,2,27/09/2023,C52170,P1021,2,163.75,0.0,127.73,completed
O201254,1,2024-01-17,C50817,P1054,3,28.68,0.0,13.77,completed
O200937,3,2024-10-19,C50631,P1015,2,234.42,0.0,182.85,completed
O202565,4,2024-07-26,C51712,P1101,1,15.62,0.0,6.25,returned
O203903,2,2023-10-30,C52578,P1068,2,26.9,0.0,12.91,completed
O204429,2,2024-10-24,C52958,P1114,2,11.31,5.0,6.67,completed
O204192,2,2024-11-17,C52777,P1059,1,22.43,0.0,10.77,completed
O201673,1,16/04/2023,C51080,P1058,1,55.16,15.0,31.15,completed
O203008,2,2024-03-04,C51981,P1031,1,136.94,5.0,89.37,completed
O202597,2,24/11/2024,C51733,P1046,2,38.58,30.0,34.17,completed
O204934,1,2024-05-13,C53330,P1048,1,36.62,0.0,17.58,completed
O205567,1,2023-02-27,C53790,P1104,1,24.41,0.0,9.76,completed
O204480,1,2024-11-04,C52998,P1060,2,51.2,0.0,24.58,completed
O204153,3,18/09/2023,C52749,P1112,1,27.63,0.0,15.47,completed
O202692,2,26/05/2024,C51803,P1114,2,11.91,0.0,6.67,completed
O203182,2,17/06/2024,C52099,P1116,1,18.83,0.0,10.54,completed
O204808,4,"Oct 09, 2023",C53244,P1032,1,40.32,0.0,25.0,completed
O201363,1,2023-09-14,C50892,P1028,1,59.31,0.0,36.77,completed
O204938,2,"Aug 31, 2024",C53333,P1050,3,34.14,0.0,16.39,completed
O200724,1,06/08/2023,C50500,P1068,1,26.9,0.0,12.91,completed
O201048,1,2024-11-30,C50708,P1043,2,24.79,30.0,21.96,completed
O201523,1,14/03/2023,C50986,P1010,2,113.39,0.0,88.44,completed
O201153,2,2024-10-26,C50766,P1004,4,304.09,0.0,237.19,completed
O200195,1,2024-11-26,C50138,P1098,1,8.54,30.0,4.88,completed
O201545,1,2024-05-09,C51010,P1051,1,37.72,0.0,18.11,completed
O205182,3,2024-12-22,C53516,P1111,3,30.48,0.0,17.07,completed
O205286,1,2024-12-07,C53592,P1111,1,24.38,20.0,17.07,completed
O201299,1,2024-01-09,C50848,P1036,3,69.5,20.0,53.87,completed
O202853,3,2024-11-27,C51899,P1056,1,14.9,40.0,11.92,completed
O201408,3,2024-08-24,C50925,P1108,1,15.08,,6.35,returned
O201844,2,2024-08-22,C51217,P1062,2,28.48,0.0,13.67,completed
O200184,1,2024-11-08,C50137,P1117,1,27.56,0.0,15.43,completed
O201239,1,2024-07-28,C50810,P1036,1,73.85,15.0,53.87,completed
O204386,2,2024-11-23,C52937,P1112,2,24.87,10.0,15.47,completed
O202031,1,"Nov 23, 2023",C51355,P1015,1,210.98,10.0,182.85,completed
O202313,1,15/06/2024,C51554,P1055,3,26.8,0.0,12.86,completed
O205427,3,2024-07-29,C53688,P1013,1,187.98,0.0,146.62,completed
O203424,1,2023-07-13,C52266,P1034,1,32.89,0.0,20.39,returned
O205353,2,2024-11-30,C53637,P1032,3,24.19,40.0,25.0,completed
O200835,1,2024-03-22,C50564,P1044,3,52.71,5.0,34.4,completed
O205478,1,2024-05-07,C53718,P1048,1,36.62,0.0,17.58,returned
O203684,2,2024-12-22,C52446,P1088,1,60.76,0.0,39.49,completed
O203564,1,2024-12-13,C52364,P1023,1,248.57,30.0,276.98,completed
O205140,1,2024-12-16,C53488,P1048,1,29.3,20.0,17.58,completed
O205723,5,2024-11-06,C53902,P1032,1,40.32,0.0,25.0,completed
O203542,1,2024-06-15,C52357,P1120,1,21.77,0.0,12.19,completed
O200641,1,24/11/2024,C50450,P1008,1,121.86,20.0,118.82,completed
O200353,1,2024-09-19,C50257,P1050,1,32.43,5.0,16.39,completed
O205749,2,2024-11-16,C53927,P1076,2,88.21,0.0,57.34,completed
O202737,1,2024-08-26,C51826,P1081,1,77.57,0.0,50.42,completed
O204487,2,2024-11-15,C53000,P1017,1,222.03,0.0,173.18,completed
O202845,1,2024-07-06,C51892,P1040,1,58.13,15.0,42.4,completed
O204637,1,2024-02-27,C53114,P1032,1,36.29,10.0,25.0,completed
O203910,1,2023-03-04,C52583,P1104,1,21.97,10.0,9.76,completed
O203446,1,"Jun 30, 2024",C52287,P1063,3,30.29,15.0,17.1,completed
O204382,3,2024-11-19,C52936,P1071,4,18.65,0.0,8.95,completed
O201210,3,16/10/2023,C50794,P1079,1,85.12,0.0,55.33,returned
O202874,4,2024-08-22,C51907,P1013,5,187.98,0.0,146.62,completed
O200955,3,"Aug 01, 2023",C50644,P1008,3,152.33,0.0,118.82,completed
O201983,1,2024-12-30,C51316,P1045,1,52.37,0.0,32.47,completed
O203513,3,2024-03-25,C52338,P1022,1,124.65,0.0,97.23,completed
O200529,1,2023-08-19,C50383,P1117,-1,26.18,5.0,15.43,returned
O201100,3,08/12/2024,C50741,P1062,1,25.63,10.0,13.67,completed
O204997,2,2024-07-31,C53378,P1096,1,10.19,0.0,4.08,completed
O205165,4,2024-11-27,C53508,P1076,2,70.57,20.0,57.34,completed
O204952,1,2024-04-23,C53339,P1010,1,107.72,5.0,88.44,completed
O203586,2,2023-05-11,C52378,P1022,5,124.65,0.0,97.23,completed
O201016,1,2024-10-02,C50697,P1038,1,30.84,5.0,20.13,completed
O200800,1,2024-12-28,C50540,P1026,3,41.43,,25.69,completed
O200431,2,2024-03-26,C50312,P1017,2,222.03,0.0,173.18,completed
O201637,1,2024-07-08,C51064,P1119,2,54.65,0.0,30.6,completed
O201077,2,2023-10-09,C50724,P1073,1,36.39,0.0,23.65,completed
O204785,2,2024-07-18,C53222,P1100,3,12.65,0.0,5.06,completed
O201638,4,2024-11-12,C51064,P1023,1,355.1,0.0,276.98,completed
O200573,2,2024-05-20,C50411,P1112,1,27.63,0.0,15.47,completed
O203312,2,2024-07-13,C52184,P1012,1,278.05,,216.88,returned
O202291,2,2024-12-09,C51532,P1108,1,12.7,20.0,6.35,completed
O205740,1,2023-06-25,C53914,P1058,1,58.4,10.0,31.15,completed
O204743,1,2024-11-05,C53187,P1015,1,222.7,5.0,182.85,completed
O203498,4,2024-12-21,C52327,P1062,1,27.06,,13.67,completed
O203916,3,2024-02-27,C52590,P1098,-1,12.2,0.0,4.88,returned
O200928,3,2023-03-13,C50624,P1022,2,124.65,0.0,97.23,completed
O204168,3,2024-02-24,C52755,P1068,1,24.21,10.0,,completed
O201632,1,2024-11-28,C51063,P1114,2,10.72,10.0,6.67,completed
O202430,2,2024-12-28,C51617,P1015,2,222.7,5.0,182.85,completed
O201058,3,2024-11-18,C50712,P1066,2,47.32,0.0,22.71,completed
O201471,3,2024-10-06,C50966,P1009,1,179.6,0.0,140.09,completed
O201005,1,2024-12-02,C50690,P1100,1,10.12,20.0,5.06,completed
O201458,2,2024-06-30,C50955,P1093,4,15.34,0.0,6.14,completed
O205110,2,2024-09-28,C53471,P1114,5,11.91,0.0,6.67,completed
O202141,1,2024-08-17,C51428,P1107,1,12.43,0.0,4.97,completed
O201167,5,2024-12-28,C50778,P1015,1,234.42,0.0,182.85,completed
O201859,2,2024-12-20,C51222,P1013,2,131.59,30.0,146.62,completed
O203483,1,2024-11-26,C52314,P1043,1,31.88,10.0,21.96,completed
O204832,4,2024-09-08,C53258,P1010,1,107.72,5.0,88.44,completed
O203514,2,2023-01-03,C52338,P1114,1,8.34,30.0,6.67,completed
O202917,4,2023-11-25,C51928,P1049,3,31.46,30.0,21.58,completed
O202689,2,"Oct 31, 2024",C51802,P1114,2,11.91,0.0,6.67,completed
O201936,3,2024-08-27,C51280,P1032,2,38.3,5.0,25.0,completed
O205502,2,2024-05-12,C53743,P1020,1,167.54,5.0,137.56,completed
O201328,1,"Oct 16, 2023",C50872,P1023,1,319.59,10.0,276.98,completed
O205462,1,27/12/2024,C53713,P1036,2,78.19,10.0,53.87,returned
O205258,3,2024-02-16,C53571,P1029,1,60.73,0.0,37.65,completed
O200634,1,14/12/2023,C50448,P1028,1,41.52,30.0,36.77,completed
O205465,2,21/12/2024,C53713,P1090,3,77.14,0.0,50.14,completed
O205134,1,2024-12-01,C53481,P1040,1,47.87,30.0,42.4,completed
O201398,1,09/12/2024,C50921,P1070,4,24.3,20.0,14.58,completed
O201250,5,06/12/2024,C50816,P1073,1,32.75,10.0,23.65,completed
O200525,1,2024-11-24,C50381,P1032,1,36.29,10.0,25.0,returned
O204833,1,2024-11-02,C53258,P1035,1,67.22,0.0,41.68,completed
O203583,1,2024-11-02,C52376,P1044,1,55.48,0.0,34.4,returned
O203807,3,2023-03-26,C52518,P1007,1,175.03,10.0,151.69,completed
O202185,1,2024-12-03,C51454,P1105,2,8.76,30.0,5.0,completed
O203358,1,23/09/2024,C52215,P1037,1,46.67,0.0,28.94,completed
O203407,1,"Dec 06, 2024",C52253,P1021,3,131.0,20.0,127.73,completed
O201206,1,2023-04-05,C50792,P1032,2,40.32,0.0,25.0,completed
O203063,1,14/07/2024,C52013,P1008,1,152.33,0.0,118.82,completed
O203500,1,2024-08-12,C52328,P1080,1,45.81,10.0,33.09,completed
O202477,3,"Oct 29, 2023",C51646,P1032,1,40.32,0.0,25.0,completed
O200130,1,2024-11-17,C50093,P1030,2,61.28,0.0,,completed
O200074,1,30/11/2024,C50053,P1085,2,18.76,40.0,20.32,completed
O202305,1,2024-07-20,C51546,P1034,-1,32.89,0.0,20.39,returned
O204567,1,2024-04-21,C53065,P1037,1,46.67,0.0,28.94,completed
O204392,1,2023-12-07,C52940,P1016,3,79.1,30.0,88.14,completed
O200867,2,2024-12-12,C50583,P1098,1,10.98,10.0,4.88,completed
O203808,2,2023-03-14,C52519,P1083,2,49.42,0.0,32.12,completed
O204316,3,2023-01-04,C52874,P1015,1,210.98,10.0,182.85,completed
O201524,1,2024-12-28,C50987,P1025,2,37.89,5.0,24.73,completed
O201238,2,"Jul 20, 2024",C50809,P1008,1,152.33,,118.82,completed
O200805,2,2024-02-26,C50541,P1110,2,10.34,0.0,5.79,completed
O204496,3,28/03/2023,C53013,P1074,1,79.32,0.0,51.56,completed
O205317,2,2024-09-12,C53613,P1100,1,12.65,0.0,5.06,completed
O203181,1,2024-04-24,C52098,P1099,1,213.29999999999998,0.0,8.53,completed
O201078,2,2024-08-30,C50724,P1104,1,24.41,0.0,9.76,completed
O203105,1,2024-06-10,C52048,P1094,3,17.6,0.0,7.04,completed
O205815,3,23/07/2024,C53967,P1091,1,23.72,0.0,9.49,returned
O201970,1,"Mar 20, 2023",C51306,P1015,1,210.98,,182.85,completed
O200710,2,2023-02-23,C50494,P1015,1,210.98,10.0,182.85,completed
O203540,1,2024-11-20,C52354,P1109,1,31.74,15.0,20.91,completed
O203612,3,01/09/2024,C52394,P1057,-1,26.33,10.0,14.04,returned
O205422,1,2023-11-28,C53688,P1059,1,20.19,10.0,10.77,completed
O201039,2,2024-02-29,C50708,P1114,3,11.91,0.0,6.67,completed
O204476,1,2024-11-29,C52998,P1065,1,31.93,30.0,21.89,completed
O202779,1,2024-10-15,C51851,P1077,2,47.7,0.0,31.01,completed
O202594,4,2024-12-07,C51733,P1078,1,52.67,20.0,42.8,completed
O204530,1,2024-05-07,C53039,P1113,1,18.23,0.0,10.21,completed
O200056,1,2024-12-06,C50035,P1012,1,166.83,40.0,216.88,completed
O202346,1,2024-10-30,C51570,P1060,1,46.08,10.0,24.58,completed
O202858,4,2024-09-05,C51899,P1015,1,234.42,0.0,182.85,completed
O205293,2,2024-02-24,C53598,P1102,4,30.56,0.0,12.22,completed
O200048,1,2024-02-16,C50030,P1057,2,24.87,,14.04,completed
O202281,2,2023-11-10,C51520,P1113,1,17.32,5.0,10.21,completed
O201183,1,2023-09-18,C50783,P1041,3,71.64,0.0,44.42,completed
O201851,3,2024-07-26,C51219,P1044,1,52.71,5.0,34.4,completed
O204578,2,"Dec 11, 2024",C53067,P1032,1,32.26,20.0,25.0,completed
O204134,2,05/10/2024,C52738,P1063,1,35.63,0.0,17.1,completed
O201645,2,2024-12-02,C51065,P1098,1,109.80000000000001,10.0,4.88,completed
O203679,1,2023-01-14,C52442,P1107,2,9.94,20.0,4.97,completed
O203864,2,2024-01-31,C52558,P1044,3,55.48,0.0,34.4,completed
O201901,1,2023-09-24,C51258,P1116,3,18.83,0.0,10.54,completed
O205160,3,2024-06-10,C53504,P1103,1,13.4,15.0,6.3,completed
O200118,2,2024-07-08,C50085,P1005,2,61.99,0.0,48.35,completed
O203456,2,2023-11-30,C52291,P1015,1,187.54,20.0,182.85,completed
O200358,2,2024-09-28,C50265,P1067,4,28.31,0.0,13.59,returned
O201354,2,"Nov 24, 2024",C50888,P1078,-1,46.09,30.0,42.8,returned
O200291,3,2024-12-15,C50207,P1045,2,41.9,20.0,32.47,completed
O204633,4,2024-08-22,C53111,P1099,1,21.33,0.0,8.53,completed
O200564,1,2024-06-19,C50404,P1010,1,113.39,0.0,88.44,completed
O205648,1,2023-02-25,C53856,P1057,1,26.33,10.0,14.04,completed
O200873,4,2024-12-12,C50584,P1102,1,24.45,20.0,12.22,completed
O203616,3,2024-12-16,C52396,P1004,1,243.27,20.0,237.19,completed
O202284,2,2024-08-03,C51523,P1039,1,32.71,0.0,20.28,completed
O205495,1,2024-12-17,C53736,P1090,5,69.43,10.0,50.14,completed
O200738,2,2024-11-29,C50506,P1032,1,32.26,,25.0,completed
O203863,3,2024-05-17,C52558,P1077,3,47.7,0.0,31.01,
O203546,4,2024-08-13,C52359,P1112,1,27.63,0.0,15.47,completed
O200059,3,2024-09-22,C50035,P1117,1,27.56,0.0,15.43,returned
O201055,2,2024-11-23,C50710,P1104,1,21.97,10.0,9.76,returned
O201026,2,2023-07-10,C50700,P1117,3,27.56,0.0,15.43,completed
O204325,4,24/11/2024,C52878,P1088,1,54.68,,39.49,completed
O205602,2,2024-05-24,C53820,P1026,3,41.43,0.0,25.69,completed
O200155,2,2024-05-08,C50115,P1111,2,30.48,0.0,17.07,completed
O202545,2,2023-12-12,C51692,P1056,4,22.36,10.0,11.92,completed
O200778,1,2024-12-18,C50534,P1032,4,32.26,20.0,25.0,completed
O200579,1,31/08/2024,C50414,P1009,2,161.64,10.0,140.09,completed
O205560,2,2024-10-05,C53785,P1058,3,64.89,0.0,31.15,completed
O205700,1,28/06/2024,C53886,P1066,1,44.95,5.0,22.71,completed
O201195,1,2024-12-03,C50788,P1015,1,210.98,10.0,182.85,completed
O203894,2,"Nov 24, 2023",C52572,P1069,3,43.85,10.0,23.39,completed
O205822,1,2023-11-04,C53969,P1008,3,152.33,0.0,118.82,completed
O205344,2,2023-04-05,C53631,P1094,1,16.72,5.0,7.04,completed
O201628,5,2024-08-23,C51060,P1034,2,32.89,0.0,20.39,completed
O200261,3,2024-02-28,C50191,P1053,2,15.47,10.0,8.25,completed
O200796,1,"Sep 17, 2024",C50539,P1034,2,32.89,0.0,20.39,completed
O205546,2,2024-02-06,C53772,P1108,3,15.87,0.0,6.35,completed
O202812,1,2023-03-25,C51875,P1032,3,40.32,0.0,25.0,completed
O203956,1,2023-08-11,C52627,P1065,3,45.61,0.0,21.89,completed
O205518,4,"Nov 05, 2023",C53753,P1111,2,25.91,15.0,17.07,completed
O205541,2,2024-02-17,C53771,P1015,1,234.42,0.0,182.85,completed
O202713,3,2024-06-10,C51817,P1017,1,222.03,0.0,173.18,completed
O205124,4,2024-07-03,C53476,P1108,2,14.28,10.0,6.35,completed
O201590,2,2024-11-05,C51044,P1029,2,60.73,0.0,37.65,completed
O205775,3,2024-10-30,C53940,P1082,2,37.74,10.0,27.25,completed
O200202,4,16/12/2024,C50142,P1074,1,71.39,10.0,51.56,completed
O205064,2,2024-01-06,C53427,P1061,1,10.87,30.0,7.45,completed
O200075,1,2024-05-13,C50055,P1025,1,39.88,0.0,24.73,completed
O200618,1,04/05/2023,C50435,P1119,1,54.65,0.0,30.6,completed
O205365,5,2023-07-09,C53646,P1081,2,77.57,0.0,50.42,completed
O205288,3,2023-01-30,C53595,P1092,1,15.72,10.0,6.99,completed
O200650,2,2024-12-14,C50457,P1017,1,199.83,10.0,173.18,completed
O205785,2,"Dec 01, 2023",C53944,P1075,2,58.73,10.0,42.42,completed
O201108,1,"Feb 13, 2024",C50746,P1065,1,41.05,10.0,21.89,returned
O203772,1,2023-01-05,C52503,P1062,2,19.94,30.0,13.67,completed
O203306,1,04/07/2024,C52183,P1037,2,46.67,0.0,28.94,completed
O204202,4,2024-12-18,C52787,P1006,1,62.0,30.0,69.08,completed
O203020,5,12/12/2024,C51990,P1008,2,137.1,10.0,118.82,completed
O204360,3,19/03/2023,C52911,P1119,1,54.65,,30.6,completed
O201917,3,2024-06-08,C51268,P1058,1,64.89,0.0,31.15,completed
O203998,3,13/12/2024,C52652,P1108,2,11.11,30.0,6.35,completed
O203801,2,2024-05-11,C52516,P1034,1,32.89,0.0,20.39,completed
O201464,1,2024-03-14,C50962,P1062,1,28.48,0.0,13.67,completed
O203783,3,2023-10-09,C52509,P1015,3,222.7,5.0,182.85,completed
O200292,1,14/09/2024,C50207,P1099,1,21.33,0.0,,completed
O201731,2,2024-05-09,C51135,P1110,2,10.34,0.0,5.79,completed
O203334,2,2023-04-30,C52203,P1039,3,32.71,0.0,20.28,completed
O201507,3,19/07/2023,C50983,P1025,1,35.89,10.0,24.73,completed
O202836,3,18/06/2024,C51886,P1066,1,44.95,5.0,22.71,completed
O203139,1,2024-12-29,C52066,P1099,1,19.2,10.0,8.53,completed
O204982,3,21/08/2024,C53365,P1007,1,194.48,0.0,151.69,completed
O201905,2,2024-09-19,C51260,P1117,1,27.56,0.0,15.43,completed
O201277,3,2024-07-25,C50835,P1060,1,51.2,0.0,24.58,completed
O201630,1,2024-03-14,C51063,P1018,3,106.98,0.0,83.44,completed
O203930,2,2024-06-18,C52610,P1116,2,17.89,,10.54,completed
O200555,2,2024-12-04,C50401,P1014,2,303.27,10.0,262.84,completed
O201935,3,2024-03-30,C51277,P1077,1,47.7,0.0,31.01,completed
O204187,5,2023-10-17,C52773,P1036,1,86.88,0.0,,completed
O202883,1,2024-08-12,C51908,P1118,1,22.32,10.0,13.89,completed
O200984,2,2024-12-13,C50666,P1090,-2,46.28,40.0,50.14,returned
O202108,2,"Sep 05, 2023",C51407,P1037,2,46.67,0.0,28.94,completed
O204619,1,22/07/2024,C53102,P1037,2,46.67,0.0,28.94,completed
O200127,4,2023-06-22,C50092,P1030,1,55.15,10.0,37.99,completed
O205191,1,2024-09-30,C53522,P1067,1,28.31,0.0,13.59,completed
O200758,1,2024-04-24,C50518,P1081,1,77.57,0.0,50.42,completed
O203419,2,2024-11-19,C52263,P1050,1,34.14,0.0,16.39,completed
O202674,1,18/07/2024,C51795,P1093,5,13.81,10.0,6.14,completed
O205027,2,2024-08-06,C53397,P1030,2,61.28,0.0,37.99,returned
O200509,1,03/11/2024,C50367,P1019,1,264.48,10.0,229.22,completed
O202711,4,2023-11-30,C51817,P1067,1,19.82,30.0,13.59,completed
O205537,2,2024-11-21,C53765,P1098,1,12.2,0.0,4.88,completed
O201667,2,2024-03-04,C51071,P1091,1,23.72,0.0,9.49,completed
O204999,1,2024-10-07,C53378,P1015,1,234.42,0.0,182.85,completed
O205401,2,2023-08-13,C53675,P1105,3,12.51,0.0,5.0,completed
O204296,2,2024-12-07,C52859,P1074,2,63.46,20.0,51.56,completed
O200572,1,2023-10-05,C50411,P1005,1,61.99,0.0,48.35,completed
O205156,1,2023-04-17,C53504,P1074,1,71.39,10.0,51.56,completed
O200583,3,2023-11-23,C50416,P1062,1,19.94,30.0,13.67,completed
O200260,3,2024-11-27,C50189,P1114,1,10.72,10.0,6.67,completed
O204606,2,2024-10-16,C53090,P1023,1,355.1,0.0,276.98,completed
O202583,3,13/03/2024,C51724,P1041,1,71.64,0.0,44.42,completed
O204696,1,2024-10-08,C53160,P1030,2,61.28,0.0,37.99,completed
O201729,2,2023-09-25,C51135,P1002,1,92.08,10.0,79.8,completed
O200573,1,2024-05-20,C50411,P1033,2,38.24,0.0,23.71,completed
O204867,1,2024-09-01,C53277,P1068,1,26.9,0.0,12.91,completed
O203104,3,2024-12-07,C52046,P1111,3,24.38,20.0,17.07,completed
O203099,1,"Jun 21, 2024",C52043,P1021,2,147.38,10.0,127.73,completed
O205489,1,2023-10-25,C53730,P1043,1,35.42,0.0,21.96,completed
O204972,1,2024-12-31,C53351,P1084,1,48.91,0.0,31.79,completed
O202429,4,29/12/2024,C51617,P1045,2,52.37,0.0,32.47,completed
O204342,1,2023-03-11,C52895,P1081,1,77.57,0.0,50.42,completed
O202641,1,2024-12-07,C51769,P1011,1,205.82,30.0,229.34,completed
O201805,1,2023-12-10,C51201,P1109,1,29.87,20.0,20.91,completed
O204650,2,"Sep 22, 2024",C53122,P1015,5,234.42,0.0,182.85,completed
O200306,2,"Apr 13, 2024",C50221,P1023,4,319.59,10.0,276.98,completed
O203570,2,2024-12-09,C52366,P1051,1,26.4,30.0,18.11,completed
O204972,3,2024-12-31,C53351,P1065,2,45.61,,21.89,completed
O201178,2,2024-06-18,C50781,P1053,1,17.19,0.0,8.25,completed
O200101,1,2024-09-01,C50071,P1088,2,60.76,0.0,39.49,completed
O200672,1,2024-12-02,C50476,P1088,2,42.53,30.0,39.49,completed
O204408,1,2024-05-05,C52948,P1002,1,102.31,0.0,79.8,completed
O205520,4,2024-08-25,C53753,P1098,3,10.37,15.0,4.88,completed
O203997,1,26/12/2024,C52652,P1113,1,18.23,0.0,10.21,completed
O203679,2,2023-01-14,C52442,P1012,1,250.24,10.0,216.88,completed
O204430,2,2024-12-07,C52959,P1074,2,47.59,40.0,51.56,completed
O201760,4,2024-12-31,C51162,P1092,1,16.6,5.0,6.99,completed
O202811,3,2024-10-31,C51875,P1028,1,59.31,0.0,36.77,completed
O200788,3,2023-11-24,C50538,P1020,1,158.72,10.0,137.56,completed
O201260,1,04/01/2024,C50820,P1012,1,250.24,10.0,216.88,completed
O201022,2,2024-03-18,C50699,P1084,1,48.91,0.0,31.79,completed
O204939,4,2024-10-05,C53334,P1092,1,15.72,10.0,6.99,completed
O204931,6,2024-08-25,C53327,P1015,1,234.42,0.0,182.85,completed
O203878,4,2023-06-06,C52566,P1114,1,11.91,0.0,6.67,returned
O201614,3,2024-07-24,C51058,P1111,-1,30.48,0.0,17.07,returned
O205561,3,2024-10-13,C53788,P1016,1,113.0,0.0,88.14,completed
O204451,2,2024-07-25,C52977,P1096,1,10.19,0.0,4.08,completed
O204801,2,2024-09-19,C53240,P1054,1,27.25,5.0,13.77,completed
O203925,1,"Aug 27, 2024",C52605,P1031,2,144.15,0.0,89.37,completed
O202582,4,2024-10-16,C51722,P1093,1,15.34,0.0,6.14,
O200447,2,2024-05-27,C50321,P1091,1,23.72,0.0,9.49,completed
O205855,2,2024-05-24,C53988,P1024,2,166.5,0.0,129.87,completed
O205523,1,2024-06-01,C53755,P1052,1,44.0,0.0,21.12,completed
O202913,2,2023-11-03,C51926,P1034,1,32.89,0.0,20.39,completed
O201122,2,2024-12-01,C50753,P1057,1,23.41,20.0,14.04,completed
O205348,2,2024-05-28,C53634,P1015,2,210.98,10.0,182.85,completed
O205317,3,2024-09-12,C53613,P1032,1,40.32,0.0,25.0,completed
O202556,1,2024-12-27,C51705,P1027,1,64.47,0.0,39.97,completed
O205520,2,2024-08-25,C53753,P1013,4,187.98,0.0,146.62,completed
O203378,1,"Sep 26, 2023",C52229,P1113,1,18.23,0.0,10.21,completed
O202159,1,28/11/2024,C51437,P1016,1,79.1,30.0,88.14,completed
O201135,4,2024-05-12,C50759,P1031,1,144.15,0.0,89.37,completed
O202462,1,"Aug 16, 2024",C51636,P1027,1,64.47,0.0,39.97,completed
O204437,4,2023-07-14,C52965,P1029,1,60.73,0.0,37.65,completed
O201814,4,2024-09-26,C51203,P1051,1,37.72,0.0,18.11,completed
O205285,1,"Dec 08, 2024",C53592,P1020,1,123.45,30.0,137.56,completed
O202026,1,2024-11-23,C51348,P1097,1,7.5,30.0,4.28,completed
O201574,2,2024-06-24,C51037,P1114,5,11.31,5.0,6.67,completed
O201858,1,2024-06-30,C51222,P1050,1,34.14,0.0,16.39,completed
O203543,1,2024-11-17,C52357,P1010,2,113.39,0.0,88.44,completed
O200185,1,2024-11-29,C50137,P1013,1,131.59,30.0,146.62,completed
O200297,2,2024-08-27,C50211,P1105,4,12.51,0.0,5.0,completed
O204950,3,"Nov 23, 2023",C53338,P1001,1,128.61,40.0,167.19,completed
O205047,3,2023-06-04,C53406,P1031,1,129.74,10.0,89.37,completed
O205153,2,2024-03-09,C53499,P1084,1,48.91,0.0,31.79,completed
O205717,1,2023-01-31,C53901,P1088,1,60.76,0.0,39.49,completed
O205317,4,"Sep 12, 2024",C53613,P1034,2,32.89,0.0,20.39,completed
O202360,2,2024-11-02,C51574,P1112,3,27.63,0.0,15.47,completed
O200751,3,2023-09-19,C50514,P1070,1,30.38,0.0,14.58,completed
O204167,1,2023-07-16,C52755,P1039,3,29.44,10.0,20.28,completed
O201484,1,2023-08-08,C50972,P1022,3,105.95,15.0,97.23,completed
O201168,1,2024-12-29,C50778,P1044,1,55.48,0.0,34.4,completed
O201986,1,14/10/2024,C51319,P1019,1,293.87,0.0,229.22,completed
O203666,5,2024-08-10,C52433,P1004,1,304.09,0.0,237.19,completed
O201987,1,2024-12-13,C51319,P1071,4,11.19,40.0,8.95,completed
O202193,1,2024-12-30,C51464,P1033,1,38.24,0.0,23.71,completed
O202710,2,2023-10-23,C51817,P1008,1,152.33,0.0,118.82,completed
O204548,1,08/05/2024,C53052,P1058,2,64.89,0.0,31.15,completed
O204595,2,01/12/2024,C53080,P1092,1,12.23,30.0,6.99,completed
O203834,1,2023-11-25,C52536,P1011,3,235.22,20.0,,returned
O201843,1,2024-10-10,C51216,P1062,4,28.48,0.0,13.67,completed
O205256,4,2023-12-09,C53571,P1114,3,8.34,30.0,6.67,completed
O205188,2,2024-11-30,C53519,P1037,1,42.0,10.0,28.94,completed
O205484,2,2024-12-13,C53723,P1074,1,71.39,10.0,51.56,completed
O204549,1,2023-08-23,C53053,P1050,2,34.14,0.0,16.39,completed
O202274,2,2023-08-31,C51517,P1109,1,35.47,5.0,20.91,completed
O203415,3,15/11/2024,C52263,P1096,3,10.19,0.0,4.08,completed
O203605,1,2024-03-01,C52389,P1117,5,27.56,0.0,15.43,completed
O203844,1,2024-11-24,C52547,P1015,1,187.54,20.0,182.85,completed
O204840,3,2024-10-13,C53263,P1117,1,27.56,0.0,15.43,completed
O201225,2,2024-06-28,C50802,P1114,1,11.91,0.0,6.67,completed
O201812,1,18/12/2024,C51202,P1015,1,140.65,40.0,182.85,completed
O205484,1,2024-12-13,C53723,P1015,1,210.98,10.0,182.85,completed
O200150,6,2024-05-08,C50105,P1002,1,92.08,10.0,79.8,completed
O204985,1,2024-10-22,C53368,P1067,-3,28.31,0.0,13.59,returned
O200011,2,2023-09-23,C50004,P1002,2,102.31,0.0,79.8,completed
O200586,2,2023-02-26,C50418,P1110,1,9.31,10.0,5.79,completed
O200913,2,2023-12-10,C50614,P1100,1,10.12,20.0,5.06,completed
O203086,6,"Dec 20, 2024",C52030,P1034,1,19.73,40.0,20.39,completed
O203986,2,2023-12-04,C52646,P1077,1,33.39,30.0,31.01,completed
O203677,5,2024-10-04,C52442,P1092,1,15.72,10.0,6.99,completed
O201231,3,2024-08-09,C50806,P1080,1,48.36,5.0,33.09,completed
O205278,1,2024-04-02,C53588,P1063,3,35.63,0.0,17.1,completed
O201365,3,15/06/2024,C50893,P1061,1,15.53,0.0,7.45,completed
O204363,1,25/12/2023,C52911,P1052,4,44.0,0.0,21.12,completed
O203384,3,"Mar 19, 2024",C52232,P1029,3,60.73,0.0,37.65,completed
O200313,2,2024-05-21,C50230,P1014,1,336.97,0.0,262.84,completed
O200123,3,10/12/2024,C50086,P1011,1,176.42,40.0,229.34,completed
O200047,1,2024-11-20,C50028,P1112,1,26.25,5.0,15.47,completed
O200488,2,02/09/2024,C50357,P1015,1,234.42,0.0,182.85,completed
O201832,2,"Jul 07, 2024",C51211,P1050,1,32.43,5.0,16.39,completed
O200262,4,2024-04-23,C50191,P1047,1,44.12,10.0,23.53,completed
O202111,1,2024-12-21,C51407,P1032,1,34.27,15.0,25.0,completed
O203434,1,2023-12-25,C52274,P1062,1,28.48,,13.67,completed
O203557,1,2024-06-06,C52364,P1102,1,29.03,5.0,12.22,completed
O200527,1,08/12/2023,C50381,P1046,1,44.09,20.0,34.17,completed
O204917,1,2024-06-02,C53317,P1079,1,851.2,0.0,55.33,completed
O205762,3,2024-05-16,C53929,P1008,5,152.33,0.0,118.82,completed
O200604,3,2024-09-11,C50429,P1015,4,234.42,0.0,182.85,completed
O201864,3,"Nov 14, 2024",C51226,P1001,1,214.35,0.0,167.19,completed
O205223,1,15/09/2024,C53546,P1074,2,79.32,0.0,51.56,completed
O201870,1,2024-10-28,C51227,P1074,1,79.32,0.0,51.56,completed
O205223,4,15/09/2024,C53546,P1074,2,79.32,0.0,51.56,completed
O202512,2,2023-09-20,C51671,P1015,1,199.26,15.0,182.85,completed
O204426,6,"Dec 27, 2024",C52956,P1020,1,176.36,0.0,137.56,completed
O204587,1,"Jan 07, 2024",C53077,P1005,3,43.39,30.0,48.35,completed
O204285,1,2024-04-01,C52854,P1102,2,30.56,0.0,12.22,completed
O201877,2,2024-03-26,C51234,P1016,3,113.0,0.0,88.14,completed
O205118,2,2024-12-02,C53474,P1088,1,54.68,10.0,39.49,completed
O203931,2,2024-11-05,C52611,P1083,1,49.42,0.0,32.12,completed
O204937,1,2024-09-19,C53332,P1007,1,194.48,0.0,151.69,completed
O204697,1,2024-08-11,C53161,P1037,1,46.67,0.0,28.94,completed
O204083,3,"Aug 14, 2024",C52716,P1055,1,26.8,0.0,12.86,completed
O205737,3,2024-09-30,C53909,P1050,3,34.14,0.0,16.39,completed
O204916,2,2024-09-12,C53316,P1067,1,25.48,10.0,,completed
O204492,2,2024-07-08,C53008,P1008,1,152.33,0.0,118.82,completed
O205380,2,"Apr 24, 2024",C53658,P1062,1,28.48,0.0,13.67,completed
O202953,4,2023-12-16,C51949,P1005,2,55.79,10.0,48.35,completed
O200717,2,"Sep 27, 2023",C50496,P1043,1,35.42,0.0,21.96,completed
O204800,1,2024-08-22,C53237,P1015,3,222.7,5.0,182.85,completed
O200888,2,2024-08-14,C50592,P1029,2,60.73,0.0,37.65,completed
O201361,2,2024-12-04,C50892,P1113,2,16.41,10.0,10.21,completed
O204860,1,2024-10-01,C53275,P1066,1,47.32,0.0,22.71,completed
O204042,1,2024-05-07,C52683,P1013,1,187.98,0.0,146.62,completed
O201319,1,2024-12-30,C50864,P1114,4,11.91,0.0,6.67,completed
O202563,1,2024-12-11,C51711,P1034,1,26.31,20.0,20.39,completed
O203046,3,"Aug 28, 2024",C52007,P1015,1,222.7,5.0,182.85,completed
O205564,3,2023-12-08,C53789,P1067,1,25.48,10.0,13.59,completed
O204057,3,"Dec 20, 2024",C52696,P1030,2,49.02,20.0,37.99,completed
O201927,2,2023-10-10,C51275,P1120,1,21.77,0.0,12.19,completed
O201879,1,2024-12-30,C51238,P1018,1,106.98,0.0,83.44,completed
O204585,5,2023-11-06,C53075,P1074,5,79.32,0.0,51.56,completed
O201640,1,2023-08-04,C51064,P1104,1,24.41,0.0,9.76,returned
O205539,2,12/06/2024,C53770,P1012,3,250.24,10.0,216.88,completed
O203757,1,29/06/2024,C52489,P1109,1,37.34,0.0,20.91,completed
O201279,1,2024-11-27,C50838,P1034,3,26.31,20.0,20.39,completed
O203149,2,2024-09-10,C52074,P1109,1,37.34,0.0,20.91,completed
O205115,1,2024-12-08,C53472,P1046,2,38.58,30.0,34.17,completed
O204639,2,02/05/2024,C53115,P1114,1,11.91,0.0,6.67,completed
O204030,1,2024-08-05,C52672,P1061,2,15.53,0.0,7.45,completed
O201881,3,2024-01-26,C51238,P1083,2,49.42,0.0,32.12,completed
O202199,1,2024-11-29,C51467,P1077,4,38.16,20.0,31.01,completed
O205743,3,"Oct 13, 2024",C53919,P1005,-3,58.89,5.0,48.35,returned
O201915,2,2024-04-08,C51268,P1015,2,234.42,0.0,182.85,completed
O205576,2,2023-05-16,C53802,P1040,1,68.39,0.0,42.4,completed
O201588,4,16/04/2024,C51044,P1015,2,199.26,15.0,182.85,completed
O201471,2,2024-10-06,C50966,P1069,2,48.72,0.0,23.39,completed
O203242,2,2024-06-17,C52148,P1080,2,43.26,15.0,33.09,completed
O203944,1,05/12/2024,C52615,P1074,3,71.39,10.0,51.56,completed
O203115,2,"Apr 21, 2024",C52052,P1012,2,278.05,0.0,216.88,completed
O201840,2,2024-08-28,C51215,P1088,5,60.76,0.0,39.49,completed
O204721,1,2024-12-12,C53172,P1029,1,42.51,30.0,37.65,completed
O204332,1,20/06/2024,C52886,P1005,5,61.99,0.0,48.35,completed
O204798,4,2024-09-09,C53232,P1049,1,38.21,15.0,21.58,completed
O202833,4,2024-12-25,C51886,P1075,1,65.26,0.0,42.42,completed
O204570,2,2024-11-18,C53066,P1037,2,46.67,0.0,28.94,completed
O202461,1,2024-03-23,C51636,P1075,1,62.0,5.0,42.42,completed
O204758,1,09/05/2024,C53201,P1012,2,264.15,5.0,216.88,completed
O204544,1,05/09/2024,C53050,P1118,2,24.8,0.0,13.89,completed
O205774,2,2024-11-21,C53940,P1111,2,28.96,5.0,17.07,completed
O205628,3,2024-11-30,C53841,P1117,3,22.05,20.0,15.43,completed
O205048,1,"Dec 26, 2023",C53409,P1088,1,54.68,10.0,39.49,completed
O203505,2,2024-10-21,C52330,P1113,4,18.23,0.0,10.21,completed
O205836,1,2023-03-24,C53980,P1116,1,18.83,0.0,10.54,completed
O205767,3,31/12/2024,C53935,P1010,1,113.39,0.0,88.44,completed
O205339,3,2023-06-09,C53629,P1045,1,52.37,0.0,32.47,completed
O200150,3,08/05/2024,C50105,P1118,2,22.32,10.0,13.89,completed
O203816,3,2023-11-24,C52522,P1105,2,8.76,30.0,5.0,completed
O204823,1,"Nov 26, 2024",C53253,P1090,1,61.71,20.0,50.14,completed
O205623,3,2024-08-26,C53834,P1086,5,78.87,0.0,51.27,completed
O202448,3,2024-12-08,C51630,P1065,1,36.49,20.0,21.89,completed
O200468,1,2023-11-10,C50337,P1036,2,82.54,5.0,53.87,completed
O201842,3,2024-09-11,C51216,P1056,3,22.36,10.0,11.92,completed
O200980,4,2024-04-13,C50663,P1030,2,61.28,0.0,37.99,completed
O203444,2,15/05/2024,C52286,P1074,1,79.32,0.0,51.56,completed
O203852,2,2024-06-22,C52552,P1067,1,25.48,10.0,13.59,completed
O200653,4,2024-05-12,C50460,P1046,1,46.84,15.0,34.17,completed
O204517,3,2024-12-07,C53026,P1031,1,115.32,20.0,89.37,completed
O205347,1,2024-09-20,C53634,P1041,1,71.64,0.0,44.42,completed
O200248,2,13/02/2024,C50180,P1047,1,49.02,0.0,23.53,completed
O204647,1,2024-08-03,C53119,P1093,2,15.34,0.0,6.14,completed
O202103,1,"Jul 08, 2023",C51406,P1009,2,179.6,0.0,140.09,completed
O203269,6,09/12/2024,C52168,P1003,5,246.51,10.0,213.64,completed
O203513,1,2024-03-25,C52338,P1040,2,68.39,0.0,42.4,completed
O204162,3,2024-12-30,C52753,P1041,3,68.06,5.0,44.42,returned
O201202,2,07/02/2023,C50792,P1114,2,11.91,0.0,6.67,completed
O202577,1,2024-09-15,C51718,P1012,1,2363.4,15.0,216.88,completed
O205522,2,2023-12-23,C53754,P1028,4,56.34,5.0,36.77,completed
O200983,2,2024-03-14,C50665,P1002,4,102.31,0.0,79.8,completed
O201589,2,09/03/2024,C51044,P1083,1,49.42,0.0,32.12,completed
O205642,4,16/09/2024,C53852,P1001,1,214.35,0.0,167.19,completed
O205494,1,13/01/2024,C53735,P1034,3,19.73,40.0,20.39,completed
O205513,1,2024-01-11,C53752,P1015,1,187.54,20.0,182.85,completed
O200761,3,2023-01-31,C50519,P1097,2,10.71,0.0,4.28,completed
O200510,3,29/11/2024,C50367,P1086,1,63.1,20.0,51.27,completed
O204697,2,2024-08-11,C53161,P1088,1,57.72,5.0,39.49,completed
O201534,1,2024-09-15,C50996,P1105,2,12.51,0.0,5.0,completed
O202906,2,07/07/2024,C51921,P1012,3,278.05,0.0,216.88,completed
O200877,2,2024-05-08,C50587,P1105,2,11.26,10.0,5.0,completed
O202828,2,2023-03-25,C51885,P1008,1,137.1,10.0,118.82,returned
O203239,1,2024-11-11,C52146,P1040,3,68.39,0.0,42.4,completed
O203566,1,01/04/2024,C52364,P1010,5,96.38,15.0,88.44,completed
O200665,1,"Sep 09, 2024",C50471,P1098,1,10.37,15.0,4.88,completed
O201544,2,2024-04-27,C51007,P1015,1,234.42,0.0,182.85,completed
O204536,1,08/05/2024,C53041,P1008,5,152.33,0.0,,completed
O200169,1,09/01/2023,C50127,P1017,1,133.22,40.0,173.18,completed
O200221,5,"Aug 19, 2024",C50152,P1099,3,21.33,0.0,8.53,completed
O204807,1,2024-04-17,C53244,P1013,1,178.58,5.0,146.62,completed
O202827,2,"Dec 01, 2023",C51885,P1120,1,15.24,,12.19,completed
O200324,2,31/12/2023,C50233,P1015,1,234.42,0.0,182.85,completed
O205044,1,"Sep 28, 2024",C53404,P1116,1,17.89,5.0,10.54,completed
O200631,4,29/11/2024,C50443,P1073,1,32.75,10.0,23.65,completed
O205846,1,2024-01-29,C53984,P1085,2,31.26,0.0,20.32,completed
O202973,5,2023-12-18,C51956,P1082,1,33.54,20.0,27.25,completed
O201801,2,"Jun 02, 2024",C51200,P1050,1,34.14,0.0,16.39,completed
O202711,6,"Nov 30, 2023",C51817,P1060,3,40.96,20.0,24.58,completed
O202510,2,2023-11-01,C51671,P1015,2,222.7,5.0,182.85,completed
O201881,5,2024-01-26,C51238,P1066,1,47.32,0.0,22.71,completed
O204521,4,2024-06-17,C53030,P1112,2,27.63,0.0,15.47,completed
O204168,1,2024-02-24,C52755,P1062,5,25.63,10.0,13.67,completed
O205602,5,2024-05-24,C53820,P1057,1,29.26,0.0,14.04,completed
O204680,1,09/01/2024,C53145,P1105,1,10.01,20.0,5.0,completed
O201968,2,2023-03-18,C51306,P1085,3,31.26,0.0,20.32,completed
O205111,2,2024-11-02,C53472,P1021,1,163.75,0.0,127.73,completed
O203773,1,2024-08-23,C52503,P1062,1,28.48,0.0,13.67,completed
O202378,4,22/05/2024,C51580,P1099,1,21.33,0.0,8.53,completed
O201894,1,"Jul 12, 2024",C51251,P1029,3,60.73,0.0,37.65,completed
O205088,3,2024-12-21,C53453,P1037,1,46.67,0.0,28.94,completed
O204725,1,2024-08-11,C53173,P1027,3,64.47,0.0,39.97,completed
O205279,2,2024-01-03,C53589,P1012,4,222.44,20.0,216.88,completed
O202288,2,2024-12-09,C51528,P1061,2,13.98,10.0,7.45,completed
O205332,1,2024-01-21,C53625,P1069,1,48.72,0.0,23.39,completed
O205328,3,2024-11-25,C53620,P1062,4,25.63,10.0,13.67,completed
O201493,2,2024-07-01,C50979,P1084,4,46.46,5.0,31.79,completed
O203312,4,2024-07-13,C52184,P1093,2,14.57,5.0,6.14,completed
O200696,2,2023-05-07,C50487,P1088,2,60.76,0.0,39.49,completed
O202510,5,2023-11-01,C51671,P1034,1,32.89,0.0,20.39,completed
O204106,1,"Sep 17, 2024",C52728,P1044,1,55.48,0.0,34.4,completed
O202348,5,2024-11-30,C51570,P1052,1,39.6,10.0,21.12,completed
O205467,3,2024-12-02,C53713,P1117,1,16.54,40.0,15.43,
O203610,2,2024-08-05,C52393,P1067,1,25.48,10.0,13.59,completed
O205220,3,10/11/2024,C53545,P1060,1,48.64,5.0,24.58,completed
O205544,1,2024-09-11,C53772,P1015,1,234.42,0.0,182.85,completed
O204776,1,2024-11-26,C53215,P1017,1,199.83,10.0,173.18,completed
O204979,1,2024-09-25,C53362,P1063,2,33.85,5.0,17.1,completed
O203462,1,2023-12-09,C52299,P1095,2,6.48,30.0,3.7,completed
O203546,1,2024-08-13,C52359,P1114,1,11.31,5.0,6.67,completed
O201684,1,2024-12-16,C51090,P1061,1,13.98,10.0,7.45,completed
O202639,3,2024-12-01,C51767,P1061,5,10.87,30.0,7.45,completed
O201125,5,2024-12-04,C50755,P1011,2,235.22,20.0,229.34,completed
O202804,1,"Jul 14, 2024",C51873,P1025,1,37.89,5.0,24.73,completed
O204831,2,2023-06-04,C53258,P1057,2,29.26,0.0,14.04,completed
O200357,4,2024-12-01,C50261,P1030,3,49.02,20.0,37.99,completed
O202632,1,2023-01-02,C51764,P1114,2,10.72,10.0,6.67,completed
O203204,2,2024-05-25,C52112,P1075,2,65.26,0.0,42.42,completed
O201492,2,21/03/2024,C50979,P1004,1,304.09,0.0,237.19,completed
O201813,3,2023-10-23,C51203,P1051,2,37.72,0.0,18.11,completed
O205644,1,2024-08-16,C53852,P1001,1,214.35,0.0,167.19,completed
O202142,1,18/12/2024,C51430,P1009,1,107.76,40.0,140.09,completed
O201992,1,07/10/2024,C51320,P1062,1,28.48,0.0,13.67,completed
O205597,3,22/02/2024,C53818,P1101,1,14.84,5.0,6.25,completed
O203393,4,2024-01-27,C52238,P1015,1,222.7,5.0,182.85,completed
O204716,1,2024-10-07,C53166,P1011,4,294.03,0.0,229.34,completed
O202152,3,14/12/2024,C51434,P1060,2,35.84,30.0,24.58,completed
O201839,1,21/12/2024,C51214,P1050,2,34.14,0.0,16.39,
O202697,1,2024-12-13,C51809,P1037,1,42.0,10.0,28.94,completed
O201958,3,2024-06-15,C51300,P1087,3,46.61,0.0,,completed
O204138,1,2023-12-06,C52740,P1070,1,27.34,10.0,14.58,completed
O205241,2,2024-12-27,C53557,P1103,5,15.76,0.0,6.3,completed
O202134,2,15/08/2024,C51424,P1064,3,38.8,10.0,20.69,completed
O202016,5,27/02/2024,C51343,P1038,1,32.46,0.0,20.13,completed
O203126,2,03/12/2023,C52061,P1091,1,21.35,10.0,9.49,completed
O205824,2,2024-12-14,C53970,P1015,1,187.54,20.0,182.85,completed
O204662,4,"Jul 02, 2024",C53131,P1058,1,64.89,0.0,31.15,completed
O204844,1,2024-08-12,C53264,P1081,4,77.57,0.0,50.42,completed
O201475,1,2024-12-17,C50967,P1069,3,38.98,20.0,23.39,completed
O202882,3,24/10/2024,C51908,P1088,1,57.72,5.0,39.49,completed
O203353,5,2024-02-27,C52212,P1034,2,31.25,5.0,20.39,completed
O205300,1,2024-12-24,C53605,P1096,1,10.19,0.0,4.08,completed
O200297,1,2024-08-27,C50211,P1101,1,15.62,0.0,6.25,returned
O203938,3,2024-12-23,C52614,P1090,1,77.14,0.0,50.14,completed
O200541,2,12/03/2024,C50392,P1024,1,141.52,,129.87,completed
O203935,4,2024-04-24,C52613,P1035,3,67.22,0.0,41.68,completed
O204474,3,"Dec 26, 2024",C52997,P1015,1,210.98,10.0,182.85,completed
O202148,1,2024-08-06,C51433,P1060,1,46.08,10.0,24.58,completed
O200296,1,2024-11-29,C50211,P1007,2,175.03,10.0,151.69,completed
O203731,1,2024-09-02,C52469,P1034,2,32.89,0.0,20.39,completed
O205850,1,2023-07-04,C53987,P1015,1,234.42,0.0,182.85,completed
O200899,2,2024-12-10,C50605,P1069,1,43.85,10.0,23.39,returned
O205788,2,2023-09-12,C53945,P1037,1,46.67,0.0,28.94,completed
O204918,2,2024-11-25,C53318,P1059,5,13.46,40.0,10.77,completed
O200703,2,18/08/2024,C50491,P1065,4,43.33,5.0,21.89,completed
O202212,1,2024-12-16,C51480,P1020,1,123.45,30.0,137.56,completed
O204319,3,"Nov 27, 2024",C52874,P1057,1,20.48,30.0,14.04,completed
O204591,1,2024-11-23,C53077,P1014,1,269.58,20.0,262.84,completed
O201698,1,02/09/2024,C51107,P1096,5,9.17,,4.08,completed
O202039,2,2024-08-19,C51361,P1030,1,61.28,0.0,37.99,completed
O204448,1,2024-10-18,C52976,P1015,1,222.7,5.0,,completed
O205386,1,2024-12-03,C53663,P1114,3,9.53,20.0,6.67,returned
O203337,2,2024-12-02,C52206,P1094,1,10.56,40.0,7.04,completed
O205166,2,2023-12-25,C53508,P1116,1,18.83,0.0,10.54,completed
O203529,3,2024-10-20,C52347,P1071,2,17.72,5.0,8.95,completed
O202032,2,2024-12-08,C51356,P1055,1,21.44,20.0,12.86,completed
O200498,1,2024-09-05,C50362,P1016,2,113.0,0.0,88.14,completed
O203619,1,2024-05-26,C52397,P1050,3,34.14,0.0,16.39,completed
O205633,1,"Sep 12, 2024",C53843,P1075,1,65.26,0.0,42.42,completed
O204538,3,2024-08-11,C53042,P1109,1,37.34,0.0,20.91,completed
O200744,1,2023-11-25,C50509,P1112,2,22.1,20.0,15.47,completed
O203380,1,2024-06-28,C52230,P1034,2,32.89,0.0,20.39,completed
O201497,1,2024-11-24,C50982,P1023,1,213.06,40.0,276.98,completed
O200516,1,2024-09-15,C50374,P1079,4,85.12,0.0,55.33,completed
O200495,2,"Oct 29, 2024",C50362,P1013,1,187.98,0.0,146.62,completed
O204794,2,2024-01-20,C53228,P1104,1,24.41,0.0,9.76,completed
O204161,3,2023-05-19,C52753,P1065,2,45.61,0.0,21.89,completed
O202542,1,2023-08-10,C51691,P1087,2,44.28,5.0,30.3,completed
O202355,2,2024-12-20,C51572,P1041,1,50.15,30.0,44.42,completed
O204876,5,13/12/2024,C53284,P1005,1,37.19,40.0,48.35,completed
O202210,1,2023-05-01,C51477,P1030,1,61.28,0.0,37.99,completed
O204692,1,2024-11-30,C53159,P1032,4,36.29,,25.0,completed
O202244,1,2024-08-18,C51501,P1090,1,77.14,0.0,50.14,completed
O201580,4,2023-12-04,C51038,P1012,1,250.24,10.0,216.88,completed
O202993,3,2023-12-21,C51967,P1012,2,278.05,0.0,216.88,completed
O203296,1,2024-11-30,C52180,P1025,1,35.89,10.0,24.73,completed
O203266,2,2023-07-05,C52163,P1011,1,279.33,5.0,229.34,completed
O202028,3,2024-05-22,C51351,P1015,1,210.98,10.0,182.85,completed
O205210,2,28/11/2024,C53535,P1056,2,22.36,10.0,11.92,completed
O202497,1,2024-06-12,C51663,P1062,1,28.48,0.0,13.67,completed
O200457,4,2024-11-28,C50324,P1030,1,42.9,30.0,37.99,completed
O203062,1,20/09/2024,C52013,P1114,1,11.91,0.0,6.67,completed
O201836,1,2023-07-22,C51212,P1054,1,27.25,5.0,13.77,completed
O202714,4,2024-03-23,C51817,P1045,2,52.37,0.0,32.47,completed
O202843,5,2024-03-28,C51892,P1008,1,144.71,5.0,118.82,completed
O203353,2,2024-02-27,C52212,P1064,5,40.95,5.0,20.69,completed
O205142,1,2024-02-21,C53489,P1034,1,31.25,5.0,20.39,completed
O205638,1,2024-07-16,C53849,P1031,-2,144.15,0.0,89.37,returned
O202351,1,2023-11-19,C51571,P1050,2,34.14,0.0,16.39,completed
O200903,1,2024-06-12,C50610,P1092,1,14.85,15.0,6.99,completed
O203280,1,"Oct 30, 2024",C52175,P1117,2,27.56,,15.43,completed
O200233,1,2024-04-10,C50162,P1089,2,78.6,0.0,51.09,completed
O203405,1,2024-11-24,C52249,P1030,3,36.77,40.0,37.99,completed
O200788,1,2023-11-24,C50538,P1033,1,26.77,30.0,23.71,completed
O203600,1,"May 07, 2024",C52389,P1008,3,152.33,0.0,118.82,completed
O200356,2,2023-07-30,C50259,P1017,2,222.03,0.0,173.18,completed
O200863,5,2024-06-14,C50581,P1020,4,176.36,0.0,137.56,completed
O200713,1,2024-12-28,C50495,P1029,2,60.73,0.0,37.65,completed
O200299,3,2024-09-21,C50214,P1113,1,18.23,0.0,10.21,completed
O205113,2,2024-07-14,C53472,P1062,1,28.48,0.0,13.67,completed
O201787,2,2024-09-02,C51184,P1049,1,44.95,0.0,21.58,completed
O204169,1,"Mar 27, 2023",C52755,P1027,3,64.47,0.0,39.97,completed
O200313,5,2024-05-21,C50230,P1062,1,28.48,0.0,13.67,completed
O203632,1,25/03/2024,C52407,P1015,1,234.42,0.0,182.85,completed
O201767,1,2024-11-14,C51168,P1023,1,355.1,0.0,276.98,completed
O205356,4,2024-11-27,C53639,P1114,1,9.53,20.0,6.67,completed
O203494,1,2024-12-09,C52322,P1114,3,7.15,40.0,6.67,completed
O204886,6,2024-12-20,C53296,P1022,-1,112.18,10.0,97.23,returned
O201234,2,2024-06-01,C50808,P1086,1,78.87,0.0,51.27,completed
O205067,1,2023-05-25,C53429,P1015,2,234.42,0.0,182.85,completed
O200159,1,24/04/2023,C50119,P1117,1,27.56,0.0,15.43,completed
O200327,2,2024-05-29,C50236,P1007,2,175.03,10.0,151.69,completed
O203604,4,2024-12-04,C52389,P1083,1,29.65,40.0,32.12,completed
O200236,4,"Nov 26, 2024",C50169,P1114,1,9.53,20.0,6.67,completed
O203612,2,2024-09-01,C52394,P1009,1,161.64,10.0,140.09,completed
O200539,1,2024-11-29,C50391,P1076,1,61.75,30.0,57.34,completed
O202406,2,2023-12-13,C51600,P1109,1,26.14,30.0,20.91,completed
O203699,2,2023-10-05,C52458,P1013,1,187.98,0.0,146.62,completed
O203490,2,2024-12-26,C52316,P1109,4,37.34,0.0,20.91,completed
O200482,4,2024-04-24,C50351,P1093,2,15.34,0.0,6.14,completed
O203318,1,"Jun 29, 2024",C52185,P1081,1,77.57,0.0,50.42,completed
O203810,3,2024-09-15,C52520,P1074,1,75.35,5.0,51.56,completed
O201674,4,2023-11-20,C51082,P1080,1,45.81,10.0,33.09,completed
O202891,1,2023-04-12,C51914,P1073,1,36.39,0.0,23.65,completed
O200488,1,2024-09-02,C50357,P1063,1,35.63,0.0,17.1,completed
O203827,1,2024-09-26,C52533,P1009,1,179.6,0.0,140.09,completed
O202024,1,2023-06-08,C51347,P1090,2,65.57,15.0,50.14,completed
O204460,5,14/05/2024,C52983,P1077,1,47.7,0.0,,completed
O202486,1,2023-07-02,C51655,P1103,2,15.76,0.0,6.3,completed
O204845,2,2024-12-09,C53264,P1087,1,27.97,40.0,30.3,completed
O204174,2,23/06/2024,C52759,P1037,1,46.67,0.0,28.94,completed
O200594,2,2024-12-31,C50423,P1099,1,21.33,0.0,8.53,completed
O200674,6,2023-09-17,C50476,P1039,1,31.07,5.0,20.28,completed
O203035,3,2024-01-28,C51997,P1039,2,31.07,5.0,20.28,completed
O201053,1,2024-09-15,C50709,P1062,1,28.48,0.0,13.67,completed
O204343,1,2023-04-08,C52895,P1114,2,11.91,0.0,6.67,completed
O201313,1,2024-10-29,C50858,P1044,1,55.48,0.0,34.4,completed
O201389,1,2024-12-05,C50915,P1015,1,140.65,40.0,182.85,completed
O203779,2,2024-08-25,C52507,P1087,1,46.61,0.0,30.3,completed
O204033,1,2024-11-19,C52675,P1015,4,234.42,0.0,182.85,completed
O203924,2,14/11/2023,C52603,P1044,1,55.48,0.0,34.4,completed
O200597,1,"May 16, 2024",C50426,P1003,1,246.51,10.0,213.64,returned
O201383,1,2024-02-12,C50906,P1096,2,10.19,0.0,4.08,completed
O201441,1,25/11/2023,C50946,P1040,1,54.71,20.0,42.4,completed
O201681,1,2024-11-30,C51090,P1062,3,22.78,20.0,,completed
O203014,1,2024-11-08,C51987,P1114,3,11.91,0.0,6.67,completed
O201941,3,2024-03-07,C51284,P1105,1,12.51,0.0,5.0,completed
O200807,1,2024-11-23,C50542,P1020,1,158.72,10.0,137.56,completed
O204785,1,"Jul 18, 2024",C53222,P1074,1,79.32,0.0,51.56,completed
O205824,3,2024-12-14,C53970,P1062,3,19.94,30.0,13.67,completed
O204290,5,07/07/2023,C52855,P1117,2,27.56,0.0,15.43,completed
O201628,3,2024-08-23,C51060,P1063,1,35.63,0.0,17.1,completed
O205561,2,13/10/2024,C53788,P1029,1,60.73,0.0,37.65,completed
O204839,1,2024-09-25,C53262,P1099,1,21.33,0.0,8.53,completed
O203692,3,2024-10-14,C52454,P1022,2,124.65,0.0,97.23,completed
O200272,1,2024-12-14,C50198,P1104,1,21.97,10.0,9.76,completed
O203990,3,2024-12-28,C52647,P1090,1,73.28,5.0,50.14,completed
O202113,1,2023-05-30,C51409,P1055,1,25.46,5.0,12.86,completed
O202547,1,2023-06-10,C51692,P1083,1,49.42,0.0,32.12,completed
O204951,4,26/05/2024,C53339,P1002,1,92.08,10.0,79.8,completed
O205767,6,2024-12-31,C53935,P1041,1,71.64,,44.42,completed
O201951,2,2024-12-14,C51293,P1084,2,29.35,40.0,31.79,completed
O202746,1,2023-12-01,C51831,P1030,1,42.9,30.0,37.99,completed
O203942,4,2024-06-09,C52614,P1079,4,85.12,0.0,55.33,completed
O202344,1,2023-10-24,C51569,P1071,1,18.65,0.0,8.95,completed
O200279,6,2024-12-14,C50202,P1115,5,15.26,40.0,14.24,completed
O204239,1,2024-09-30,C52815,P1078,5,65.84,0.0,42.8,completed
O205065,2,2023-12-20,C53428,P1017,1,177.62,20.0,173.18,completed
O200151,1,2024-05-22,C50106,P1046,1,55.11,0.0,34.17,completed
O202055,1,2023-01-07,C51372,P1114,1,7.15,40.0,6.67,completed
O202862,3,02/12/2024,C51901,P1069,1,38.98,20.0,23.39,completed
O202492,1,2024-11-22,C51660,P1068,1,18.83,30.0,12.91,completed
O200607,2,2024-04-02,C50429,P1032,2,40.32,0.0,25.0,completed
O201187,5,2023-05-08,C50785,P1052,5,44.0,0.0,21.12,completed
O202936,4,2024-08-19,C51939,P1032,1,40.32,0.0,25.0,completed
O203392,4,2024-10-13,C52237,P1099,1,19.2,10.0,8.53,completed
O205847,2,16/12/2024,C53986,P1047,1,39.22,20.0,23.53,completed
O203958,1,2024-10-26,C52630,P1015,2,199.26,15.0,182.85,completed
O204958,1,2023-07-22,C53342,P1015,1,210.98,10.0,182.85,completed
O205368,1,"Feb 03, 2024",C53648,P1113,2,16.41,10.0,10.21,completed
O205591,2,2024-10-01,C53812,P1092,1,17.47,0.0,6.99,completed
O201981,1,2024-07-08,C51314,P1015,3,234.42,0.0,182.85,completed
O205820,4,2023-11-06,C53969,P1062,4,28.48,0.0,13.67,completed
O202934,3,2024-12-01,C51937,P1002,1,71.62,30.0,79.8,completed
O200810,4,07/08/2023,C50543,P1041,1,71.64,0.0,,completed
O201463,2,2024-08-03,C50960,P1045,1,52.37,0.0,32.47,completed
O201687,1,2024-12-22,C51094,P1031,4,129.74,10.0,89.37,completed
O202019,1,"Dec 08, 2023",C51343,P1071,2,16.78,10.0,8.95,returned
O202476,4,2024-08-28,C51646,P1065,1,45.61,0.0,21.89,completed
O201288,2,2024-12-29,C50840,P1100,1,12.65,0.0,5.06,completed
O200912,1,2023-11-28,C50614,P1007,1,175.03,10.0,151.69,completed
O205345,1,2024-12-17,C53633,P1104,1,21.97,10.0,9.76,completed
O202858,5,2024-09-05,C51899,P1047,1,41.67,15.0,23.53,completed
O204502,3,08/09/2024,C53016,P1054,1,28.68,0.0,13.77,completed
O200399,5,2023-12-18,C50290,P1077,1,38.16,20.0,31.01,completed
O200592,2,2024-07-08,C50422,P1062,4,25.63,10.0,13.67,completed
O203733,1,2024-07-22,C52471,P1040,1,68.39,0.0,42.4,completed
O200357,3,2024-12-01,C50261,P1065,3,31.93,30.0,21.89,completed
O201914,3,15/12/2024,C51268,P1012,1,250.24,10.0,216.88,returned
O205565,4,"Aug 05, 2023",C53790,P1020,1,176.36,0.0,137.56,returned
O202309,3,2024-05-04,C51553,P1070,1,30.38,0.0,14.58,returned
O201757,1,2024-08-19,C51161,P1088,2,60.76,0.0,39.49,completed
O200226,2,2024-02-09,C50156,P1037,2,46.67,0.0,28.94,completed
O201161,2,2023-11-02,C50774,P1008,3,152.33,0.0,118.82,completed
O205613,3,2024-08-12,C53826,P1065,2,45.61,0.0,21.89,completed
O201463,3,2024-08-03,C50960,P1093,4,15.34,0.0,6.14,completed
O200906,2,"Dec 08, 2023",C50610,P1052,2,39.6,10.0,21.12,completed
O203833,2,2024-04-13,C52535,P1106,1,15.07,10.0,6.7,completed
O203173,2,2024-05-14,C52093,P1061,2,15.53,0.0,7.45,completed
O203042,2,22/07/2023,C52002,P1059,1,22.43,0.0,10.77,completed
O204449,2,2024-11-23,C52977,P1082,3,33.54,20.0,27.25,completed
O200152,2,2024-07-23,C50111,P1015,2,234.42,0.0,182.85,completed
O204904,1,2024-12-22,C53311,P1025,4,39.88,0.0,24.73,completed
O201118,1,"Jun 28, 2023",C50751,P1117,1,26.18,5.0,15.43,completed
O205745,2,2023-08-09,C53919,P1103,1,15.76,0.0,6.3,completed
O205705,1,2024-08-07,C53892,P1005,2,61.99,0.0,48.35,completed
O201606,1,2024-09-28,C51052,P1063,2,35.63,0.0,17.1,completed
O203689,1,2024-08-25,C52454,P1037,1,46.67,0.0,28.94,completed
O203664,5,23/11/2024,C52432,P1061,1,13.98,10.0,7.45,completed
O201467,1,2024-11-29,C50965,P1021,1,114.62,30.0,,completed
O205580,1,2024-07-04,C53805,P1020,3,167.54,5.0,137.56,completed
O204247,2,2024-11-26,C52831,P1103,1,11.03,30.0,6.3,completed
O205008,3,2024-10-21,C53381,P1021,1,163.75,0.0,127.73,completed
O200051,2,2024-09-05,C50032,P1108,1,14.28,10.0,6.35,returned
O201748,2,24/12/2024,C51152,P1008,5,152.33,0.0,118.82,completed
O204233,3,2024-12-10,C52813,P1112,2,19.34,30.0,15.47,completed
O201889,3,2023-11-03,C51246,P1061,2,13.98,10.0,7.45,completed
O202531,2,2024-01-13,C51687,P1100,3,8.86,30.0,5.06,completed
O201565,4,2023-07-24,C51027,P1063,1,35.63,0.0,17.1,completed
O200062,4,2023-09-16,C50037,P1004,4,304.09,0.0,237.19,completed
O205441,5,2024-05-17,C53697,P1018,1,106.98,0.0,83.44,completed
O201792,2,05/05/2024,C51190,P1017,1,222.03,0.0,173.18,completed
O205851,1,2023-12-12,C53987,P1021,1,131.0,20.0,127.73,completed
O200074,2,2024-11-30,C50053,P1065,1,36.49,20.0,21.89,completed
O202769,2,2024-09-21,C51848,P1040,4,68.39,0.0,42.4,completed
O204186,2,2023-06-14,C52773,P1032,1,40.32,0.0,25.0,completed
O200052,1,2024-08-08,C50032,P1062,3,25.63,10.0,13.67,completed
O202387,3,"Nov 29, 2024",C51584,P1112,1,24.87,10.0,15.47,completed
O201476,3,2024-04-02,C50968,P1051,1,37.72,0.0,18.11,completed
O204400,1,2024-01-06,C52945,P1060,1,40.96,20.0,24.58,completed
O203007,6,2024-11-23,C51981,P1082,5,29.35,30.0,27.25,completed
O204756,2,"Jul 31, 2024",C53199,P1043,1,35.42,0.0,21.96,completed
O201862,3,2024-11-28,C51224,P1119,1,49.18,10.0,30.6,completed
O201131,1,2024-11-26,C50758,P1008,2,121.86,20.0,118.82,completed
O203473,1,2024-09-10,C52306,P1090,1,73.28,5.0,50.14,completed
O204950,1,2023-11-23,C53338,P1120,3,15.24,30.0,12.19,completed
O204469,3,2023-05-24,C52993,P1024,1,166.5,0.0,129.87,completed
O203209,4,2024-11-24,C52116,P1062,1,22.78,20.0,,completed
O200412,1,2024-07-20,C50300,P1120,1,21.77,0.0,12.19,completed
O202178,1,2024-10-06,C51453,P1005,1,61.99,0.0,48.35,completed
O204397,2,2023-12-30,C52944,P1067,2,24.06,15.0,13.59,completed
O200061,1,2024-03-24,C50037,P1114,1,10.72,10.0,6.67,completed
O201387,1,"Mar 19, 2023",C50911,P1063,1,35.63,0.0,17.1,completed
O200316,1,2024-07-16,C50231,P1021,3,163.75,0.0,127.73,returned
O204597,2,07/10/2023,C53082,P1015,1,210.98,10.0,182.85,completed
O203468,1,2023-11-24,C52301,P1117,1,22.05,20.0,15.43,completed
O202064,1,2023-03-07,C51376,P1017,1,222.03,,173.18,completed
O201097,2,2024-01-23,C50739,P1114,1,11.91,0.0,6.67,completed
O200580,3,2024-11-05,C50414,P1015,3,199.26,15.0,182.85,completed
O202606,2,2024-01-27,C51745,P1015,1,222.7,5.0,182.85,completed
O201912,4,2024-12-05,C51268,P1102,2,24.45,20.0,12.22,completed
O200304,3,2024-03-13,C50220,P1015,1,234.42,0.0,182.85,completed
O204072,1,2024-10-10,C52709,P1026,1,37.29,10.0,25.69,completed
O203728,3,2023-04-15,C52468,P1085,1,31.26,0.0,20.32,completed
O205452,3,2024-12-08,C53707,P1110,2,9.31,10.0,5.79,completed
O202715,1,2024-11-14,C51817,P1052,1,44.0,0.0,21.12,completed
O201379,2,2024-07-30,C50902,P1088,1,60.76,0.0,39.49,completed
O203890,3,2023-08-13,C52570,P1016,2,113.0,0.0,88.14,completed
O200864,1,2024-03-24,C50581,P1120,1,21.77,0.0,12.19,completed
O201615,1,2024-12-03,C51058,P1040,3,54.71,20.0,42.4,completed
O203343,1,2024-06-25,C52208,P1086,2,78.87,0.0,51.27,completed
O201587,2,2023-08-13,C51043,P1113,2,15.5,15.0,10.21,completed
O205261,3,2024-05-26,C53574,P1034,1,32.89,0.0,20.39,completed
O202058,2,2024-01-01,C51372,P1061,2,12.42,20.0,7.45,completed
O205770,3,2024-09-25,C53938,P1045,3,52.37,0.0,32.47,completed
O204329,3,12/02/2024,C52880,P1067,3,26.89,5.0,13.59,completed
O200231,1,2024-11-22,C50159,P1050,1,30.73,10.0,16.39,completed
O203575,1,2024-05-04,C52371,P1018,1,90.93,15.0,83.44,completed
O205217,2,2024-08-15,C53539,P1007,1,194.48,0.0,,completed
O201063,3,2024-11-30,C50713,P1117,1,22.05,20.0,15.43,completed
O202795,1,2024-12-28,C51863,P1047,1,49.02,0.0,23.53,completed
O205556,1,2024-09-10,C53780,P1085,4,31.26,0.0,20.32,completed
O203155,3,13/06/2023,C52076,P1073,1,34.57,5.0,23.65,completed
O202039,3,"Aug 19, 2024",C51361,P1050,1,34.14,0.0,16.39,completed
O200228,3,2024-11-02,C50158,P1081,2,73.69,5.0,50.42,completed
O200046,1,2023-02-14,C50028,P1031,2,144.15,0.0,89.37,completed
O205002,2,2024-01-31,C53378,P1105,2,12.51,0.0,5.0,completed
O202038,6,2024-01-04,C51361,P1008,1,121.86,20.0,118.82,completed
O202284,3,03/08/2024,C51523,P1097,1,10.71,0.0,4.28,completed
O200869,2,25/04/2023,C50583,P1117,2,27.56,0.0,15.43,completed
O203581,2,2024-10-07,C52375,P1087,1,46.61,0.0,30.3,completed
O201921,3,25/12/2023,C51271,P1120,1,21.77,0.0,12.19,completed
O201026,4,2023-07-10,C50700,P1117,1,27.56,0.0,15.43,completed
O202087,2,2023-06-25,C51391,P1048,3,34.79,5.0,17.58,completed
O201173,3,"Jun 03, 2023",C50781,P1054,1,28.68,0.0,13.77,completed
O203170,1,2023-01-11,C52089,P1104,1,21.97,10.0,9.76,returned
O200935,3,2024-02-26,C50629,P1109,1,37.34,0.0,20.91,completed
O202640,3,2024-05-30,C51768,P1078,1,65.84,0.0,42.8,completed
O202023,5,2024-05-30,C51345,P1113,1,18.23,0.0,10.21,completed
O201599,4,17/06/2024,C51048,P1024,1,166.5,0.0,129.87,completed
O204313,3,2024-09-27,C52872,P1078,1,65.84,0.0,42.8,completed
O201114,2,20/12/2024,C50750,P1034,1,26.31,,20.39,completed
O201540,1,2024-05-12,C51003,P1100,1,12.65,,5.06,completed
O201317,1,2024-12-31,C50864,P1037,1,46.67,0.0,28.94,completed
O203308,2,2024-04-14,C52183,P1013,2,187.98,0.0,146.62,completed
O200591,2,"Nov 28, 2024",C50421,P1020,1,123.45,30.0,137.56,completed
O203859,2,2024-04-12,C52554,P1109,2,35.47,5.0,20.91,completed
O200144,3,"Feb 14, 2024",C50099,P1007,1,194.48,0.0,151.69,returned
O205550,4,2023-01-05,C53778,P1015,1,187.54,20.0,182.85,completed
O203319,3,29/09/2024,C52185,P1050,1,32.43,5.0,16.39,completed
O204470,2,2024-06-15,C52993,P1023,2,355.1,0.0,276.98,completed
O200111,1,2024-03-27,C50078,P1107,2,12.43,0.0,4.97,completed
O202403,3,2024-06-12,C51597,P1088,1,60.76,0.0,39.49,completed
O201071,2,2024-12-03,C50720,P1030,1,55.15,10.0,37.99,completed
O201107,1,2024-11-03,C50746,P1100,3,12.65,0.0,5.06,completed
O205583,1,2024-12-13,C53807,P1092,1,15.72,10.0,6.99,completed
O201005,2,2024-12-02,C50690,P1090,1,61.71,20.0,50.14,
O200604,5,11/09/2024,C50429,P1096,1,9.17,10.0,4.08,completed
O203529,2,2024-10-20,C52347,P1014,4,336.97,0.0,262.84,completed
O202936,5,2024-08-19,C51939,P1015,1,234.42,0.0,182.85,completed
O201940,2,2024-10-02,C51284,P1078,2,62.55,5.0,42.8,completed
O200484,3,16/06/2024,C50352,P1102,4,27.5,10.0,12.22,completed
O200189,5,2024-12-07,C50138,P1058,5,45.42,30.0,31.15,completed
O201651,4,2024-12-19,C51067,P1056,1,19.87,20.0,11.92,completed
O203326,1,2024-12-04,C52195,P1068,1,18.83,30.0,12.91,completed
O204869,1,2024-05-19,C53279,P1076,1,88.21,0.0,57.34,completed
O200442,2,2024-12-09,C50318,P1069,3,29.23,40.0,23.39,completed
O201766,5,2024-12-29,C51167,P1084,1,48.91,0.0,31.79,completed
O201936,1,2024-08-27,C51280,P1050,1,34.14,0.0,16.39,completed
O203819,2,2024-12-23,C52525,P1048,1,36.62,0.0,,completed
O205248,5,07/03/2024,C53558,P1078,1,62.55,5.0,42.8,completed
O201855,3,"Nov 27, 2024",C51221,P1013,3,169.18,10.0,146.62,completed
O201425,2,2024-08-27,C50939,P1084,1,48.91,0.0,31.79,completed
O203501,1,24/11/2024,C52330,P1118,3,17.36,,13.89,completed
O205200,1,29/12/2024,C53527,P1063,3,35.63,0.0,17.1,completed
O201371,4,2024-11-01,C50899,P1078,1,65.84,0.0,42.8,completed
O200085,2,2023-11-30,C50061,P1076,2,61.75,30.0,57.34,completed
O203763,3,2024-05-25,C52493,P1050,4,34.14,0.0,16.39,completed
O202086,4,2024-08-03,C51391,P1108,2,15.87,0.0,6.35,completed
O205537,4,21/11/2024,C53765,P1091,1,23.72,0.0,9.49,completed
O200645,1,2024-03-25,C50453,P1015,2,234.42,0.0,182.85,completed
O203369,2,2024-09-27,C52224,P1018,3,106.98,0.0,83.44,completed
O205370,4,30/09/2024,C53649,P1120,1,21.77,0.0,12.19,completed
O201202,1,2023-02-07,C50792,P1040,1,68.39,0.0,42.4,completed
O202323,1,2024-12-10,C51557,P1010,1,102.05,10.0,88.44,completed
O200901,1,2024-11-29,C50608,P1017,1,177.62,20.0,173.18,completed
O202700,1,2023-08-21,C51810,P1045,1,49.75,5.0,32.47,completed
O203599,1,08/09/2024,C52389,P1074,5,71.39,10.0,51.56,completed
O203732,1,"Oct 10, 2024",C52470,P1118,1,24.8,0.0,,completed
O205510,1,2023-11-11,C53749,P1089,1,78.6,0.0,51.09,completed
O201709,6,2024-09-05,C51114,P1090,3,77.14,0.0,50.14,completed
O204453,1,2024-11-23,C52978,P1039,2,22.9,30.0,20.28,completed
O200995,2,2023-11-23,C50680,P1015,-2,210.98,10.0,182.85,returned
O204673,1,2024-10-15,C53142,P1058,3,64.89,0.0,31.15,completed
O202203,2,2024-07-21,C51471,P1005,1,55.79,10.0,48.35,completed
O202616,3,2024-12-12,C51751,P1015,1,140.65,40.0,182.85,completed
O201425,1,27/08/2024,C50939,P1094,2,16.72,5.0,7.04,completed
O200480,2,29/12/2024,C50349,P1034,1,32.89,0.0,20.39,completed
O205485,4,2023-05-18,C53725,P1062,1,28.48,0.0,13.67,completed
O201659,1,2023-02-02,C51069,P1013,2,178.58,5.0,146.62,completed
O200613,1,2024-09-30,C50433,P1001,2,214.35,0.0,167.19,completed
O202726,2,2023-09-10,C51824,P1006,2,88.57,0.0,69.08,completed
O204844,2,"Aug 12, 2024",C53264,P1114,1,11.91,0.0,6.67,completed
O205210,3,2024-11-28,C53535,P1087,1,32.63,30.0,30.3,completed
O203541,1,2024-05-04,C52356,P1109,1,37.34,0.0,20.91,completed
O202051,2,2023-10-02,C51372,P1030,1,61.28,0.0,37.99,completed
O204196,2,2023-04-13,C52781,P1079,1,85.12,0.0,55.33,completed
O201553,2,31/12/2024,C51015,P1114,1,10.72,10.0,6.67,completed
O201420,1,2024-12-05,C50933,P1015,1,164.09,30.0,182.85,completed
O201002,5,2024-05-16,C50689,P1015,2,234.42,0.0,182.85,completed
O205848,2,2023-06-13,C53987,P1114,4,10.12,15.0,6.67,completed
O202868,2,2024-12-27,C51903,P1045,2,49.75,5.0,32.47,completed
O204556,2,2023-04-05,C53058,P1067,2,28.31,0.0,13.59,completed
O204349,2,2024-08-23,C52899,P1004,2,304.09,0.0,237.19,completed
O204874,1,2023-08-16,C53283,P1049,1,44.95,0.0,,completed
O200971,4,14/12/2024,C50655,P1030,-3,49.02,20.0,37.99,returned
O205044,3,2024-09-28,C53404,P1032,3,40.32,0.0,25.0,completed
O205557,2,"Sep 26, 2024",C53780,P1117,1,27.56,0.0,15.43,completed
O200321,3,2024-02-07,C50233,P1055,2,26.8,0.0,12.86,completed
O204579,2,2024-03-16,C53068,P1036,1,86.88,0.0,53.87,completed
O201168,3,2024-12-29,C50778,P1019,1,293.87,0.0,229.22,completed
O201834,2,2024-02-22,C51212,P1087,1,44.28,5.0,30.3,completed
O204189,3,"Mar 19, 2023",C52774,P1070,2,28.86,5.0,14.58,completed
O205089,1,25/02/2024,C53454,P1114,3,11.91,0.0,6.67,completed
O205136,1,2024-12-31,C53482,P1028,2,56.34,5.0,36.77,completed
O200622,4,2024-09-07,C50437,P1015,5,234.42,0.0,182.85,completed
O200139,2,2024-11-15,C50096,P1015,3,234.42,0.0,182.85,completed
O204326,2,2023-10-14,C52878,P1090,1,77.14,0.0,50.14,completed
O204151,1,08/12/2023,C52749,P1092,1,12.23,30.0,6.99,completed
O205602,1,2024-05-24,C53820,P1120,1,21.77,0.0,12.19,completed
O202548,5,22/12/2024,C51693,P1075,5,62.0,5.0,42.42,completed
O202044,1,2024-06-28,C51369,P1008,2,152.33,0.0,118.82,completed
O205711,1,"Nov 16, 2024",C53893,P1035,2,67.22,0.0,41.68,completed
O203822,1,"Nov 21, 2024",C52527,P1015,1,234.42,0.0,182.85,completed
O204760,2,2024-03-08,C53201,P1042,1,64.82,0.0,40.19,completed
O204404,1,2024-09-22,C52946,P1099,1,21.33,0.0,8.53,completed
O200612,1,2024-12-22,C50432,P1057,1,29.26,0.0,14.04,completed
O203490,1,2024-12-26,C52316,P1107,1,12.43,0.0,4.97,completed
O205639,1,2023-12-04,C53850,P1083,1,39.54,20.0,32.12,completed
O204113,2,2024-02-28,C52732,P1104,1,23.19,5.0,9.76,completed
O204825,1,2024-07-07,C53253,P1051,2,37.72,0.0,18.11,completed
O201528,5,2024-11-27,C50988,P1013,1,131.59,30.0,146.62,completed
O205030,4,24/11/2024,C53401,P1099,3,14.93,30.0,8.53,completed
O203302,1,26/04/2024,C52182,P1056,3,24.84,0.0,11.92,completed
O202134,5,2024-08-15,C51424,P1072,1,19.89,0.0,9.55,completed
O204736,1,2024-05-03,C53181,P1070,1,27.34,10.0,14.58,completed
O200842,1,2023-08-23,C50570,P1081,2,65.93,15.0,50.42,completed
O203986,1,2023-12-04,C52646,P1007,1,175.03,,151.69,completed
O202972,1,2023-03-26,C51956,P1012,2,278.05,0.0,216.88,completed
O204262,1,2024-12-30,C52843,P1032,1,40.32,0.0,25.0,completed
O202030,4,2023-11-23,C51355,P1079,1,76.61,10.0,55.33,completed
O205186,1,2023-01-15,C53517,P1085,1,218.79999999999998,30.0,20.32,completed
O203513,2,2024-03-25,C52338,P1043,1,35.42,0.0,21.96,completed
O202865,1,2024-12-27,C51901,P1079,1,72.35,15.0,55.33,completed
O202203,1,2024-07-21,C51471,P1100,1,12.65,0.0,5.06,completed
O203677,1,2024-10-04,C52442,P1120,2,21.77,0.0,12.19,completed
O201724,3,2024-04-03,C51131,P1076,2,88.21,0.0,57.34,completed
O203772,5,2023-01-05,C52503,P1107,1,9.94,20.0,4.97,completed
O201997,1,03/08/2024,C51329,P1042,1,64.82,0.0,40.19,completed
O201062,1,"Aug 09, 2024",C50713,P1012,1,278.05,0.0,216.88,completed
O203629,1,2024-01-07,C52407,P1068,1,18.83,30.0,12.91,completed
O204488,1,2024-09-17,C53001,P1114,3,11.91,0.0,6.67,completed
O202624,5,2024-11-29,C51761,P1025,1,35.89,10.0,24.73,completed
O204766,1,"Apr 22, 2024",C53207,P1025,2,39.88,0.0,24.73,completed
O200395,1,2024-03-16,C50286,P1076,1,88.21,0.0,57.34,completed
O201441,3,2023-11-25,C50946,P1074,2,47.59,40.0,51.56,completed
O205389,1,2023-12-06,C53664,P1033,1,30.59,20.0,23.71,completed
O201893,2,2023-05-14,C51250,P1081,1,77.57,0.0,50.42,completed
O205527,4,12/10/2023,C53759,P1103,3,15.76,0.0,6.3,completed
O202895,5,2024-04-05,C51915,P1018,1,90.93,15.0,83.44,completed
O202321,2,30/09/2024,C51556,P1024,1,149.85,10.0,129.87,completed
O205621,1,2024-01-23,C53833,P1080,2,50.9,0.0,33.09,completed
O202725,2,2024-12-27,C51821,P1064,1,43.11,0.0,20.69,completed
O200397,1,2024-08-21,C50287,P1120,1,21.77,0.0,12.19,completed
O204244,2,04/05/2024,C52822,P1018,1,106.98,0.0,83.44,completed
O205110,1,28/09/2024,C53471,P1099,1,21.33,0.0,8.53,completed
O203724,2,2024-11-03,C52465,P1113,1,18.23,0.0,10.21,completed
O204916,1,2024-09-12,C53316,P1067,1,28.31,0.0,13.59,completed
O205006,1,26/08/2024,C53381,P1058,1,64.89,0.0,31.15,completed
O204485,3,2024-08-16,C53000,P1087,2,44.28,5.0,30.3,completed
O201949,1,24/07/2023,C51291,P1100,1,12.02,5.0,5.06,completed
O203337,3,2024-12-02,C52206,P1004,1,212.86,30.0,237.19,completed
O201354,1,24/11/2024,C50888,P1051,1,30.18,20.0,18.11,completed
O201959,1,25/07/2023,C51301,P1015,1,234.42,0.0,182.85,completed
O200620,3,2024-09-10,C50436,P1021,1,163.75,0.0,127.73,completed
O203275,3,2024-05-26,C52171,P1060,1,51.2,0.0,24.58,completed
O203173,1,2024-05-14,C52093,P1005,1,55.79,,48.35,completed
O203021,3,2024-05-19,C51990,P1034,1,32.89,,20.39,completed
O204606,1,2024-10-16,C53090,P1061,1,13.2,15.0,7.45,completed
O202194,1,2024-12-01,C51464,P1062,1,22.78,20.0,13.67,completed
O200396,1,"Nov 12, 2024",C50286,P1102,1,30.56,0.0,12.22,completed
O203540,2,2024-11-20,C52354,P1013,1,178.58,5.0,146.62,completed
O203664,4,2024-11-23,C52432,P1067,1,25.48,10.0,13.59,completed
O203927,4,2024-07-12,C52608,P1032,1,40.32,0.0,25.0,completed
O205413,1,2024-12-03,C53682,P1120,1,19.59,10.0,12.19,completed
O202577,4,2024-09-15,C51718,P1102,1,25.98,15.0,12.22,completed
O204497,1,30/08/2024,C53013,P1091,1,23.72,0.0,9.49,completed
O203175,1,14/06/2024,C52094,P1074,4,79.32,0.0,51.56,completed
O200087,3,2024-10-17,C50063,P1058,2,64.89,0.0,31.15,completed
O205033,2,2024-12-04,C53401,P1034,1,29.6,10.0,20.39,completed
O205221,3,2024-12-04,C53545,P1025,2,35.89,10.0,24.73,
O201011,2,2023-07-30,C50693,P1092,2,17.47,0.0,6.99,returned
O201685,1,2024-12-03,C51090,P1037,1,37.34,20.0,28.94,completed
O202660,3,2023-10-10,C51783,P1023,1,355.1,0.0,276.98,completed
O202119,1,2024-12-03,C51418,P1107,1,8.7,30.0,4.97,completed
O200142,2,"Aug 28, 2024",C50098,P1053,1,17.19,0.0,8.25,completed
O205379,2,2024-12-13,C53657,P1058,1,58.4,10.0,31.15,completed
O203765,1,2024-12-08,C52496,P1010,1,79.37,30.0,88.44,completed
O205659,3,2024-12-27,C53860,P1064,1,40.95,5.0,20.69,completed
O201669,3,2024-08-16,C51075,P1058,3,64.89,0.0,31.15,completed
O202715,2,2024-11-14,C51817,P1054,2,28.68,0.0,13.77,completed
O204616,2,2024-11-20,C53097,P1055,2,26.8,0.0,12.86,completed
O202084,1,21/12/2024,C51390,P1042,3,64.82,0.0,40.19,completed
O200384,1,09/10/2023,C50277,P1068,1,24.21,10.0,12.91,returned
O202363,1,2024-08-29,C51575,P1096,1,10.19,0.0,4.08,returned
O201068,1,01/10/2023,C50717,P1095,-2,9.25,0.0,3.7,returned
O202425,1,2024-12-31,C51611,P1078,1,65.84,0.0,42.8,completed
O201474,2,09/11/2024,C50967,P1074,2,79.32,0.0,51.56,completed
O200146,1,09/07/2024,C50101,P1104,1,23.19,5.0,9.76,completed
O202083,3,2024-05-26,C51386,P1059,1,20.19,10.0,10.77,completed
O204288,2,2024-12-08,C52855,P1002,1,81.85,20.0,79.8,completed
O202044,2,2024-06-28,C51369,P1077,2,47.7,0.0,31.01,completed
O202743,2,2023-06-04,C51828,P1112,4,27.63,0.0,,returned
O202281,2,2023-11-10,C51520,P1113,1,17.32,5.0,10.21,completed
O202250,2,12/06/2024,C51506,P1087,2,46.61,,30.3,completed
O202659,2,2024-09-03,C51782,P1071,1,18.65,0.0,8.95,completed
O202671,3,29/11/2024,C51792,P1093,1,13.81,10.0,6.14,completed
O202616,5,12/12/2024,C51751,P1109,3,29.87,20.0,20.91,completed
O204222,1,2024-12-09,C52801,P1046,1,38.58,30.0,34.17,completed
O200918,4,2024-08-26,C50616,P1078,1,59.26,10.0,42.8,completed
O202956,1,2023-11-10,C51950,P1099,2,19.2,10.0,8.53,completed
O203294,4,2023-12-07,C52179,P1015,3,210.98,10.0,182.85,completed
O203738,1,2024-11-17,C52475,P1004,2,304.09,0.0,237.19,completed
O203804,1,2023-06-01,C52518,P1072,3,19.89,0.0,9.55,completed
O202487,4,2024-12-03,C51655,P1015,1,187.54,20.0,182.85,completed
O200636,2,2024-09-07,C50448,P1119,2,54.65,0.0,30.6,completed
O201711,6,2023-12-22,C51117,P1100,1,12.65,0.0,5.06,completed
O203228,1,2024-08-07,C52129,P1075,3,58.73,10.0,42.42,completed
O200601,1,2024-07-07,C50427,P1062,1,25.63,10.0,13.67,completed
O201102,1,2024-05-24,C50742,P1021,1,163.75,0.0,127.73,completed
O205289,1,2024-12-07,C53596,P1058,1,51.91,20.0,31.15,completed
O201274,2,2024-04-07,C50832,P1108,1,15.87,0.0,6.35,completed
O201066,2,2023-10-14,C50716,P1030,1,61.28,0.0,37.99,completed
O204312,3,2024-04-20,C52871,P1023,1,355.1,,276.98,completed
O203145,2,2023-01-30,C52071,P1032,1,38.3,5.0,25.0,completed
O204262,4,"Dec 30, 2024",C52843,P1102,2,30.56,0.0,12.22,completed
O201770,2,2023-05-13,C51170,P1005,2,61.99,0.0,48.35,completed
O203656,1,"May 22, 2024",C52425,P1034,1,32.89,0.0,20.39,completed
O204982,2,"Aug 21, 2024",C53365,P1015,1,222.7,5.0,182.85,completed
O201413,2,"Apr 13, 2024",C50928,P1009,1,179.6,0.0,140.09,completed
O204028,4,14/09/2024,C52672,P1017,1,222.03,0.0,173.18,completed
O201449,1,2024-04-13,C50953,P1088,3,60.76,0.0,39.49,completed
O205578,2,2024-06-24,C53803,P1015,1,234.42,0.0,182.85,completed
O203100,2,2023-10-22,C52044,P1029,1,60.73,0.0,37.65,completed
O205094,4,14/08/2023,C53460,P1005,1,61.99,0.0,48.35,completed
O204439,2,2024-05-01,C52965,P1032,1,36.29,10.0,25.0,completed
O205706,1,"Mar 13, 2024",C53892,P1114,3,11.91,0.0,6.67,completed
O201594,1,"Aug 10, 2024",C51047,P1093,4,15.34,0.0,6.14,returned
O204632,3,2024-04-04,C53110,P1007,4,194.48,0.0,151.69,completed
O205497,1,2023-10-11,C53742,P1038,4,29.21,10.0,20.13,completed
O204783,2,2024-03-10,C53219,P1024,2,166.5,0.0,129.87,completed
O205799,1,2023-11-25,C53955,P1097,3,6.43,40.0,4.28,completed
O203935,2,2024-04-24,C52613,P1045,1,47.13,10.0,32.47,completed
O202348,1,2024-11-30,C51570,P1109,1,29.87,20.0,20.91,completed
O205598,1,"Nov 22, 2024",C53819,P1034,1,23.02,30.0,20.39,completed
O202048,1,23/11/2024,C51370,P1084,4,34.24,30.0,31.79,completed
O205477,1,2024-05-21,C53718,P1107,1,12.43,0.0,4.97,completed
O205789,2,2023-09-13,C53945,P1027,1,64.47,0.0,39.97,completed
O200892,1,17/01/2024,C50599,P1062,5,28.48,0.0,13.67,returned
O201044,3,2023-08-26,C50708,P1108,1,15.08,5.0,6.35,completed
O201625,2,2024-09-23,C51060,P1081,1,77.57,0.0,50.42,completed
O200198,1,2024-12-22,C50141,P1008,1,152.33,0.0,118.82,completed
O200623,1,2023-06-21,C50437,P1055,1,26.8,0.0,12.86,completed
O202206,1,2024-11-07,C51475,P1047,1,49.02,0.0,23.53,completed
O201164,2,2023-07-13,C50775,P1020,2,176.36,0.0,137.56,completed
O205612,6,2023-02-13,C53825,P1096,1,10.19,0.0,4.08,completed
O200290,1,2024-11-23,C50207,P1008,1,137.1,10.0,118.82,completed
O202973,1,18/12/2023,C51956,P1074,1,55.52,30.0,51.56,completed
O204790,1,2023-08-08,C53224,P1065,1,45.61,,21.89,completed
O200976,1,2024-11-26,C50660,P1065,1,27.37,40.0,21.89,completed
O204133,1,2023-12-08,C52737,P1015,2,187.54,20.0,182.85,completed
O200878,2,2024-02-27,C50587,P1079,1,72.35,15.0,55.33,returned
O203004,1,2023-04-03,C51978,P1020,1,167.54,5.0,137.56,completed
O200990,3,"Feb 17, 2024",C50676,P1068,2,26.9,0.0,12.91,completed
O202432,1,2024-12-22,C51618,P1038,1,32.46,0.0,20.13,completed
O201408,2,2024-08-24,C50925,P1090,1,77.14,0.0,50.14,completed
O202943,3,2024-06-29,C51943,P1050,2,34.14,0.0,16.39,completed
O204635,1,2023-11-14,C53111,P1037,1,46.67,0.0,28.94,completed
O203795,1,"Oct 29, 2024",C52515,P1048,1,32.96,10.0,17.58,completed
O200342,2,22/05/2024,C50253,P1015,2,234.42,0.0,182.85,completed
O200230,1,2023-09-27,C50159,P1037,2,46.67,0.0,,completed
O202152,1,2024-12-14,C51434,P1092,2,12.23,30.0,6.99,completed
O203210,3,29/08/2024,C52117,P1037,2,46.67,0.0,28.94,completed
O202961,1,2023-12-12,C51953,P1022,1,112.18,10.0,,completed
O202171,3,2024-11-07,C51445,P1032,1,40.32,0.0,25.0,completed
O204732,3,2024-09-17,C53176,P1041,2,71.64,0.0,44.42,completed
O201616,1,2024-08-06,C51058,P1032,3,40.32,0.0,25.0,completed
O201855,1,2024-11-27,C51221,P1088,1,54.68,10.0,39.49,completed
O202805,1,"Jan 22, 2023",C51873,P1050,1,34.14,0.0,16.39,completed
O203670,6,2023-03-22,C52438,P1007,1,194.48,0.0,151.69,completed
O200820,2,2024-03-11,C50549,P1117,2,24.8,10.0,15.43,completed
O200527,4,08/12/2023,C50381,P1039,1,26.17,20.0,20.28,completed
O201668,1,2024-07-21,C51073,P1014,1,336.97,0.0,262.84,completed
O205054,3,2024-11-28,C53417,P1042,1,51.86,20.0,40.19,completed
O204392,1,2023-12-07,C52940,P1016,3,79.1,30.0,88.14,completed
O204497,2,2024-08-30,C53013,P1030,1,61.28,0.0,37.99,completed
O202760,2,2023-09-01,C51837,P1082,1,41.93,0.0,27.25,completed
O202380,4,2024-08-17,C51582,P1041,1,64.48,10.0,44.42,completed
O203450,1,2024-01-06,C52291,P1105,2,10.01,20.0,5.0,completed
O204770,2,2024-09-05,C53208,P1052,2,44.0,0.0,21.12,completed
O200571,4,2024-08-22,C50406,P1046,2,55.11,0.0,34.17,completed
O202616,4,"Dec 12, 2024",C51751,P1077,4,38.16,20.0,31.01,completed
O200157,2,2024-11-09,C50116,P1107,1,12.43,0.0,4.97,completed
O202103,2,2023-07-08,C51406,P1009,3,161.64,10.0,140.09,returned
O200476,3,2024-07-10,C50345,P1069,1,46.28,5.0,23.39,completed
O202506,2,2024-12-10,C51669,P1084,2,34.24,30.0,31.79,completed
O201134,2,2023-08-14,C50759,P1114,1,11.91,0.0,6.67,completed
O200970,1,2023-10-31,C50655,P1004,2,273.68,10.0,237.19,completed
O200005,1,28/12/2023,C50003,P1118,1,24.8,0.0,13.89,completed
O200837,1,"Nov 26, 2024",C50564,P1101,1,12.5,20.0,6.25,completed
O201603,2,"Mar 14, 2024",C51050,P1044,2,55.48,0.0,34.4,
O200728,3,2024-10-28,C50500,P1034,1,32.89,0.0,20.39,completed
O201739,3,2024-12-18,C51144,P1055,1,24.12,10.0,12.86,completed
O204311,1,2024-05-20,C52867,P1099,1,21.33,0.0,8.53,completed
O201295,3,11/02/2024,C50847,P1114,1,11.31,5.0,6.67,completed
O200942,1,13/10/2024,C50635,P1113,1,18.23,0.0,10.21,completed
O201074,4,2024-08-07,C50721,P1015,1,210.98,10.0,182.85,completed
O201745,4,2024-09-03,C51149,P1106,1,16.74,0.0,6.7,completed
O204000,1,"Dec 31, 2024",C52653,P1119,1,54.65,0.0,30.6,completed
O205257,1,2024-08-25,C53571,P1116,3,18.83,0.0,10.54,completed
O205741,1,2024-01-22,C53916,P1029,2,60.73,0.0,37.65,completed
O204534,1,"Feb 05, 2024",C53041,P1098,3,12.2,0.0,4.88,completed
O205586,1,2024-12-08,C53810,P1031,2,115.32,20.0,89.37,completed
O200172,2,2024-01-15,C50127,P1045,2,41.9,20.0,32.47,completed
O202857,2,2024-11-25,C51899,P1014,2,303.27,10.0,262.84,completed
O201338,1,2023-11-28,C50880,P1029,1,54.66,10.0,37.65,completed
O201423,2,2024-12-11,C50936,P1109,1,33.61,10.0,20.91,completed
O201119,1,2024-09-19,C50751,P1032,1,40.32,0.0,25.0,completed
O200210,1,"May 21, 2023",C50147,P1052,1,39.6,10.0,21.12,completed
O201475,4,2024-12-17,C50967,P1088,1,48.61,20.0,39.49,completed
O201890,2,2023-05-11,C51246,P1101,1,15.62,0.0,6.25,completed
O202571,3,2024-05-13,C51717,P1092,2,16.6,5.0,6.99,completed
O201635,1,2024-05-03,C51063,P1112,1,27.63,0.0,15.47,completed
O200950,3,2024-09-30,C50639,P1047,1,49.02,0.0,23.53,completed
O202333,2,2023-05-15,C51564,P1112,1,27.63,0.0,15.47,completed
O204543,1,2024-03-30,C53049,P1087,1,46.61,0.0,30.3,completed
O203292,1,2024-06-01,C52178,P1078,2,65.84,0.0,42.8,completed
O201541,2,03/11/2024,C51004,P1049,1,44.95,0.0,21.58,completed
O204849,1,2023-06-17,C53265,P1032,3,36.29,10.0,25.0,completed
O205488,1,2024-09-07,C53725,P1089,3,78.6,0.0,51.09,returned
O203620,3,2024-12-04,C52398,P1048,1,25.63,30.0,17.58,completed
O205493,2,2024-02-29,C53735,P1037,1,42.0,10.0,28.94,completed
O201277,4,2024-07-25,C50835,P1017,1,222.03,0.0,173.18,completed
O202875,2,2024-01-06,C51907,P1115,1,20.34,20.0,14.24,completed
O203750,4,2023-11-27,C52484,P1111,1,24.38,20.0,17.07,completed
O201621,1,2023-06-09,C51059,P1084,1,44.02,10.0,31.79,completed
O202040,4,2024-05-04,C51361,P1091,1,23.72,0.0,,completed
O201215,1,2024-04-26,C50797,P1003,1,273.9,0.0,213.64,completed
O201142,3,"Oct 21, 2024",C50762,P1061,3,15.53,0.0,7.45,completed
O200590,5,"Oct 08, 2024",C50421,P1048,2,36.62,0.0,17.58,completed
O202809,2,2024-04-23,C51875,P1005,1,52.69,15.0,48.35,completed
O205314,1,2024-02-03,C53610,P1044,1,55.48,0.0,34.4,completed
O200369,1,"Dec 09, 2023",C50268,P1013,3,169.18,10.0,146.62,completed
O203691,1,2024-06-04,C52454,P1015,2,234.42,0.0,182.85,completed
O201970,2,2023-03-20,C51306,P1119,3,54.65,0.0,30.6,completed
O200341,2,2023-06-21,C50252,P1119,1,54.65,0.0,30.6,completed
O201458,1,2024-06-30,C50955,P1110,4,10.34,0.0,5.79,completed
O205380,1,24/04/2024,C53658,P1120,4,20.68,5.0,12.19,completed
O203135,2,01/11/2024,C52063,P1105,1,12.51,0.0,5.0,completed
O203937,4,10/02/2024,C52613,P1044,2,55.48,0.0,34.4,completed
O203648,1,2023-08-26,C52419,P1040,2,64.97,5.0,42.4,completed
O202291,5,2024-12-09,C51532,P1067,1,22.65,20.0,13.59,completed
O201254,1,2024-01-17,C50817,P1054,3,28.68,0.0,13.77,completed
O203464,3,2023-04-27,C52299,P1052,1,44.0,0.0,21.12,returned
O200057,5,"Dec 15, 2024",C50035,P1038,3,25.97,20.0,20.13,completed
O204714,3,2024-09-22,C53166,P1023,-1,355.1,0.0,276.98,returned
O201065,2,2024-09-07,C50716,P1015,1,234.42,0.0,182.85,completed
O200987,2,2024-12-19,C50669,P1067,1,16.99,40.0,13.59,completed
O200945,1,2024-03-07,C50635,P1104,1,21.97,10.0,9.76,completed
O205586,2,2024-12-08,C53810,P1002,1,61.39,40.0,79.8,completed
O205743,1,13/10/2024,C53919,P1013,4,187.98,0.0,146.62,completed
O200957,1,03/08/2024,C50644,P1087,1,44.28,5.0,30.3,completed
O201391,1,2024-07-04,C50915,P1074,1,79.32,0.0,51.56,completed
O200854,4,2024-07-16,C50577,P1060,1,46.08,10.0,24.58,completed
O202023,3,2024-05-30,C51345,P1105,1,12.51,0.0,5.0,completed
O204083,1,2024-08-14,C52716,P1012,1,278.05,0.0,216.88,completed
O203254,1,2024-12-05,C52155,P1018,3,85.58,20.0,83.44,completed
O202401,1,2024-10-02,C51595,P1030,1,58.22,5.0,37.99,completed
O200640,1,2024-06-26,C50449,P1066,1,47.32,0.0,22.71,completed
O201819,1,"Sep 15, 2024",C51204,P1109,1,37.34,0.0,20.91,completed
O203693,1,2023-03-01,C52454,P1093,5,15.34,0.0,,completed
O203854,1,2024-05-20,C52553,P1070,1,27.34,10.0,14.58,completed
O200204,4,2024-11-23,C50142,P1019,1,176.32,40.0,229.22,completed
O205056,1,2023-08-19,C53421,P1020,4,176.36,0.0,137.56,returned
O203956,1,2023-08-11,C52627,P1065,3,45.61,0.0,21.89,completed
O201531,1,2024-07-26,C50993,P1012,1,278.05,0.0,216.88,completed
O202321,1,30/09/2024,C51556,P1075,1,62.0,5.0,42.42,completed
O203265,2,30/12/2024,C52162,P1065,2,45.61,0.0,21.89,completed
O203603,2,2024-06-07,C52389,P1099,2,21.33,0.0,8.53,completed
O205334,3,26/11/2024,C53627,P1032,1,32.26,20.0,25.0,completed
O204359,3,2024-03-24,C52909,P1020,2,158.72,10.0,137.56,completed
O200121,1,2024-07-16,C50085,P1017,1,199.83,10.0,173.18,completed
O205795,1,2024-12-14,C53953,P1087,1,32.63,30.0,30.3,completed
O204517,4,2024-12-07,C53026,P1058,2,38.93,40.0,31.15,completed
O200054,1,09/09/2024,C50034,P1115,5,25.43,0.0,14.24,completed
O200480,1,2024-12-29,C50349,P1101,2,15.62,0.0,6.25,completed
O203415,2,15/11/2024,C52263,P1114,1,11.91,0.0,6.67,completed
O200232,3,2024-12-30,C50160,P1037,1,44.34,5.0,28.94,completed
O205649,3,2024-02-23,C53856,P1013,3,187.98,0.0,146.62,completed
O203153,1,28/10/2023,C52076,P1088,1,54.68,10.0,39.49,completed
O203171,1,2023-06-19,C52089,P1009,1,179.6,0.0,140.09,completed
O205716,2,2024-11-29,C53899,P1092,4,15.72,10.0,6.99,completed
O202166,3,2024-08-20,C51444,P1037,2,44.34,5.0,28.94,completed
O200408,2,2023-11-30,C50291,P1040,1,54.71,20.0,42.4,completed
O203093,1,2023-01-18,C52040,P1034,2,32.89,0.0,20.39,completed
O200843,2,"Nov 24, 2024",C50571,P1079,2,76.61,10.0,55.33,completed
O204928,3,19/02/2024,C53325,P1068,1,26.9,0.0,12.91,completed
O204075,3,2024-12-19,C52709,P1086,1,47.32,40.0,51.27,completed
O203335,2,09/05/2024,C52206,P1104,2,24.41,0.0,9.76,completed
O203370,1,13/02/2024,C52224,P1045,2,49.75,5.0,32.47,completed
O204776,2,2024-11-26,C53215,P1041,1,64.48,10.0,44.42,completed
O201933,1,08/06/2024,C51276,P1119,1,54.65,0.0,30.6,completed
O204194,5,2024-12-02,C52779,P1030,1,49.02,20.0,37.99,completed
O202377,3,2024-11-21,C51579,P1022,1,118.42,5.0,97.23,completed
O201191,1,2024-06-08,C50788,P1114,1,11.91,0.0,6.67,returned
O204833,2,2024-11-02,C53258,P1120,1,21.77,0.0,12.19,completed
O200071,1,2024-09-21,C50050,P1072,2,19.89,0.0,9.55,completed
O201880,1,2023-12-23,C51238,P1055,3,26.8,0.0,12.86,completed
O203533,2,2023-04-22,C52350,P1086,1,78.87,0.0,51.27,completed
O204213,3,2023-01-18,C52793,P1105,1,12.51,0.0,5.0,completed
O205854,1,2024-12-09,C53988,P1030,1,42.9,30.0,37.99,returned
O205843,1,25/06/2024,C53984,P1018,1,101.63,5.0,83.44,completed
O200212,1,31/08/2024,C50148,P1078,1,65.84,0.0,42.8,completed
O200934,1,2024-12-23,C50628,P1046,1,55.11,0.0,34.17,completed
O203330,2,06/02/2024,C52201,P1026,3,37.29,10.0,25.69,completed
O205303,2,2024-10-29,C53607,P1109,1,37.34,0.0,20.91,completed
O205071,4,2024-03-16,C53432,P1117,1,27.56,0.0,15.43,completed
O202317,1,2024-07-31,C51554,P1004,1,304.09,0.0,237.19,completed
O200303,1,25/11/2024,C50218,P1074,2,63.46,20.0,51.56,completed
O204240,1,2024-11-23,C52818,P1114,2,9.53,20.0,6.67,completed
O204867,4,2024-09-01,C53277,P1036,2,86.88,0.0,53.87,completed
O200956,2,05/07/2023,C50644,P1090,1,77.14,0.0,50.14,completed
O202617,4,2023-04-26,C51753,P1107,1,12.43,0.0,4.97,completed
O201155,1,2024-04-09,C50766,P1058,1,58.4,10.0,31.15,completed
O202389,1,"Nov 16, 2024",C51585,P1063,2,33.85,5.0,17.1,completed
O203924,2,14/11/2023,C52603,P1044,1,55.48,0.0,34.4,completed
O202488,5,2024-06-28,C51656,P1034,1,32.89,0.0,20.39,completed
O203601,3,2024-04-13,C52389,P1050,1,34.14,0.0,16.39,completed
O202273,1,2024-11-08,C51515,P1100,5,10.75,15.0,5.06,completed
O204718,1,06/11/2023,C53171,P1089,1,78.6,0.0,51.09,completed
O201815,2,29/10/2023,C51203,P1112,1,27.63,0.0,15.47,completed
O200219,5,2023-01-27,C50150,P1032,1,34.27,15.0,25.0,completed
O200389,1,2023-11-29,C50280,P1088,2,54.68,10.0,39.49,completed
O203616,2,2024-12-16,C52396,P1012,1,194.64,30.0,216.88,completed
O200373,2,2024-04-08,C50268,P1114,1,11.91,0.0,6.67,completed
O205204,1,2024-11-16,C53531,P1015,1,234.42,0.0,182.85,completed
O200919,3,2024-05-03,C50617,P1118,1,22.32,10.0,13.89,completed
O202485,1,18/07/2023,C51654,P1036,1,86.88,0.0,53.87,completed
O202706,2,2024-06-09,C51813,P1032,1,40.32,0.0,25.0,completed
O200792,1,2024-06-05,C50538,P1032,2,40.32,0.0,25.0,completed
O200492,2,"May 09, 2024",C50359,P1040,1,68.39,0.0,42.4,completed
O201542,3,2024-11-25,C51005,P1058,1,51.91,20.0,31.15,completed
O203845,1,2024-10-29,C52547,P1035,1,67.22,0.0,41.68,completed
O201464,1,2024-03-14,C50962,P1062,1,28.48,0.0,13.67,completed
O201825,3,2024-11-24,C51207,P1087,1,41.95,10.0,30.3,completed
O203688,1,2024-03-22,C52454,P1114,2,11.91,0.0,6.67,completed
O201266,2,29/11/2024,C50826,P1053,1,12.03,30.0,8.25,completed
O201377,3,2024-07-25,C50901,P1091,1,20.16,15.0,9.49,completed
O205498,2,2024-04-15,C53742,P1079,1,76.61,10.0,55.33,completed
O203337,1,2024-12-02,C52206,P1057,2,23.41,20.0,14.04,completed
O202312,1,2024-04-10,C51553,P1032,1,40.32,0.0,25.0,completed
O202019,2,08/12/2023,C51343,P1084,1,44.02,10.0,31.79,completed
O201298,2,2024-05-22,C50847,P1112,1,27.63,0.0,15.47,completed
O200344,1,2024-04-05,C50253,P1025,1,37.89,,24.73,completed
O205358,1,2024-12-23,C53642,P1099,3,18.13,15.0,8.53,completed
O203185,2,2024-09-26,C52099,P1079,1,85.12,0.0,55.33,completed
O204824,1,2024-12-15,C53253,P1036,2,52.13,40.0,53.87,completed
O201370,3,29/11/2024,C50898,P1107,1,11.19,10.0,4.97,completed
O204527,5,06/05/2024,C53034,P1051,3,32.06,15.0,18.11,completed
O204256,3,2024-02-14,C52841,P1014,2,336.97,0.0,262.84,completed
O203185,3,2024-09-26,C52099,P1013,1,187.98,0.0,146.62,completed
O200315,3,16/07/2023,C50230,P1104,1,24.41,0.0,9.76,completed
O203538,1,2024-03-28,C52353,P1052,1,44.0,0.0,21.12,completed
O202849,1,2024-10-07,C51896,P1110,1,10.34,0.0,5.79,completed
O200379,3,"Dec 02, 2024",C50274,P1071,1,14.92,20.0,8.95,completed
O205633,4,2024-09-12,C53843,P1037,1,44.34,5.0,28.94,completed
O205790,1,14/08/2023,C53946,P1051,2,33.95,10.0,18.11,completed
O204798,3,2024-09-09,C53232,P1050,1,30.73,10.0,16.39,completed
O201050,3,2024-12-06,C50708,P1001,1,128.61,40.0,167.19,completed
O204809,2,2024-07-08,C53244,P1002,1,86.96,15.0,79.8,completed
O205604,1,2024-11-24,C53823,P1059,1,17.94,,10.77,completed
O205577,2,2024-12-12,C53802,P1037,1,37.34,20.0,28.94,completed
O203349,3,2024-12-06,C52210,P1048,2,29.3,20.0,17.58,completed
O205076,2,2024-11-17,C53436,P1005,1,61.99,0.0,48.35,completed
O203772,3,2023-01-05,C52503,P1010,1,79.37,30.0,88.44,completed
O204541,5,2024-08-05,C53045,P1082,3,41.93,0.0,27.25,completed
O202903,2,2024-08-25,C51919,P1015,1,199.26,15.0,182.85,completed
O202986,2,"Nov 16, 2024",C51965,P1032,1,40.32,0.0,25.0,completed
O203528,2,23/11/2024,C52347,P1034,5,23.02,30.0,20.39,completed
O204064,2,2024-12-11,C52704,P1056,-3,17.39,30.0,11.92,returned
O200556,4,2024-11-26,C50401,P1088,1,48.61,20.0,39.49,completed
O201051,3,2024-03-25,C50708,P1105,3,12.51,0.0,5.0,completed
O205699,1,2024-06-10,C53886,P1114,3,11.31,5.0,6.67,completed
O200207,1,2024-11-25,C50144,P1015,1,187.54,20.0,182.85,completed
O205194,1,2024-09-18,C53522,P1115,1,24.16,5.0,14.24,completed
O201647,3,2023-05-20,C51066,P1015,2,234.42,0.0,182.85,completed
O200592,1,2024-07-08,C50422,P1004,2,258.48,15.0,237.19,completed
O205574,1,2024-11-20,C53799,P1008,1,152.33,0.0,118.82,completed
O203391,1,2023-05-19,C52237,P1005,2,61.99,0.0,48.35,completed
O201944,3,2023-11-24,C51287,P1118,4,19.84,20.0,13.89,completed
O201059,1,2024-12-02,C50712,P1074,1,63.46,20.0,51.56,completed
O200240,4,2023-10-19,C50172,P1027,2,64.47,0.0,39.97,completed
O203421,1,2024-09-28,C52266,P1072,1,19.89,0.0,9.55,completed
O204807,1,2024-04-17,C53244,P1013,1,178.58,5.0,146.62,completed
O202065,1,2024-05-04,C51377,P1015,1,234.42,0.0,182.85,completed
O205796,1,2024-09-24,C53953,P1080,1,50.9,0.0,33.09,completed
O204003,3,2023-12-08,C52656,P1056,1,19.87,20.0,11.92,completed
O201159,2,2024-04-13,C50770,P1045,3,52.37,0.0,32.47,completed
O201580,5,2023-12-04,C51038,P1092,2,13.98,20.0,6.99,completed
O203607,1,2024-11-25,C52392,P1010,1,102.05,10.0,88.44,completed
O200943,2,2024-04-20,C50635,P1090,1,73.28,5.0,50.14,completed
O204016,1,2024-12-23,C52665,P1114,2,11.91,0.0,6.67,completed
O203816,2,2023-11-24,C52522,P1104,1,21.97,10.0,,completed
O205776,3,2024-11-25,C53941,P1061,1,13.98,10.0,7.45,completed
O200595,1,2023-05-03,C50424,P1049,1,44.95,0.0,21.58,completed
O202336,3,2023-01-15,C51566,P1040,-1,54.71,20.0,42.4,returned
O202636,1,11/12/2023,C51766,P1030,3,55.15,10.0,37.99,completed
O205339,2,09/06/2023,C53629,P1008,3,152.33,0.0,118.82,completed
O203567,1,"Aug 14, 2024",C52364,P1035,1,67.22,0.0,41.68,completed
O200324,1,31/12/2023,C50233,P1084,2,48.91,0.0,31.79,completed
O200753,1,2024-05-10,C50516,P1050,1,34.14,0.0,16.39,completed
O202708,1,2024-12-13,C51814,P1074,3,63.46,20.0,51.56,completed
O202934,4,2024-12-01,C51937,P1085,1,25.01,20.0,20.32,completed
O204141,1,"May 26, 2023",C52742,P1084,1,48.91,0.0,31.79,completed
O203913,1,2024-11-25,C52585,P1115,1,20.34,20.0,14.24,completed
O205227,1,2024-10-22,C53546,P1047,3,49.02,0.0,23.53,completed
O205443,1,2024-07-29,C53700,P1099,1,21.33,0.0,8.53,completed
O202961,2,2023-12-12,C51953,P1074,1,71.39,10.0,51.56,completed
O204998,3,"Aug 06, 2023",C53378,P1004,3,304.09,0.0,237.19,completed
O202174,4,2024-11-23,C51447,P1029,1,48.58,20.0,37.65,completed
O205306,2,2023-01-07,C53607,P1030,1,42.9,30.0,37.99,completed
O205251,1,2024-10-01,C53561,P1118,1,22.32,10.0,13.89,completed
O203200,1,2024-11-05,C52110,P1047,1,49.02,0.0,23.53,returned
O202714,3,2024-03-23,C51817,P1002,4,102.31,0.0,79.8,completed
O203707,5,"Oct 06, 2024",C52459,P1030,1,55.15,10.0,37.99,completed
O203949,2,2024-04-03,C52623,P1112,2,27.63,0.0,15.47,completed
O204492,4,2024-07-08,C53008,P1082,1,41.93,0.0,27.25,completed
O203486,1,2024-05-13,C52314,P1085,3,31.26,0.0,20.32,completed
O203316,1,11/11/2024,C52185,P1050,-1,34.14,0.0,16.39,returned
O203920,2,"Nov 14, 2023",C52595,P1040,1,64.97,5.0,42.4,completed
O202093,2,2024-09-22,C51396,P1090,2,69.43,,50.14,completed
O202988,1,14/07/2023,C51965,P1015,1,234.42,0.0,182.85,completed
O204624,1,2024-11-26,C53102,P1005,1,49.59,20.0,48.35,completed
O204939,1,2024-10-05,C53334,P1111,1,27.43,10.0,17.07,completed
O202979,2,2024-11-29,C51961,P1081,1,69.81,10.0,,completed
O200601,5,2024-07-07,C50427,P1082,2,41.93,0.0,27.25,completed
O203316,4,11/11/2024,C52185,P1090,2,77.14,0.0,50.14,returned
O203565,1,2024-10-16,C52364,P1046,4,52.35,5.0,34.17,completed
O205861,3,2024-10-07,C53992,P1105,1,12.51,0.0,5.0,completed
O203309,1,2024-07-13,C52184,P1047,1,44.12,10.0,23.53,completed
O205529,2,2023-11-29,C53761,P1114,1,8.34,30.0,6.67,completed
O204335,3,2024-12-07,C52888,P1106,1,13.39,20.0,6.7,completed
O202508,3,2024-12-01,C51670,P1027,1,58.02,10.0,39.97,completed
O203916,2,2024-02-27,C52590,P1115,4,25.43,0.0,14.24,completed
O201718,6,2024-08-15,C51128,P1037,1,39.67,15.0,28.94,completed
O205441,6,2024-05-17,C53697,P1031,1,144.15,0.0,89.37,completed
O203339,2,2024-11-25,C52206,P1112,1,19.34,30.0,15.47,completed
O205151,4,31/12/2024,C53498,P1011,1,294.03,0.0,229.34,completed
O204929,2,2023-08-29,C53325,P1078,2,65.84,0.0,42.8,completed
O201517,4,2023-11-26,C50985,P1003,1,246.51,10.0,213.64,completed
O203015,3,2024-05-18,C51987,P1002,1,102.31,0.0,79.8,completed
O203951,6,2024-11-30,C52624,P1033,1,30.59,20.0,23.71,completed
O204355,2,2024-03-30,C52907,P1099,1,21.33,0.0,8.53,completed
O204656,2,2024-12-04,C53126,P1096,1,7.13,30.0,4.08,completed
O201575,2,2024-06-05,C51037,P1011,2,294.03,0.0,229.34,completed
O203129,2,2024-08-26,C52062,P1003,4,273.9,0.0,213.64,completed
O202952,1,2024-06-13,C51948,P1020,1,176.36,0.0,137.56,completed
O201318,2,2024-12-31,C50864,P1074,1,79.32,0.0,51.56,completed
O204189,5,2023-03-19,C52774,P1048,2,36.62,0.0,17.58,completed
O203508,1,2024-06-25,C52334,P1114,-2,11.91,0.0,,returned
O200655,2,2024-07-20,C50460,P1074,1,67.42,15.0,51.56,completed
O200756,5,2024-11-24,C50516,P1084,1,44.02,10.0,31.79,completed
O200463,2,2024-04-28,C50331,P1090,1,77.14,0.0,50.14,completed
O203462,2,2023-12-09,C52299,P1037,2,28.0,40.0,28.94,completed
O200364,1,2023-11-30,C50265,P1034,1,26.31,,20.39,completed
O200842,2,2023-08-23,C50570,P1081,1,73.69,5.0,50.42,completed
O204383,1,23/11/2024,C52937,P1087,1,37.29,20.0,30.3,completed
O205741,2,"Jan 22, 2024",C53916,P1103,1,15.76,0.0,6.3,completed
O203274,4,"Aug 07, 2023",C52170,P1042,1,64.82,0.0,40.19,completed
O203788,1,"Oct 10, 2024",C52509,P1080,-1,50.9,0.0,33.09,returned
O203809,1,2023-05-20,C52519,P1079,1,85.12,0.0,55.33,completed
O204905,2,"Nov 30, 2024",C53311,P1080,1,30.54,40.0,,completed
O205340,1,2024-12-31,C53630,P1010,2,102.05,10.0,88.44,completed
O201437,2,09/05/2023,C50946,P1073,2,36.39,0.0,23.65,returned
O204669,1,2024-09-06,C53139,P1032,1,40.32,0.0,25.0,completed
O202609,3,2023-03-23,C51748,P1114,1,11.91,0.0,6.67,completed
O201150,4,2024-07-26,C50766,P1101,1,14.84,5.0,6.25,returned
O203378,2,2023-09-26,C52229,P1071,1,18.65,0.0,8.95,completed
O204831,3,2023-06-04,C53258,P1029,1,60.73,0.0,37.65,completed
O200886,5,16/03/2024,C50591,P1010,1,113.39,0.0,88.44,completed
O204977,1,2023-11-09,C53356,P1097,1,10.17,5.0,4.28,completed
O201502,4,2024-04-05,C50983,P1074,1,79.32,0.0,51.56,completed
O202954,2,2024-11-28,C51950,P1057,2,17.56,40.0,14.04,completed
O200648,4,2023-02-05,C50457,P1008,1,152.33,0.0,118.82,completed
O200643,2,2024-11-26,C50453,P1047,2,29.41,40.0,23.53,completed
O204260,2,2024-02-03,C52841,P1022,1,124.65,,97.23,completed
O205152,1,07/12/2024,C53498,P1088,1,48.61,20.0,39.49,completed
O202674,1,18/07/2024,C51795,P1093,5,13.81,10.0,6.14,completed
O201773,1,2024-06-27,C51171,P1008,3,152.33,0.0,118.82,completed
O201322,1,2023-11-18,C50865,P1114,3,11.91,0.0,6.67,completed
O200750,1,17/02/2023,C50514,P1070,1,30.38,0.0,14.58,completed
O201673,4,2023-04-16,C51080,P1010,1,113.39,0.0,88.44,completed
O201386,3,2023-12-08,C50910,P1029,1,54.66,10.0,37.65,completed
O203202,1,27/07/2023,C52112,P1088,1,60.76,0.0,39.49,completed
O205366,1,21/07/2024,C53648,P1043,1,33.65,5.0,21.96,completed
O200946,1,2024-10-11,C50636,P1114,1,10.72,10.0,6.67,completed
O205723,3,2024-11-06,C53902,P1064,5,43.11,0.0,20.69,completed
O201257,2,2024-06-01,C50819,P1096,1,10.19,0.0,4.08,completed
O204771,1,2024-12-05,C53213,P1076,1,52.93,40.0,57.34,completed
O202329,3,2024-10-04,C51562,P1086,2,78.87,0.0,51.27,completed
O201262,1,18/05/2024,C50822,P1015,1,222.7,5.0,182.85,completed
O201927,1,2023-10-10,C51275,P1056,2,24.84,0.0,11.92,completed
O200219,4,27/01/2023,C50150,P1117,1,27.56,0.0,15.43,completed
O205172,3,2023-08-16,C53512,P1048,1,34.79,5.0,17.58,completed
O202273,2,2024-11-08,C51515,P1113,1,18.23,0.0,10.21,completed
O204528,2,2024-11-25,C53036,P1057,1,26.33,10.0,14.04,completed
O204084,1,2024-12-29,C52717,P1089,1,66.81,15.0,51.09,completed
O202045,1,2023-12-17,C51369,P1110,1,9.31,10.0,5.79,completed
O200820,1,2024-03-11,C50549,P1023,1,355.1,0.0,276.98,completed
O202112,1,29/04/2024,C51409,P1100,1,12.02,5.0,5.06,completed
O200560,4,14/02/2024,C50402,P1063,1,35.63,0.0,17.1,completed
O203857,2,2024-11-28,C52554,P1101,1,14.06,10.0,6.25,completed
O201353,2,2024-02-26,C50888,P1068,1,25.55,5.0,12.91,completed
O203219,3,2024-04-08,C52127,P1012,1,250.24,10.0,216.88,completed
O203424,5,2023-07-13,C52266,P1102,2,30.56,0.0,12.22,completed
O202302,3,2024-10-23,C51544,P1090,1,77.14,0.0,50.14,completed
O200733,1,2024-09-22,C50505,P1110,2,10.34,0.0,5.79,completed
O203869,1,02/05/2023,C52561,P1038,1,32.46,0.0,20.13,completed
O202202,1,"Jun 17, 2024",C51471,P1073,1,34.57,5.0,23.65,completed
O202365,2,2024-05-03,C51575,P1041,3,71.64,0.0,44.42,completed
O203563,6,2024-06-21,C52364,P1041,1,71.64,0.0,44.42,returned
O204433,3,2024-01-27,C52961,P1074,1,79.32,0.0,51.56,completed
O203396,1,2023-10-08,C52238,P1056,2,23.6,5.0,11.92,completed
O201251,1,2024-12-04,C50816,P1021,1,114.62,30.0,127.73,completed
O202860,2,2024-04-20,C51900,P1106,4,16.74,0.0,6.7,completed
O203786,2,2024-12-13,C52509,P1048,1,32.96,10.0,17.58,completed
O205812,2,2024-07-13,C53964,P1015,1,234.42,0.0,182.85,completed
O204028,2,2024-09-14,C52672,P1104,1,24.41,0.0,9.76,completed
O204558,1,2024-12-31,C53059,P1021,1,163.75,0.0,127.73,completed
O204960,2,2023-11-11,C53343,P1091,1,22.53,5.0,9.49,completed
O201469,2,2023-09-02,C50965,P1048,1,36.62,0.0,17.58,completed
O200361,1,2024-11-15,C50265,P1109,1,31.74,15.0,20.91,completed
O203687,1,2024-05-21,C52454,P1072,1,17.9,10.0,9.55,completed
O201620,1,2024-08-27,C51058,P1046,1,55.11,0.0,34.17,completed
O203635,1,2024-07-04,C52408,P1072,5,19.89,0.0,9.55,completed
O200670,2,2024-02-23,C50474,P1001,1,192.92,10.0,167.19,completed
O205611,1,18/12/2023,C53825,P1120,1,19.59,10.0,12.19,completed
O202691,2,2023-12-18,C51803,P1067,1,22.65,20.0,13.59,completed
O200336,1,13/08/2024,C50249,P1002,1,102.31,0.0,79.8,completed
O201409,2,2023-01-13,C50925,P1074,1,71.39,10.0,51.56,completed
O205608,4,03/12/2024,C53824,P1012,2,194.64,30.0,216.88,completed
O202382,2,2023-10-15,C51582,P1114,1,10.72,10.0,6.67,completed
O203208,2,2024-11-27,C52116,P1075,1,52.21,20.0,42.42,completed
O205043,1,2024-06-18,C53404,P1015,1,234.42,0.0,182.85,completed
O203950,1,2024-10-29,C52624,P1034,2,32.89,0.0,20.39,completed
O205745,6,2023-08-09,C53919,P1112,2,27.63,0.0,15.47,completed
O201004,1,2024-12-16,C50689,P1117,1,22.05,20.0,15.43,completed
O205453,2,2024-12-01,C53707,P1005,2,55.79,10.0,48.35,completed
O203115,3,2024-04-21,C52052,P1030,1,61.28,0.0,37.99,completed
O203142,1,2024-04-29,C52070,P1033,2,38.24,0.0,23.71,completed
O201262,2,2024-05-18,C50822,P1047,1,49.02,0.0,23.53,completed
O200323,2,2024-01-03,C50233,P1098,2,9.76,20.0,4.88,completed
O203670,4,2023-03-22,C52438,P1034,1,27.96,15.0,20.39,returned
O203306,3,2024-07-04,C52183,P1065,1,45.61,0.0,21.89,completed
O205056,2,2023-08-19,C53421,P1084,1,48.91,0.0,31.79,completed
O202666,2,2023-11-11,C51788,P1061,2,15.53,0.0,7.45,completed
O203121,2,"Dec 19, 2024",C52058,P1019,1,235.1,20.0,229.22,completed
O204000,2,2024-12-31,C52653,P1060,1,46.08,10.0,24.58,completed
O201604,2,2024-07-23,C51051,P1047,1,490.20000000000005,0.0,23.53,completed
O201088,1,14/12/2024,C50731,P1050,1,30.73,10.0,16.39,completed
O202512,1,2023-09-20,C51671,P1050,1,34.14,0.0,16.39,completed
O202748,1,2023-12-20,C51831,P1101,2,14.06,10.0,6.25,completed
O204974,1,2024-12-08,C53352,P1045,5,36.66,30.0,32.47,completed
O205064,1,2024-01-06,C53427,P1030,2,49.02,20.0,37.99,completed
O203462,6,2023-12-09,C52299,P1088,5,54.68,10.0,39.49,completed
O201257,1,2024-06-01,C50819,P1060,2,46.08,10.0,24.58,completed
O200323,3,2024-01-03,C50233,P1107,3,9.94,20.0,4.97,completed
O205541,2,2024-02-17,C53771,P1015,1,234.42,0.0,182.85,completed
O204643,1,2024-05-03,C53118,P1099,1,21.33,0.0,8.53,completed
O203386,1,2023-03-01,C52233,P1078,2,65.84,0.0,42.8,completed
O205053,2,2024-10-15,C53417,P1024,1,149.85,10.0,129.87,completed
O201268,2,"Nov 28, 2024",C50827,P1106,1,13.39,20.0,6.7,returned
O201195,4,2024-12-03,C50788,P1005,1,43.39,30.0,48.35,completed
O200143,1,2024-07-14,C50098,P1078,1,55.96,15.0,42.8,completed
O204768,2,2024-05-31,C53207,P1109,1,31.74,15.0,20.91,completed
O201756,1,2023-04-19,C51159,P1031,1,136.94,5.0,89.37,completed
O202811,2,2024-10-31,C51875,P1111,3,30.48,0.0,17.07,completed
O204414,2,"Jun 22, 2024",C52952,P1114,1,11.91,0.0,6.67,completed
O203102,2,22/04/2023,C52044,P1044,1,55.48,0.0,34.4,
O202172,2,2024-06-18,C51445,P1114,1,11.91,0.0,6.67,completed
O203404,3,2024-08-19,C52248,P1086,1,78.87,0.0,51.27,completed
O204732,2,2024-09-17,C53176,P1070,1,30.38,0.0,14.58,completed
O200195,5,2024-11-26,C50138,P1027,1,45.13,30.0,39.97,returned
O205005,1,2024-03-16,C53380,P1050,3,32.43,5.0,16.39,completed
O204641,1,2024-05-19,C53117,P1041,3,71.64,0.0,44.42,completed
O204193,3,2024-11-22,C52777,P1032,1,28.22,30.0,25.0,completed
O204225,2,"Jan 18, 2024",C52803,P1058,1,64.89,0.0,31.15,completed
O200978,3,2024-12-20,C50662,P1114,1,9.53,20.0,6.67,completed
O203757,2,29/06/2024,C52489,P1056,1,23.6,5.0,11.92,completed
O203992,1,2024-12-30,C52649,P1021,2,163.75,0.0,127.73,completed
O201501,3,2024-06-29,C50982,P1019,1,293.87,,229.22,returned
O201704,3,2024-02-15,C51108,P1034,5,29.6,10.0,20.39,completed
O201163,2,2024-04-06,C50775,P1074,1,79.32,0.0,51.56,completed
O203812,5,2024-05-04,C52520,P1009,3,179.6,0.0,140.09,completed
O205242,2,27/03/2023,C53557,P1066,3,47.32,0.0,22.71,completed
O205443,2,"Jul 29, 2024",C53700,P1070,2,25.82,15.0,14.58,completed
O202833,1,2024-12-25,C51886,P1030,3,55.15,10.0,37.99,completed
O202104,1,2023-12-12,C51406,P1090,1,61.71,20.0,50.14,completed
O202827,5,01/12/2023,C51885,P1044,1,38.84,30.0,34.4,completed
O203679,3,2023-01-14,C52442,P1041,1,57.31,20.0,44.42,completed
O205650,3,21/07/2024,C53856,P1010,1,113.39,0.0,88.44,returned
O205363,5,2024-04-16,C53645,P1103,2,15.76,0.0,6.3,completed
O200569,3,2023-06-17,C50406,P1081,3,77.57,0.0,50.42,completed
O204673,2,15/10/2024,C53142,P1115,2,25.43,0.0,14.24,completed
O203409,1,23/12/2024,C52254,P1084,3,44.02,10.0,31.79,completed
O200639,1,"Jul 11, 2023",C50449,P1082,1,41.93,0.0,27.25,completed
O201142,4,2024-10-21,C50762,P1072,2,19.89,0.0,9.55,completed
O202285,1,2024-10-22,C51523,P1062,1,28.48,0.0,13.67,completed
O202475,2,"Dec 23, 2023",C51646,P1068,2,25.55,,12.91,completed
O200990,1,2024-02-17,C50676,P1081,2,77.57,0.0,50.42,completed
O204972,2,2024-12-31,C53351,P1106,3,15.9,5.0,6.7,completed
O200610,2,2024-10-23,C50432,P1033,3,38.24,0.0,23.71,completed
O204435,1,2023-04-21,C52963,P1062,1,27.06,5.0,13.67,completed
O200299,1,2024-09-21,C50214,P1084,1,48.91,0.0,31.79,completed
O204491,2,2024-10-21,C53007,P1065,1,45.61,0.0,21.89,completed
O201871,2,2023-11-16,C51227,P1021,1,163.75,0.0,127.73,completed
O204340,1,2024-11-01,C52894,P1079,1,76.61,10.0,55.33,
O203712,1,2024-09-23,C52460,P1015,2,234.42,0.0,182.85,completed
O201436,1,2023-07-20,C50946,P1062,3,27.06,5.0,13.67,completed
O200252,4,2024-11-26,C50183,P1054,2,25.81,10.0,13.77,completed
O203181,3,2024-04-24,C52098,P1070,2,27.34,10.0,14.58,completed
O202326,4,26/10/2024,C51559,P1023,2,355.1,0.0,276.98,completed
O200571,2,2024-08-22,C50406,P1065,1,45.61,0.0,21.89,completed
O205716,3,29/11/2024,C53899,P1021,3,98.25,40.0,127.73,completed
O204713,3,2024-07-08,C53166,P1057,2,29.26,,14.04,completed
O200351,2,2024-05-08,C50256,P1008,1,152.33,0.0,118.82,completed
O200116,1,2024-06-27,C50084,P1084,2,48.91,0.0,31.79,completed
O204886,1,2024-12-20,C53296,P1112,1,16.58,40.0,15.47,completed
O201078,5,2024-08-30,C50724,P1025,1,39.88,0.0,24.73,completed
O201821,4,2024-10-15,C51204,P1015,1,234.42,0.0,182.85,completed
O202019,3,2023-12-08,C51343,P1034,1,29.6,10.0,20.39,completed
O205734,2,2023-10-07,C53909,P1033,1,38.24,0.0,23.71,completed
O204368,1,2024-11-24,C52915,P1112,2,22.1,20.0,15.47,completed
O203641,3,"Jan 05, 2024",C52410,P1027,1,51.58,20.0,39.97,completed
O204690,1,2024-06-28,C53155,P1063,1,35.63,0.0,17.1,completed
O205344,3,2023-04-05,C53631,P1105,1,12.51,0.0,5.0,completed
O201479,2,2024-03-06,C50971,P1034,1,32.89,0.0,20.39,completed
O201382,1,2024-07-23,C50906,P1120,2,21.77,0.0,12.19,completed
O204182,1,2024-03-21,C52771,P1014,1,336.97,0.0,262.84,
O201390,2,16/07/2024,C50915,P1035,2,67.22,0.0,41.68,completed
O201340,1,2024-11-28,C50880,P1026,1,33.14,20.0,25.69,completed
O203817,1,2024-11-16,C52524,P1091,1,23.72,0.0,9.49,completed
O202028,5,2024-05-22,C51351,P1067,1,28.31,0.0,13.59,completed
O202810,1,2024-11-24,C51875,P1006,1,62.0,30.0,69.08,completed
O202477,1,29/10/2023,C51646,P1114,1,11.91,0.0,6.67,completed
O200843,1,2024-11-24,C50571,P1044,1,44.38,20.0,34.4,completed
O201111,1,29/04/2024,C50746,P1113,2,18.23,0.0,10.21,completed
O203802,1,2024-12-19,C52517,P1080,1,35.63,30.0,33.09,completed
O201677,1,02/12/2024,C51083,P1030,1,49.02,20.0,37.99,completed
O200739,2,01/05/2023,C50506,P1010,1,113.39,0.0,88.44,completed
O200636,1,2024-09-07,C50448,P1110,1,10.34,0.0,5.79,completed
O202928,1,2024-08-04,C51933,P1088,1,57.72,5.0,39.49,completed
O203514,3,2023-01-03,C52338,P1052,1,39.6,10.0,21.12,returned
O204113,4,2024-02-28,C52732,P1068,3,25.55,5.0,12.91,completed
O203429,1,2024-10-08,C52269,P1048,1,36.62,0.0,17.58,completed
O205506,4,2024-12-20,C53746,P1084,1,29.35,40.0,31.79,completed
O201887,1,2023-09-10,C51243,P1107,1,12.43,0.0,4.97,completed
O200449,5,2024-06-05,C50322,P1035,-1,67.22,0.0,41.68,returned
O205659,1,2024-12-27,C53860,P1057,3,24.87,15.0,14.04,completed
O203685,2,2024-12-05,C52446,P1052,1,26.4,40.0,21.12,completed
O204130,3,"Mar 08, 2023",C52737,P1078,3,65.84,0.0,42.8,completed
O202438,2,2023-10-05,C51624,P1109,1,37.34,0.0,20.91,completed
O203571,1,18/09/2024,C52369,P1074,3,79.32,0.0,51.56,completed
O202997,2,"Dec 07, 2023",C51967,P1068,1,21.52,20.0,12.91,completed
O205698,1,2024-08-04,C53886,P1074,1,79.32,0.0,51.56,completed
O201296,3,2024-12-16,C50847,P1107,1,8.7,30.0,4.97,returned
O203763,2,2024-05-25,C52493,P1059,1,22.43,0.0,10.77,completed
O201806,2,06/10/2024,C51201,P1019,1,293.87,0.0,229.22,completed
O203470,1,2023-04-26,C52304,P1102,3,30.56,0.0,12.22,completed
O200789,2,04/12/2024,C50538,P1120,2,15.24,30.0,12.19,returned
O204478,1,"Dec 27, 2024",C52998,P1053,1,16.33,5.0,8.25,completed
O204812,2,06/01/2024,C53244,P1015,1,164.09,30.0,182.85,returned
O201942,1,2024-06-27,C51284,P1015,1,234.42,0.0,182.85,completed
O201240,1,2024-05-03,C50810,P1034,1,31.25,5.0,20.39,completed
O200580,2,2024-11-05,C50414,P1082,2,41.93,0.0,27.25,completed
O200778,4,2024-12-18,C50534,P1113,1,16.41,10.0,10.21,completed
O201283,1,2024-10-30,C50839,P1082,2,39.83,5.0,27.25,completed
O201118,1,"Jun 28, 2023",C50751,P1117,1,26.18,5.0,15.43,completed
O204463,4,2024-05-24,C52987,P1054,1,27.25,5.0,13.77,completed
O204307,1,2024-12-10,C52865,P1005,2,49.59,20.0,48.35,completed
O203035,1,2024-01-28,C51997,P1021,1,163.75,0.0,127.73,completed
O202885,1,20/08/2024,C51909,P1101,1,15.62,0.0,6.25,completed
O200736,1,2024-09-27,C50505,P1039,1,31.07,5.0,20.28,completed
O205131,1,2024-08-28,C53479,P1030,2,61.28,0.0,37.99,completed
O204407,1,2023-05-11,C52947,P1097,3,10.71,0.0,4.28,completed
O205239,1,2024-12-07,C53557,P1063,2,21.38,40.0,17.1,completed
O205243,2,"Dec 02, 2023",C53557,P1052,1,39.6,10.0,21.12,completed
O200875,1,2024-12-11,C50586,P1088,-1,54.68,10.0,39.49,returned
O201051,1,2024-03-25,C50708,P1080,3,50.9,0.0,33.09,completed
O201175,4,2024-05-02,C50781,P1080,2,50.9,0.0,33.09,completed
O200686,3,2024-10-10,C50478,P1099,1,21.33,0.0,8.53,completed
O202708,3,2024-12-13,C51814,P1097,3,9.64,10.0,4.28,completed
O201541,3,2024-11-03,C51004,P1074,1,79.32,0.0,51.56,returned
O205000,4,2024-04-17,C53378,P1032,1,40.32,0.0,25.0,completed
O204505,1,2024-03-29,C53017,P1030,1,55.15,10.0,37.99,completed
O200140,1,2024-11-29,C50097,P1089,3,62.88,20.0,51.09,completed
O201854,1,"Nov 23, 2024",C51220,P1025,1,31.9,20.0,24.73,completed
O203580,1,2024-11-28,C52374,P1055,5,24.12,10.0,12.86,completed
O200815,1,2023-05-01,C50546,P1066,2,47.32,0.0,22.71,completed
O205268,2,2024-12-18,C53576,P1070,1,27.34,10.0,14.58,completed
O200786,1,22/07/2023,C50538,P1086,1,78.87,0.0,51.27,completed
O203686,1,2024-11-12,C52452,P1104,1,21.97,10.0,9.76,returned
O203809,3,2023-05-20,C52519,P1097,1,10.71,0.0,4.28,completed
O203758,2,2023-06-16,C52490,P1062,2,28.48,0.0,13.67,completed
O202592,1,2024-08-05,C51731,P1090,1,73.28,5.0,50.14,returned
O201797,2,2024-10-07,C51196,P1098,1,12.2,0.0,4.88,completed
O200532,1,30/10/2024,C50385,P1015,2,222.7,5.0,182.85,completed
O200699,2,2024-07-16,C50489,P1074,1,79.32,0.0,51.56,completed
O201917,1,2024-06-08,C51268,P1017,1,222.03,0.0,173.18,completed
O202532,2,23/07/2024,C51688,P1114,4,11.91,0.0,6.67,completed
O205221,2,2024-12-04,C53545,P1033,2,30.59,20.0,23.71,completed
O203353,6,2024-02-27,C52212,P1037,1,46.67,0.0,28.94,completed
O204689,1,2024-12-23,C53155,P1028,2,59.31,0.0,36.77,completed
O204662,1,02/07/2024,C53131,P1050,1,34.14,0.0,16.39,completed
O200530,1,2024-06-01,C50384,P1096,1,9.68,5.0,4.08,completed
O200045,1,2024-01-07,C50028,P1092,3,12.23,30.0,6.99,completed
O202559,1,2024-12-23,C51706,P1056,1,24.84,0.0,11.92,returned
O203870,1,"Jan 14, 2024",C52561,P1087,1,32.63,30.0,30.3,completed
O201517,1,2023-11-26,C50985,P1037,1,42.0,10.0,28.94,completed
O203896,1,2024-12-16,C52575,P1082,1,29.35,30.0,27.25,completed
O204382,2,19/11/2024,C52936,P1055,1,26.8,0.0,12.86,completed
O204000,6,"Dec 31, 2024",C52653,P1041,1,71.64,0.0,44.42,completed
O201733,1,"Apr 04, 2023",C51137,P1092,2,17.47,0.0,6.99,completed
O200614,1,2023-12-01,C50433,P1008,3,106.63,30.0,118.82,completed
O205260,1,2024-01-25,C53573,P1100,3,12.65,0.0,5.06,completed
O204840,1,2024-10-13,C53263,P1060,3,51.2,0.0,24.58,completed
O202246,1,2024-05-31,C51502,P1023,2,337.34,5.0,276.98,completed
O202993,2,21/12/2023,C51967,P1120,1,21.77,0.0,12.19,completed
O203454,1,2024-04-25,C52291,P1097,3,10.71,0.0,4.28,completed
O200419,2,09/08/2024,C50304,P1066,4,47.32,0.0,22.71,completed
O204531,2,2023-12-30,C53039,P1113,4,18.23,0.0,10.21,completed
O200974,4,18/06/2024,C50657,P1050,2,34.14,0.0,16.39,completed
O201148,2,2024-04-28,C50764,P1004,2,304.09,0.0,237.19,completed
O201007,1,2024-11-23,C50692,P1034,1,26.31,20.0,20.39,completed
O202861,2,2024-11-25,C51901,P1058,3,45.42,30.0,31.15,completed
O205792,2,2024-12-04,C53949,P1030,2,42.9,30.0,37.99,completed
O200387,4,"Apr 07, 2024",C50280,P1008,1,152.33,0.0,118.82,completed
O205651,2,2024-11-30,C53856,P1015,1,164.09,30.0,182.85,completed
O202196,3,2024-09-08,C51466,P1052,3,41.8,5.0,21.12,completed
O202724,1,"Dec 11, 2024",C51821,P1037,1,42.0,10.0,28.94,completed
O204436,1,16/03/2024,C52965,P1065,2,45.61,0.0,21.89,completed
O201306,3,2024-10-10,C50854,P1078,1,65.84,0.0,42.8,completed
O203123,2,2024-07-29,C52059,P1019,1,293.87,0.0,229.22,completed
O203349,1,06/12/2024,C52210,P1084,2,39.13,20.0,31.79,completed
O200746,1,2024-06-10,C50509,P1012,1,278.05,0.0,216.88,completed
O201216,2,2024-06-18,C50798,P1103,2,14.97,5.0,6.3,completed
O205416,3,2024-12-01,C53683,P1087,1,41.95,10.0,30.3,completed
O205301,1,2023-06-30,C53606,P1062,1,28.48,0.0,13.67,completed
O203279,3,2024-12-17,C52175,P1068,3,24.21,10.0,12.91,completed
O202065,4,2024-05-04,C51377,P1089,1,78.6,0.0,51.09,completed
O205628,2,2024-11-30,C53841,P1094,1,12.32,30.0,7.04,completed
O200604,2,2024-09-11,C50429,P1114,1,11.31,5.0,6.67,completed
O200252,6,2024-11-26,C50183,P1076,1,70.57,20.0,57.34,completed
O204953,1,04/04/2024,C53339,P1087,1,46.61,0.0,30.3,completed
O200171,2,2023-05-18,C50127,P1101,1,15.62,,6.25,completed
O201737,1,2024-12-02,C51141,P1097,1,9.64,10.0,4.28,completed
O201588,3,2024-04-16,C51044,P1114,1,11.91,0.0,6.67,completed
O202428,1,2024-12-03,C51614,P1066,1,42.59,10.0,22.71,completed
O202033,2,2024-12-31,C51356,P1088,2,57.72,5.0,39.49,completed
O200176,1,2023-05-11,C50131,P1106,2,16.74,0.0,6.7,completed
O201546,1,2024-07-08,C51012,P1070,1,30.38,0.0,14.58,completed
O201448,2,2024-09-15,C50952,P1111,1,27.43,10.0,17.07,completed
O205068,2,2023-06-22,C53429,P1030,1,61.28,0.0,37.99,completed
O205607,1,2024-10-20,C53824,P1084,1,48.91,0.0,31.79,completed
O204387,1,2024-05-04,C52937,P1015,2,234.42,0.0,182.85,completed
O201380,3,2024-08-07,C50903,P1036,1,86.88,0.0,53.87,completed
O203587,2,05/10/2023,C52378,P1083,2,49.42,0.0,32.12,completed
O205249,2,2024-03-13,C53560,P1114,1,10.72,10.0,6.67,completed
O202024,1,2023-06-08,C51347,P1090,2,65.57,15.0,50.14,completed
O203021,1,2024-05-19,C51990,P1114,2,11.31,5.0,6.67,completed
O203608,3,2024-11-24,C52392,P1086,3,63.1,20.0,51.27,completed
O202504,3,02/09/2024,C51669,P1116,2,16.01,15.0,10.54,completed
O203719,1,23/09/2024,C52461,P1087,2,46.61,0.0,30.3,completed
O203428,1,2023-04-05,C52269,P1109,1,35.47,5.0,20.91,completed
O202607,2,2024-05-12,C51746,P1019,1,293.87,0.0,229.22,completed
O202533,3,2024-10-19,C51688,P1052,1,41.8,5.0,21.12,completed
O204302,2,2024-03-06,C52864,P1074,1,79.32,0.0,51.56,completed
O205640,3,18/06/2023,C53851,P1044,4,52.71,5.0,34.4,completed
O203082,1,2024-01-15,C52027,P1048,1,29.3,20.0,17.58,completed
O204793,1,2024-08-06,C53226,P1077,1,45.32,5.0,31.01,completed
O203851,2,2024-08-27,C52552,P1078,1,62.55,5.0,42.8,completed
O203501,2,"Nov 24, 2024",C52330,P1051,1,30.18,20.0,18.11,completed
O202651,1,2024-01-15,C51775,P1062,3,19.94,30.0,13.67,completed
O205684,4,2024-06-07,C53871,P1120,1,21.77,0.0,12.19,completed
O203420,3,"Dec 16, 2024",C52266,P1105,1,11.26,10.0,5.0,completed
O203563,1,2024-06-21,C52364,P1032,1,40.32,0.0,25.0,completed
O203449,1,2024-12-04,C52290,P1018,1,96.28,10.0,83.44,completed
O200908,3,2024-06-27,C50612,P1038,2,32.46,0.0,20.13,completed
O202059,2,09/01/2024,C51372,P1044,1,33.29,40.0,34.4,completed
O204849,4,2023-06-17,C53265,P1116,1,18.83,0.0,10.54,completed
O203065,2,20/11/2023,C52014,P1114,5,11.91,0.0,6.67,completed
O202357,2,2024-06-29,C51572,P1075,1,58.73,10.0,42.42,completed
O201440,2,2024-05-07,C50946,P1032,2,40.32,0.0,25.0,completed
O200232,1,2024-12-30,C50160,P1074,1,67.42,15.0,51.56,completed
O205384,1,2024-12-23,C53662,P1077,1,47.7,0.0,31.01,completed
O205499,1,11/05/2024,C53742,P1109,1,33.61,10.0,20.91,completed
O203908,3,2024-12-21,C52580,P1097,1,9.64,10.0,4.28,completed
O205791,1,2024-01-10,C53948,P1060,1,46.08,10.0,24.58,completed
O201427,1,2024-11-23,C50941,P1100,1,8.86,30.0,5.06,completed
O203359,2,"Dec 30, 2023",C52215,P1015,1,210.98,10.0,182.85,completed
O204926,4,2024-03-17,C53323,P1102,1,30.56,0.0,12.22,completed
O202763,1,2024-02-25,C51838,P1112,1,27.63,0.0,15.47,completed
O201177,2,2023-06-05,C50781,P1077,1,47.7,0.0,31.01,completed
O203118,1,2024-12-28,C52055,P1052,1,44.0,0.0,21.12,completed
O203375,1,28/06/2024,C52226,P1102,1,30.56,0.0,12.22,completed
O202291,3,2024-12-09,C51532,P1013,1,169.18,10.0,146.62,completed
O205833,1,2023-03-15,C53977,P1074,1,67.42,15.0,51.56,completed
O202930,1,2024-08-28,C51933,P1034,2,32.89,0.0,20.39,completed
O201663,1,19/11/2024,C51070,P1120,3,21.77,0.0,12.19,completed
O203352,1,2024-11-11,C52212,P1030,2,58.22,5.0,37.99,completed
O203399,3,24/07/2024,C52240,P1015,1,234.42,0.0,182.85,completed
O203518,3,2024-10-21,C52342,P1109,1,37.34,0.0,20.91,completed
O204054,1,25/12/2024,C52696,P1062,1,28.48,0.0,13.67,completed
O200224,1,14/03/2024,C50155,P1060,1,46.08,10.0,24.58,completed
O201480,2,2023-11-27,C50971,P1085,1,25.01,20.0,20.32,completed
O204944,1,2024-06-07,C53335,P1015,2,234.42,0.0,182.85,completed
O200105,4,2024-06-02,C50073,P1043,1,35.42,0.0,21.96,completed
O201552,4,2024-12-31,C51015,P1015,3,234.42,0.0,182.85,returned
O202644,2,2023-11-28,C51770,P1044,2,44.38,20.0,34.4,completed
O205416,3,2024-12-01,C53683,P1087,1,41.95,10.0,30.3,completed
O201194,1,2023-07-25,C50788,P1096,2,8.66,15.0,4.08,completed
O204240,2,2024-11-23,C52818,P1117,1,16.54,40.0,15.43,completed
O203192,1,2023-11-19,C52105,P1114,1,11.91,0.0,6.67,completed
O201702,3,2024-11-28,C51108,P1081,1,54.3,30.0,50.42,completed
O200565,5,2024-10-18,C50404,P1065,1,38.77,15.0,21.89,completed
O205190,1,2024-08-19,C53521,P1013,1,187.98,0.0,146.62,completed
O205121,1,2024-04-30,C53476,P1050,1,34.14,0.0,16.39,completed
O204333,4,24/11/2023,C52886,P1064,2,34.49,20.0,20.69,completed
O200262,6,23/04/2024,C50191,P1049,1,44.95,0.0,21.58,completed
O201153,3,2024-10-26,C50766,P1058,1,58.4,10.0,31.15,completed
O201629,3,2024-12-17,C51061,P1030,1,55.15,10.0,37.99,completed
O201659,2,2023-02-02,C51069,P1058,3,64.89,0.0,31.15,completed
O205801,2,2024-08-18,C53957,P1008,1,137.1,10.0,118.82,completed
O203883,3,2024-10-01,C52567,P1071,1,18.65,0.0,8.95,completed
O200500,1,2024-09-07,C50362,P1031,1,144.15,,89.37,completed
O203823,1,2024-08-23,C52531,P1038,2,32.46,0.0,20.13,completed
O203615,1,15/11/2023,C52395,P1100,-4,12.65,0.0,5.06,returned
O203955,1,2024-05-04,C52626,P1052,1,41.8,5.0,21.12,completed
O205128,2,"Aug 20, 2024",C53478,P1043,2,35.42,0.0,21.96,completed
O200365,1,17/03/2024,C50265,P1098,1,10.37,15.0,4.88,completed
O204347,4,2024-12-30,C52898,P1081,1,77.57,0.0,50.42,completed
O200064,2,2023-11-30,C50038,P1037,1,28.0,40.0,28.94,completed
O201945,1,22/07/2024,C51289,P1105,1,12.51,0.0,5.0,completed
O205858,3,2024-09-23,C53988,P1017,2,188.73,15.0,173.18,completed
O205856,3,2024-05-18,C53988,P1041,2,68.06,5.0,44.42,completed
O205287,4,2024-11-29,C53594,P1103,1,11.03,30.0,6.3,completed
O204369,2,2024-05-23,C52920,P1114,1,11.31,5.0,6.67,completed
O203926,1,2024-11-22,C52608,P1046,3,44.09,20.0,34.17,completed
O204089,2,06/01/2024,C52721,P1077,1,33.39,30.0,31.01,returned
O200543,2,2024-06-07,C50394,P1056,2,24.84,0.0,11.92,completed
O204102,2,14/06/2024,C52726,P1036,3,82.54,5.0,53.87,completed
O204148,2,2023-04-23,C52744,P1020,3,176.36,0.0,,completed
O204587,6,2024-01-07,C53077,P1079,1,51.07,40.0,55.33,completed
O200549,2,2024-08-25,C50396,P1070,1,28.86,5.0,14.58,completed
O204956,3,2024-12-26,C53339,P1027,1,54.8,,39.97,completed
O201040,2,2023-05-20,C50708,P1028,1,59.31,0.0,,completed
O202787,2,2024-10-01,C51856,P1058,1,58.4,10.0,31.15,completed
O205640,2,2023-06-18,C53851,P1094,3,17.6,0.0,7.04,completed
O203698,2,2023-11-20,C52457,P1044,1,49.93,10.0,34.4,completed
O200399,3,2023-12-18,C50290,P1037,3,37.34,20.0,28.94,completed
O205247,1,2023-02-07,C53557,P1011,1,294.03,0.0,229.34,completed
O200709,5,2023-04-07,C50493,P1026,3,41.43,0.0,25.69,completed
O203793,4,2024-05-01,C52514,P1102,1,29.03,5.0,12.22,completed
O203266,1,2023-07-05,C52163,P1017,1,222.03,0.0,173.18,completed
O201421,2,2024-06-24,C50934,P1065,2,45.61,0.0,21.89,returned
O201750,1,2024-11-08,C51153,P1080,2,50.9,,33.09,completed
O201903,2,2024-01-07,C51259,P1040,1,47.87,30.0,42.4,completed
O203022,1,27/06/2024,C51990,P1073,1,34.57,5.0,23.65,completed
O204326,1,"Oct 14, 2023",C52878,P1013,3,187.98,0.0,146.62,completed
O201564,3,2024-10-24,C51020,P1081,1,69.81,,50.42,completed
O205809,1,2024-10-10,C53964,P1023,1,355.1,0.0,276.98,completed
O201423,4,"Dec 11, 2024",C50936,P1067,4,25.48,10.0,13.59,completed
O203104,1,2024-12-07,C52046,P1084,1,29.35,40.0,31.79,completed
O202437,2,"Jun 06, 2024",C51624,P1120,1,20.68,5.0,12.19,completed
O203936,2,2024-02-05,C52613,P1015,1,234.42,0.0,182.85,completed
O202529,4,2024-08-17,C51684,P1089,3,66.81,15.0,51.09,completed
O202737,2,2024-08-26,C51826,P1041,1,71.64,0.0,44.42,completed
O205116,2,2024-11-24,C53473,P1015,2,210.98,10.0,182.85,completed
O201180,1,2024-11-24,C50781,P1099,2,17.06,20.0,8.53,returned
O201597,2,2024-02-10,C51048,P1012,2,278.05,0.0,216.88,completed
O201349,1,2023-08-14,C50882,P1112,-1,27.63,0.0,15.47,returned
O201313,3,2024-10-29,C50858,P1015,1,234.42,0.0,182.85,completed
O202066,5,2024-03-09,C51377,P1105,3,12.51,0.0,5.0,completed
O205131,2,2024-08-28,C53479,P1050,1,34.14,0.0,16.39,completed
O203050,3,2023-04-28,C52008,P1056,1,24.84,0.0,11.92,completed
O200129,1,2024-12-19,C50093,P1032,1,36.29,10.0,25.0,completed
O204953,3,"Apr 04, 2024",C53339,P1071,1,18.65,0.0,8.95,completed
O203418,4,2024-11-25,C52263,P1087,1,37.29,20.0,30.3,completed
O200374,2,2023-06-17,C50268,P1070,5,30.38,0.0,14.58,completed
O204650,1,2024-09-22,C53122,P1004,1,304.09,0.0,237.19,completed
O204501,5,2024-05-24,C53014,P1070,1,30.38,0.0,14.58,completed
O205248,1,2024-03-07,C53558,P1005,1,58.89,5.0,48.35,completed
O205526,1,2023-03-24,C53757,P1114,1,11.91,0.0,6.67,completed
O201932,1,2023-08-31,C51276,P1100,1,10.75,15.0,5.06,completed
O203545,1,05/10/2024,C52358,P1071,1,18.65,,8.95,completed
O204699,1,2024-10-17,C53162,P1062,1,28.48,0.0,13.67,completed
O200107,1,2024-03-22,C50073,P1104,3,24.41,0.0,9.76,completed
O203379,2,2024-12-15,C52230,P1112,3,22.1,20.0,15.47,completed
O203374,1,21/05/2023,C52225,P1025,1,39.88,0.0,24.73,completed
O201163,1,2024-04-06,C50775,P1078,4,65.84,0.0,42.8,completed
O202309,1,2024-05-04,C51553,P1032,1,40.32,0.0,25.0,completed
O203671,2,2023-05-15,C52438,P1055,5,24.12,10.0,12.86,completed
O204126,1,10/02/2024,C52736,P1115,2,25.43,0.0,14.24,completed
O205045,1,2024-06-21,C53404,P1005,2,61.99,0.0,48.35,completed
O200693,1,2024-10-21,C50486,P1065,1,43.33,5.0,21.89,completed
O205732,1,01/07/2024,C53908,P1007,1,194.48,0.0,151.69,completed
O201172,1,2023-07-04,C50781,P1003,1,273.9,0.0,213.64,completed
O201498,1,28/04/2024,C50982,P1022,3,118.42,5.0,97.23,completed
O205512,2,2024-11-05,C53751,P1023,1,355.1,0.0,276.98,completed
O204394,2,2024-06-26,C52941,P1040,1,64.97,5.0,42.4,completed
O204764,2,2024-03-26,C53206,P1068,1,26.9,0.0,12.91,completed
O201434,2,2024-08-05,C50945,P1022,2,112.18,10.0,97.23,completed
O202379,2,2024-07-17,C51582,P1096,2,10.19,0.0,4.08,completed
O202752,6,2023-12-25,C51833,P1038,1,32.46,0.0,20.13,completed
O202258,2,2024-12-12,C51508,P1091,1,16.6,30.0,9.49,completed
O202920,3,04/04/2024,C51928,P1015,2,222.7,5.0,182.85,completed
O205123,1,"Nov 23, 2024",C53476,P1090,3,69.43,10.0,50.14,completed
O203979,4,"Dec 05, 2024",C52645,P1109,1,33.61,10.0,20.91,completed
O204145,2,2024-08-29,C52742,P1033,1,38.24,0.0,23.71,completed
O204027,1,2023-11-14,C52672,P1114,2,11.91,0.0,6.67,completed
O204482,2,09/10/2023,C52999,P1098,2,12.2,0.0,4.88,completed
O203087,1,2024-12-27,C52031,P1030,2,61.28,0.0,37.99,returned
O204093,1,2023-08-10,C52722,P1076,2,74.98,15.0,57.34,completed
O200876,5,2024-03-31,C50587,P1087,1,46.61,0.0,30.3,completed
O203289,1,10/11/2024,C52178,P1061,3,15.53,0.0,7.45,completed
O200993,2,2023-06-25,C50676,P1058,1,61.65,5.0,31.15,completed
O202815,1,2024-10-14,C51876,P1077,1,47.7,0.0,31.01,completed
O203393,3,2024-01-27,C52238,P1030,3,52.09,15.0,37.99,completed
O200190,1,2024-06-04,C50138,P1095,1,9.25,0.0,3.7,completed
O205723,1,06/11/2024,C53902,P1059,5,22.43,0.0,10.77,completed
O203949,5,2024-04-03,C52623,P1078,3,59.26,10.0,42.8,completed
O203231,2,2024-08-15,C52131,P1114,1,11.91,0.0,6.67,completed
O204542,4,2023-11-26,C53045,P1076,3,52.93,40.0,57.34,completed
O203968,2,2023-07-08,C52637,P1003,1,260.2,5.0,213.64,returned
O204141,2,"May 26, 2023",C52742,P1062,1,28.48,0.0,13.67,completed
O204611,1,2023-06-12,C53094,P1003,1,273.9,0.0,213.64,completed
O200288,1,2024-07-17,C50206,P1112,3,24.87,10.0,15.47,completed
O200982,2,2023-06-04,C50665,P1008,2,152.33,0.0,118.82,completed
O205774,1,2024-11-21,C53940,P1008,1,152.33,0.0,118.82,completed
O202820,1,17/08/2023,C51877,P1015,1,210.98,10.0,182.85,completed
O204223,2,2024-06-30,C52803,P1048,2,36.62,0.0,17.58,completed
O205059,1,2024-06-06,C53423,P1078,2,65.84,0.0,42.8,completed
O200294,2,2024-11-05,C50209,P1016,1,113.0,0.0,88.14,completed
O203244,1,"Oct 17, 2024",C52149,P1088,1,60.76,0.0,39.49,completed
O201691,2,2024-12-21,C51099,P1106,1,16.74,0.0,6.7,completed
O205617,1,2024-04-14,C53830,P1015,1,234.42,0.0,182.85,completed
O203007,2,23/11/2024,C51981,P1067,1,19.82,30.0,13.59,completed
O205731,1,"Oct 06, 2024",C53905,P1017,1,222.03,,173.18,completed
O203452,1,2024-03-08,C52291,P1028,1,59.31,0.0,36.77,completed
O201847,2,2023-12-22,C51217,P1030,1,61.28,0.0,37.99,returned
O203211,2,2024-09-21,C52119,P1055,1,26.8,0.0,12.86,completed
O201209,1,2023-10-02,C50792,P1041,1,71.64,0.0,44.42,completed
O202923,3,2023-07-27,C51930,P1101,5,15.62,0.0,6.25,completed
O201353,6,26/02/2024,C50888,P1062,3,28.48,0.0,13.67,completed
O205015,2,2024-09-17,C53384,P1030,2,61.28,0.0,37.99,completed
O200745,4,2023-08-05,C50509,P1038,4,30.84,5.0,20.13,completed
O202410,1,2024-09-03,C51604,P1005,1,61.99,0.0,48.35,completed
O201456,1,2024-08-13,C50955,P1105,3,12.51,0.0,5.0,completed
O204614,1,2023-08-07,C53096,P1016,2,113.0,0.0,88.14,completed
O202495,4,2023-03-07,C51663,P1040,2,68.39,0.0,42.4,returned
O203778,1,"Feb 21, 2024",C52506,P1098,1,12.2,0.0,4.88,completed
O200621,3,"Nov 03, 2023",C50436,P1005,1,61.99,0.0,48.35,completed
O203767,1,28/09/2024,C52497,P1021,1,163.75,0.0,127.73,completed
O200515,2,2024-05-24,C50372,P1015,1,234.42,0.0,182.85,completed
O204104,1,2024-05-25,C52727,P1116,1,18.83,0.0,10.54,completed
O203233,2,2024-10-19,C52136,P1110,1,10.34,0.0,5.79,completed
O201295,2,2024-02-11,C50847,P1084,1,48.91,0.0,31.79,completed
O200707,1,2024-11-24,C50493,P1021,2,131.0,20.0,127.73,returned
O203886,2,2024-11-30,C52567,P1031,1,115.32,20.0,89.37,completed
O201413,1,13/04/2024,C50928,P1009,1,179.6,0.0,140.09,completed
O200557,5,2024-11-30,C50401,P1112,1,24.87,10.0,15.47,completed
O203231,6,2024-08-15,C52131,P1069,2,48.72,0.0,23.39,completed
O205593,2,2023-02-19,C53812,P1070,1,30.38,0.0,14.58,completed
O203554,2,2023-12-09,C52360,P1079,2,76.61,10.0,55.33,completed
O204010,6,2024-12-18,C52662,P1051,1,22.63,40.0,18.11,completed
O204514,4,2024-12-17,C53025,P1045,1,47.13,10.0,32.47,completed
O200840,1,2024-12-26,C50565,P1019,1,293.87,0.0,229.22,completed
O204777,1,2024-06-29,C53215,P1086,4,78.87,0.0,51.27,completed
O202063,1,"Sep 01, 2024",C51376,P1093,4,15.34,,6.14,completed
O201357,1,2024-08-25,C50889,P1092,5,17.47,0.0,6.99,completed
O203592,5,"Mar 16, 2024",C52382,P1057,2,24.87,15.0,14.04,completed
O202149,4,12/02/2024,C51433,P1067,2,28.31,0.0,13.59,completed
O202800,2,2024-03-29,C51868,P1015,-1,234.42,0.0,182.85,returned
O205184,1,31/12/2024,C53516,P1069,1,48.72,0.0,23.39,completed
O203130,1,"Oct 18, 2024",C52062,P1091,1,23.72,0.0,9.49,
O204866,2,"Nov 03, 2024",C53277,P1031,1,144.15,0.0,89.37,completed
O201400,2,30/11/2024,C50921,P1017,1,155.42,30.0,173.18,completed
O200990,5,2024-02-17,C50676,P1036,1,86.88,0.0,53.87,completed
O202726,2,2023-09-10,C51824,P1006,2,88.57,0.0,69.08,completed
O201442,1,2024-07-19,C50946,P1040,1,68.39,0.0,42.4,completed
O203497,6,2024-08-19,C52324,P1117,2,27.56,0.0,15.43,completed
O200208,1,2024-10-05,C50144,P1112,2,24.87,10.0,15.47,completed
O201687,1,2024-12-22,C51094,P1031,4,129.74,10.0,89.37,completed
O203268,2,2024-12-11,C52167,P1050,1,27.31,20.0,16.39,completed
O200555,4,2024-12-04,C50401,P1065,1,36.49,20.0,21.89,completed
O202272,1,2024-12-15,C51515,P1072,3,15.91,20.0,9.55,completed
O205392,1,2024-11-19,C53667,P1074,1,79.32,0.0,51.56,completed
O203452,2,2024-03-08,C52291,P1016,1,107.35,5.0,88.14,completed
O204057,5,2024-12-20,C52696,P1040,1,47.87,30.0,42.4,completed
O205775,2,2024-10-30,C53940,P1096,1,10.19,0.0,4.08,completed
O205613,1,2024-08-12,C53826,P1021,3,155.56,5.0,127.73,completed
O200057,1,2024-12-15,C50035,P1065,1,31.93,30.0,21.89,completed
O204119,3,2024-04-03,C52732,P1010,3,113.39,0.0,,completed
O203669,1,2024-08-25,C52438,P1018,4,106.98,0.0,83.44,completed
O205157,2,2024-05-09,C53504,P1062,2,25.63,10.0,13.67,completed
O201609,2,2023-11-29,C51053,P1112,1,19.34,30.0,15.47,completed
O202620,1,2024-09-25,C51754,P1088,1,60.76,0.0,39.49,completed
O205028,2,2024-09-12,C53398,P1050,1,34.14,0.0,16.39,completed
O200196,1,19/09/2024,C50138,P1067,2,28.31,0.0,13.59,completed
O202867,1,2023-10-31,C51902,P1013,1,187.98,0.0,146.62,completed
O202714,2,2024-03-23,C51817,P1015,1,234.42,0.0,182.85,completed
O200946,2,11/10/2024,C50636,P1018,2,101.63,5.0,83.44,completed
O203678,3,2023-05-24,C52442,P1018,1,106.98,0.0,83.44,completed
O200700,1,17/09/2023,C50489,P1025,1,39.88,0.0,24.73,completed
O204726,1,07/06/2024,C53173,P1021,1,163.75,0.0,127.73,completed
O202326,2,2024-10-26,C51559,P1059,3,22.43,0.0,10.77,completed
O200044,1,2023-01-14,C50028,P1052,4,35.2,20.0,21.12,completed
O204654,1,2024-12-01,C53124,P1053,4,12.03,30.0,8.25,returned
O202718,1,26/05/2024,C51818,P1074,1,71.39,10.0,51.56,completed
O200308,1,2024-12-10,C50223,P1032,1,32.26,20.0,25.0,completed
O201202,3,2023-02-07,C50792,P1117,2,26.18,5.0,15.43,completed
O200150,2,2024-05-08,C50105,P1015,3,234.42,0.0,182.85,completed
O201367,2,"Jan 08, 2023",C50894,P1093,1,12.27,,6.14,completed
O201691,1,21/12/2024,C51099,P1112,1,27.63,0.0,15.47,completed
O204604,1,2023-11-26,C53090,P1116,1,13.18,30.0,10.54,completed
O202258,1,2024-12-12,C51508,P1048,1,29.3,20.0,17.58,completed
O204372,2,"Dec 10, 2024",C52925,P1009,1,161.64,10.0,140.09,returned
O201242,1,2024-06-16,C50811,P1091,1,23.72,0.0,9.49,completed
O205830,1,2023-03-25,C53976,P1017,1,222.03,0.0,173.18,completed
O205327,3,2024-11-23,C53620,P1078,3,52.67,20.0,42.8,completed
O205649,1,2024-02-23,C53856,P1047,2,49.02,0.0,23.53,completed
O205849,2,2024-12-20,C53987,P1092,1,13.98,20.0,6.99,completed
O205169,6,2024-09-07,C53509,P1105,1,11.88,5.0,5.0,completed
O201230,1,2024-11-27,C50804,P1007,1,136.14,30.0,151.69,completed
O201767,4,2024-11-14,C51168,P1119,1,54.65,0.0,30.6,completed
O204981,1,2024-03-14,C53365,P1003,2,273.9,0.0,213.64,completed
O203211,5,21/09/2024,C52119,P1059,2,22.43,0.0,10.77,completed
O204360,2,19/03/2023,C52911,P1041,1,71.64,0.0,44.42,completed
O204734,1,2024-10-13,C53176,P1041,1,71.64,0.0,44.42,completed
O203066,2,11/12/2024,C52014,P1052,2,35.2,20.0,21.12,completed
O204965,2,16/10/2024,C53348,P1012,1,264.15,5.0,216.88,completed
O203665,1,2024-07-17,C52432,P1118,3,24.8,0.0,13.89,completed
O203633,1,2023-11-17,C52407,P1087,1,46.61,0.0,30.3,completed
O203960,3,2024-05-17,C52630,P1015,4,222.7,5.0,182.85,completed
O204366,2,2024-10-20,C52914,P1019,1,293.87,0.0,229.22,completed
O203016,1,2023-11-11,C51988,P1032,-1,40.32,0.0,25.0,returned
O202172,1,2024-06-18,C51445,P1051,2,37.72,0.0,18.11,completed
O201229,3,16/12/2024,C50804,P1061,1,12.42,20.0,7.45,completed
O200424,4,2024-07-03,C50305,P1108,1,15.87,0.0,6.35,completed
O205349,1,2024-08-13,C53636,P1032,1,38.3,5.0,25.0,completed
O202094,2,2023-03-08,C51397,P1061,2,13.2,15.0,7.45,completed
O202168,2,2023-08-30,C51445,P1112,1,27.63,0.0,15.47,completed
O202766,1,2023-05-08,C51841,P1015,3,234.42,0.0,182.85,completed
O201082,4,2023-09-22,C50728,P1060,3,51.2,0.0,24.58,completed
O203356,2,2023-12-28,C52213,P1074,4,79.32,0.0,51.56,completed
O201673,6,"Apr 16, 2023",C51080,P1043,1,35.42,0.0,21.96,completed
O204301,1,2023-06-28,C52862,P1096,2,10.19,0.0,4.08,completed
O204512,2,2024-06-30,C53023,P1074,3,79.32,0.0,51.56,completed
O200539,4,2024-11-29,C50391,P1015,2,187.54,20.0,182.85,completed
O201884,2,01/12/2023,C51241,P1002,1,92.08,10.0,79.8,returned
O200991,4,2024-09-02,C50676,P1046,1,55.11,0.0,34.17,completed
O204930,1,10/05/2024,C53326,P1029,1,60.73,0.0,37.65,completed
O202161,2,18/11/2024,C51437,P1079,4,85.12,0.0,55.33,completed
O200053,2,01/12/2024,C50034,P1056,1,14.9,40.0,11.92,completed
O203632,2,25/03/2024,C52407,P1074,2,79.32,0.0,51.56,completed
O200913,3,2023-12-10,C50614,P1012,2,222.44,20.0,216.88,completed
O201704,1,2024-02-15,C51108,P1011,1,294.03,0.0,229.34,completed
O201227,2,2024-06-11,C50803,P1066,1,42.59,10.0,22.71,
O201723,3,2024-11-06,C51131,P1109,1,37.34,0.0,20.91,completed
O202569,2,22/11/2024,C51716,P1059,1,15.7,30.0,10.77,completed
O201766,4,"Dec 29, 2024",C51167,P1094,1,16.72,5.0,7.04,completed
O203044,1,2024-12-10,C52005,P1101,2,12.5,20.0,6.25,completed
O203164,3,2024-10-22,C52084,P1085,1,29.7,5.0,20.32,completed
O204585,4,2023-11-06,C53075,P1015,1,234.42,0.0,182.85,completed
O200278,1,30/08/2024,C50201,P1061,1,14.75,5.0,7.45,completed
O202964,4,2023-09-27,C51954,P1098,2,12.2,0.0,4.88,completed
O202937,1,2024-10-14,C51942,P1035,1,67.22,0.0,41.68,completed
O200001,1,"Dec 16, 2024",C50002,P1078,1,46.09,30.0,42.8,completed
O203172,2,2024-10-09,C52089,P1120,2,21.77,0.0,12.19,completed
O203497,3,2024-08-19,C52324,P1076,1,88.21,0.0,57.34,completed
O205764,1,2024-10-28,C53931,P1036,1,86.88,0.0,53.87,completed
O204303,1,2023-03-08,C52864,P1069,1,48.72,0.0,23.39,completed
O202951,1,2024-09-05,C51947,P1011,1,294.03,0.0,229.34,completed
O204915,1,2024-06-08,C53316,P1037,1,44.34,5.0,28.94,completed
O203331,4,2024-07-25,C52202,P1106,1,16.74,0.0,6.7,completed
O200383,3,2023-11-23,C50277,P1015,3,164.09,30.0,182.85,completed
O200357,1,01/12/2024,C50261,P1077,1,38.16,20.0,31.01,completed
O201502,5,2024-04-05,C50983,P1032,2,36.29,10.0,25.0,returned
O201308,1,2024-12-26,C50855,P1070,1,27.34,10.0,14.58,completed
O201560,3,22/11/2023,C51017,P1049,1,35.96,20.0,21.58,completed
O203360,2,"Sep 13, 2024",C52216,P1029,2,60.73,0.0,37.65,completed
O203231,5,15/08/2024,C52131,P1084,1,46.46,5.0,31.79,completed
O203369,3,"Sep 27, 2024",C52224,P1052,3,44.0,0.0,21.12,completed
O201871,2,2023-11-16,C51227,P1021,1,163.75,0.0,127.73,completed
O203510,1,24/11/2024,C52337,P1062,2,17.09,40.0,13.67,completed
O201599,3,2024-06-17,C51048,P1114,1,11.91,0.0,6.67,completed
O201709,4,2024-09-05,C51114,P1003,5,273.9,0.0,213.64,completed
O204082,1,21/08/2023,C52714,P1049,1,44.95,0.0,21.58,completed
O202860,1,2024-04-20,C51900,P1031,1,144.15,0.0,89.37,completed
O203991,1,2024-12-16,C52647,P1021,2,131.0,20.0,127.73,completed
O202139,1,2024-12-08,C51428,P1032,1,28.22,30.0,25.0,completed
O203537,3,27/02/2024,C52353,P1004,1,304.09,0.0,237.19,completed
O201929,3,2023-06-17,C51275,P1061,2,13.98,10.0,7.45,completed
O201507,1,19/07/2023,C50983,P1062,1,25.63,10.0,13.67,completed
O205495,2,2024-12-17,C53736,P1022,3,99.72,20.0,97.23,returned
O205806,1,2024-10-17,C53961,P1084,1,48.91,0.0,31.79,completed
O202112,2,2024-04-29,C51409,P1063,1,35.63,0.0,17.1,completed
O200863,6,"Jun 14, 2024",C50581,P1116,1,18.83,0.0,10.54,completed
O201278,2,"Dec 24, 2024",C50837,P1009,3,179.6,0.0,140.09,completed
O200674,5,2023-09-17,C50476,P1067,4,26.89,5.0,13.59,completed
O204538,1,2024-08-11,C53042,P1044,1,55.48,0.0,34.4,completed
O200573,4,"May 20, 2024",C50411,P1010,2,107.72,5.0,88.44,completed
O200475,1,2024-11-12,C50344,P1013,2,187.98,0.0,146.62,completed
O204290,6,2023-07-07,C52855,P1017,1,188.73,15.0,173.18,completed
O201535,4,2024-09-30,C50997,P1015,1,234.42,0.0,182.85,completed
O201921,2,2023-12-25,C51271,P1084,2,48.91,0.0,31.79,completed
O202056,1,2023-12-31,C51372,P1015,1,234.42,0.0,182.85,completed
O205479,2,2023-06-21,C53721,P1054,1,28.68,0.0,13.77,completed
O205463,2,2024-12-01,C53713,P1053,2,10.31,40.0,8.25,completed
O200654,4,22/03/2023,C50460,P1091,1,22.53,5.0,9.49,completed
O200709,1,2023-04-07,C50493,P1112,3,27.63,0.0,15.47,completed
O203874,1,2023-09-18,C52564,P1092,1,17.47,0.0,6.99,completed
O200550,2,2024-07-14,C50397,P1025,1,37.89,5.0,24.73,completed
O204714,2,2024-09-22,C53166,P1032,1,34.27,15.0,25.0,completed
O204594,1,2024-11-30,C53079,P1041,1,50.15,30.0,44.42,completed
O203026,3,2024-12-20,C51991,P1078,1,46.09,30.0,42.8,completed
O202858,1,2024-09-05,C51899,P1061,1,15.53,0.0,7.45,completed
O201859,2,2024-12-20,C51222,P1013,2,131.59,30.0,146.62,completed
O205093,1,2024-12-17,C53458,P1094,3,15.84,10.0,7.04,completed
O201657,1,2024-11-03,C51069,P1067,2,28.31,0.0,13.59,completed
O201882,1,"Sep 01, 2024",C51240,P1105,-3,12.51,0.0,5.0,returned
O204076,1,2024-04-25,C52710,P1114,2,11.91,0.0,6.67,completed
O202859,2,2024-10-15,C51899,P1088,1,60.76,0.0,39.49,completed
O201783,3,14/12/2024,C51178,P1114,1,9.53,20.0,6.67,completed
O203278,1,2024-12-09,C52175,P1048,1,25.63,30.0,17.58,completed
O200415,1,17/07/2024,C50301,P1014,1,320.12,5.0,262.84,completed
O200393,1,2023-04-09,C50285,P1081,1,77.57,0.0,50.42,completed
O200043,2,2024-04-30,C50028,P1060,5,51.2,0.0,24.58,completed
O202218,1,2024-10-22,C51482,P1004,1,288.89,5.0,237.19,completed
O203111,2,2024-11-29,C52051,P1020,1,141.09,20.0,137.56,completed
O200279,3,2024-12-14,C50202,P1105,2,10.01,20.0,5.0,completed
O203761,1,2024-05-29,C52490,P1017,2,222.03,0.0,173.18,completed
O202934,2,2024-12-01,C51937,P1092,1,15.72,,6.99,completed
O204518,4,2023-12-02,C53027,P1056,2,19.87,20.0,11.92,completed
O200349,3,2024-08-22,C50256,P1002,2,102.31,0.0,79.8,completed
O200695,2,2023-01-11,C50487,P1099,2,19.2,10.0,,completed
O201730,4,2024-02-28,C51135,P1065,1,45.61,0.0,21.89,completed
O204044,2,2024-07-06,C52688,P1114,2,10.72,10.0,6.67,completed
O203616,1,2024-12-16,C52396,P1114,1,8.34,30.0,6.67,completed
O202264,1,"Sep 29, 2024",C51508,P1120,3,21.77,0.0,12.19,completed
O203357,1,11/05/2024,C52215,P1104,1,24.41,0.0,9.76,completed
O202922,1,2023-08-07,C51930,P1120,1,21.77,0.0,12.19,completed
O204441,4,2024-07-01,C52969,P1117,1,27.56,0.0,15.43,completed
O200257,1,2024-11-26,C50186,P1078,1,52.67,20.0,42.8,completed
O202528,1,2024-07-29,C51683,P1013,1,178.58,5.0,146.62,completed
O205010,2,2024-11-01,C53383,P1008,1,144.71,5.0,118.82,completed
O203939,1,"Jul 08, 2024",C52614,P1040,1,64.97,5.0,42.4,completed
O205612,4,"Feb 13, 2023",C53825,P1009,1,170.62,5.0,140.09,completed
O203932,2,04/12/2024,C52611,P1074,3,55.52,30.0,51.56,completed
O203949,3,2024-04-03,C52623,P1038,2,32.46,0.0,20.13,completed
O202462,3,2024-08-16,C51636,P1062,1,28.48,0.0,13.67,completed
O204749,2,2024-04-04,C53193,P1024,2,166.5,0.0,129.87,completed
O205253,3,2023-12-13,C53567,P1044,3,38.84,30.0,34.4,completed
O203705,4,2024-08-23,C52459,P1005,1,61.99,0.0,48.35,completed
O203253,1,2023-04-23,C52154,P1039,2,32.71,0.0,20.28,completed
O205825,1,2024-05-26,C53973,P1020,1,158.72,10.0,137.56,completed
O200690,6,2024-08-03,C50482,P1109,1,35.47,5.0,20.91,completed
O205674,3,2024-08-14,C53868,P1030,1,61.28,0.0,37.99,completed
O202662,1,14/12/2023,C51784,P1015,5,210.98,10.0,182.85,completed
O203353,4,2024-02-27,C52212,P1112,1,27.63,0.0,15.47,completed
O202903,1,2024-08-25,C51919,P1012,1,250.24,10.0,216.88,completed
O204279,6,2024-12-31,C52849,P1022,1,124.65,0.0,97.23,completed
O200199,1,2024-12-25,C50141,P1092,1,17.47,0.0,6.99,completed
O201854,2,2024-11-23,C51220,P1114,1,9.53,20.0,6.67,completed
O202182,4,28/12/2024,C51454,P1039,3,32.71,0.0,20.28,completed
O205506,3,2024-12-20,C53746,P1016,1,79.1,30.0,88.14,completed
O205016,1,05/06/2024,C53385,P1076,1,88.21,0.0,57.34,completed
O200891,1,2024-03-28,C50596,P1001,1,214.35,0.0,167.19,completed
O202086,3,2024-08-03,C51391,P1015,3,222.7,5.0,182.85,completed
O203602,4,16/08/2024,C52389,P1092,1,17.47,0.0,6.99,completed
O203272,4,2023-09-27,C52170,P1048,5,36.62,0.0,17.58,completed
O204272,3,2024-12-01,C52848,P1110,3,8.27,20.0,5.79,completed
O205535,3,2024-01-30,C53763,P1022,2,124.65,0.0,97.23,completed
O203602,1,16/08/2024,C52389,P1114,2,11.91,0.0,6.67,completed
O200452,1,2024-12-21,C50322,P1021,1,147.38,10.0,127.73,completed
O204774,1,2024-11-09,C53215,P1015,1,234.42,0.0,182.85,completed
O202741,1,2023-07-15,C51827,P1034,1,32.89,0.0,20.39,completed
O205300,2,2024-12-24,C53605,P1117,1,27.56,0.0,15.43,completed
O202038,2,2024-01-04,C51361,P1015,1,210.98,10.0,182.85,completed
O203803,1,30/06/2024,C52518,P1036,2,73.85,15.0,53.87,completed
O205189,3,2024-12-20,C53520,P1008,1,121.86,20.0,118.82,completed
O202763,3,2024-02-25,C51838,P1016,2,113.0,0.0,88.14,completed
O203893,4,2023-07-14,C52572,P1037,1,46.67,0.0,28.94,completed
O204989,1,2023-01-16,C53372,P1094,1,14.96,15.0,7.04,completed
O201814,2,"Sep 26, 2024",C51203,P1015,2,234.42,0.0,182.85,completed
O204839,2,2024-09-25,C53262,P1086,1,78.87,0.0,51.27,completed
O204769,2,2023-02-11,C53208,P1115,1,25.43,0.0,14.24,completed
O201418,1,"Jul 21, 2024",C50932,P1010,2,113.39,0.0,88.44,completed
O203962,1,2024-01-08,C52630,P1074,1,55.52,30.0,51.56,completed
O201727,1,2024-10-26,C51133,P1032,3,40.32,0.0,25.0,completed
O200557,4,2024-11-30,C50401,P1069,2,38.98,20.0,23.39,completed
O205771,2,2023-07-28,C53939,P1111,1,30.48,0.0,17.07,completed
O202431,6,2024-12-26,C51618,P1088,1,60.76,0.0,39.49,completed
O205531,5,2023-02-06,C53763,P1023,1,355.1,0.0,276.98,completed
O202556,1,2024-12-27,C51705,P1027,1,64.47,0.0,39.97,completed
O204191,1,02/09/2024,C52777,P1008,2,152.33,0.0,118.82,completed
O200515,4,2024-05-24,C50372,P1012,1,278.05,0.0,216.88,completed
O205037,2,06/12/2024,C53401,P1037,1,42.0,10.0,28.94,completed
O205597,2,2024-02-22,C53818,P1015,1,234.42,0.0,182.85,completed
O202894,2,2023-10-14,C51915,P1089,3,78.6,0.0,51.09,completed
O204562,3,2023-12-07,C53061,P1015,1,140.65,40.0,182.85,completed
O204193,1,22/11/2024,C52777,P1010,1,102.05,10.0,88.44,completed
O203631,1,2023-12-07,C52407,P1106,1,13.39,20.0,6.7,completed
O203895,2,2024-12-09,C52575,P1081,1,69.81,10.0,50.42,completed
O201441,1,25/11/2023,C50946,P1040,1,54.71,20.0,42.4,completed
O204652,2,17/09/2024,C53124,P1053,1,17.19,0.0,8.25,completed
O200645,2,2024-03-25,C50453,P1117,2,27.56,0.0,15.43,completed
O205245,1,2024-06-16,C53557,P1117,1,27.56,0.0,15.43,completed
O205682,1,2024-06-01,C53871,P1015,2,222.7,5.0,182.85,completed
O201043,4,2024-11-25,C50708,P1033,1,26.77,30.0,23.71,completed
O203641,4,2024-01-05,C52410,P1030,2,49.02,,37.99,completed
O203731,3,02/09/2024,C52469,P1060,1,48.64,5.0,24.58,completed
O204328,1,2024-01-06,C52879,P1062,1,22.78,20.0,13.67,completed
O205074,2,2024-08-30,C53432,P1102,1,30.56,0.0,12.22,completed
O201042,3,2024-10-05,C50708,P1015,2,234.42,0.0,182.85,completed
O201956,1,2023-07-26,C51298,P1081,1,65.93,15.0,50.42,completed
O205490,2,2024-06-01,C53733,P1084,3,48.91,0.0,31.79,completed
O203940,3,2024-12-07,C52614,P1017,1,177.62,20.0,173.18,completed
O203035,4,2024-01-28,C51997,P1070,2,30.38,0.0,14.58,completed
O200559,2,"Oct 03, 2024",C50401,P1079,1,85.12,0.0,55.33,completed
O203111,1,29/11/2024,C52051,P1074,2,55.52,30.0,51.56,completed
O202053,1,2024-06-05,C51372,P1118,2,24.8,0.0,13.89,completed
O203288,1,01/10/2023,C52177,P1118,1,24.8,0.0,13.89,completed
O200496,2,13/12/2024,C50362,P1044,1,44.38,20.0,34.4,completed
O204257,2,01/10/2023,C52841,P1015,2,234.42,0.0,182.85,completed
O204595,1,2024-12-01,C53080,P1005,1,49.59,20.0,48.35,completed
O203491,4,22/05/2024,C52320,P1062,1,28.48,0.0,13.67,completed
O202369,5,2024-02-25,C51577,P1072,1,19.89,0.0,9.55,completed
O202873,4,2024-05-21,C51906,P1096,1,10.19,0.0,4.08,completed
O200194,1,2024-08-08,C50138,P1067,1,24.06,15.0,13.59,completed
O200988,3,24/09/2024,C50675,P1117,1,24.8,10.0,15.43,completed
O201285,1,2024-12-20,C50840,P1075,1,45.68,30.0,42.42,completed
O205543,3,2024-02-23,C53772,P1114,2,11.91,0.0,6.67,completed
O203744,1,2023-03-28,C52478,P1066,1,44.95,5.0,22.71,completed
O205051,2,2024-11-05,C53414,P1062,1,28.48,0.0,13.67,completed
O205219,2,04/12/2024,C53543,P1080,2,35.63,30.0,33.09,completed
O201573,3,09/04/2024,C51037,P1109,2,35.47,5.0,20.91,completed
O200418,1,2024-08-21,C50303,P1081,1,77.57,0.0,50.42,completed
O201905,5,2024-09-19,C51260,P1102,1,30.56,0.0,12.22,completed
O201501,1,2024-06-29,C50982,P1030,3,61.28,0.0,37.99,completed
O204656,1,"Dec 04, 2024",C53126,P1115,2,20.34,20.0,14.24,completed
O200556,1,2024-11-26,C50401,P1118,1,17.36,30.0,13.89,completed
O205582,2,2024-11-25,C53806,P1043,1,28.34,20.0,21.96,completed
O204097,1,2024-10-12,C52723,P1034,1,29.6,10.0,20.39,completed
O204208,5,2024-12-20,C52790,P1114,1,10.72,10.0,6.67,completed
O202056,2,2023-12-31,C51372,P1114,1,11.31,5.0,6.67,completed
O201329,3,2024-12-03,C50874,P1071,2,16.78,10.0,8.95,completed
O204011,1,18/12/2024,C52662,P1025,2,31.9,20.0,24.73,completed
O204045,3,2024-12-15,C52690,P1079,2,59.58,30.0,,completed
O202102,1,2024-10-15,C51405,P1015,3,210.98,10.0,182.85,completed
O203856,1,2024-05-26,C52553,P1029,1,60.73,0.0,37.65,completed
O204308,1,2024-11-14,C52865,P1092,2,17.47,0.0,6.99,completed
O204102,4,2024-06-14,C52726,P1114,4,11.91,,6.67,completed
O201829,2,2024-11-25,C51209,P1100,1,10.12,20.0,5.06,completed
O203194,3,2024-09-30,C52105,P1088,3,60.76,0.0,39.49,completed
O203893,5,2023-07-14,C52572,P1063,1,35.63,0.0,17.1,completed
O205534,2,2023-03-30,C53763,P1015,2,234.42,0.0,182.85,completed
O202331,1,2023-04-23,C51562,P1092,1,17.47,0.0,6.99,
O202489,2,2024-08-19,C51658,P1006,1,84.14,5.0,69.08,completed
O203790,2,"Oct 09, 2024",C52510,P1042,2,64.82,0.0,40.19,completed
O202409,2,2024-10-02,C51603,P1015,2,234.42,0.0,182.85,completed
O204710,1,2024-02-27,C53166,P1101,3,15.62,0.0,6.25,completed
O205665,1,2023-11-15,C53861,P1033,1,38.24,,23.71,completed
O203484,3,2024-08-06,C52314,P1016,1,113.0,0.0,88.14,completed
O202322,2,2024-01-28,C51556,P1109,1,37.34,0.0,,completed
O203978,1,2023-03-01,C52644,P1099,1,21.33,0.0,8.53,completed
O200849,5,2023-12-22,C50573,P1074,2,79.32,0.0,51.56,completed
O202276,1,17/08/2023,C51519,P1065,3,45.61,0.0,21.89,completed
O204159,1,2024-03-13,C52753,P1017,1,188.73,15.0,173.18,completed
O202312,2,2024-04-10,C51553,P1110,1,10.34,0.0,,completed
O205282,1,2024-10-22,C53591,P1042,1,64.82,0.0,40.19,completed
O205002,1,2024-01-31,C53378,P1108,1,15.87,0.0,6.35,completed
O203236,3,2024-12-26,C52142,P1002,-3,92.08,10.0,79.8,returned
O201043,3,2024-11-25,C50708,P1114,3,8.34,30.0,6.67,completed
O204864,1,2024-05-19,C53276,P1053,1,17.19,0.0,8.25,completed
O201777,3,"May 10, 2024",C51173,P1088,1,60.76,0.0,39.49,completed
O205197,2,2024-04-07,C53525,P1106,1,16.74,0.0,6.7,completed
O201505,4,2024-01-08,C50983,P1117,1,24.8,10.0,15.43,completed
O204128,1,2024-10-27,C52737,P1015,1,234.42,0.0,182.85,completed
O200236,2,2024-11-26,C50169,P1113,1,14.58,20.0,10.21,completed
O201489,1,2024-12-17,C50979,P1116,1,16.95,10.0,10.54,completed
O200937,1,19/10/2024,C50631,P1031,1,144.15,0.0,89.37,completed
O203020,2,"Dec 12, 2024",C51990,P1119,1,38.25,30.0,30.6,completed
O204716,3,2024-10-07,C53166,P1055,1,22.78,15.0,12.86,completed
O204638,1,2024-10-26,C53114,P1107,1,12.43,0.0,4.97,completed
O202261,4,2024-11-20,C51508,P1039,2,32.71,0.0,20.28,completed
O201121,1,2024-11-25,C50753,P1103,3,12.61,20.0,6.3,completed
O204354,5,2023-06-06,C52905,P1033,3,38.24,0.0,23.71,completed
O200059,4,2024-09-22,C50035,P1059,2,22.43,0.0,10.77,completed
O203920,1,2023-11-14,C52595,P1052,1,44.0,0.0,21.12,completed
O201749,2,2024-11-25,C51153,P1030,1,49.02,20.0,37.99,completed
O202275,2,2024-10-06,C51518,P1086,1,78.87,0.0,51.27,completed
O204752,2,"Apr 06, 2023",C53199,P1032,1,40.32,0.0,25.0,completed
O201908,1,2024-07-25,C51261,P1078,2,59.26,10.0,42.8,completed
O204517,2,2024-12-07,C53026,P1007,1,175.03,10.0,151.69,completed
O200919,2,2024-05-03,C50617,P1062,1,25.63,10.0,13.67,completed
O205472,2,2023-12-07,C53714,P1015,1,164.09,30.0,182.85,completed
O202213,1,18/08/2024,C51480,P1113,1,18.23,0.0,10.21,completed
O200251,2,06/08/2024,C50182,P1057,2,29.26,0.0,,completed
O204951,2,26/05/2024,C53339,P1032,4,40.32,0.0,25.0,completed
O202534,1,2024-08-17,C51688,P1040,1,68.39,0.0,42.4,completed
O203641,2,2024-01-05,C52410,P1067,1,19.82,30.0,13.59,completed
O202176,2,2024-12-09,C51451,P1077,1,38.16,20.0,31.01,completed
O202590,1,2023-12-19,C51730,P1029,1,54.66,10.0,37.65,completed
O204217,2,"May 14, 2024",C52795,P1004,2,304.09,0.0,237.19,completed
O204949,1,2024-06-21,C53337,P1062,1,28.48,0.0,13.67,completed
O205087,3,20/12/2024,C53450,P1099,1,17.06,20.0,8.53,completed
O203682,1,2023-03-21,C52444,P1019,1,264.48,10.0,229.22,completed
O201353,3,"Feb 26, 2024",C50888,P1112,2,27.63,0.0,15.47,returned
O204826,2,2024-05-07,C53253,P1025,1,33.9,15.0,24.73,completed
O204926,1,2024-03-17,C53323,P1025,1,39.88,0.0,24.73,returned
O204659,3,"Jul 25, 2023",C53130,P1072,2,19.89,0.0,9.55,completed
O203892,1,2023-06-05,C52572,P1015,2,210.98,10.0,182.85,completed
O202856,3,2024-11-25,C51899,P1091,1,21.35,10.0,9.49,completed
O204366,3,2024-10-20,C52914,P1021,1,163.75,0.0,127.73,completed
O203459,1,2023-05-13,C52294,P1050,1,34.14,0.0,,completed
O204939,3,2024-10-05,C53334,P1107,3,12.43,0.0,4.97,completed
O204602,3,2024-10-07,C53089,P1018,3,96.28,10.0,83.44,completed
O203291,1,2024-12-19,C52178,P1015,1,187.54,20.0,182.85,completed
O204881,3,2024-03-13,C53289,P1074,2,79.32,,51.56,completed
O201430,2,2024-09-17,C50944,P1019,1,293.87,0.0,229.22,completed
O201317,6,2024-12-31,C50864,P1120,1,21.77,0.0,12.19,completed
O205865,1,2024-11-03,C53996,P1022,1,124.65,0.0,97.23,completed
O200358,1,2024-09-28,C50265,P1091,1,23.72,0.0,9.49,completed
O205145,1,13/09/2024,C53493,P1093,1,15.34,0.0,6.14,completed
O201977,1,03/12/2023,C51313,P1078,2,46.09,30.0,42.8,completed
O204472,3,09/05/2023,C52994,P1034,1,32.89,0.0,20.39,completed
O203770,2,2023-08-12,C52502,P1098,2,12.2,0.0,4.88,completed
O204150,1,2024-11-25,C52747,P1114,1,10.72,10.0,6.67,completed
O205661,4,2024-11-11,C53860,P1088,1,60.76,0.0,39.49,returned
O204086,3,2023-01-14,C52720,P1002,2,81.85,20.0,79.8,completed
O201451,3,2023-03-15,C50954,P1062,1,28.48,0.0,13.67,completed
O203796,1,2024-06-02,C52515,P1056,3,21.11,15.0,,completed
O203982,3,2024-09-20,C52645,P1095,2,8.33,10.0,3.7,completed
O200035,1,2023-11-08,C50021,P1057,1,29.26,0.0,14.04,completed
O200715,1,2023-04-30,C50495,P1087,1,46.61,0.0,30.3,completed
O205091,2,2024-03-02,C53458,P1088,1,57.72,,39.49,completed
O204038,3,2024-12-11,C52678,P1034,2,23.02,30.0,20.39,completed
O204649,1,"Jun 03, 2024",C53121,P1087,1,46.61,0.0,30.3,completed
O204204,2,"Nov 30, 2024",C52789,P1051,1,30.18,20.0,18.11,completed
O204735,4,20/05/2024,C53180,P1100,1,12.65,0.0,5.06,completed
O205518,2,2023-11-05,C53753,P1088,2,60.76,0.0,39.49,completed
O202872,2,2024-09-30,C51905,P1120,1,21.77,0.0,12.19,completed
O203075,2,2024-08-16,C52022,P1002,1,92.08,10.0,79.8,completed
O205866,4,2024-09-22,C53997,P1120,2,20.68,5.0,12.19,completed
O200524,2,20/08/2024,C50381,P1056,4,24.84,0.0,11.92,completed
O201446,2,"Dec 31, 2024",C50949,P1005,1,58.89,5.0,48.35,returned
O201375,2,2024-11-22,C50899,P1031,1,129.74,10.0,89.37,completed
O201129,1,2023-04-02,C50758,P1015,2,234.42,0.0,182.85,completed
O201258,1,2023-04-26,C50820,P1046,2,55.11,0.0,34.17,completed
O201807,1,2024-12-17,C51202,P1060,1,30.72,40.0,24.58,completed
O202261,3,"Nov 20, 2024",C51508,P1044,1,55.48,0.0,34.4,completed
O201031,1,"Oct 01, 2024",C50706,P1114,3,11.91,0.0,6.67,completed
O202513,3,2023-06-28,C51671,P1048,3,36.62,0.0,17.58,completed
O201049,2,2024-02-18,C50708,P1022,3,124.65,0.0,97.23,completed
O205411,1,07/11/2024,C53682,P1040,1,61.55,,42.4,completed
O205550,2,"Jan 05, 2023",C53778,P1025,1,31.9,20.0,24.73,completed
O202726,4,2023-09-10,C51824,P1077,1,45.32,5.0,31.01,completed
O202285,3,2024-10-22,C51523,P1029,2,60.73,0.0,37.65,returned
O204018,2,2024-03-18,C52665,P1025,2,39.88,0.0,24.73,completed
O201618,1,2024-11-04,C51058,P1093,2,14.57,5.0,6.14,completed
O201377,4,2024-07-25,C50901,P1080,1,50.9,0.0,33.09,completed
O200023,1,2023-12-19,C50015,P1083,1,44.48,10.0,32.12,completed
O204648,2,03/08/2024,C53119,P1114,2,11.91,0.0,6.67,
O204072,4,2024-10-10,C52709,P1101,1,15.62,,6.25,completed
O203780,5,2024-12-04,C52507,P1032,1,32.26,20.0,25.0,completed
O204547,3,2023-07-01,C53050,P1091,1,23.72,0.0,9.49,completed
O204390,1,2023-12-22,C52940,P1090,2,69.43,10.0,50.14,completed
O202767,1,2024-10-05,C51845,P1065,3,45.61,,21.89,completed
O203701,1,2023-03-12,C52458,P1065,1,45.61,0.0,21.89,completed
O204236,1,2024-07-17,C52813,P1009,2,179.6,0.0,140.09,completed
O204931,5,2024-08-25,C53327,P1015,4,234.42,0.0,182.85,completed
O204169,2,2023-03-27,C52755,P1025,1,39.88,0.0,24.73,completed
O205229,1,21/02/2024,C53547,P1040,1,68.39,0.0,42.4,completed
O200837,2,2024-11-26,C50564,P1067,1,25.48,10.0,13.59,completed
O202182,1,2024-12-28,C51454,P1017,5,222.03,0.0,173.18,completed
O204419,3,2024-06-02,C52956,P1027,4,64.47,0.0,39.97,completed
O201110,1,2024-06-06,C50746,P1035,1,63.86,5.0,41.68,completed
O203094,1,07/03/2023,C52041,P1059,1,19.07,15.0,10.77,completed
O204429,6,24/10/2024,C52958,P1074,4,79.32,0.0,51.56,completed
O202128,2,25/11/2024,C51423,P1066,1,33.12,30.0,22.71,completed
O202531,1,2024-01-13,C51687,P1056,3,19.87,20.0,11.92,completed
O205157,1,2024-05-09,C53504,P1098,3,11.59,5.0,4.88,completed
O205472,1,"Dec 07, 2023",C53714,P1015,1,187.54,20.0,182.85,completed
O205674,1,14/08/2024,C53868,P1109,1,37.34,0.0,20.91,completed
O205435,1,2023-05-24,C53695,P1032,3,38.3,5.0,25.0,completed
O202254,3,2024-06-07,C51507,P1005,1,58.89,5.0,48.35,completed
O200917,1,2024-05-21,C50615,P1101,3,13.28,15.0,6.25,completed
O201462,4,2024-11-30,C50959,P1119,2,43.72,20.0,30.6,completed
O200665,3,2024-09-09,C50471,P1023,2,337.34,5.0,276.98,completed
O200785,3,2024-12-30,C50537,P1051,1,37.72,0.0,18.11,completed
O201853,5,2024-12-09,C51220,P1006,1,79.71,10.0,69.08,completed
O205438,2,"Jul 04, 2024",C53695,P1046,2,55.11,0.0,,completed
O202669,1,2023-06-21,C51790,P1036,4,78.19,10.0,53.87,completed
O205723,4,"Nov 06, 2024",C53902,P1089,5,78.6,0.0,51.09,completed
O203954,4,2024-12-24,C52625,P1062,1,28.48,0.0,13.67,completed
O204901,1,05/01/2023,C53310,P1015,2,164.09,30.0,182.85,completed
O202086,1,2024-08-03,C51391,P1015,1,210.98,10.0,182.85,returned
O201079,2,2024-12-06,C50727,P1079,2,76.61,10.0,55.33,completed
O201923,2,2024-12-11,C51273,P1095,1,7.4,,3.7,completed
O201371,5,01/11/2024,C50899,P1021,1,155.56,5.0,127.73,completed
O205098,1,15/12/2024,C53462,P1012,3,222.44,20.0,216.88,completed
O201626,1,2024-09-25,C51060,P1070,1,30.38,0.0,14.58,completed
O202173,2,2024-11-10,C51446,P1054,1,27.25,5.0,13.77,completed
O204743,4,2024-11-05,C53187,P1075,1,55.47,15.0,42.42,completed
O205600,3,2024-07-23,C53819,P1071,2,18.65,0.0,8.95,completed
O202548,3,2024-12-22,C51693,P1015,2,234.42,0.0,182.85,completed
O202825,1,2023-06-29,C51883,P1010,1,107.72,5.0,88.44,completed
O202802,3,"May 24, 2024",C51872,P1074,2,79.32,0.0,51.56,completed
O203578,1,2023-11-06,C52372,P1008,3,152.33,0.0,118.82,completed
O201976,1,29/12/2024,C51312,P1100,1,10.75,15.0,5.06,completed
O204463,3,2024-05-24,C52987,P1066,1,47.32,0.0,22.71,completed
O202260,2,2024-11-28,C51508,P1003,3,246.51,10.0,213.64,completed
O202439,1,2023-08-23,C51624,P1104,1,24.41,0.0,9.76,completed
O201873,1,2024-03-09,C51230,P1004,1,304.09,0.0,237.19,completed
O202016,3,2024-02-27,C51343,P1104,3,24.41,0.0,9.76,completed
O201694,5,2024-03-05,C51101,P1120,1,21.77,0.0,12.19,completed
O200888,3,2024-08-14,C50592,P1114,1,11.91,0.0,6.67,completed
O202946,2,2024-05-12,C51943,P1016,4,107.35,5.0,88.14,completed
O203885,2,07/10/2024,C52567,P1106,3,16.74,0.0,6.7,completed
O205165,1,2024-11-27,C53508,P1090,1,61.71,20.0,50.14,completed
O200080,4,2023-11-18,C50058,P1028,1,59.31,0.0,36.77,returned
O200617,2,2024-04-26,C50433,P1030,1,58.22,5.0,37.99,completed
O202888,5,"Aug 03, 2024",C51910,P1050,1,34.14,0.0,16.39,completed
O204622,1,2024-06-22,C53102,P1090,1,77.14,0.0,50.14,completed
O205531,1,2023-02-06,C53763,P1050,1,34.14,0.0,16.39,completed
O202392,1,2023-09-17,C51586,P1095,2,7.86,15.0,3.7,completed
O200669,3,2024-02-20,C50474,P1013,1,187.98,0.0,146.62,completed
O201717,1,2023-04-22,C51128,P1015,1,234.42,0.0,182.85,completed
O204180,3,2023-10-15,C52770,P1075,1,65.26,0.0,42.42,completed
O200788,2,"Nov 24, 2023",C50538,P1024,1,1165.5,30.0,,completed
O201703,1,2023-07-13,C51108,P1094,5,17.6,0.0,7.04,completed
O203637,3,2024-10-25,C52410,P1002,1,102.31,0.0,79.8,completed
O205210,1,2024-11-28,C53535,P1038,1,25.97,20.0,20.13,completed
O204266,1,08/12/2024,C52844,P1070,5,21.27,30.0,14.58,completed
O201831,3,14/08/2023,C51211,P1067,1,28.31,0.0,13.59,completed
O202822,1,2023-10-31,C51881,P1032,1,40.32,0.0,25.0,completed
O204381,1,2023-09-17,C52933,P1117,1,27.56,0.0,15.43,completed
O204351,2,2024-12-14,C52900,P1049,2,35.96,20.0,21.58,completed
O203199,2,23/11/2024,C52110,P1092,3,13.98,,6.99,completed
O205170,1,2024-11-10,C53510,P1114,1,11.91,0.0,6.67,completed
O201107,3,03/11/2024,C50746,P1003,1,2602.0,5.0,213.64,completed
O202693,1,2023-12-26,C51804,P1039,3,32.71,0.0,20.28,completed
O203209,2,2024-11-24,C52116,P1112,1,22.1,20.0,15.47,completed
O201120,3,2024-10-16,C50753,P1058,2,58.4,10.0,31.15,completed
O203744,2,2023-03-28,C52478,P1054,1,28.68,0.0,13.77,completed
O201687,3,2024-12-22,C51094,P1061,3,15.53,0.0,7.45,completed
O205485,2,2023-05-18,C53725,P1047,1,49.02,0.0,23.53,completed
O204082,2,2023-08-21,C52714,P1013,1,169.18,10.0,146.62,completed
O200574,2,2024-10-06,C50412,P1009,1,170.62,5.0,140.09,completed
O202544,3,"Nov 22, 2024",C51692,P1059,3,15.7,30.0,10.77,completed
O202440,1,30/04/2024,C51624,P1007,2,194.48,0.0,151.69,completed
O201366,3,2024-02-28,C50893,P1120,1,21.77,0.0,12.19,completed
O201723,2,"Nov 06, 2024",C51131,P1049,1,44.95,0.0,21.58,completed
O200009,1,2024-08-09,C50004,P1047,2,46.57,5.0,23.53,completed
O201372,2,2024-08-18,C50899,P1004,1,304.09,0.0,237.19,
O202087,5,2023-06-25,C51391,P1112,5,27.63,0.0,15.47,completed
O204014,2,2024-03-11,C52665,P1044,1,52.71,5.0,34.4,completed
O202368,1,2023-11-09,C51577,P1008,1,152.33,0.0,118.82,completed
O202703,1,2024-07-21,C51811,P1037,1,46.67,0.0,28.94,completed
O203811,1,2024-09-28,C52520,P1021,4,163.75,0.0,127.73,completed
O200420,3,2024-09-01,C50304,P1105,1,12.51,0.0,5.0,returned
O205592,2,2024-03-07,C53812,P1088,1,60.76,0.0,39.49,completed
O202523,3,"Feb 27, 2024",C51678,P1111,1,30.48,0.0,17.07,completed
O203153,3,2023-10-28,C52076,P1050,3,34.14,0.0,,completed
O202579,2,2024-04-25,C51720,P1015,2,234.42,0.0,182.85,completed
O205507,2,2024-12-18,C53746,P1032,1,28.22,30.0,25.0,completed
O205838,1,2023-04-10,C53983,P1111,1,30.48,0.0,17.07,completed
O204783,1,2024-03-10,C53219,P1032,1,40.32,0.0,25.0,
O203464,1,2023-04-27,C52299,P1018,1,101.63,5.0,83.44,completed
O203107,6,2024-04-04,C52048,P1015,2,234.42,,182.85,completed
O202882,1,2024-10-24,C51908,P1060,1,51.2,0.0,24.58,completed
O201928,1,2023-05-02,C51275,P1068,4,26.9,0.0,12.91,completed
O201638,3,2024-11-12,C51064,P1087,1,46.61,0.0,30.3,completed
O204396,4,2023-09-08,C52941,P1015,1,234.42,0.0,182.85,completed
O205176,1,2024-12-03,C53514,P1015,5,164.09,30.0,182.85,completed
O201002,1,2024-05-16,C50689,P1104,5,24.41,0.0,9.76,completed
O200489,3,2024-07-13,C50357,P1088,4,60.76,0.0,39.49,completed
O202042,1,09/12/2024,C51364,P1065,1,27.37,40.0,,completed
O204882,2,"Apr 30, 2023",C53289,P1015,4,222.7,5.0,182.85,completed
O200539,3,2024-11-29,C50391,P1086,2,55.21,30.0,51.27,completed
O201083,2,"Jan 05, 2024",C50728,P1060,2,46.08,10.0,24.58,completed
O203140,1,2024-03-08,C52068,P1107,1,11.81,5.0,4.97,completed
O205779,1,2024-07-07,C53941,P1005,1,61.99,0.0,48.35,completed
O203970,6,2024-12-24,C52639,P1032,1,40.32,0.0,25.0,completed
O201226,3,01/08/2024,C50802,P1015,1,234.42,0.0,182.85,completed
O200898,1,"Nov 29, 2024",C50604,P1036,2,52.13,40.0,53.87,completed
O202071,1,2024-01-04,C51377,P1045,1,41.9,20.0,32.47,completed
O202242,1,2024-07-21,C51501,P1054,1,28.68,0.0,13.77,completed
O201110,2,06/06/2024,C50746,P1055,2,26.8,0.0,12.86,completed
O203974,2,2023-05-01,C52641,P1042,1,58.34,10.0,40.19,completed
O203536,3,2024-07-24,C52352,P1001,1,214.35,0.0,167.19,completed
O205408,1,2024-10-02,C53680,P1120,1,18.5,15.0,12.19,completed
O205709,1,2024-12-03,C53893,P1057,2,23.41,20.0,14.04,completed
O200428,1,2023-09-05,C50310,P1068,1,26.9,0.0,12.91,completed
O201525,2,"Jul 02, 2024",C50987,P1084,4,48.91,0.0,31.79,completed
O202513,1,28/06/2023,C51671,P1022,2,124.65,0.0,97.23,completed
O204642,5,2024-09-26,C53118,P1005,1,52.69,15.0,48.35,completed
O202611,1,2024-10-15,C51750,P1061,2,15.53,0.0,7.45,completed
O205718,4,2024-12-13,C53901,P1032,1,32.26,20.0,25.0,completed
O205695,3,"Oct 08, 2024",C53883,P1051,2,37.72,0.0,18.11,completed
O204904,2,2024-12-22,C53311,P1007,2,194.48,0.0,,completed
O200408,4,2023-11-30,C50291,P1050,2,23.9,30.0,16.39,completed
O201236,4,2023-10-23,C50809,P1030,1,61.28,0.0,37.99,completed
O200175,1,01/11/2024,C50131,P1021,5,139.19,15.0,127.73,completed
O200449,4,2024-06-05,C50322,P1106,1,16.74,0.0,,completed
O200342,1,2024-05-22,C50253,P1114,1,11.91,0.0,6.67,completed
O203254,4,2024-12-05,C52155,P1029,1,54.66,10.0,37.65,completed
O204127,1,17/07/2024,C52737,P1021,1,155.56,5.0,127.73,completed
O201026,1,2023-07-10,C50700,P1089,1,78.6,,51.09,completed
O200739,1,2023-05-01,C50506,P1067,1,28.31,0.0,13.59,completed
O204373,2,2023-12-20,C52925,P1107,-1,7.46,40.0,4.97,returned
O202788,1,2024-10-03,C51856,P1078,4,65.84,0.0,42.8,completed
O201661,2,2023-06-19,C51069,P1044,2,55.48,0.0,34.4,completed
O204971,1,2024-12-31,C53351,P1070,3,30.38,0.0,14.58,completed
O204779,3,2024-12-21,C53217,P1042,1,55.1,15.0,40.19,completed
O201174,2,2023-08-05,C50781,P1114,1,11.91,0.0,6.67,completed
O203971,2,2024-09-23,C52640,P1023,2,355.1,0.0,276.98,completed
O205468,1,26/11/2024,C53713,P1034,5,26.31,20.0,20.39,completed
O205222,1,2023-11-19,C53546,P1074,2,79.32,0.0,51.56,completed
O203783,2,09/10/2023,C52509,P1111,1,30.48,0.0,17.07,returned
O200924,4,2024-10-14,C50622,P1085,1,31.26,0.0,20.32,completed
O202115,2,04/12/2024,C51410,P1099,1,17.06,20.0,8.53,completed
O201321,1,2024-11-23,C50865,P1114,1,8.34,30.0,6.67,completed
O201094,1,2023-09-22,C50735,P1107,1,12.43,0.0,4.97,completed
O201250,2,"Dec 06, 2024",C50816,P1009,1,125.72,30.0,140.09,
O204720,3,07/01/2024,C53171,P1110,1,7.24,30.0,5.79,completed
O203256,1,2024-09-15,C52155,P1118,1,24.8,0.0,13.89,completed
O205462,2,2024-12-27,C53713,P1101,1,15.62,0.0,6.25,completed
O204257,1,2023-10-01,C52841,P1015,3,234.42,0.0,,completed
O204576,1,2024-12-17,C53066,P1108,4,12.7,20.0,6.35,completed
O204976,2,2024-12-06,C53354,P1061,3,12.42,20.0,7.45,completed
O201708,3,2024-11-20,C51110,P1067,2,28.31,0.0,13.59,completed
O200195,2,2024-11-26,C50138,P1090,1,54.0,30.0,50.14,completed
O202256,1,2024-11-28,C51508,P1013,2,150.38,20.0,146.62,completed
O201377,1,2024-07-25,C50901,P1030,1,61.28,0.0,37.99,completed
O200322,1,2024-02-20,C50233,P1060,1,51.2,0.0,24.58,completed
O200049,1,2024-05-31,C50030,P1041,2,71.64,0.0,44.42,completed
O201144,1,2024-04-28,C50763,P1034,3,32.89,0.0,20.39,completed
O202625,1,"Sep 18, 2024",C51761,P1003,1,246.51,10.0,213.64,completed
O201583,2,2024-07-14,C51039,P1110,3,10.34,0.0,5.79,completed
O202729,1,"Jul 27, 2024",C51825,P1078,1,65.84,0.0,42.8,
O205335,1,2023-08-18,C53629,P1026,1,39.36,5.0,25.69,completed
O204429,3,24/10/2024,C52958,P1112,1,276.3,,15.47,completed
O201004,3,2024-12-16,C50689,P1074,5,71.39,10.0,51.56,completed
O202142,4,18/12/2024,C51430,P1088,3,36.46,40.0,39.49,completed
O201205,4,2023-04-07,C50792,P1002,1,102.31,0.0,79.8,completed
O204605,3,2024-06-20,C53090,P1065,1,41.05,10.0,21.89,completed
O200266,4,31/12/2024,C50194,P1008,1,152.33,0.0,118.82,completed
O200381,1,2023-04-21,C50274,P1114,1,11.91,0.0,6.67,completed
O201831,2,14/08/2023,C51211,P1074,4,67.42,15.0,51.56,completed
O203786,1,2024-12-13,C52509,P1040,1,47.87,30.0,42.4,completed
O205683,1,2023-11-06,C53871,P1112,3,24.87,10.0,15.47,completed
O203025,2,2024-12-03,C51991,P1015,1,164.09,30.0,182.85,completed
O202189,2,2024-11-29,C51460,P1078,1,52.67,20.0,42.8,completed
O202999,2,24/11/2024,C51974,P1023,1,248.57,30.0,276.98,completed
O204667,1,2024-10-25,C53133,P1090,1,77.14,,50.14,completed
O201783,4,2024-12-14,C51178,P1076,1,79.39,10.0,57.34,completed
O205613,4,2024-08-12,C53826,P1120,1,20.68,5.0,12.19,completed
O202277,1,2024-10-09,C51519,P1117,3,27.56,0.0,15.43,completed
O201766,2,29/12/2024,C51167,P1037,5,46.67,0.0,28.94,completed
O201078,3,2024-08-30,C50724,P1015,1,234.42,0.0,182.85,completed
O204703,1,05/11/2024,C53162,P1012,1,278.05,0.0,216.88,completed
O200936,2,2024-09-17,C50631,P1029,3,60.73,0.0,37.65,
O201294,1,2024-02-08,C50847,P1093,2,13.81,10.0,6.14,completed
O201132,3,15/12/2024,C50758,P1120,1,15.24,30.0,12.19,completed
O202126,2,2023-01-31,C51423,P1086,1,74.93,5.0,51.27,completed
O203393,1,2024-01-27,C52238,P1001,1,214.35,0.0,167.19,completed
O203182,3,2024-06-17,C52099,P1025,1,39.88,0.0,24.73,completed
O205482,2,2023-10-16,C53723,P1010,2,113.39,0.0,88.44,completed
O203142,5,2024-04-29,C52070,P1031,1,144.15,0.0,89.37,completed
O204153,1,2023-09-18,C52749,P1104,4,24.41,0.0,9.76,completed
O203553,2,06/06/2023,C52360,P1084,1,48.91,0.0,31.79,returned
O203086,2,20/12/2024,C52030,P1050,3,23.9,30.0,16.39,completed
O202135,2,2024-08-05,C51424,P1004,1,304.09,0.0,237.19,completed
O201524,5,2024-12-28,C50987,P1011,1,294.03,0.0,229.34,completed
O203424,2,2023-07-13,C52266,P1114,3,11.91,0.0,6.67,completed
O200938,1,11/10/2024,C50632,P1060,1,51.2,0.0,24.58,completed
O201372,1,2024-08-18,C50899,P1091,1,23.72,,9.49,
O200735,1,2024-10-30,C50505,P1065,1,45.61,0.0,21.89,completed
O203164,2,2024-10-22,C52084,P1056,1,24.84,0.0,11.92,completed
O204541,3,05/08/2024,C53045,P1058,2,61.65,5.0,31.15,completed
O201902,2,2024-11-29,C51259,P1043,2,31.88,10.0,21.96,completed
O202561,1,2024-06-24,C51707,P1029,5,60.73,0.0,37.65,completed
O202375,2,2024-11-26,C51578,P1050,1,30.73,10.0,16.39,completed
O205479,4,2023-06-21,C53721,P1066,1,47.32,0.0,22.71,completed
O202115,1,"Dec 04, 2024",C51410,P1058,4,45.42,30.0,31.15,completed
O203082,3,2024-01-15,C52027,P1110,1,8.27,20.0,5.79,completed
O200718,1,20/10/2023,C50496,P1116,1,18.83,0.0,10.54,completed
O205025,3,2024-10-26,C53396,P1092,3,15.72,10.0,6.99,completed
O204891,2,05/11/2024,C53300,P1033,1,38.24,0.0,23.71,completed
O204329,5,2024-02-12,C52880,P1014,1,336.97,0.0,262.84,completed
O205111,4,2024-11-02,C53472,P1015,4,234.42,0.0,182.85,completed
O204406,4,10/04/2024,C52946,P1040,1,68.39,0.0,42.4,completed
O204310,1,2024-11-26,C52865,P1015,1,187.54,20.0,,completed
O201190,3,2024-05-30,C50788,P1063,4,35.63,0.0,17.1,completed
O203495,2,2024-04-22,C52322,P1009,2,179.6,0.0,140.09,completed
O200615,1,2023-12-08,C50433,P1119,1,32.79,40.0,30.6,completed
O200670,2,2024-02-23,C50474,P1001,1,192.92,10.0,167.19,completed
O200132,1,2024-11-29,C50093,P1008,1,121.86,20.0,118.82,completed
O202195,3,2024-09-21,C51464,P1056,1,24.84,0.0,11.92,completed
O204167,2,16/07/2023,C52755,P1058,1,58.4,10.0,31.15,completed
O202058,2,2024-01-01,C51372,P1061,2,12.42,20.0,7.45,completed
O203161,3,"Jan 13, 2023",C52082,P1114,2,7.15,40.0,6.67,completed
O200260,2,2024-11-27,C50189,P1083,2,44.48,10.0,32.12,completed
O204962,1,2024-08-04,C53346,P1077,1,47.7,0.0,31.01,completed
O200339,2,2023-12-25,C50251,P1020,3,167.54,5.0,137.56,completed
O201054,1,2024-11-15,C50710,P1062,1,28.48,0.0,13.67,completed
O202691,1,18/12/2023,C51803,P1022,2,87.26,30.0,97.23,completed
O202258,3,2024-12-12,C51508,P1015,4,164.09,30.0,182.85,completed
O205123,4,2024-11-23,C53476,P1001,1,192.92,10.0,167.19,completed
O202098,1,2023-12-06,C51398,P1057,1,20.48,30.0,14.04,completed
O204044,2,2024-07-06,C52688,P1114,2,10.72,10.0,6.67,completed
O201278,1,2024-12-24,C50837,P1030,1,61.28,0.0,37.99,completed
O201380,2,"Aug 07, 2024",C50903,P1041,1,64.48,,44.42,completed
O203848,1,21/12/2024,C52550,P1001,1,214.35,0.0,167.19,completed
O204356,4,13/06/2024,C52907,P1109,1,33.61,10.0,20.91,completed
O203856,3,2024-05-26,C52553,P1015,1,234.42,0.0,182.85,completed
O204462,1,2024-12-11,C52985,P1083,1,34.59,30.0,32.12,returned
O204639,3,2024-05-02,C53115,P1111,1,30.48,0.0,17.07,completed
O205339,1,2023-06-09,C53629,P1090,1,73.28,5.0,50.14,completed
O203197,1,2023-11-29,C52108,P1096,3,7.13,30.0,4.08,completed
O203611,1,2024-12-08,C52394,P1034,2,23.02,30.0,20.39,completed
O203670,3,22/03/2023,C52438,P1004,1,304.09,0.0,237.19,completed
O200457,3,2024-11-28,C50324,P1107,3,7.46,40.0,4.97,completed
O202137,1,2024-05-17,C51428,P1114,2,11.31,,6.67,completed
O202424,2,2024-12-31,C51611,P1010,1,113.39,0.0,88.44,completed
O203929,1,2024-03-30,C52609,P1108,1,15.08,5.0,6.35,completed
O201616,3,06/08/2024,C51058,P1036,5,86.88,0.0,53.87,completed
O200939,1,26/11/2023,C50633,P1055,5,21.44,20.0,12.86,completed
O203076,1,2024-11-26,C52022,P1038,5,25.97,20.0,20.13,completed
O205772,1,08/09/2024,C53939,P1034,1,32.89,0.0,20.39,completed
O205693,5,2023-03-19,C53881,P1072,3,19.89,0.0,9.55,completed
O201546,3,08/07/2024,C51012,P1107,3,12.43,0.0,4.97,completed
O201555,1,2023-08-08,C51016,P1008,3,152.33,0.0,118.82,completed
O201765,2,2024-12-18,C51167,P1099,3,17.06,20.0,8.53,completed
O204646,2,24/06/2024,C53119,P1067,1,28.31,0.0,,completed
O202445,1,2024-12-24,C51628,P1024,1,166.5,0.0,129.87,completed
O205706,2,2024-03-13,C53892,P1004,1,288.89,5.0,237.19,completed
O203384,5,2024-03-19,C52232,P1075,1,65.26,0.0,42.42,returned
O202686,1,2024-12-26,C51800,P1014,1,336.97,0.0,262.84,completed
O203039,1,2023-12-04,C51999,P1036,1,60.82,30.0,53.87,completed
O200347,1,2024-01-11,C50253,P1042,3,38.89,40.0,40.19,completed
O205338,3,2023-05-22,C53629,P1074,1,79.32,0.0,51.56,completed
O204598,1,16/10/2024,C53083,P1066,1,47.32,0.0,22.71,completed
O201670,1,2023-12-12,C51076,P1081,1,54.3,30.0,50.42,completed
O203589,1,2023-12-01,C52382,P1080,1,40.72,20.0,33.09,completed
O204765,1,09/09/2024,C53206,P1002,1,102.31,0.0,79.8,completed
O201510,1,2024-11-28,C50984,P1114,3,10.72,10.0,6.67,completed
O200336,2,2024-08-13,C50249,P1050,1,34.14,0.0,,completed
O204798,2,2024-09-09,C53232,P1115,1,25.43,0.0,14.24,completed
O202944,2,2024-06-18,C51943,P1019,1,249.79,15.0,229.22,completed
O203552,2,2024-06-01,C52360,P1015,1,210.98,10.0,182.85,completed
O201617,2,2024-05-09,C51058,P1074,-1,75.35,5.0,51.56,returned
O205868,1,2024-06-22,C53998,P1080,2,50.9,0.0,33.09,completed
O202469,2,2024-09-13,C51644,P1030,1,61.28,0.0,37.99,completed
O201482,1,2023-08-16,C50972,P1008,1,152.33,0.0,118.82,completed
O200983,1,"Mar 14, 2024",C50665,P1043,4,31.88,10.0,21.96,returned
O200382,1,2024-06-06,C50277,P1036,2,86.88,0.0,53.87,completed
O202054,3,2023-07-15,C51372,P1015,1,234.42,0.0,182.85,completed
O205712,1,23/08/2024,C53893,P1017,1,222.03,0.0,173.18,completed
O204107,3,2024-11-30,C52730,P1114,1,9.53,20.0,6.67,completed
O204472,2,2023-05-09,C52994,P1088,2,60.76,0.0,39.49,completed
O205275,3,2024-12-14,C53587,P1084,1,44.02,10.0,31.79,completed
O204459,3,2024-06-09,C52982,P1032,2,40.32,0.0,25.0,completed
O201715,3,"Dec 04, 2023",C51125,P1046,1,49.6,,34.17,completed
O201374,4,2024-12-31,C50899,P1070,3,30.38,0.0,14.58,completed
O202060,2,2024-12-29,C51374,P1112,1,27.63,0.0,15.47,completed
O203839,2,2024-10-06,C52543,P1088,2,60.76,0.0,39.49,completed
O201344,1,2024-10-19,C50880,P1032,1,36.29,10.0,25.0,completed
O201969,1,"Mar 20, 2023",C51306,P1023,1,355.1,0.0,276.98,completed
O205232,2,"Jun 28, 2023",C53549,P1004,1,288.89,5.0,237.19,completed
O205645,1,"Mar 16, 2024",C53853,P1112,1,24.87,10.0,15.47,completed
O203963,1,2024-02-09,C52630,P1099,2,21.33,0.0,8.53,completed
O200687,4,26/11/2024,C50479,P1109,1,33.61,10.0,20.91,completed
O204045,4,2024-12-15,C52690,P1015,1,210.98,10.0,182.85,completed
O203134,2,2023-06-12,C52063,P1008,2,137.1,10.0,118.82,completed
O203048,1,30/10/2024,C52007,P1015,1,234.42,0.0,182.85,completed
O204370,1,2023-01-12,C52923,P1046,1,49.6,10.0,34.17,completed
O203251,1,2024-10-17,C52154,P1010,1,113.39,0.0,88.44,completed
O203081,1,11/08/2024,C52027,P1060,1,51.2,0.0,24.58,completed
O205165,3,27/11/2024,C53508,P1021,1,98.25,40.0,127.73,completed
O204840,3,2024-10-13,C53263,P1117,1,27.56,0.0,15.43,completed
O203376,2,"Oct 21, 2024",C52227,P1035,2,67.22,0.0,41.68,completed
O201888,3,2023-02-28,C51246,P1092,1,17.47,0.0,6.99,completed
O201842,1,2024-09-11,C51216,P1117,1,26.18,5.0,,completed
O202965,1,2024-02-05,C51954,P1097,1,10.71,0.0,4.28,completed
O200611,1,2024-11-24,C50432,P1048,2,21.97,40.0,17.58,completed
O205263,1,2024-12-03,C53576,P1067,3,22.65,20.0,13.59,completed
O202438,4,2023-10-05,C51624,P1114,2,11.91,0.0,6.67,completed
O200286,2,2024-06-14,C50205,P1051,1,35.83,5.0,18.11,completed
O202989,1,2023-09-01,C51965,P1027,1,64.47,0.0,39.97,completed
O204519,1,2024-12-17,C53028,P1036,1,60.82,30.0,53.87,completed
O200162,1,2024-11-27,C50122,P1114,1,7.15,40.0,6.67,completed
O200467,1,2024-05-07,C50337,P1010,2,107.72,5.0,88.44,completed
O204126,4,2024-02-10,C52736,P1004,1,304.09,0.0,237.19,completed
O202495,1,2023-03-07,C51663,P1061,-5,13.98,10.0,7.45,returned
O202565,6,26/07/2024,C51712,P1015,5,234.42,0.0,182.85,completed
O201486,1,05/01/2024,C50977,P1055,2,18.76,30.0,12.86,completed
O204814,1,2024-12-15,C53245,P1115,1,17.8,30.0,14.24,completed
O202974,6,2024-04-05,C51959,P1074,1,79.32,0.0,51.56,completed
O202209,2,2023-09-03,C51477,P1067,1,25.48,10.0,13.59,completed
O200452,3,2024-12-21,C50322,P1102,1,30.56,0.0,12.22,completed
O202640,4,2024-05-30,C51768,P1008,1,152.33,0.0,118.82,completed
O201160,5,2023-01-26,C50774,P1009,4,179.6,0.0,140.09,completed
O204832,2,08/09/2024,C53258,P1008,1,144.71,5.0,118.82,returned
O204158,1,2024-12-11,C52752,P1117,1,24.8,10.0,15.43,completed
O204127,2,2024-07-17,C52737,P1108,2,15.87,0.0,,completed
O200644,1,30/06/2024,C50453,P1005,1,61.99,0.0,48.35,completed
O203510,3,2024-11-24,C52337,P1118,1,19.84,20.0,13.89,completed
O202421,1,15/12/2024,C51610,P1114,2,7.15,40.0,6.67,completed
O205503,4,2024-10-25,C53743,P1064,1,43.11,0.0,20.69,completed
O204330,2,2024-11-26,C52882,P1007,1,136.14,30.0,151.69,completed
O204791,3,2024-12-27,C53225,P1042,1,64.82,0.0,40.19,completed
O200683,1,2023-09-04,C50478,P1068,2,26.9,,12.91,completed
O204695,5,29/10/2024,C53160,P1059,1,20.19,10.0,10.77,completed
O201744,2,2023-01-13,C51148,P1061,3,12.42,20.0,7.45,completed
O204759,1,2023-12-10,C53201,P1005,2,49.59,20.0,,completed
O200819,2,2023-06-22,C50549,P1050,1,30.73,10.0,16.39,completed
O203035,5,2024-01-28,C51997,P1089,1,78.6,0.0,51.09,completed
O204065,1,2024-12-18,C52705,P1104,4,19.53,20.0,9.76,completed
O201143,2,2023-12-09,C50763,P1002,1,81.85,20.0,79.8,completed
O205119,3,2024-08-17,C53475,P1008,1,137.1,10.0,118.82,completed
O201342,1,2024-07-13,C50880,P1042,1,64.82,0.0,40.19,completed
O204708,1,2024-07-03,C53165,P1079,1,85.12,0.0,55.33,completed
O203259,1,2024-06-16,C52157,P1015,1,234.42,0.0,182.85,completed
O204196,4,13/04/2023,C52781,P1012,1,250.24,10.0,216.88,completed
O202901,3,2024-08-29,C51919,P1010,1,107.72,5.0,88.44,completed
O201386,5,2023-12-08,C50910,P1029,1,54.66,10.0,37.65,completed
O202294,2,2024-02-17,C51538,P1015,1,234.42,0.0,182.85,completed
O200527,3,"Dec 08, 2023",C50381,P1074,1,47.59,40.0,51.56,completed
O200712,1,2024-05-31,C50495,P1081,1,73.69,5.0,50.42,completed
O203210,2,2024-08-29,C52117,P1074,1,79.32,0.0,51.56,completed
O204273,5,2024-12-29,C52849,P1015,1,199.26,15.0,182.85,completed
O203848,2,2024-12-21,C52550,P1119,4,54.65,,30.6,completed
O203626,4,12/05/2024,C52404,P1065,2,43.33,5.0,21.89,completed
O202526,1,2023-01-08,C51682,P1074,1,55.52,30.0,51.56,completed
O203923,2,2024-02-08,C52602,P1030,2,58.22,5.0,37.99,completed
O201637,1,2024-07-08,C51064,P1119,2,54.65,0.0,30.6,completed
O201021,3,2024-12-09,C50699,P1023,1,284.08,20.0,276.98,returned
O200274,2,2024-11-04,C50199,P1088,1,60.76,0.0,39.49,returned
O205100,4,2024-08-26,C53466,P1037,1,46.67,0.0,28.94,completed
O201809,3,2024-11-27,C51202,P1052,2,35.2,20.0,21.12,completed
O204525,1,2024-12-01,C53032,P1033,2,30.59,,23.71,completed
O204672,2,2024-11-19,C53141,P1104,5,20.75,,9.76,completed
O200079,1,2024-03-22,C50058,P1052,1,44.0,0.0,21.12,completed
O202731,1,08/09/2024,C51826,P1049,1,42.7,5.0,21.58,completed
O204624,1,2024-11-26,C53102,P1005,1,49.59,20.0,48.35,completed
O201395,1,2024-06-30,C50919,P1015,1,199.26,15.0,182.85,completed
O201032,1,2024-06-21,C50706,P1039,3,32.71,0.0,20.28,completed
O205481,3,2024-11-23,C53723,P1117,1,22.05,20.0,15.43,completed
O205042,2,2024-09-02,C53403,P1067,2,28.31,0.0,13.59,completed
O204527,2,2024-05-06,C53034,P1008,2,152.33,0.0,118.82,completed
O202474,1,23/05/2023,C51645,P1013,3,187.98,0.0,146.62,completed
O205244,4,2023-03-26,C53557,P1119,-2,54.65,0.0,30.6,returned
O204289,1,2023-07-28,C52855,P1020,1,176.36,0.0,137.56,completed
O200804,2,2023-10-26,C50541,P1112,3,27.63,0.0,15.47,completed
O201734,3,2024-10-26,C51137,P1043,1,35.42,0.0,21.96,completed
O201696,2,2024-07-02,C51106,P1045,1,47.13,10.0,32.47,completed
O204328,2,2024-01-06,C52879,P1086,1,63.1,20.0,51.27,completed
O202629,3,2023-07-22,C51762,P1066,2,44.95,5.0,22.71,completed
O205388,1,2024-11-23,C53664,P1111,1,21.34,30.0,17.07,completed
O200232,2,2024-12-30,C50160,P1092,1,14.85,15.0,6.99,completed
O203126,1,03/12/2023,C52061,P1098,1,10.98,10.0,4.88,completed
O203700,1,2024-09-29,C52458,P1056,1,23.6,5.0,11.92,returned
O205156,1,2023-04-17,C53504,P1074,1,71.39,10.0,51.56,completed
O202335,2,"Apr 12, 2024",C51566,P1055,2,24.12,10.0,12.86,completed
O205317,1,2024-09-12,C53613,P1008,2,137.1,10.0,118.82,completed
O203242,1,17/06/2024,C52148,P1015,3,234.42,,182.85,completed
O205471,1,08/12/2024,C53713,P1069,1,34.1,30.0,23.39,completed
O204216,1,"Oct 20, 2024",C52795,P1053,1,17.19,0.0,8.25,completed
O201444,2,2024-12-23,C50949,P1004,1,304.09,0.0,237.19,completed
O201726,1,2024-03-23,C51132,P1095,2,9.25,0.0,3.7,completed
O205285,2,2024-12-08,C53592,P1056,1,19.87,20.0,11.92,completed
O200576,2,2024-09-28,C50414,P1067,2,28.31,0.0,13.59,completed
O200373,1,2024-04-08,C50268,P1060,2,51.2,0.0,24.58,
O202468,4,11/08/2024,C51644,P1094,1,16.72,5.0,7.04,completed
O202559,1,2024-12-23,C51706,P1056,1,24.84,0.0,11.92,returned
O203449,4,2024-12-04,C52290,P1015,4,210.98,10.0,182.85,completed
O201471,1,06/10/2024,C50966,P1087,3,46.61,0.0,30.3,completed
O202699,2,2024-04-30,C51810,P1099,1,21.33,0.0,8.53,completed
O205720,1,2024-08-25,C53901,P1043,1,35.42,0.0,21.96,completed
O202080,2,2024-05-04,C51383,P1048,1,36.62,0.0,17.58,completed
O203096,3,2023-01-19,C52041,P1032,4,40.32,0.0,25.0,completed
O204951,3,"May 26, 2024",C53339,P1047,5,49.02,0.0,23.53,completed
O202528,3,2024-07-29,C51683,P1026,2,41.43,0.0,25.69,completed
O201191,2,2024-06-08,C50788,P1002,1,102.31,0.0,79.8,completed
O202960,1,2024-01-11,C51953,P1029,1,42.51,30.0,37.65,completed
O200806,2,2023-06-27,C50541,P1065,3,43.33,5.0,21.89,completed
O202350,2,23/09/2024,C51571,P1079,2,85.12,0.0,55.33,completed
O200304,1,"Mar 13, 2024",C50220,P1078,2,65.84,0.0,42.8,completed
O200755,2,2024-10-13,C50516,P1008,1,144.71,5.0,118.82,completed
O203331,2,25/07/2024,C52202,P1046,2,46.84,15.0,34.17,completed
O200370,1,2024-06-20,C50268,P1090,2,77.14,0.0,50.14,completed
O200632,5,2024-11-28,C50447,P1021,2,131.0,20.0,127.73,completed
O202290,5,20/12/2024,C51530,P1067,1,16.99,40.0,13.59,completed
O202395,1,2023-02-25,C51592,P1088,1,60.76,0.0,39.49,completed
O201905,4,2024-09-19,C51260,P1015,3,234.42,0.0,182.85,completed
O204689,2,2024-12-23,C53155,P1074,1,79.32,0.0,51.56,completed
O201118,3,2023-06-28,C50751,P1076,1,83.8,5.0,57.34,completed
O205658,2,2024-12-04,C53860,P1044,1,44.38,20.0,34.4,completed
O204077,1,30/01/2024,C52711,P1030,1,55.15,10.0,37.99,completed
O200388,2,2024-01-04,C50280,P1032,1,36.29,10.0,,completed
O201277,2,2024-07-25,C50835,P1015,1,234.42,0.0,182.85,completed
O205559,3,10/09/2023,C53784,P1039,2,32.71,0.0,20.28,completed
O201951,3,2024-12-14,C51293,P1114,2,9.53,20.0,6.67,completed
O203727,2,30/12/2024,C52467,P1031,1,136.94,5.0,89.37,completed
O204010,3,2024-12-18,C52662,P1067,1,16.99,40.0,13.59,completed
O202476,2,2024-08-28,C51646,P1051,3,37.72,0.0,18.11,completed
O204034,2,2024-12-31,C52676,P1108,2,15.87,0.0,6.35,completed
O205036,5,2024-05-07,C53401,P1097,2,10.71,0.0,4.28,completed
O200876,1,"Mar 31, 2024",C50587,P1015,1,234.42,0.0,182.85,completed
O201810,2,"Oct 28, 2024",C51202,P1062,3,28.48,0.0,,completed
O203947,2,2023-11-30,C52616,P1070,2,24.3,20.0,14.58,completed
O203470,2,2023-04-26,C52304,P1031,1,144.15,0.0,89.37,completed
O201047,4,2024-11-26,C50708,P1032,1,24.19,40.0,25.0,completed
O203294,3,"Dec 07, 2023",C52179,P1025,2,31.9,20.0,24.73,completed
O201923,6,2024-12-11,C51273,P1017,1,177.62,20.0,173.18,completed
O202328,1,2023-06-14,C51562,P1076,2,88.21,0.0,57.34,completed
O201417,2,06/05/2024,C50931,P1103,1,15.76,0.0,6.3,completed
O204225,3,18/01/2024,C52803,P1088,1,60.76,0.0,39.49,completed
O202740,1,2024-10-03,C51826,P1078,2,65.84,0.0,42.8,completed
O200102,2,2024-03-02,C50071,P1015,3,234.42,0.0,182.85,completed
O203729,1,2024-03-04,C52469,P1032,1,40.32,0.0,25.0,completed
O203903,3,2023-10-30,C52578,P1002,1,97.19,5.0,79.8,completed
O205728,2,2024-12-10,C53904,P1050,1,27.31,20.0,16.39,completed
O200307,1,2024-06-04,C50221,P1059,1,19.07,15.0,10.77,completed
O205367,1,2024-06-11,C53648,P1078,1,65.84,0.0,42.8,completed
O202033,1,2024-12-31,C51356,P1112,1,27.63,0.0,15.47,completed
O201645,3,2024-12-02,C51065,P1037,2,32.67,30.0,28.94,completed
O204260,3,03/02/2024,C52841,P1088,1,60.76,0.0,39.49,completed
O202435,5,2024-12-02,C51622,P1032,3,24.19,40.0,25.0,completed
O202124,2,02/09/2024,C51422,P1046,1,55.11,0.0,34.17,completed
O202112,3,29/04/2024,C51409,P1078,2,59.26,10.0,42.8,completed
O200028,1,05/12/2024,C50016,P1070,-1,24.3,20.0,14.58,returned
O201269,1,2024-04-10,C50828,P1006,1,88.57,0.0,69.08,completed
O202308,2,2024-11-05,C51553,P1061,1,15.53,0.0,7.45,completed
O204062,1,2024-07-18,C52702,P1032,3,36.29,10.0,25.0,completed
O201627,1,"Nov 02, 2024",C51060,P1074,1,79.32,,51.56,completed
O200380,1,10/06/2024,C50274,P1010,1,113.39,0.0,88.44,completed
O200526,4,2023-09-08,C50381,P1111,1,27.43,10.0,17.07,completed
O202878,2,2024-09-06,C51908,P1015,1,222.7,5.0,182.85,completed
O205667,3,2024-11-24,C53862,P1114,3,8.34,,6.67,completed
O201234,1,2024-06-01,C50808,P1021,2,139.19,15.0,127.73,completed
O205231,1,2024-09-25,C53548,P1033,1,34.42,10.0,23.71,completed
O203649,4,2024-05-17,C52419,P1081,4,69.81,10.0,50.42,completed
O202184,3,2024-12-28,C51454,P1096,5,10.19,0.0,4.08,completed
O202496,2,2023-04-30,C51663,P1084,4,48.91,0.0,31.79,completed
O201557,1,2024-03-01,C51017,P1059,3,22.43,0.0,10.77,completed
O204947,2,2024-09-07,C53336,P1088,2,60.76,0.0,39.49,completed
O205470,2,2024-12-18,C53713,P1024,1,149.85,10.0,129.87,completed
O205510,2,11/11/2023,C53749,P1040,1,64.97,5.0,42.4,completed
O200757,5,2024-04-13,C50516,P1101,1,15.62,0.0,6.25,completed
O205680,1,2024-06-24,C53871,P1111,3,30.48,0.0,17.07,completed
O205258,2,2024-02-16,C53571,P1037,2,46.67,0.0,28.94,completed
O201247,1,08/12/2024,C50815,P1015,3,187.54,20.0,182.85,completed
O205432,1,2024-09-11,C53691,P1027,1,64.47,0.0,39.97,completed
O200845,1,2024-11-22,C50571,P1057,1,23.41,20.0,14.04,completed
O205357,1,2024-12-28,C53640,P1034,3,32.89,0.0,20.39,completed
O203419,1,2024-11-19,C52263,P1118,2,24.8,0.0,13.89,completed
O202648,1,2024-02-16,C51772,P1008,1,152.33,0.0,118.82,completed
O204610,2,2024-11-11,C53093,P1033,1,36.33,,23.71,completed
O202814,1,2024-05-13,C51876,P1112,1,27.63,0.0,15.47,completed
O201653,2,2024-11-09,C51069,P1101,1,15.62,0.0,6.25,completed
O205081,2,2024-10-10,C53444,P1113,2,18.23,0.0,10.21,completed
O201217,2,2024-10-01,C50799,P1045,1,52.37,0.0,32.47,completed
O202329,3,2024-10-04,C51562,P1086,2,78.87,0.0,51.27,completed
O201076,1,2024-12-27,C50722,P1092,1,17.47,0.0,6.99,completed
O202458,1,26/04/2024,C51636,P1034,1,32.89,0.0,20.39,completed
O201093,1,2024-07-24,C50733,P1104,1,21.97,10.0,9.76,completed
O203308,1,2024-04-14,C52183,P1075,3,65.26,0.0,42.42,completed
O205419,3,2024-01-07,C53687,P1112,2,19.34,30.0,15.47,completed
O204824,3,2024-12-15,C53253,P1112,1,16.58,40.0,15.47,completed
O204587,2,2024-01-07,C53077,P1030,2,49.02,20.0,37.99,completed
O202316,1,2024-11-30,C51554,P1059,3,17.94,20.0,10.77,completed
O202905,3,"Dec 28, 2024",C51920,P1024,2,166.5,0.0,129.87,completed
O205426,1,2023-12-14,C53688,P1025,1,27.92,30.0,24.73,completed
O201273,3,2024-09-02,C50831,P1114,1,11.91,0.0,6.67,completed
O203418,3,2024-11-25,C52263,P1030,-1,55.15,10.0,37.99,returned
O201509,1,2024-11-30,C50984,P1035,2,53.78,20.0,41.68,completed
O201644,2,23/11/2024,C51065,P1109,1,22.4,40.0,20.91,completed
O201009,1,2024-12-29,C50692,P1089,4,74.67,5.0,51.09,completed
O203447,1,12/10/2024,C52289,P1084,1,48.91,0.0,31.79,completed
O204599,2,2024-11-23,C53083,P1016,1,79.1,30.0,88.14,completed
O202221,2,2023-08-31,C51484,P1037,1,46.67,0.0,28.94,completed
O201482,2,"Aug 16, 2023",C50972,P1114,2,11.91,0.0,6.67,completed
O202654,4,2024-07-18,C51778,P1056,3,24.84,0.0,11.92,completed
O201839,5,2024-12-21,C51214,P1076,1,88.21,0.0,57.34,completed
O205852,2,2024-06-16,C53988,P1011,2,249.93,15.0,229.34,completed
O200416,3,2023-03-29,C50303,P1065,2,38.77,15.0,21.89,completed
O201987,5,13/12/2024,C51319,P1072,1,17.9,10.0,9.55,completed
O203847,2,2023-01-27,C52547,P1015,1,234.42,0.0,182.85,completed
O205817,1,2024-02-28,C53968,P1110,1,10.34,0.0,5.79,completed
O205407,3,2024-12-09,C53680,P1015,1,187.54,20.0,182.85,completed
O202466,2,2024-01-23,C51641,P1088,1,57.72,5.0,39.49,completed
O205005,1,2024-03-16,C53380,P1050,3,32.43,5.0,16.39,completed
O201313,2,2024-10-29,C50858,P1046,1,55.11,0.0,34.17,completed
O200732,2,2024-09-02,C50504,P1022,2,124.65,0.0,97.23,completed
O200178,1,2023-10-26,C50133,P1058,3,64.89,0.0,31.15,completed
O200059,2,"Sep 22, 2024",C50035,P1015,1,234.42,0.0,182.85,completed
O200202,3,"Dec 16, 2024",C50142,P1096,2,6.11,40.0,4.08,completed
O203678,1,2023-05-24,C52442,P1114,1,11.91,0.0,6.67,completed
O200730,2,2024-08-17,C50500,P1099,1,21.33,0.0,8.53,completed
O205726,3,2024-12-31,C53903,P1079,1,76.61,10.0,55.33,completed
O202656,6,2023-10-22,C51779,P1015,3,210.98,10.0,182.85,completed
O202782,1,2024-08-31,C51852,P1059,1,20.19,10.0,10.77,completed
O204665,4,2023-11-22,C53132,P1055,1,21.44,20.0,12.86,completed
O201796,2,2023-03-24,C51196,P1014,1,336.97,0.0,262.84,completed
O201029,1,2024-11-25,C50704,P1057,3,23.41,20.0,14.04,completed
O201793,2,08/08/2024,C51192,P1015,1,234.42,0.0,182.85,completed
O204177,2,2023-08-09,C52764,P1030,1,61.28,0.0,37.99,completed
O204001,1,2024-12-14,C52653,P1040,1,47.87,30.0,42.4,completed
O204256,2,2024-02-14,C52841,P1052,2,44.0,0.0,21.12,completed
O204319,2,2024-11-27,C52874,P1018,1,96.28,10.0,83.44,completed
O205736,1,"Aug 31, 2024",C53909,P1088,1,60.76,0.0,39.49,completed
O201061,1,2024-12-08,C50712,P1111,1,18.29,40.0,17.07,completed
O203928,2,2024-12-09,C52609,P1061,2,9.32,40.0,7.45,completed
O203807,2,"Mar 26, 2023",C52518,P1011,1,294.03,0.0,229.34,completed
O203393,6,27/01/2024,C52238,P1029,1,60.73,0.0,37.65,completed
O201429,3,2023-05-02,C50944,P1078,1,55.96,15.0,42.8,completed
O204976,3,2024-12-06,C53354,P1092,1,13.98,20.0,6.99,returned
O205126,1,04/10/2024,C53478,P1017,3,222.03,0.0,173.18,returned
O205739,1,2023-11-25,C53910,P1037,1,28.0,40.0,28.94,completed
O203134,1,2023-06-12,C52063,P1067,1,28.31,0.0,13.59,completed
O202992,1,2024-06-08,C51967,P1120,1,21.77,0.0,12.19,completed
O201039,1,"Feb 29, 2024",C50708,P1116,3,18.83,0.0,10.54,completed
O204806,2,2024-09-05,C53243,P1066,2,44.95,5.0,22.71,completed
O203863,2,2024-05-17,C52558,P1109,2,35.47,5.0,20.91,completed
O200805,4,26/02/2024,C50541,P1028,1,59.31,0.0,36.77,completed
O205704,3,"Dec 19, 2024",C53892,P1057,1,20.48,30.0,14.04,completed
O202467,1,2023-07-10,C51641,P1004,2,304.09,0.0,237.19,completed
O205327,2,23/11/2024,C53620,P1111,1,21.34,30.0,17.07,completed
O200526,2,2023-09-08,C50381,P1017,2,188.73,15.0,173.18,completed
O203054,1,2024-12-10,C52009,P1107,3,8.7,30.0,4.97,completed
O203362,1,2024-06-29,C52220,P1015,1,210.98,10.0,182.85,completed
O200032,1,2024-02-18,C50018,P1098,1,12.2,0.0,4.88,completed
O202552,1,2024-12-28,C51702,P1084,-1,48.91,0.0,31.79,returned
O201397,1,2023-12-17,C50920,P1057,1,26.33,10.0,14.04,completed
O201220,1,2024-10-18,C50799,P1104,1,24.41,0.0,9.76,completed
O205575,1,2023-09-09,C53801,P1061,3,15.53,0.0,7.45,completed
O201358,2,2024-12-29,C50889,P1029,1,60.73,0.0,37.65,completed
O202319,3,2024-12-26,C51556,P1116,1,18.83,0.0,10.54,completed
O202998,1,2024-11-23,C51970,P1014,1,202.18,40.0,262.84,completed
O202328,2,2023-06-14,C51562,P1019,1,293.87,0.0,229.22,completed
O200072,1,20/12/2024,C50051,P1050,3,23.9,30.0,16.39,completed
O203210,1,2024-08-29,C52117,P1053,4,17.19,0.0,8.25,completed
O204361,1,2024-11-27,C52911,P1112,3,22.1,20.0,15.47,completed
O201910,4,2024-12-15,C51268,P1067,1,25.48,10.0,13.59,completed
O204409,1,2024-05-21,C52948,P1047,1,49.02,0.0,23.53,completed
O203839,1,2024-10-06,C52543,P1115,1,22.89,10.0,14.24,completed
O204326,4,14/10/2023,C52878,P1018,1,106.98,0.0,83.44,completed
O204625,1,2024-11-20,C53105,P1015,1,234.42,0.0,182.85,completed
O204112,1,2024-11-06,C52732,P1015,1,234.42,0.0,182.85,completed
O202454,4,2024-10-18,C51634,P1097,1,10.71,0.0,4.28,completed
O202958,1,2024-10-03,C51951,P1004,1,304.09,0.0,237.19,completed
O202227,2,"Nov 21, 2024",C51486,P1014,1,336.97,0.0,262.84,completed
O204021,1,2023-07-16,C52667,P1005,1,61.99,0.0,48.35,completed
O201393,1,2024-03-16,C50917,P1092,1,17.47,0.0,6.99,completed
O205170,2,2024-11-10,C53510,P1058,3,64.89,0.0,,completed
O205104,1,13/05/2024,C53469,P1009,1,152.66,15.0,140.09,returned
O200306,1,2024-04-13,C50221,P1015,1,210.98,10.0,182.85,completed
O200793,1,2023-10-14,C50538,P1057,1,27.8,5.0,14.04,completed
O202624,6,2024-11-29,C51761,P1089,2,47.16,40.0,51.09,completed
O202818,1,2024-04-27,C51876,P1101,1,15.62,0.0,6.25,completed
O202971,1,2023-10-06,C51956,P1025,2,39.88,0.0,24.73,completed
O202844,2,2024-07-06,C51892,P1103,1,15.76,0.0,6.3,completed
O204903,1,2024-06-30,C53311,P1109,4,37.34,0.0,20.91,completed
O200766,1,2023-11-25,C50521,P1120,1,17.42,20.0,12.19,completed
O200122,1,2024-06-10,C50086,P1030,2,61.28,0.0,37.99,completed
O202369,3,2024-02-25,C51577,P1007,1,194.48,0.0,151.69,completed
O200062,3,16/09/2023,C50037,P1115,1,24.16,5.0,14.24,completed
O201214,2,2024-11-25,C50796,P1014,1,269.58,20.0,262.84,completed
O203283,1,2023-12-06,C52176,P1088,2,54.68,10.0,39.49,completed
O202515,3,2024-09-15,C51673,P1103,1,15.76,0.0,6.3,completed
O204767,2,2024-05-31,C53207,P1001,1,214.35,0.0,167.19,completed
O204165,1,2024-08-23,C52755,P1099,1,21.33,0.0,8.53,completed
O202357,4,29/06/2024,C51572,P1046,2,55.11,0.0,34.17,completed
O202528,2,2024-07-29,C51683,P1060,1,46.08,10.0,24.58,completed
O205825,2,2024-05-26,C53973,P1040,2,68.39,0.0,42.4,completed
O205309,1,07/07/2024,C53608,P1030,2,61.28,0.0,37.99,completed
O201920,1,2023-05-02,C51271,P1005,1,61.99,0.0,48.35,completed
O201245,1,2024-11-12,C50814,P1015,1,210.98,10.0,182.85,completed
O201084,1,2023-05-11,C50728,P1017,1,222.03,0.0,173.18,completed
O201017,2,2024-11-26,C50697,P1012,2,194.64,30.0,216.88,completed
O201375,3,2024-11-22,C50899,P1060,1,35.84,30.0,24.58,completed
O203402,2,2024-08-31,C52245,P1100,1,12.65,0.0,5.06,completed
O202761,2,2024-04-16,C51838,P1074,1,79.32,0.0,51.56,completed
O203687,2,2024-05-21,C52454,P1105,2,12.51,0.0,,completed
O204452,1,01/11/2024,C52977,P1102,1,30.56,0.0,12.22,completed
O202281,5,2023-11-10,C51520,P1089,3,78.6,0.0,51.09,completed
O200643,1,2024-11-26,C50453,P1014,1,303.27,10.0,262.84,completed
O204838,2,2024-06-22,C53261,P1057,1,29.26,0.0,14.04,completed
O201714,1,2024-12-01,C51125,P1051,2,26.4,30.0,18.11,completed
O204425,1,2024-06-03,C52956,P1055,1,26.8,0.0,12.86,completed
O202950,1,2024-11-01,C51945,P1060,4,51.2,0.0,24.58,completed
O202689,4,2024-10-31,C51802,P1120,1,21.77,0.0,12.19,completed
O202643,3,2024-11-12,C51770,P1099,1,21.33,,8.53,completed
O205058,2,15/09/2024,C53422,P1005,3,61.99,0.0,48.35,completed
O200553,2,2024-02-02,C50400,P1001,1,214.35,0.0,167.19,completed
O201909,4,2024-11-27,C51267,P1015,4,187.54,20.0,182.85,completed
O200409,1,2024-04-18,C50291,P1070,1,30.38,0.0,14.58,completed
O201963,1,2024-06-08,C51303,P1008,3,137.1,10.0,118.82,returned
O203907,1,2024-12-13,C52580,P1015,1,187.54,20.0,182.85,completed
O200855,2,2024-04-08,C50578,P1119,1,54.65,0.0,30.6,completed
O203103,2,2023-07-20,C52044,P1120,1,20.68,5.0,12.19,completed
O201988,3,2024-12-17,C51319,P1005,1,37.19,40.0,48.35,completed
O202144,3,2024-08-12,C51430,P1057,1,29.26,0.0,14.04,completed
O202624,2,2024-11-29,C51761,P1100,3,8.86,30.0,5.06,completed
O202278,1,29/08/2024,C51520,P1104,3,24.41,0.0,9.76,completed
O205669,1,2024-09-19,C53865,P1066,1,47.32,0.0,22.71,completed
O204078,2,2024-10-16,C52711,P1078,3,65.84,0.0,42.8,completed
O203965,1,2024-02-18,C52633,P1001,1,203.63,5.0,167.19,completed
O202314,2,2024-01-22,C51554,P1054,3,28.68,0.0,13.77,completed
O203856,2,2024-05-26,C52553,P1061,1,14.75,5.0,7.45,completed
O205042,4,2024-09-02,C53403,P1037,1,46.67,0.0,28.94,completed
O202337,1,"Nov 25, 2023",C51566,P1065,5,31.93,30.0,21.89,completed
O201926,2,2023-01-21,C51275,P1119,3,51.92,5.0,30.6,completed
O203043,1,19/05/2024,C52004,P1050,4,34.14,0.0,16.39,completed
O204239,2,30/09/2024,C52815,P1037,1,46.67,0.0,28.94,completed
O203498,3,2024-12-21,C52327,P1097,1,9.64,10.0,4.28,completed
O203986,3,2023-12-04,C52646,P1114,1,10.72,10.0,6.67,completed
O203518,2,21/10/2024,C52342,P1118,1,24.8,0.0,13.89,completed
O205054,2,28/11/2024,C53417,P1062,1,19.94,30.0,13.67,completed
O205082,3,2023-05-07,C53446,P1015,1,234.42,0.0,182.85,completed
O204034,1,2024-12-31,C52676,P1034,1,32.89,0.0,20.39,completed
O201078,4,"Aug 30, 2024",C50724,P1094,2,15.84,10.0,7.04,completed
O201690,1,2024-10-04,C51099,P1109,1,35.47,,20.91,completed
O203670,2,2023-03-22,C52438,P1020,1,176.36,0.0,137.56,completed
O202720,3,2024-09-23,C51819,P1092,2,15.72,10.0,6.99,completed
O202196,2,08/09/2024,C51466,P1019,3,249.79,15.0,229.22,completed
O201543,1,2024-01-04,C51006,P1107,2,11.19,10.0,4.97,completed
O200236,3,2024-11-26,C50169,P1117,1,16.54,40.0,15.43,completed
O203708,2,2024-08-18,C52459,P1041,1,71.64,0.0,44.42,completed
O204876,1,2024-12-13,C53284,P1088,1,48.61,20.0,39.49,completed
O202469,1,2024-09-13,C51644,P1061,4,15.53,,7.45,completed
O205740,3,2023-06-25,C53914,P1114,5,10.72,10.0,6.67,completed
O200174,2,29/12/2023,C50131,P1062,2,28.48,0.0,13.67,completed
O201562,1,2024-06-12,C51020,P1046,4,55.11,0.0,34.17,completed
O201120,2,2024-10-16,C50753,P1078,1,65.84,0.0,42.8,completed
O200147,1,2024-04-24,C50104,P1088,2,60.76,0.0,39.49,completed
O204046,1,2024-05-16,C52690,P1102,1,30.56,0.0,12.22,completed
O202506,4,"Dec 10, 2024",C51669,P1068,3,21.52,20.0,,completed
O202890,1,2023-12-13,C51910,P1003,3,191.73,30.0,213.64,completed
O204810,2,2023-10-30,C53244,P1013,1,187.98,0.0,146.62,completed
O201536,1,2024-12-12,C50999,P1063,1,24.94,30.0,17.1,completed
O205620,1,2024-05-04,C53832,P1090,2,77.14,0.0,50.14,completed
O201284,2,"Sep 17, 2024",C50839,P1024,2,149.85,10.0,129.87,completed
O200390,1,2023-12-09,C50280,P1056,1,17.39,30.0,11.92,completed
O200770,1,2024-04-12,C50524,P1099,1,21.33,0.0,8.53,completed
O200021,3,2024-04-21,C50014,P1077,1,47.7,0.0,31.01,completed
O205504,1,2024-12-24,C53744,P1058,1,64.89,0.0,31.15,completed
O202889,3,"Nov 03, 2024",C51910,P1034,3,29.6,10.0,20.39,completed
O201360,2,"Feb 04, 2024",C50892,P1101,1,15.62,0.0,6.25,completed
O200083,1,2024-06-04,C50061,P1024,1,166.5,0.0,129.87,completed
O200661,1,2024-01-15,C50465,P1028,1,47.45,20.0,36.77,completed
O201853,2,2024-12-09,C51220,P1045,2,36.66,30.0,32.47,completed
O204208,1,2024-12-20,C52790,P1074,1,63.46,20.0,51.56,completed
O205802,2,2024-07-18,C53957,P1096,3,10.19,0.0,4.08,completed
O202226,2,2024-12-05,C51486,P1112,1,22.1,20.0,15.47,completed
O201505,3,2024-01-08,C50983,P1119,1,43.72,20.0,30.6,completed
O204561,2,2023-03-18,C53061,P1104,1,20.75,15.0,9.76,completed
O200610,1,2024-10-23,C50432,P1052,1,44.0,0.0,21.12,completed
O204914,2,2024-10-31,C53315,P1115,1,25.43,0.0,14.24,completed
O201910,1,15/12/2024,C51268,P1030,1,49.02,,37.99,completed
O205341,1,2023-11-29,C53631,P1114,4,9.53,20.0,6.67,completed
O201598,2,"Jun 04, 2024",C51048,P1088,1,57.72,5.0,39.49,completed
O200637,1,2023-01-01,C50449,P1070,2,18.23,40.0,14.58,completed
O202026,3,2024-11-23,C51348,P1012,2,194.64,30.0,216.88,completed
O204441,5,2024-07-01,C52969,P1067,1,25.48,10.0,13.59,completed
O203462,3,2023-12-09,C52299,P1111,1,24.38,,17.07,completed
O201366,2,2024-02-28,C50893,P1028,1,56.34,5.0,36.77,completed
O200140,4,2024-11-29,C50097,P1070,1,24.3,20.0,14.58,completed
O204563,1,"May 01, 2024",C53063,P1052,4,44.0,0.0,21.12,completed
O203664,3,"Nov 23, 2024",C52432,P1107,-2,8.7,30.0,,returned
O205117,1,"Nov 27, 2024",C53474,P1037,1,32.67,30.0,28.94,completed
O203316,3,2024-11-11,C52185,P1017,1,222.03,0.0,173.18,completed
O203213,2,22/07/2024,C52120,P1034,1,32.89,0.0,20.39,completed
O205694,2,2024-04-13,C53882,P1024,1,166.5,0.0,129.87,completed
O202008,2,2024-05-05,C51337,P1093,4,14.57,5.0,6.14,completed
O202402,2,"Jul 05, 2024",C51596,P1034,3,32.89,0.0,20.39,completed
O203903,1,2023-10-30,C52578,P1050,1,34.14,0.0,16.39,completed
O203145,3,2023-01-30,C52071,P1012,1,278.05,0.0,216.88,completed
O204886,2,2024-12-20,C53296,P1109,2,29.87,20.0,20.91,completed
O202623,1,19/04/2024,C51759,P1111,1,25.91,15.0,17.07,completed
O201532,2,2023-09-26,C50994,P1021,1,155.56,5.0,127.73,completed
O202704,1,2023-12-25,C51813,P1086,1,67.04,15.0,51.27,completed
O204490,1,2024-12-07,C53006,P1105,1,10.01,20.0,5.0,
O200091,2,2024-04-11,C50063,P1114,1,11.91,0.0,,completed
O203984,1,2024-04-05,C52646,P1052,1,44.0,0.0,21.12,returned
O205478,1,2024-05-07,C53718,P1048,1,36.62,0.0,17.58,returned
O203107,3,2024-04-04,C52048,P1003,4,273.9,0.0,213.64,completed
O203657,1,2024-07-04,C52426,P1073,2,36.39,0.0,23.65,completed
O201775,2,2024-03-28,C51172,P1100,1,12.65,0.0,5.06,completed
O202275,5,06/10/2024,C51518,P1090,2,77.14,0.0,50.14,completed
O201952,2,2024-06-24,C51293,P1017,1,222.03,0.0,173.18,
O203562,2,2024-11-04,C52364,P1011,2,294.03,0.0,229.34,completed
O203568,1,2024-10-21,C52366,P1097,1,9.64,10.0,4.28,completed
O201554,1,2024-03-01,C51016,P1032,1,40.32,0.0,25.0,completed
O202012,2,07/02/2024,C51339,P1064,1,43.11,0.0,20.69,completed
O204242,2,2024-10-14,C52820,P1109,1,35.47,5.0,20.91,returned
O204919,1,2024-11-30,C53318,P1082,1,29.35,30.0,27.25,completed
O204856,2,2024-08-01,C53273,P1022,1,124.65,0.0,97.23,completed
O203862,1,31/12/2024,C52556,P1092,2,15.72,10.0,6.99,completed
O205761,1,2023-02-06,C53929,P1118,1,24.8,0.0,13.89,completed
O205478,2,2024-05-07,C53718,P1031,1,144.15,0.0,89.37,completed
O205625,2,2024-04-08,C53839,P1048,1,32.96,10.0,17.58,completed
O202114,1,2024-12-11,C51409,P1070,3,18.23,,14.58,completed
O205652,1,2024-12-20,C53857,P1078,1,46.09,30.0,42.8,completed
O201155,2,2024-04-09,C50766,P1067,3,28.31,0.0,13.59,completed
O201569,3,14/05/2023,C51030,P1044,2,55.48,0.0,34.4,completed
O205726,1,2024-12-31,C53903,P1042,1,64.82,0.0,40.19,completed
O201300,1,2023-01-06,C50849,P1026,1,33.14,20.0,25.69,completed
O203514,5,2023-01-03,C52338,P1062,1,17.09,40.0,13.67,completed
O204248,1,2024-12-27,C52831,P1059,1,22.43,0.0,10.77,completed
O205145,2,2024-09-13,C53493,P1020,4,167.54,5.0,137.56,completed
O202091,1,10/09/2023,C51394,P1037,1,46.67,0.0,28.94,completed
O203691,2,2024-06-04,C52454,P1114,1,11.91,0.0,6.67,completed
O202271,1,2024-10-10,C51514,P1040,1,68.39,0.0,42.4,completed
O203591,1,2024-07-30,C52382,P1069,3,48.72,,23.39,completed
O204162,1,2024-12-30,C52753,P1040,1,61.55,10.0,42.4,completed
O203812,3,2024-05-04,C52520,P1050,1,32.43,5.0,16.39,completed
O202764,3,2024-11-21,C51840,P1004,1,304.09,0.0,237.19,completed
O203775,1,23/11/2024,C52504,P1044,1,33.29,40.0,34.4,returned
O205219,3,04/12/2024,C53543,P1067,1,25.48,,13.59,completed
O205054,4,"Nov 28, 2024",C53417,P1114,1,9.53,20.0,6.67,completed
O204178,1,22/08/2024,C52768,P1102,1,30.56,0.0,12.22,completed
O201243,1,2024-12-15,C50812,P1038,1,29.21,10.0,20.13,completed
O204037,2,2024-04-06,C52677,P1008,2,152.33,0.0,118.82,completed
O202529,5,2024-08-17,C51684,P1015,1,234.42,0.0,182.85,completed
O205490,1,2024-06-01,C53733,P1011,1,279.33,5.0,229.34,completed
O200897,2,2024-07-23,C50602,P1073,1,34.57,5.0,23.65,completed
O202189,1,2024-11-29,C51460,P1074,1,47.59,40.0,51.56,completed
O205287,2,2024-11-29,C53594,P1063,1,28.5,20.0,17.1,completed
O203086,3,2024-12-20,C52030,P1040,1,54.71,20.0,42.4,completed
O204036,2,2024-06-01,C52677,P1043,2,35.42,0.0,21.96,completed
O204701,1,2023-12-23,C53162,P1111,1,28.96,5.0,17.07,completed
O200010,1,2023-02-18,C50004,P1011,2,294.03,0.0,229.34,completed
O204985,2,2024-10-22,C53368,P1117,1,27.56,0.0,15.43,completed
O203383,1,"Mar 24, 2023",C52232,P1113,1,18.23,0.0,10.21,completed
O204914,1,2024-10-31,C53315,P1053,1,17.19,0.0,8.25,completed
O200575,2,2024-09-06,C50412,P1015,1,234.42,0.0,182.85,completed
O202196,4,2024-09-08,C51466,P1084,2,41.57,15.0,31.79,completed
O201733,3,"Apr 04, 2023",C51137,P1031,1,144.15,0.0,89.37,completed
O205681,1,2024-04-12,C53871,P1087,3,46.61,0.0,30.3,completed
O202555,2,"Dec 01, 2024",C51705,P1114,1,10.72,10.0,6.67,
O205605,5,09/06/2024,C53823,P1050,1,34.14,0.0,16.39,completed
O203312,1,2024-07-13,C52184,P1062,5,28.48,0.0,13.67,completed
O202707,1,"Sep 30, 2024",C51814,P1061,1,15.53,0.0,7.45,completed
O202429,1,2024-12-29,C51617,P1004,1,304.09,0.0,237.19,completed
O204963,1,05/12/2024,C53348,P1028,4,53.38,10.0,36.77,completed
O200352,1,2024-12-18,C50257,P1047,1,39.22,20.0,23.53,completed
O203670,5,2023-03-22,C52438,P1044,3,55.48,0.0,34.4,completed
O204951,1,2024-05-26,C53339,P1091,1,23.72,0.0,9.49,completed
O202614,3,2024-11-13,C51751,P1005,1,61.99,0.0,48.35,completed
O200067,1,2023-11-01,C50045,P1035,1,60.5,10.0,41.68,completed
O202943,2,2024-06-29,C51943,P1045,1,47.13,10.0,32.47,completed
O201113,2,2024-09-10,C50749,P1027,1,64.47,0.0,39.97,completed
O201558,1,2023-04-09,C51017,P1022,2,118.42,5.0,,completed
O205465,3,2024-12-21,C53713,P1004,4,304.09,0.0,237.19,returned
O203150,2,14/05/2024,C52074,P1120,1,21.77,0.0,12.19,completed
O200159,2,2023-04-24,C50119,P1087,1,46.61,0.0,30.3,completed
O203228,2,2024-08-07,C52129,P1061,1,15.53,0.0,7.45,completed
O204642,3,2024-09-26,C53118,P1036,1,86.88,0.0,53.87,completed
O203942,2,09/06/2024,C52614,P1062,2,28.48,0.0,13.67,completed
O204874,2,2023-08-16,C53283,P1109,2,37.34,0.0,20.91,completed
O201920,4,2023-05-02,C51271,P1100,2,12.65,0.0,5.06,completed
O202114,2,2024-12-11,C51409,P1064,5,34.49,20.0,20.69,completed
O200696,3,2023-05-07,C50487,P1056,2,24.84,0.0,11.92,completed
O200770,3,2024-04-12,C50524,P1078,1,59.26,10.0,42.8,completed
O202533,2,2024-10-19,C51688,P1061,1,15.53,0.0,7.45,completed
O201867,1,2024-05-19,C51227,P1089,2,78.6,0.0,51.09,returned
O202709,3,16/11/2024,C51816,P1065,1,45.61,0.0,21.89,completed
O204312,2,"Apr 20, 2024",C52871,P1029,2,60.73,,37.65,completed
O200638,3,2024-06-21,C50449,P1037,1,46.67,0.0,28.94,completed
O200477,2,2024-12-03,C50346,P1037,1,37.34,20.0,28.94,completed
O205315,1,2024-11-30,C53610,P1069,1,38.98,20.0,23.39,completed
O201850,1,2023-11-21,C51219,P1065,2,45.61,0.0,21.89,completed
O200674,3,2023-09-17,C50476,P1051,1,37.72,0.0,18.11,completed
O202814,3,13/05/2024,C51876,P1114,1,11.91,0.0,6.67,completed
O200182,1,2024-12-03,C50135,P1045,1,41.9,20.0,32.47,completed
O204223,3,30/06/2024,C52803,P1019,2,293.87,0.0,229.22,completed
O204255,2,2024-06-22,C52840,P1054,1,27.25,5.0,13.77,completed
O204709,1,2024-03-10,C53166,P1120,1,21.77,0.0,12.19,completed
O205256,2,2023-12-09,C53571,P1078,1,52.67,20.0,42.8,returned
O203379,4,2024-12-15,C52230,P1052,2,39.6,10.0,21.12,completed
O203925,2,"Aug 27, 2024",C52605,P1059,2,22.43,0.0,10.77,completed
O203890,2,13/08/2023,C52570,P1120,1,21.77,0.0,12.19,completed
O203530,2,10/11/2024,C52348,P1118,1,24.8,0.0,13.89,completed
O202661,4,11/09/2024,C51784,P1091,1,20.16,15.0,9.49,completed
O202238,1,"Nov 23, 2024",C51499,P1017,1,177.62,20.0,173.18,completed
O204196,1,13/04/2023,C52781,P1057,1,29.26,0.0,14.04,completed
O204018,5,18/03/2024,C52665,P1037,1,46.67,0.0,28.94,completed
O200163,1,2024-09-01,C50122,P1111,1,30.48,0.0,17.07,completed
O201730,3,2024-02-28,C51135,P1102,3,30.56,0.0,12.22,completed
O200832,2,2023-06-05,C50560,P1104,1,24.41,0.0,9.76,completed
O200607,3,2024-04-02,C50429,P1047,1,46.57,5.0,23.53,completed
O205260,2,25/01/2024,C53573,P1032,1,36.29,10.0,25.0,completed
O205083,3,2023-11-18,C53446,P1115,1,25.43,0.0,14.24,completed
O205482,5,2023-10-16,C53723,P1111,2,30.48,0.0,17.07,completed
O204555,2,2024-08-21,C53058,P1013,2,187.98,0.0,146.62,completed
O201642,3,2024-10-06,C51064,P1095,1,9.25,0.0,3.7,completed
O205762,1,2024-05-16,C53929,P1041,1,71.64,0.0,44.42,completed
O205491,3,2024-05-10,C53735,P1050,2,34.14,0.0,16.39,completed
O201350,5,2024-12-31,C50885,P1070,4,25.82,15.0,14.58,completed
O205089,2,2024-02-25,C53454,P1055,2,26.8,0.0,12.86,completed
O200000,2,2024-09-28,C50001,P1116,1,18.83,0.0,10.54,completed
O200286,4,2024-06-14,C50205,P1114,1,11.91,,6.67,completed
O201467,4,2024-11-29,C50965,P1015,1,164.09,30.0,182.85,completed
O200400,2,2023-05-24,C50290,P1084,3,48.91,0.0,31.79,completed
O203235,2,2024-03-25,C52139,P1013,1,187.98,0.0,146.62,completed
O204214,3,2024-09-29,C52793,P1012,1,278.05,0.0,216.88,completed
O204520,1,2024-12-15,C53030,P1102,1,24.45,20.0,12.22,completed
O201834,3,2024-02-22,C51212,P1033,1,38.24,0.0,23.71,completed
O205576,1,2023-05-16,C53802,P1095,2,8.79,5.0,3.7,
O200904,1,2024-06-03,C50610,P1031,1,136.94,,89.37,completed
O201284,4,17/09/2024,C50839,P1058,1,64.89,0.0,31.15,completed
O202877,2,2024-11-16,C51907,P1089,1,78.6,0.0,51.09,completed
O200575,4,2024-09-06,C50412,P1114,2,11.91,0.0,6.67,completed
O200994,2,"Sep 16, 2024",C50680,P1081,1,69.81,10.0,50.42,completed
O204538,4,2024-08-11,C53042,P1046,2,55.11,0.0,34.17,completed
O200747,1,2024-09-08,C50510,P1028,1,59.31,0.0,36.77,completed
O200997,1,2024-09-22,C50683,P1027,5,64.47,0.0,39.97,completed
O204618,2,2024-09-07,C53102,P1062,1,28.48,0.0,13.67,completed
O204627,1,2023-09-04,C53105,P1114,1,11.91,,6.67,completed
O204956,2,2024-12-26,C53339,P1115,1,25.43,0.0,14.24,completed
O203833,1,13/04/2024,C52535,P1064,1,43.11,0.0,20.69,completed
O201694,4,2024-03-05,C51101,P1074,1,79.32,0.0,51.56,completed
O201934,1,2024-09-12,C51277,P1015,1,222.7,5.0,182.85,completed
O202791,2,2024-11-25,C51858,P1006,2,79.71,10.0,69.08,completed
O204058,1,2023-11-10,C52700,P1090,1,77.14,0.0,50.14,completed
O205363,1,2024-04-16,C53645,P1079,1,85.12,0.0,55.33,completed
O205096,2,2024-11-19,C53461,P1115,1,21.62,15.0,14.24,completed
O203760,1,"Apr 03, 2024",C52490,P1117,2,27.56,0.0,15.43,completed
O204434,3,2024-05-28,C52963,P1088,1,60.76,0.0,39.49,completed
O200711,1,2024-05-18,C50494,P1017,1,188.73,15.0,173.18,completed
O203212,2,2024-12-08,C52119,P1008,1,106.63,30.0,118.82,completed
O202421,2,15/12/2024,C51610,P1079,1,59.58,30.0,55.33,completed
O203778,3,2024-02-21,C52506,P1041,1,68.06,5.0,44.42,completed
O200569,6,2023-06-17,C50406,P1065,1,45.61,0.0,21.89,completed
O201688,2,2024-11-24,C51095,P1088,1,42.53,30.0,39.49,completed
O200963,2,2024-09-15,C50651,P1049,1,44.95,0.0,21.58,completed
O204307,2,2024-12-10,C52865,P1103,1,12.61,20.0,6.3,completed
O204674,2,2024-11-28,C53143,P1090,1,69.43,10.0,50.14,completed
O200622,1,2024-09-07,C50437,P1015,1,234.42,0.0,182.85,completed
O204636,2,2023-10-11,C53111,P1021,1,139.19,15.0,127.73,completed
O203103,1,2023-07-20,C52044,P1046,1,52.35,5.0,34.17,completed
O204686,2,2023-06-21,C53149,P1067,2,28.31,0.0,13.59,completed
O200609,2,"Nov 20, 2024",C50429,P1059,1,22.43,0.0,10.77,completed
O200345,2,2024-11-27,C50253,P1062,1,22.78,20.0,13.67,completed
O203110,5,2023-11-27,C52050,P1048,2,25.63,30.0,17.58,completed
O201407,2,2023-06-07,C50925,P1056,1,24.84,0.0,11.92,completed
O200066,2,2024-06-07,C50041,P1013,2,187.98,0.0,146.62,completed
O205577,1,2024-12-12,C53802,P1114,1,9.53,20.0,6.67,completed
O200672,2,2024-12-02,C50476,P1102,2,21.39,30.0,12.22,completed
O200534,2,2024-08-01,C50387,P1040,1,61.55,10.0,42.4,completed
O200221,6,19/08/2024,C50152,P1084,1,48.91,0.0,31.79,completed
O201891,1,2024-06-25,C51248,P1015,1,210.98,10.0,182.85,completed
O205481,1,2024-11-23,C53723,P1120,4,15.24,30.0,12.19,completed
O201590,5,2024-11-05,C51044,P1078,4,62.55,5.0,42.8,completed
O204799,3,2023-06-16,C53236,P1113,1,17.32,5.0,10.21,completed
O201093,2,2024-07-24,C50733,P1047,1,49.02,0.0,23.53,completed
O200211,3,2024-01-10,C50148,P1015,1,187.54,20.0,182.85,completed
O200255,1,2024-08-30,C50185,P1090,2,77.14,0.0,50.14,completed
O201847,1,2023-12-22,C51217,P1103,1,15.76,0.0,6.3,completed
O203348,2,2024-06-22,C52209,P1093,2,15.34,0.0,6.14,completed
O203349,4,2024-12-06,C52210,P1061,2,12.42,20.0,7.45,completed
O205107,1,"Dec 04, 2024",C53471,P1104,1,21.97,10.0,9.76,completed
O201037,2,2024-08-22,C50707,P1083,3,49.42,0.0,32.12,completed
O202091,4,2023-09-10,C51394,P1113,5,16.41,10.0,10.21,completed
O204663,1,2023-04-17,C53131,P1010,1,113.39,0.0,88.44,completed
O201240,2,2024-05-03,C50810,P1021,1,163.75,0.0,127.73,completed
O202371,2,2023-07-06,C51577,P1018,5,90.93,15.0,83.44,completed
O203632,2,25/03/2024,C52407,P1074,2,79.32,0.0,51.56,completed
O205248,3,2024-03-07,C53558,P1017,1,222.03,0.0,173.18,completed
O201524,4,2024-12-28,C50987,P1114,1,11.91,0.0,6.67,completed
O204275,2,2024-12-20,C52849,P1025,1,31.9,20.0,24.73,completed
O201824,1,10/12/2023,C51207,P1050,1,27.31,20.0,16.39,completed
O202998,1,2024-11-23,C51970,P1014,1,202.18,40.0,262.84,completed
O203446,1,"Jun 30, 2024",C52287,P1063,3,30.29,15.0,17.1,completed
O204091,2,26/07/2023,C52722,P1094,2,17.6,0.0,7.04,completed
O202702,1,2024-12-05,C51811,P1087,1,37.29,20.0,30.3,completed
O201992,2,2024-10-07,C51320,P1013,1,187.98,0.0,146.62,completed
O202818,2,2024-04-27,C51876,P1077,1,45.32,5.0,31.01,completed
O205664,3,2024-01-28,C53861,P1015,3,234.42,0.0,182.85,completed
O201092,1,2023-07-30,C50733,P1098,1,10.98,10.0,4.88,completed
O200494,2,2024-11-17,C50359,P1016,1,113.0,0.0,88.14,completed
O202237,2,2024-11-25,C51499,P1030,1,42.9,30.0,37.99,completed
O205662,1,2024-10-13,C53860,P1041,1,71.64,0.0,44.42,completed
O201674,5,20/11/2023,C51082,P1015,1,234.42,,182.85,completed
O201126,1,23/06/2024,C50755,P1117,1,27.56,0.0,15.43,completed
O205566,1,2024-05-24,C53790,P1057,1,29.26,0.0,,completed
O200675,2,01/12/2024,C50476,P1032,1,28.22,30.0,25.0,completed
O202895,3,05/04/2024,C51915,P1037,2,46.67,0.0,28.94,completed
O202764,2,2024-11-21,C51840,P1004,3,304.09,0.0,237.19,completed
O205603,1,"Jul 20, 2024",C53823,P1099,5,21.33,0.0,8.53,completed
O204210,4,2024-12-05,C52791,P1034,2,19.73,40.0,20.39,completed
O201738,3,2024-05-04,C51142,P1013,1,169.18,10.0,,completed
O202021,1,"Mar 19, 2024",C51344,P1052,1,41.8,5.0,21.12,completed
O200822,2,2024-11-01,C50550,P1092,1,14.85,15.0,6.99,completed
O204894,3,2024-07-01,C53302,P1105,4,11.26,10.0,5.0,completed
O200486,5,2024-12-22,C50354,P1012,1,264.15,5.0,216.88,completed
O204410,1,2024-07-28,C52949,P1074,2,79.32,0.0,51.56,completed
O204366,1,2024-10-20,C52914,P1054,1,25.81,10.0,13.77,completed
O204538,2,2024-08-11,C53042,P1053,2,17.19,0.0,8.25,completed
O200115,2,2024-09-15,C50082,P1062,1,24.21,15.0,13.67,completed
O200390,2,2023-12-09,C50280,P1092,2,15.72,10.0,6.99,completed
O204859,1,2024-09-01,C53275,P1062,2,25.63,10.0,13.67,completed
O202832,1,22/12/2024,C51886,P1115,3,25.43,0.0,14.24,completed
O202901,1,2024-08-29,C51919,P1095,2,8.33,10.0,3.7,completed
O202613,2,2024-07-08,C51751,P1029,1,60.73,0.0,37.65,completed
O200829,2,22/07/2023,C50557,P1073,2,36.39,0.0,23.65,completed
O201991,1,28/09/2024,C51320,P1079,2,85.12,0.0,55.33,completed
O200976,3,2024-11-26,C50660,P1114,4,10.72,10.0,6.67,completed
O205084,2,07/10/2024,C53446,P1028,3,53.38,10.0,36.77,completed
O203726,1,2024-05-28,C52467,P1004,1,304.09,0.0,237.19,completed
O204002,1,2024-08-23,C52655,P1099,1,21.33,0.0,8.53,completed
O205294,1,2024-01-02,C53599,P1034,-1,26.31,20.0,20.39,returned
O201770,1,13/05/2023,C51170,P1092,4,15.72,10.0,6.99,completed
O205160,4,2024-06-10,C53504,P1024,1,149.85,10.0,129.87,completed
O200349,1,2024-08-22,C50256,P1114,2,11.91,0.0,6.67,completed
O202381,1,2024-09-26,C51582,P1028,1,59.31,0.0,36.77,completed
O201243,2,2024-12-15,C50812,P1111,2,27.43,10.0,17.07,completed
O204827,1,2024-10-11,C53253,P1003,4,273.9,0.0,213.64,returned
O200769,2,2023-10-16,C50524,P1120,2,20.68,5.0,12.19,completed
O205368,2,2024-02-03,C53648,P1038,2,32.46,0.0,20.13,completed
O204507,4,2024-01-09,C53020,P1095,1,6.48,30.0,3.7,completed
O201558,2,2023-04-09,C51017,P1063,1,35.63,0.0,17.1,completed
O203361,1,2024-12-09,C52220,P1068,1,21.52,20.0,12.91,completed
O203049,3,2023-07-27,C52008,P1023,1,355.1,0.0,276.98,completed
O201391,2,2024-07-04,C50915,P1107,2,12.43,0.0,4.97,completed
O201264,1,2024-12-14,C50824,P1065,4,31.93,30.0,21.89,completed
O202342,1,2024-07-07,C51567,P1078,1,59.26,10.0,42.8,completed
O203426,1,2024-05-08,C52268,P1045,1,52.37,0.0,32.47,completed
O201144,2,28/04/2024,C50763,P1084,4,48.91,0.0,31.79,completed
O201260,4,2024-01-04,C50820,P1090,1,54.0,30.0,50.14,completed
O203332,1,20/03/2023,C52202,P1099,2,21.33,0.0,8.53,completed
O203404,4,2024-08-19,C52248,P1008,1,152.33,0.0,118.82,completed
O202372,3,"Dec 18, 2024",C51577,P1110,1,8.27,20.0,5.79,completed
O200493,4,2024-06-22,C50359,P1112,1,24.87,10.0,15.47,completed
O201820,1,2024-04-30,C51204,P1114,1,11.31,5.0,6.67,completed
O203670,1,2023-03-22,C52438,P1041,2,71.64,0.0,44.42,completed
O202954,5,2024-11-28,C51950,P1069,1,38.98,20.0,23.39,completed
O200772,3,2023-04-17,C50526,P1015,2,210.98,10.0,182.85,completed
O203587,1,2023-10-05,C52378,P1066,1,47.32,0.0,22.71,completed
O202413,2,30/08/2024,C51605,P1032,1,38.3,5.0,25.0,completed
O204642,6,2024-09-26,C53118,P1008,2,152.33,0.0,118.82,completed
O205183,1,2024-12-20,C53516,P1010,1,68.03,40.0,88.44,completed
O201406,3,2023-11-05,C50925,P1086,2,78.87,0.0,51.27,completed
O202144,4,2024-08-12,C51430,P1079,1,85.12,0.0,55.33,completed
O205558,1,"Nov 01, 2023",C53784,P1023,3,355.1,0.0,276.98,completed
O203969,4,"Dec 14, 2024",C52639,P1027,1,45.13,30.0,39.97,completed
O205593,4,2023-02-19,C53812,P1054,2,28.68,0.0,13.77,completed
O202220,1,2024-11-27,C51483,P1098,4,9.76,,4.88,completed
O201776,1,"Apr 07, 2024",C51172,P1026,2,41.43,0.0,25.69,completed
O204450,2,2024-07-07,C52977,P1046,1,52.35,5.0,34.17,completed
O204675,1,2024-11-25,C53143,P1074,1,71.39,10.0,51.56,completed
O204551,2,2024-09-17,C53054,P1018,2,106.98,0.0,83.44,completed
O205300,4,2024-12-24,C53605,P1083,3,49.42,0.0,32.12,completed
O201860,2,2024-09-14,C51224,P1035,4,67.22,0.0,41.68,completed
O201260,2,2024-01-04,C50820,P1050,2,23.9,30.0,16.39,completed
O205808,1,2024-05-24,C53963,P1015,2,210.98,10.0,182.85,completed
O205491,2,2024-05-10,C53735,P1012,1,278.05,0.0,216.88,completed
O203692,1,2024-10-14,C52454,P1114,3,11.91,0.0,6.67,completed
O204738,2,2024-01-10,C53182,P1092,2,13.98,20.0,6.99,completed
O202227,3,21/11/2024,C51486,P1074,1,79.32,0.0,51.56,completed
O203189,2,2024-05-04,C52101,P1081,2,77.57,0.0,50.42,completed
O203068,1,26/10/2024,C52016,P1034,2,32.89,0.0,20.39,completed
O202438,3,"Oct 05, 2023",C51624,P1074,2,79.32,0.0,51.56,completed
O204820,3,2024-12-28,C53251,P1094,1,16.72,5.0,7.04,completed
O204808,6,2023-10-09,C53244,P1100,1,11.38,10.0,5.06,completed
O205231,2,2024-09-25,C53548,P1015,1,210.98,10.0,182.85,completed
O204744,4,2024-12-29,C53188,P1109,1,35.47,5.0,20.91,completed
O205608,3,2024-12-03,C53824,P1084,1,34.24,30.0,31.79,completed
O203644,2,2024-11-15,C52413,P1115,2,24.16,5.0,14.24,completed
O203234,3,"Mar 30, 2024",C52138,P1002,1,102.31,0.0,79.8,completed
O200879,3,2023-06-09,C50588,P1015,1,234.42,0.0,182.85,returned
O202586,1,2023-08-14,C51724,P1021,4,163.75,0.0,127.73,completed
O205325,1,2024-11-28,C53619,P1053,1,10.31,40.0,8.25,completed
O204553,2,2024-02-18,C53055,P1077,3,47.7,0.0,31.01,completed
O200479,1,2024-02-02,C50347,P1117,3,27.56,0.0,15.43,completed
O202174,1,2024-11-23,C51447,P1030,2,49.02,20.0,37.99,completed
O202173,1,2024-11-10,C51446,P1013,1,187.98,0.0,146.62,completed
O201763,2,2024-12-03,C51163,P1076,1,79.39,10.0,57.34,completed
O200402,2,2023-07-27,C50290,P1091,1,23.72,0.0,9.49,completed
O201623,2,2024-11-28,C51060,P1032,1,28.22,,25.0,completed
O203132,2,"Sep 21, 2023",C52063,P1023,1,355.1,0.0,276.98,completed
O205792,3,2024-12-04,C53949,P1087,1,37.29,20.0,30.3,completed
O204171,3,2023-11-23,C52758,P1070,1,27.34,10.0,14.58,completed
O202100,1,2024-12-15,C51402,P1015,1,187.54,20.0,182.85,
O205031,3,2024-11-25,C53401,P1074,3,47.59,40.0,51.56,completed
O202659,3,03/09/2024,C51782,P1026,2,41.43,0.0,25.69,completed
O202064,2,2023-03-07,C51376,P1087,3,46.61,0.0,30.3,completed
O201291,2,2024-06-26,C50842,P1108,1,15.87,0.0,6.35,completed
O200405,5,2023-04-25,C50290,P1041,3,71.64,0.0,44.42,completed
O204029,1,2024-05-31,C52672,P1118,1,24.8,0.0,13.89,completed
O203979,3,2024-12-05,C52645,P1011,2,264.63,,229.34,completed
O205113,3,14/07/2024,C53472,P1093,5,14.57,5.0,6.14,completed
O205274,1,2024-02-05,C53585,P1078,5,65.84,0.0,42.8,completed
O200921,3,"Aug 03, 2024",C50618,P1008,1,152.33,0.0,118.82,completed
O205327,1,2024-11-23,C53620,P1043,2,31.88,10.0,21.96,completed
O200868,3,2023-12-07,C50583,P1068,1,21.52,20.0,12.91,completed
O205466,2,14/11/2024,C53713,P1093,1,15.34,0.0,6.14,completed
O202912,1,2024-09-27,C51924,P1015,2,234.42,0.0,182.85,completed
O203389,1,24/11/2024,C52235,P1015,5,164.09,30.0,182.85,completed
O205757,2,31/12/2024,C53928,P1056,1,24.84,0.0,11.92,completed
O205457,4,2023-12-10,C53710,P1015,1,187.54,20.0,182.85,completed
O205228,1,2023-12-02,C53546,P1024,2,149.85,10.0,129.87,completed
O201707,1,2024-11-26,C51110,P1081,1,62.06,20.0,50.42,completed
O202136,1,"Dec 21, 2023",C51426,P1022,3,124.65,0.0,97.23,completed
O203762,1,2024-09-02,C52490,P1083,2,46.95,5.0,32.12,completed
O202207,2,2024-04-28,C51476,P1042,2,61.58,,40.19,completed
O201471,4,2024-10-06,C50966,P1043,1,35.42,0.0,21.96,completed
O204250,1,2024-03-14,C52834,P1041,5,64.48,10.0,44.42,completed
O201228,1,"Oct 15, 2024",C50804,P1015,3,199.26,15.0,182.85,completed
O202163,1,2023-12-20,C51442,P1073,1,25.47,30.0,23.65,completed
O201249,1,2024-12-05,C50816,P1117,1,22.05,20.0,15.43,completed
O200152,1,2024-07-23,C50111,P1005,1,61.99,0.0,48.35,completed
O203474,1,"Dec 11, 2023",C52306,P1015,1,210.98,10.0,182.85,completed
O200197,3,"May 30, 2024",C50138,P1059,1,22.43,0.0,10.77,completed
O202228,4,2024-09-28,C51490,P1105,1,10.63,15.0,5.0,completed
O204294,1,2024-12-02,C52859,P1053,1,13.75,20.0,8.25,returned
O201915,1,2024-04-08,C51268,P1067,1,26.89,5.0,13.59,completed
O201199,1,2024-01-12,C50791,P1075,5,39.16,40.0,42.42,completed
O203395,1,21/07/2023,C52238,P1015,1,234.42,0.0,182.85,completed
O200919,1,2024-05-03,C50617,P1100,1,12.02,5.0,5.06,completed
O202039,4,19/08/2024,C51361,P1097,1,10.71,0.0,4.28,completed
O201539,2,2023-03-16,C51003,P1044,1,55.48,0.0,34.4,completed
O202451,1,"Sep 03, 2024",C51631,P1015,3,234.42,0.0,182.85,completed
O205827,1,"Dec 28, 2024",C53974,P1012,1,278.05,0.0,216.88,completed
O204017,1,2023-10-16,C52665,P1088,1,60.76,0.0,39.49,completed
O202633,1,"Nov 28, 2024",C51764,P1088,1,42.53,30.0,39.49,completed
O201924,4,09/12/2024,C51273,P1015,3,210.98,10.0,182.85,completed
O205361,1,2024-11-02,C53644,P1062,2,28.48,0.0,13.67,completed
O201334,1,2024-09-01,C50878,P1005,3,55.79,10.0,48.35,completed
O201881,4,2024-01-26,C51238,P1098,3,12.2,0.0,4.88,completed
O203112,3,2024-08-30,C52051,P1083,1,49.42,0.0,32.12,completed
O203158,3,2024-01-22,C52078,P1094,1,17.6,0.0,7.04,completed
O202436,1,"Dec 01, 2024",C51622,P1041,1,50.15,30.0,44.42,completed
O205847,1,2024-12-16,C53986,P1036,1,69.5,20.0,53.87,completed
O201719,3,2024-03-31,C51128,P1032,1,34.27,15.0,25.0,completed
O201418,3,2024-07-21,C50932,P1104,1,21.97,10.0,9.76,completed
O200854,4,2024-07-16,C50577,P1060,1,46.08,10.0,24.58,completed
O200020,5,2024-09-26,C50012,P1052,3,44.0,0.0,21.12,completed
O201212,4,2023-12-19,C50794,P1059,1,15.7,30.0,10.77,completed
O202069,1,2023-11-06,C51377,P1099,1,19.2,10.0,8.53,completed
O202061,4,2024-10-10,C51375,P1097,1,10.17,5.0,4.28,completed
O202856,1,2024-11-25,C51899,P1065,1,36.49,20.0,21.89,
O204757,1,2023-11-15,C53199,P1044,4,55.48,0.0,34.4,returned
O200575,3,2024-09-06,C50412,P1015,1,234.42,0.0,182.85,completed
O202761,1,16/04/2024,C51838,P1015,1,234.42,0.0,182.85,completed
O200923,1,2024-11-12,C50621,P1079,1,85.12,0.0,55.33,completed
O202886,1,"Sep 28, 2024",C51909,P1065,1,45.61,0.0,21.89,completed
O203046,4,2024-08-28,C52007,P1034,3,31.25,5.0,20.39,completed
O201747,3,2023-09-28,C51151,P1056,5,24.84,0.0,11.92,completed
O202312,3,2024-04-10,C51553,P1002,2,86.96,15.0,79.8,completed
O205740,2,2023-06-25,C53914,P1102,1,30.56,0.0,12.22,completed
O205338,6,22/05/2023,C53629,P1049,3,44.95,0.0,21.58,completed
O202887,1,03/08/2024,C51909,P1069,1,48.72,0.0,23.39,completed
O202375,3,"Nov 26, 2024",C51578,P1060,1,40.96,20.0,24.58,completed
O204302,3,06/03/2024,C52864,P1070,1,30.38,0.0,14.58,completed
O203696,1,2024-05-03,C52456,P1096,1,10.19,0.0,4.08,completed
O204362,3,2023-12-14,C52911,P1080,1,45.81,10.0,33.09,completed
O204231,1,"Dec 04, 2023",C52812,P1040,1,47.87,30.0,42.4,completed
O205630,1,2024-12-05,C53841,P1070,1,27.34,10.0,14.58,completed
O203271,1,2024-01-03,C52169,P1073,1,25.47,30.0,23.65,
O200087,1,2024-10-17,C50063,P1051,2,35.83,5.0,18.11,completed
O202370,2,2023-08-19,C51577,P1109,4,37.34,0.0,20.91,completed
O203520,1,23/11/2024,C52344,P1114,2,9.53,20.0,6.67,completed
O203763,1,2024-05-25,C52493,P1032,1,40.32,0.0,25.0,completed
O204270,1,2024-12-20,C52848,P1002,1,81.85,20.0,79.8,completed
O200087,2,2024-10-17,C50063,P1023,1,355.1,0.0,276.98,completed
O203760,2,03/04/2024,C52490,P1021,2,155.56,5.0,,completed
O203517,1,"Dec 01, 2024",C52341,P1044,1,49.93,10.0,34.4,returned
O203222,3,2024-07-06,C52127,P1046,1,55.11,0.0,34.17,completed
O204571,2,2024-11-06,C53066,P1108,2,15.87,0.0,6.35,completed
O200351,3,2024-05-08,C50256,P1090,2,69.43,10.0,50.14,completed
O204160,1,2024-06-14,C52753,P1109,2,37.34,0.0,20.91,completed
O203528,3,23/11/2024,C52347,P1034,1,29.6,10.0,20.39,completed
O201462,5,30/11/2024,C50959,P1031,2,129.74,10.0,89.37,completed
O203864,1,2024-01-31,C52558,P1037,1,46.67,0.0,28.94,completed
O200201,1,2024-11-27,C50142,P1112,4,16.58,40.0,15.47,completed
O202705,5,2023-11-22,C51813,P1100,-2,10.12,20.0,5.06,returned
O204843,1,2024-03-04,C53264,P1077,1,45.32,5.0,31.01,completed
O203478,5,06/08/2024,C52311,P1049,3,44.95,0.0,21.58,completed
O205102,2,"Jun 30, 2024",C53467,P1079,1,85.12,0.0,55.33,completed
O202074,2,30/07/2023,C51382,P1118,1,24.8,0.0,13.89,completed
O203553,1,2023-06-06,C52360,P1109,2,37.34,0.0,20.91,completed
O204799,2,16/06/2023,C53236,P1078,3,62.55,5.0,,completed
O205698,2,2024-08-04,C53886,P1067,5,28.31,0.0,13.59,completed
O200062,6,2023-09-16,C50037,P1051,3,37.72,0.0,18.11,completed
O200631,2,2024-11-29,C50443,P1009,2,125.72,30.0,140.09,completed
O202948,4,2023-06-04,C51944,P1034,-2,32.89,0.0,20.39,returned
O202843,4,2024-03-28,C51892,P1088,1,60.76,0.0,39.49,completed
O204806,1,2024-09-05,C53243,P1040,1,68.39,0.0,42.4,returned
O202533,4,2024-10-19,C51688,P1020,1,176.36,0.0,137.56,returned
O201738,1,2024-05-04,C51142,P1112,1,27.63,0.0,15.47,completed
O202464,1,2024-10-26,C51641,P1032,3,40.32,0.0,25.0,completed
O201861,1,2024-07-30,C51224,P1040,1,68.39,0.0,42.4,completed
O205596,2,2024-05-06,C53817,P1112,1,24.87,10.0,15.47,completed
O204346,1,2024-12-31,C52898,P1120,1,21.77,0.0,12.19,completed
O200635,2,2023-11-21,C50448,P1114,1,11.91,0.0,6.67,completed
O203252,1,"Jan 14, 2023",C52154,P1044,2,38.84,30.0,34.4,completed
O205112,3,"Dec 30, 2024",C53472,P1062,1,28.48,0.0,13.67,completed
O204535,3,2024-09-24,C53041,P1057,1,26.33,10.0,14.04,completed
O203924,3,14/11/2023,C52603,P1057,1,29.26,0.0,14.04,completed
O204980,1,2023-11-25,C53363,P1045,1,36.66,30.0,32.47,completed
O202426,2,2023-11-19,C51612,P1030,2,55.15,10.0,37.99,completed
O203816,1,2023-11-24,C52522,P1056,2,17.39,30.0,11.92,completed
O204708,4,2024-07-03,C53165,P1088,1,60.76,0.0,39.49,completed
O200718,2,2023-10-20,C50496,P1111,2,30.48,0.0,17.07,completed
O203585,1,2024-12-31,C52377,P1060,1,51.2,0.0,24.58,completed
O200742,1,08/03/2024,C50508,P1101,1,13.28,15.0,6.25,completed
O202895,3,05/04/2024,C51915,P1037,2,46.67,0.0,28.94,completed
O203705,2,2024-08-23,C52459,P1074,2,79.32,0.0,51.56,completed
O204151,3,2023-12-08,C52749,P1096,1,8.15,20.0,4.08,completed
O204338,1,17/08/2024,C52891,P1005,2,61.99,0.0,48.35,
O201177,1,2023-06-05,C50781,P1015,1,234.42,0.0,182.85,completed
O204258,1,2024-08-23,C52841,P1097,1,10.71,0.0,4.28,completed
O205518,3,2023-11-05,C53753,P1085,1,31.26,0.0,20.32,completed
O203230,1,2024-06-30,C52130,P1102,3,30.56,0.0,12.22,completed
O204714,1,2024-09-22,C53166,P1114,1,11.91,0.0,6.67,completed
O200810,3,07/08/2023,C50543,P1078,4,62.55,5.0,42.8,completed
O204225,1,"Jan 18, 2024",C52803,P1030,1,61.28,0.0,37.99,completed
O205518,5,05/11/2023,C53753,P1081,1,77.57,0.0,50.42,completed
O203116,2,2023-12-10,C52053,P1042,1,51.86,20.0,40.19,completed
O204850,1,2024-12-31,C53268,P1040,1,68.39,0.0,42.4,completed
O202000,1,2024-10-11,C51330,P1120,1,19.59,10.0,12.19,completed
O201635,3,2024-05-03,C51063,P1016,1,113.0,0.0,88.14,completed
O203478,2,2024-08-06,C52311,P1040,1,68.39,0.0,42.4,completed
O204744,2,"Dec 29, 2024",C53188,P1095,1,8.33,10.0,3.7,completed
O204254,2,2024-07-09,C52839,P1057,1,29.26,,14.04,completed
O204447,1,2024-02-08,C52976,P1038,1,32.46,0.0,20.13,completed
O204014,4,11/03/2024,C52665,P1085,3,31.26,0.0,20.32,completed
O205564,5,2023-12-08,C53789,P1088,1,36.46,40.0,39.49,completed
O204186,2,2023-06-14,C52773,P1032,1,40.32,0.0,25.0,completed
O203639,1,2023-12-03,C52410,P1019,1,205.71,30.0,229.22,returned
O200905,2,2023-01-01,C50610,P1066,2,37.86,20.0,22.71,returned
O201774,3,23/06/2024,C51171,P1086,3,74.93,5.0,51.27,completed
O205814,1,2023-11-11,C53965,P1074,1,67.42,15.0,51.56,completed
O200606,1,2024-12-30,C50429,P1013,1,187.98,0.0,146.62,completed
O203886,4,2024-11-30,C52567,P1092,1,12.23,30.0,6.99,completed
O203495,4,2024-04-22,C52322,P1088,2,60.76,0.0,39.49,completed
O202175,1,2024-11-22,C51448,P1076,1,79.39,10.0,57.34,completed
O202086,5,"Aug 03, 2024",C51391,P1030,1,61.28,0.0,37.99,completed
O204908,2,24/10/2024,C53312,P1074,5,79.32,0.0,51.56,completed
O201101,1,2024-11-10,C50741,P1058,2,64.89,0.0,31.15,completed
O201371,1,2024-11-01,C50899,P1062,1,28.48,0.0,13.67,completed
O201796,3,2023-03-24,C51196,P1001,2,214.35,,167.19,completed
O200921,2,2024-08-03,C50618,P1057,1,29.26,0.0,14.04,completed
O201053,2,15/09/2024,C50709,P1064,1,38.8,10.0,20.69,completed
O201416,1,2024-07-25,C50931,P1074,2,79.32,0.0,51.56,completed
O202785,2,2024-10-19,C51853,P1077,1,47.7,0.0,31.01,completed
O201294,2,2024-02-08,C50847,P1030,1,61.28,0.0,37.99,completed
O204492,1,2024-07-08,C53008,P1048,2,36.62,0.0,17.58,completed
O205410,2,2024-06-20,C53681,P1072,-1,19.89,0.0,9.55,returned
O205353,1,2024-11-30,C53637,P1065,2,36.49,20.0,21.89,completed
O200601,2,2024-07-07,C50427,P1069,1,46.28,5.0,23.39,completed
O201744,5,2023-01-13,C51148,P1016,1,90.4,20.0,88.14,completed
O201329,4,2024-12-03,C50874,P1067,1,22.65,20.0,13.59,completed
O204665,2,2023-11-22,C53132,P1112,1,24.87,10.0,15.47,completed
O203852,4,2024-06-22,C52552,P1108,3,14.28,10.0,6.35,completed
O200961,5,"Sep 28, 2024",C50650,P1096,2,10.19,0.0,4.08,completed
O202697,2,13/12/2024,C51809,P1048,-4,25.63,30.0,17.58,returned
O202518,3,2024-10-24,C51676,P1050,1,34.14,0.0,16.39,completed
O202619,4,2024-12-14,C51754,P1052,1,35.2,20.0,21.12,completed
O200880,2,17/04/2024,C50588,P1008,1,152.33,0.0,118.82,completed
O200710,3,23/02/2023,C50494,P1035,1,67.22,0.0,41.68,completed
O203660,2,28/06/2023,C52427,P1011,1,249.93,15.0,229.34,
O202355,1,20/12/2024,C51572,P1030,2,42.9,30.0,37.99,completed
O201665,2,2024-11-27,C51071,P1041,2,64.48,10.0,44.42,completed
O203327,1,2024-12-29,C52196,P1029,2,60.73,0.0,37.65,completed
O201117,1,2024-05-29,C50751,P1078,1,65.84,0.0,42.8,completed
O201980,2,2024-12-18,C51314,P1008,1,137.1,10.0,118.82,completed
O202400,1,2024-05-02,C51595,P1008,1,144.71,5.0,118.82,completed
O200197,5,2024-05-30,C50138,P1112,2,24.87,10.0,15.47,completed
O203074,1,2024-05-22,C52022,P1032,4,38.3,5.0,25.0,completed
O203570,5,2024-12-09,C52366,P1045,3,41.9,20.0,32.47,completed
O202326,6,2024-10-26,C51559,P1052,1,44.0,0.0,21.12,completed
O204779,2,2024-12-21,C53217,P1064,2,38.8,10.0,20.69,completed
O202508,5,2024-12-01,C51670,P1105,2,10.01,20.0,5.0,completed
O201365,1,2024-06-15,C50893,P1096,3,9.17,10.0,4.08,completed
O203332,2,2023-03-20,C52202,P1077,1,42.93,10.0,31.01,completed
O204782,1,2023-03-20,C53219,P1008,3,152.33,0.0,118.82,completed
O202656,4,22/10/2023,C51779,P1087,2,46.61,0.0,30.3,completed
O204727,1,2024-10-05,C53173,P1041,1,71.64,0.0,44.42,completed
O200522,3,2024-12-28,C50378,P1083,3,49.42,,32.12,completed
O200066,4,2024-06-07,C50041,P1079,2,85.12,0.0,55.33,completed
O201763,1,2024-12-03,C51163,P1001,3,192.92,10.0,167.19,completed
O201048,2,2024-11-30,C50708,P1061,1,10.87,30.0,7.45,completed
O202624,1,"Nov 29, 2024",C51761,P1062,1,19.94,30.0,13.67,completed
O202708,2,"Dec 13, 2024",C51814,P1017,1,133.22,40.0,173.18,completed
O202757,4,2023-04-26,C51835,P1010,1,113.39,0.0,88.44,completed
O200327,5,29/05/2024,C50236,P1015,1,234.42,0.0,182.85,completed
O201371,3,2024-11-01,C50899,P1078,2,65.84,0.0,42.8,completed
O204680,2,09/01/2024,C53145,P1114,2,8.34,30.0,6.67,completed
O205693,4,2023-03-19,C53881,P1006,1,88.57,0.0,69.08,completed
O202856,5,2024-11-25,C51899,P1097,2,8.57,20.0,4.28,completed
O201674,1,2023-11-20,C51082,P1085,1,31.26,0.0,20.32,completed
O201610,2,01/12/2024,C51053,P1015,2,187.54,20.0,182.85,completed
O200345,1,2024-11-27,C50253,P1002,1,92.08,10.0,79.8,completed
O205012,2,2024-07-29,C53384,P1068,1,26.9,0.0,12.91,completed
O200721,3,2023-12-03,C50499,P1033,3,26.77,,23.71,returned
O203420,1,2024-12-16,C52266,P1113,1,16.41,10.0,10.21,completed
O205136,3,2024-12-31,C53482,P1037,-1,46.67,0.0,28.94,returned
O201002,2,2024-05-16,C50689,P1001,1,214.35,0.0,167.19,completed
O204095,4,2024-10-17,C52722,P1076,2,88.21,0.0,57.34,completed
O202536,1,2024-08-23,C51688,P1023,1,355.1,0.0,276.98,completed
O202493,3,30/11/2024,C51660,P1094,1,15.84,10.0,7.04,completed
O200850,1,2024-03-03,C50574,P1019,-2,293.87,0.0,229.22,returned
O205577,4,2024-12-12,C53802,P1018,5,74.89,30.0,83.44,completed
O201229,1,2024-12-16,C50804,P1015,1,164.09,,182.85,completed
O200269,3,2023-12-03,C50197,P1114,1,9.53,20.0,6.67,completed
O203868,3,2024-02-06,C52561,P1088,1,60.76,0.0,39.49,completed
O204300,1,2024-10-15,C52862,P1010,2,113.39,0.0,88.44,returned
O202377,2,2024-11-21,C51579,P1034,1,32.89,0.0,20.39,completed
O204658,3,2024-07-20,C53130,P1062,2,28.48,0.0,13.67,completed
O200060,1,2023-07-29,C50036,P1112,1,24.87,10.0,15.47,completed
O203115,5,2024-04-21,C52052,P1001,2,192.92,10.0,167.19,completed
O203706,1,03/08/2024,C52459,P1094,1,17.6,0.0,7.04,completed
O205694,1,2024-04-13,C53882,P1118,2,24.8,0.0,13.89,completed
O203155,2,2023-06-13,C52076,P1046,1,55.11,0.0,34.17,completed
O200053,1,2024-12-01,C50034,P1013,3,150.38,20.0,146.62,completed
O202630,1,2023-07-14,C51762,P1111,1,30.48,0.0,17.07,completed
O203222,1,2024-07-06,C52127,P1107,1,11.81,5.0,,completed
O204933,1,2024-03-09,C53330,P1034,1,31.25,5.0,20.39,completed
O205572,1,2024-11-16,C53793,P1034,5,32.89,0.0,20.39,completed
O203107,5,2024-04-04,C52048,P1007,1,194.48,0.0,151.69,completed
O204112,2,2024-11-06,C52732,P1015,2,234.42,0.0,182.85,completed
O203299,1,23/08/2024,C52182,P1065,1,45.61,0.0,21.89,completed
O203914,3,2024-11-28,C52588,P1060,2,46.08,10.0,24.58,completed
O205193,1,"Mar 17, 2024",C53522,P1036,3,86.88,0.0,53.87,completed
O205240,2,2024-12-08,C53557,P1065,2,36.49,20.0,21.89,completed
O201353,4,2024-02-26,C50888,P1067,1,25.48,10.0,13.59,completed
O202062,2,2023-11-22,C51376,P1062,3,22.78,20.0,13.67,completed
O205765,2,2023-11-23,C53931,P1025,1,31.9,20.0,24.73,completed
O201288,1,2024-12-29,C50840,P1112,1,24.87,10.0,15.47,completed
O200186,1,"Dec 05, 2024",C50137,P1088,1,54.68,10.0,39.49,completed
O200506,2,2024-06-18,C50365,P1015,4,234.42,0.0,182.85,completed
O203213,3,2024-07-22,C52120,P1008,1,152.33,0.0,118.82,completed
O200737,1,18/04/2023,C50506,P1114,1,10.72,10.0,6.67,completed
O202481,1,2024-06-10,C51650,P1007,2,194.48,0.0,151.69,completed
O200753,2,2024-05-10,C50516,P1108,1,15.87,0.0,6.35,returned
O200958,1,13/10/2023,C50644,P1041,1,71.64,0.0,44.42,completed
O203852,5,22/06/2024,C52552,P1062,4,27.06,5.0,13.67,completed
O200177,1,2024-02-13,C50131,P1074,1,79.32,0.0,51.56,completed
O201666,2,2024-11-02,C51071,P1040,1,64.97,5.0,42.4,completed
O200870,3,2023-01-20,C50583,P1055,1,22.78,15.0,12.86,completed
O201565,2,2023-07-24,C51027,P1002,1,102.31,0.0,79.8,returned
O204489,1,30/04/2024,C53005,P1099,1,21.33,0.0,8.53,completed
O205664,1,2024-01-28,C53861,P1116,1,17.89,5.0,10.54,completed
O205412,1,2024-12-10,C53682,P1108,1,12.7,20.0,6.35,completed
O202215,2,2024-11-26,C51480,P1114,1,9.53,20.0,6.67,completed
O201524,6,2024-12-28,C50987,P1065,-1,45.61,0.0,21.89,returned
O201547,2,2024-08-06,C51012,P1037,1,46.67,0.0,28.94,completed
O200678,2,2023-05-04,C50478,P1027,1,64.47,0.0,39.97,completed
O200473,1,05/12/2024,C50344,P1039,1,26.17,20.0,20.28,completed
O204063,2,2024-12-01,C52703,P1015,4,210.98,10.0,182.85,completed
O202096,1,11/08/2023,C51398,P1050,1,34.14,0.0,16.39,completed
O202510,1,2023-11-01,C51671,P1079,1,85.12,0.0,55.33,completed
O202543,2,23/05/2024,C51692,P1105,1,12.51,0.0,5.0,completed
O203667,2,2024-07-23,C52435,P1032,1,40.32,0.0,25.0,completed
O204996,1,20/11/2023,C53377,P1034,2,29.6,10.0,20.39,completed
O205244,1,"Mar 26, 2023",C53557,P1014,2,320.12,5.0,262.84,completed
O204857,3,2024-06-17,C53275,P1074,1,79.32,0.0,51.56,completed
O202158,4,10/08/2024,C51436,P1034,1,32.89,0.0,20.39,completed
O203537,2,2024-02-27,C52353,P1074,1,79.32,0.0,51.56,completed
O201616,2,2024-08-06,C51058,P1112,1,27.63,0.0,15.47,completed
O205084,1,2024-10-07,C53446,P1053,1,17.19,0.0,8.25,completed
O200992,1,2024-12-17,C50676,P1037,1,37.34,20.0,28.94,completed
O201567,2,2024-11-06,C51028,P1012,1,278.05,0.0,216.88,completed
O204803,3,2024-12-05,C53241,P1014,3,303.27,10.0,262.84,completed
O204060,3,2024-03-16,C52700,P1009,1,179.6,0.0,140.09,completed
O203240,1,2024-11-12,C52146,P1015,1,234.42,0.0,182.85,completed
O204403,1,2024-10-06,C52945,P1066,4,44.95,5.0,22.71,completed
O201628,1,23/08/2024,C51060,P1109,2,35.47,5.0,20.91,completed
O201993,2,2023-04-14,C51322,P1019,1,293.87,0.0,,completed
O200601,5,2024-07-07,C50427,P1082,2,41.93,0.0,27.25,completed
O203523,2,2024-11-29,C52347,P1012,1,194.64,,216.88,completed
O202697,5,2024-12-13,C51809,P1043,1,28.34,20.0,21.96,
O202125,1,07/04/2023,C51423,P1114,3,11.91,0.0,6.67,completed
O201468,2,2023-09-12,C50965,P1015,1,234.42,0.0,182.85,completed
O205030,1,2024-11-24,C53401,P1045,4,47.13,10.0,32.47,completed
O200424,2,2024-07-03,C50305,P1058,5,64.89,0.0,31.15,completed
O204565,1,2024-04-19,C53065,P1047,1,46.57,5.0,23.53,completed
O204829,1,2024-09-25,C53255,P1116,1,18.83,0.0,10.54,completed
O205565,1,2023-08-05,C53790,P1093,1,15.34,0.0,6.14,completed
O205071,1,2024-03-16,C53432,P1003,2,273.9,0.0,213.64,completed
O201909,3,2024-11-27,C51267,P1079,1,68.1,20.0,55.33,completed
O205216,1,29/01/2024,C53539,P1100,4,12.65,,5.06,completed
O200050,1,2024-12-29,C50030,P1027,1,61.25,5.0,39.97,completed
O204494,2,28/11/2023,C53009,P1086,2,63.1,20.0,51.27,completed
O204840,2,13/10/2024,C53263,P1063,1,33.85,5.0,17.1,completed
O201557,2,2024-03-01,C51017,P1114,2,11.31,5.0,6.67,completed
O201892,1,2024-10-28,C51248,P1052,1,44.0,0.0,21.12,completed
O202300,1,30/12/2024,C51544,P1112,1,27.63,0.0,15.47,completed
O202409,1,2024-10-02,C51603,P1015,1,234.42,0.0,182.85,completed
O200902,4,13/01/2023,C50610,P1118,2,19.84,20.0,13.89,completed
O203243,1,2023-08-16,C52149,P1030,1,55.15,10.0,37.99,completed
O201707,4,2024-11-26,C51110,P1088,1,48.61,20.0,39.49,returned
O203040,1,2023-11-04,C51999,P1100,2,12.65,0.0,5.06,completed
O202183,1,07/12/2024,C51454,P1008,1,121.86,20.0,118.82,completed
O204426,5,2024-12-27,C52956,P1009,-1,179.6,,140.09,returned
O205142,2,2024-02-21,C53489,P1051,2,37.72,0.0,18.11,completed
O203053,1,2024-04-23,C52009,P1065,1,45.61,0.0,21.89,completed
O201912,1,2024-12-05,C51268,P1054,1,25.81,10.0,13.77,completed
O203582,1,2024-11-12,C52376,P1026,1,41.43,0.0,25.69,completed
O200188,4,2024-12-14,C50137,P1074,2,63.46,20.0,51.56,completed
O203162,2,24/04/2024,C52083,P1108,2,15.87,0.0,6.35,completed
O201504,2,2024-04-18,C50983,P1120,1,21.77,0.0,12.19,completed
O202118,1,"Oct 15, 2024",C51418,P1024,1,166.5,0.0,129.87,completed
O200447,1,27/05/2024,C50321,P1025,2,39.88,0.0,24.73,completed
O202455,2,2024-06-06,C51634,P1056,1,24.84,0.0,11.92,completed
O205230,1,01/08/2024,C53548,P1078,1,59.26,10.0,42.8,completed
O203090,2,2023-10-05,C52036,P1089,2,78.6,0.0,51.09,completed
O202973,4,"Dec 18, 2023",C51956,P1088,1,48.61,20.0,39.49,completed
O201020,1,19/07/2024,C50699,P1034,4,32.89,0.0,20.39,returned
O201468,1,2023-09-12,C50965,P1114,1,11.91,0.0,6.67,completed
O203972,1,"Oct 04, 2024",C52641,P1008,1,137.1,10.0,118.82,completed
O205403,1,2023-11-30,C53675,P1113,2,16.41,10.0,10.21,completed
O200256,4,2024-12-06,C50186,P1104,1,14.65,40.0,9.76,completed
O205159,1,2023-12-18,C53504,P1074,1,71.39,10.0,51.56,
O203255,1,2024-01-13,C52155,P1114,4,9.53,20.0,6.67,completed
O202890,2,2023-12-13,C51910,P1059,1,15.7,30.0,10.77,completed
O203052,1,2024-11-22,C52009,P1074,1,55.52,30.0,51.56,completed
O201299,2,09/01/2024,C50848,P1100,1,7.59,40.0,,completed
O200965,2,2023-11-17,C50653,P1040,1,61.55,10.0,42.4,completed
O203198,1,06/09/2023,C52108,P1055,2,26.8,0.0,,completed
O200197,2,2024-05-30,C50138,P1029,1,60.73,0.0,37.65,completed
O202964,5,2023-09-27,C51954,P1078,3,65.84,0.0,42.8,completed
O200995,1,2023-11-23,C50680,P1054,4,20.08,30.0,13.77,completed
O203234,2,2024-03-30,C52138,P1028,2,59.31,0.0,36.77,completed
O201377,5,25/07/2024,C50901,P1015,1,210.98,10.0,182.85,completed
O200155,3,2024-05-08,C50115,P1029,2,51.62,15.0,37.65,completed
O202620,2,"Sep 25, 2024",C51754,P1015,1,222.7,5.0,182.85,completed
O201886,1,"Mar 04, 2024",C51241,P1101,1,14.06,10.0,6.25,completed
O204799,1,2023-06-16,C53236,P1057,-2,29.26,0.0,14.04,returned
O204383,2,"Nov 23, 2024",C52937,P1034,2,29.6,10.0,20.39,completed
O203356,4,"Dec 28, 2023",C52213,P1068,1,25.55,5.0,12.91,completed
O205329,2,2024-08-03,C53622,P1090,4,77.14,0.0,50.14,completed
O202966,1,2023-08-25,C51954,P1019,1,293.87,0.0,229.22,completed
O201318,1,2024-12-31,C50864,P1117,1,26.18,5.0,15.43,completed
O200081,1,16/05/2024,C50059,P1094,1,17.6,0.0,7.04,completed
O202498,2,2024-11-25,C51665,P1114,2,10.72,10.0,6.67,completed
O205725,1,2024-10-23,C53903,P1084,1,48.91,0.0,31.79,completed
O204937,3,2024-09-19,C53332,P1081,2,65.93,15.0,50.42,completed
O203821,2,2024-08-14,C52527,P1062,1,24.21,15.0,13.67,completed
O203325,1,2023-05-13,C52194,P1078,1,65.84,0.0,42.8,
O204659,1,2023-07-25,C53130,P1030,1,61.28,0.0,37.99,completed
O200943,1,20/04/2024,C50635,P1095,1,9.25,0.0,3.7,completed
O205698,3,2024-08-04,C53886,P1044,1,55.48,0.0,34.4,completed
O200512,2,"Nov 13, 2023",C50370,P1006,1,88.57,0.0,69.08,completed
O203317,1,2024-09-18,C52185,P1070,3,30.38,,14.58,completed
O203579,1,2024-12-21,C52373,P1093,3,15.34,0.0,6.14,completed
O205354,4,2023-09-01,C53639,P1049,1,44.95,0.0,21.58,completed
O200178,2,2023-10-26,C50133,P1086,1,74.93,5.0,51.27,completed
O200823,1,2023-03-19,C50551,P1087,1,39.62,15.0,30.3,completed
O201934,2,12/09/2024,C51277,P1011,3,294.03,0.0,229.34,completed
O200149,2,2023-12-05,C50104,P1096,2,7.13,30.0,4.08,completed
O201214,1,"Nov 25, 2024",C50796,P1032,4,32.26,20.0,25.0,completed
O201660,1,2023-02-02,C51069,P1042,1,64.82,0.0,40.19,completed
O205691,1,2023-06-14,C53881,P1047,2,41.67,15.0,23.53,completed
O203353,1,2024-02-27,C52212,P1061,1,15.53,0.0,7.45,completed
O202153,3,"May 29, 2024",C51435,P1109,1,35.47,5.0,20.91,completed
O201685,3,2024-12-03,C51090,P1031,2,129.74,10.0,89.37,completed
O204208,3,"Dec 20, 2024",C52790,P1099,1,19.2,10.0,8.53,completed
O204352,1,"Jun 03, 2024",C52901,P1007,1,194.48,0.0,151.69,completed
O203546,5,2024-08-13,C52359,P1056,2,24.84,0.0,11.92,completed
O204013,1,2024-03-03,C52663,P1065,3,41.05,,21.89,completed
O202181,2,2024-08-17,C51453,P1102,1,30.56,0.0,12.22,completed
O205031,1,25/11/2024,C53401,P1061,2,10.87,30.0,7.45,completed
O200810,5,"Aug 07, 2023",C50543,P1071,1,18.65,0.0,,completed
O205727,1,2024-08-27,C53904,P1081,2,77.57,0.0,50.42,completed
O202889,1,2024-11-03,C51910,P1088,1,60.76,0.0,39.49,completed
O205534,3,2023-03-30,C53763,P1017,1,199.83,10.0,173.18,completed
O205133,1,2024-08-26,C53481,P1114,1,11.91,0.0,6.67,completed
O203115,4,21/04/2024,C52052,P1091,1,23.72,0.0,9.49,completed
O204803,1,2024-12-05,C53241,P1064,1,38.8,10.0,20.69,completed
O200862,1,2024-02-11,C50581,P1010,2,113.39,0.0,88.44,completed
O201177,5,2023-06-05,C50781,P1024,1,158.17,5.0,129.87,completed
O203301,1,2023-10-18,C52182,P1069,1,48.72,0.0,23.39,completed
O204852,2,2024-12-08,C53269,P1006,1,79.71,10.0,69.08,completed
O200228,1,02/11/2024,C50158,P1025,1,39.88,0.0,24.73,returned
O204099,2,2023-11-24,C52725,P1003,1,246.51,10.0,213.64,completed
O202290,3,2024-12-20,C51530,P1079,1,68.1,20.0,55.33,completed
O202506,1,2024-12-10,C51669,P1095,1,7.4,20.0,3.7,completed
O205759,4,2024-12-30,C53928,P1012,1,278.05,,216.88,completed
O202219,1,2023-04-13,C51482,P1021,1,163.75,0.0,127.73,completed
O201829,5,25/11/2024,C51209,P1102,2,24.45,20.0,12.22,completed
O201030,1,28/07/2024,C50706,P1095,1,9.25,0.0,3.7,completed
O205498,1,2024-04-15,C53742,P1111,1,30.48,0.0,17.07,returned
O204229,1,2024-10-16,C52806,P1003,1,273.9,0.0,213.64,completed
O202255,4,2024-02-26,C51507,P1066,1,47.32,0.0,22.71,completed
O201998,2,2023-10-03,C51330,P1105,2,10.63,15.0,5.0,completed
O201503,1,2024-04-08,C50983,P1012,1,278.05,0.0,216.88,returned
O200607,4,2024-04-02,C50429,P1076,1,83.8,5.0,57.34,completed
O204676,2,2024-06-30,C53144,P1029,1,57.69,5.0,37.65,completed
O204282,2,2024-05-30,C52853,P1004,2,273.68,10.0,237.19,completed
O201980,1,2024-12-18,C51314,P1074,2,63.46,20.0,51.56,completed
O201390,1,2024-07-16,C50915,P1077,1,47.7,0.0,31.01,completed
O200678,5,2023-05-04,C50478,P1033,2,36.33,5.0,23.71,completed
O203207,2,2024-12-23,C52114,P1087,3,44.28,5.0,30.3,completed
O202052,1,02/11/2023,C51372,P1109,1,37.34,0.0,20.91,completed
O201493,3,2024-07-01,C50979,P1018,1,106.98,0.0,83.44,completed
O201603,6,2024-03-14,C51050,P1064,2,43.11,0.0,20.69,completed
O203225,3,2024-02-23,C52129,P1031,1,144.15,0.0,89.37,completed
O205511,2,2023-06-20,C53751,P1027,1,64.47,,39.97,completed
O205442,3,16/12/2024,C53697,P1001,1,192.92,10.0,167.19,completed
O201472,1,2024-08-15,C50966,P1025,1,39.88,0.0,24.73,completed
O205829,2,2024-11-11,C53975,P1040,1,68.39,0.0,42.4,completed
O204302,1,2024-03-06,C52864,P1041,1,64.48,10.0,44.42,completed
O203153,4,2023-10-28,C52076,P1018,1,90.93,15.0,83.44,completed
O202688,1,2024-12-12,C51802,P1099,3,17.06,20.0,8.53,completed
O204335,1,2024-12-07,C52888,P1096,1,9.17,10.0,4.08,completed
O204429,1,24/10/2024,C52958,P1029,1,60.73,0.0,37.65,completed
O205041,2,2024-09-24,C53403,P1120,5,21.77,0.0,12.19,completed
O205848,1,2023-06-13,C53987,P1009,3,170.62,5.0,140.09,completed
O204562,1,2023-12-07,C53061,P1008,2,106.63,30.0,118.82,completed
O203533,1,2023-04-22,C52350,P1061,2,14.75,5.0,,completed
O201060,1,2024-12-11,C50712,P1109,1,33.61,10.0,20.91,returned
O203831,4,2023-12-20,C52535,P1095,1,6.48,30.0,3.7,completed
O202181,1,"Aug 17, 2024",C51453,P1014,5,286.42,15.0,262.84,completed
O202918,1,2024-12-03,C51928,P1012,1,194.64,30.0,216.88,completed
O200197,4,2024-05-30,C50138,P1049,1,42.7,5.0,21.58,completed
O201661,1,2023-06-19,C51069,P1050,2,34.14,0.0,16.39,completed
O202406,4,2023-12-13,C51600,P1111,1,21.34,30.0,17.07,completed
O204427,2,"Sep 28, 2024",C52956,P1117,1,27.56,0.0,15.43,completed
O202935,1,2024-11-23,C51938,P1015,1,187.54,20.0,182.85,completed
O201218,3,2024-05-27,C50799,P1117,1,27.56,0.0,15.43,completed
O202711,1,2023-11-30,C51817,P1052,2,39.6,10.0,21.12,completed
O201231,4,09/08/2024,C50806,P1083,1,49.42,0.0,32.12,completed
O201224,2,2023-04-08,C50801,P1006,1,88.57,0.0,69.08,completed
O205000,3,17/04/2024,C53378,P1068,1,26.9,0.0,12.91,completed
O205354,2,01/09/2023,C53639,P1062,3,27.06,5.0,13.67,completed
O200164,1,2024-09-14,C50123,P1067,1,24.06,15.0,13.59,completed
O204085,1,2024-05-13,C52719,P1108,2,15.87,0.0,6.35,completed
O204983,2,14/04/2024,C53366,P1079,1,85.12,0.0,55.33,completed
O204407,2,11/05/2023,C52947,P1055,2,26.8,0.0,12.86,completed
O202191,2,2024-12-06,C51463,P1026,2,29.0,30.0,,completed
O203770,1,2023-08-12,C52502,P1005,2,55.79,10.0,48.35,completed
O201408,1,2024-08-24,C50925,P1016,2,113.0,0.0,88.14,completed
O205283,2,"Jan 10, 2024",C53591,P1039,1,29.44,10.0,20.28,completed
O202677,3,2024-07-24,C51795,P1048,1,36.62,0.0,17.58,completed
O201396,2,13/05/2024,C50920,P1089,1,66.81,15.0,51.09,completed
O201295,1,"Feb 11, 2024",C50847,P1089,1,78.6,0.0,51.09,completed
O204023,1,22/08/2024,C52668,P1077,4,47.7,0.0,31.01,completed
O201515,1,2023-11-25,C50985,P1062,1,19.94,30.0,13.67,completed
O200401,1,2023-09-22,C50290,P1101,1,14.84,5.0,6.25,completed
O205791,2,2024-01-10,C53948,P1084,1,39.13,20.0,31.79,completed
O204122,2,04/05/2024,C52733,P1062,1,28.48,0.0,13.67,completed
O201300,4,2023-01-06,C50849,P1018,1,85.58,,83.44,completed
O202938,1,2024-11-03,C51942,P1019,1,293.87,0.0,229.22,completed
O205500,1,2023-06-16,C53742,P1045,1,52.37,0.0,32.47,completed
O203976,1,2024-11-12,C52643,P1072,3,19.89,0.0,9.55,returned
O204116,2,2024-07-26,C52732,P1104,4,24.41,0.0,9.76,completed
O205686,2,2023-12-05,C53875,P1008,1,121.86,20.0,118.82,completed
O205629,1,2024-10-21,C53841,P1063,4,35.63,0.0,17.1,completed
O204569,2,2024-10-08,C53065,P1057,2,29.26,0.0,14.04,completed
O200595,2,2023-05-03,C50424,P1008,3,152.33,0.0,118.82,completed
O201070,1,2024-12-28,C50720,P1045,1,47.13,10.0,32.47,completed
O201987,4,13/12/2024,C51319,P1088,4,54.68,10.0,39.49,completed
O201136,1,2024-07-09,C50760,P1071,1,15.85,15.0,8.95,completed
O205491,1,2024-05-10,C53735,P1034,1,32.89,0.0,20.39,completed
O204378,1,"Feb 11, 2024",C52930,P1067,1,28.31,0.0,13.59,completed
O202207,6,2024-04-28,C51476,P1034,1,32.89,0.0,20.39,completed
O201184,1,"Sep 04, 2024",C50784,P1074,4,75.35,5.0,51.56,completed
O201944,4,2023-11-24,C51287,P1005,1,49.59,20.0,48.35,completed
O205866,2,2024-09-22,C53997,P1023,2,355.1,0.0,276.98,completed
O204151,2,"Dec 08, 2023",C52749,P1069,2,43.85,10.0,23.39,completed
O204094,3,2024-03-13,C52722,P1036,5,86.88,0.0,53.87,completed
O203537,4,27/02/2024,C52353,P1032,3,40.32,0.0,,completed
O203201,2,2024-11-26,C52112,P1088,1,48.61,20.0,39.49,completed
O203897,1,2024-11-22,C52575,P1046,1,38.58,30.0,34.17,completed
O201655,2,2024-12-10,C51069,P1021,1,131.0,20.0,127.73,completed
O204876,4,2024-12-13,C53284,P1024,1,99.9,40.0,129.87,completed
O200632,4,2024-11-28,C50447,P1010,2,90.71,20.0,88.44,completed
O205091,4,2024-03-02,C53458,P1085,1,31.26,0.0,20.32,completed
O204980,2,2023-11-25,C53363,P1088,1,48.61,20.0,39.49,completed
O203005,1,2024-09-22,C51978,P1119,3,49.18,10.0,30.6,completed
O201940,3,2024-10-02,C51284,P1053,2,16.33,5.0,8.25,completed
O202250,1,2024-06-12,C51506,P1117,1,27.56,0.0,15.43,completed
O203754,2,"May 19, 2023",C52487,P1015,1,234.42,0.0,182.85,completed
O200600,1,"Aug 02, 2024",C50427,P1068,1,25.55,5.0,12.91,completed
O202933,2,2024-12-05,C51937,P1084,2,34.24,30.0,31.79,completed
O200622,2,2024-09-07,C50437,P1115,1,25.43,0.0,14.24,completed
O204290,4,2023-07-07,C52855,P1066,1,47.32,0.0,22.71,completed
O202716,2,2023-07-17,C51817,P1049,1,44.95,0.0,21.58,completed
O200027,1,22/06/2024,C50016,P1030,1,61.28,0.0,37.99,completed
O205419,1,2024-01-07,C53687,P1008,2,121.86,20.0,118.82,completed
O205120,2,2024-07-27,C53475,P1098,1,12.2,,4.88,completed
O205208,1,2024-09-21,C53534,P1056,1,24.84,0.0,11.92,completed
O202211,1,2024-05-04,C51477,P1039,1,32.71,0.0,20.28,completed
O200035,3,08/11/2023,C50021,P1101,1,14.06,10.0,6.25,completed
O205257,5,2024-08-25,C53571,P1053,1,17.19,0.0,8.25,completed
O201522,4,2023-11-27,C50986,P1076,1,61.75,30.0,57.34,completed
O200902,5,2023-01-13,C50610,P1049,1,40.46,10.0,21.58,completed
O203416,1,2024-11-24,C52263,P1042,1,58.34,10.0,40.19,completed
O201612,1,2024-09-27,C51056,P1015,1,234.42,0.0,182.85,completed
O202841,4,2024-03-22,C51890,P1116,-1,18.83,0.0,10.54,returned
O203426,2,2024-05-08,C52268,P1081,4,77.57,0.0,50.42,completed
O200430,1,24/03/2024,C50311,P1117,1,24.8,10.0,15.43,completed
O202902,1,2023-08-05,C51919,P1116,2,16.95,10.0,10.54,completed
O203871,1,08/12/2024,C52563,P1094,3,14.08,20.0,7.04,completed
O205733,2,2023-05-15,C53908,P1031,1,144.15,0.0,89.37,completed
O205565,3,2023-08-05,C53790,P1061,1,14.75,5.0,7.45,completed
O203049,1,2023-07-27,C52008,P1021,2,139.19,15.0,127.73,completed
O205559,2,2023-09-10,C53784,P1115,4,25.43,0.0,14.24,completed
O203008,1,04/03/2024,C51981,P1032,1,40.32,0.0,25.0,completed
O204710,3,"Feb 27, 2024",C53166,P1015,1,234.42,0.0,182.85,completed
O205639,1,2023-12-04,C53850,P1083,1,39.54,20.0,32.12,completed
O202108,3,2023-09-05,C51407,P1056,1,24.84,0.0,11.92,completed
O204855,1,2024-11-15,C53273,P1050,1,34.14,0.0,16.39,completed
O203852,1,2024-06-22,C52552,P1073,2,36.39,0.0,23.65,completed
O205194,2,2024-09-18,C53522,P1009,2,179.6,0.0,140.09,completed
O202289,2,2024-10-17,C51529,P1037,2,46.67,0.0,28.94,completed
O200943,3,20/04/2024,C50635,P1108,1,15.87,0.0,6.35,completed
O204207,1,2024-12-19,C52790,P1032,1,32.26,20.0,25.0,completed
O205202,1,2024-11-17,C53530,P1032,2,38.3,5.0,25.0,completed
O201687,4,22/12/2024,C51094,P1090,1,77.14,0.0,50.14,completed
O202551,1,"Oct 19, 2024",C51699,P1024,1,166.5,0.0,129.87,completed
O203215,1,2024-05-06,C52122,P1064,2,36.64,15.0,20.69,completed
O200968,2,2024-01-18,C50655,P1050,1,34.14,0.0,16.39,completed
O204597,1,2023-10-07,C53082,P1008,1,152.33,0.0,118.82,completed
O200899,5,2024-12-10,C50605,P1113,2,12.76,,10.21,completed
O204433,3,2024-01-27,C52961,P1074,1,79.32,0.0,51.56,completed
O203715,1,2024-08-06,C52460,P1092,3,17.47,0.0,6.99,completed
O200712,3,2024-05-31,C50495,P1082,3,41.93,0.0,27.25,completed
O202654,2,2024-07-18,C51778,P1054,2,28.68,0.0,13.77,completed
O200164,2,14/09/2024,C50123,P1037,1,46.67,0.0,28.94,completed
O204840,1,2024-10-13,C53263,P1060,3,51.2,0.0,24.58,completed
O202768,1,2024-10-08,C51846,P1009,1,179.6,0.0,140.09,completed
O205656,3,2024-11-27,C53860,P1043,1,24.79,30.0,21.96,completed
O204780,1,2024-12-06,C53217,P1055,1,21.44,20.0,12.86,completed
O205203,1,18/12/2023,C53531,P1074,2,63.46,20.0,51.56,completed
O202983,6,2024-07-09,C51962,P1119,2,49.18,10.0,30.6,completed
O203299,2,"Aug 23, 2024",C52182,P1118,1,24.8,0.0,13.89,completed
O205511,1,2023-06-20,C53751,P1030,1,61.28,0.0,37.99,completed
O201300,3,2023-01-06,C50849,P1038,1,19.48,40.0,20.13,completed
O205689,1,2024-10-03,C53878,P1015,1,234.42,0.0,182.85,completed
O203747,1,2023-05-25,C52479,P1031,1,1441.5,0.0,89.37,completed
O200725,2,2023-12-07,C50500,P1021,2,131.0,20.0,127.73,completed
O204998,1,2023-08-06,C53378,P1108,1,15.87,0.0,6.35,completed
O203079,1,2024-12-20,C52025,P1082,1,33.54,20.0,27.25,completed
O201250,3,2024-12-06,C50816,P1009,1,161.64,10.0,140.09,completed
O201031,2,2024-10-01,C50706,P1019,2,264.48,10.0,229.22,completed
O201082,1,2023-09-22,C50728,P1084,1,48.91,0.0,31.79,completed
O205069,2,2024-02-14,C53429,P1084,3,48.91,0.0,31.79,completed
O202158,2,"Aug 10, 2024",C51436,P1033,5,38.24,0.0,23.71,completed
O205206,1,2024-12-06,C53533,P1091,2,21.35,10.0,9.49,completed
O202671,2,2024-11-29,C51792,P1075,2,39.16,,42.42,completed
O203780,3,2024-12-04,C52507,P1096,1,8.15,20.0,4.08,completed
O201727,2,2024-10-26,C51133,P1084,1,48.91,0.0,31.79,completed
O203954,5,"Dec 24, 2024",C52625,P1071,2,18.65,0.0,8.95,completed
O205367,2,11/06/2024,C53648,P1088,1,60.76,0.0,39.49,completed
O205403,4,30/11/2023,C53675,P1029,1,54.66,10.0,37.65,completed
O202818,3,2024-04-27,C51876,P1117,1,27.56,0.0,15.43,completed
O200658,1,2024-07-31,C50461,P1015,2,234.42,0.0,182.85,returned
O201158,1,2024-12-08,C50769,P1119,1,43.72,20.0,30.6,completed
O200490,2,2024-11-04,C50358,P1097,2,9.64,10.0,4.28,completed
O204579,3,2024-03-16,C53068,P1118,3,24.8,0.0,13.89,completed
O201253,1,2024-11-28,C50816,P1062,2,22.78,20.0,13.67,completed
O202412,2,2024-12-02,C51605,P1062,1,25.63,10.0,13.67,completed
O204454,3,03/06/2024,C52978,P1056,1,24.84,0.0,11.92,completed
O205441,2,"May 17, 2024",C53697,P1062,1,28.48,0.0,13.67,completed
O204901,2,2023-01-05,C53310,P1070,4,24.3,,14.58,completed
O200439,3,09/04/2023,C50317,P1003,1,273.9,0.0,213.64,completed
O201008,3,2024-11-09,C50692,P1105,2,12.51,0.0,5.0,completed
O200775,2,21/02/2024,C50533,P1117,2,27.56,0.0,15.43,completed
O202826,3,2023-04-26,C51884,P1109,1,37.34,0.0,20.91,completed
O200809,4,2024-12-28,C50542,P1005,5,61.99,0.0,48.35,completed
O200944,1,2024-12-01,C50635,P1112,3,16.58,40.0,15.47,completed
O202510,3,2023-11-01,C51671,P1044,2,55.48,0.0,34.4,completed
O203620,4,2024-12-04,C52398,P1023,5,248.57,30.0,276.98,completed
O204668,4,2024-12-01,C53133,P1079,1,68.1,20.0,55.33,completed
O203157,2,16/05/2023,C52078,P1076,3,88.21,0.0,57.34,completed
O202501,2,2023-04-08,C51667,P1099,3,21.33,0.0,8.53,returned
O205448,3,2024-12-05,C53704,P1100,2,8.86,30.0,5.06,completed
O204836,5,2023-10-20,C53261,P1114,1,11.31,5.0,6.67,completed
O203350,2,2024-03-02,C52210,P1081,1,77.57,0.0,50.42,completed
O200534,1,2024-08-01,C50387,P1070,1,30.38,,14.58,completed
O205661,2,2024-11-11,C53860,P1036,1,86.88,0.0,53.87,completed
O200278,2,2024-08-30,C50201,P1020,2,176.36,0.0,137.56,completed
O204526,3,2023-02-12,C53034,P1120,4,21.77,0.0,12.19,completed
O202898,1,2024-09-02,C51916,P1023,1,355.1,0.0,276.98,
O205370,1,2024-09-30,C53649,P1111,2,30.48,0.0,17.07,completed
O203617,2,2024-12-21,C52397,P1075,1,65.26,0.0,42.42,returned
O203274,2,07/08/2023,C52170,P1113,2,18.23,0.0,10.21,
O203905,3,2024-12-14,C52580,P1062,1,22.78,20.0,13.67,completed
O200179,3,2023-09-12,C50134,P1065,3,45.61,0.0,21.89,returned
O204870,1,2023-06-18,C53279,P1056,1,24.84,0.0,11.92,completed
O203307,1,14/04/2024,C52183,P1027,2,61.25,5.0,39.97,completed
O201337,3,2023-12-08,C50880,P1054,1,20.08,30.0,13.77,completed
O205041,1,2024-09-24,C53403,P1102,1,30.56,0.0,12.22,completed
O203388,4,2023-11-29,C52234,P1042,1,51.86,20.0,40.19,completed
O203558,1,27/09/2024,C52364,P1032,1,40.32,,25.0,completed
O203905,1,2024-12-14,C52580,P1120,2,19.59,10.0,12.19,completed
O202505,1,07/07/2024,C51669,P1034,1,32.89,0.0,20.39,completed
O202677,2,24/07/2024,C51795,P1094,1,17.6,0.0,7.04,completed
O202484,1,2024-10-03,C51652,P1045,1,52.37,0.0,32.47,completed
O200822,1,2024-11-01,C50550,P1033,1,38.24,0.0,23.71,completed
O204847,1,2023-11-30,C53265,P1084,1,44.02,10.0,31.79,completed
O201940,1,2024-10-02,C51284,P1028,1,59.31,0.0,36.77,completed
O201274,1,2024-04-07,C50832,P1015,2,234.42,0.0,182.85,returned
O200192,3,2024-12-22,C50138,P1048,2,36.62,0.0,17.58,completed
O203478,3,2024-08-06,C52311,P1120,1,21.77,0.0,12.19,completed
O205719,1,"Mar 06, 2024",C53901,P1017,1,222.03,0.0,173.18,completed
O204906,4,2024-06-23,C53311,P1017,4,222.03,0.0,173.18,completed
O203933,4,2024-12-06,C52611,P1089,1,62.88,,51.09,completed
O204411,2,2024-04-20,C52950,P1114,2,11.31,5.0,6.67,completed
O205440,1,2024-01-03,C53695,P1109,2,29.87,20.0,20.91,completed
O204527,4,2024-05-06,C53034,P1058,1,55.16,15.0,31.15,completed
O201641,2,2023-05-19,C51064,P1033,1,38.24,0.0,23.71,completed
O203999,1,2024-12-09,C52652,P1002,2,61.39,40.0,79.8,completed
O203393,5,2024-01-27,C52238,P1013,1,187.98,0.0,146.62,completed
O201285,2,2024-12-20,C50840,P1009,2,161.64,10.0,140.09,completed
O205163,1,12/12/2023,C53507,P1082,1,29.35,30.0,27.25,completed
O200477,1,03/12/2024,C50346,P1054,1,20.08,30.0,13.77,completed
O200889,1,16/12/2024,C50593,P1080,1,45.81,10.0,33.09,completed
O202187,1,26/06/2024,C51459,P1032,2,38.3,,25.0,completed
O202759,1,2024-10-24,C51836,P1119,3,54.65,0.0,30.6,completed
O205382,3,2024-12-06,C53658,P1098,1,9.76,20.0,4.88,completed
O203303,1,2024-09-19,C52183,P1008,1,152.33,0.0,118.82,completed
O203386,3,"Mar 01, 2023",C52233,P1119,1,49.18,10.0,30.6,completed
O201910,2,2024-12-15,C51268,P1005,2,43.39,30.0,48.35,completed
O202168,1,"Aug 30, 2023",C51445,P1084,1,46.46,5.0,31.79,completed
O200415,2,2024-07-17,C50301,P1026,1,41.43,0.0,25.69,completed
O204454,2,"Jun 03, 2024",C52978,P1115,2,25.43,0.0,14.24,completed
O205232,1,"Jun 28, 2023",C53549,P1120,1,19.59,10.0,12.19,completed
O202574,1,2024-07-19,C51718,P1081,4,65.93,15.0,50.42,completed
O203857,1,2024-11-28,C52554,P1045,-1,41.9,20.0,32.47,returned
O204731,2,2024-12-04,C53176,P1076,2,61.75,30.0,57.34,completed
O202429,3,29/12/2024,C51617,P1023,1,319.59,10.0,276.98,completed
O202009,4,2023-04-06,C51338,P1118,1,24.8,0.0,13.89,completed
O203987,4,2024-03-24,C52646,P1120,2,21.77,0.0,12.19,completed
O203600,2,2024-05-07,C52389,P1111,2,30.48,0.0,17.07,completed
O204008,1,"Jan 13, 2024",C52661,P1107,2,11.19,10.0,4.97,completed
O204501,1,2024-05-24,C53014,P1120,1,20.68,5.0,12.19,completed
O202497,6,2024-06-12,C51663,P1083,2,49.42,0.0,32.12,completed
O205406,2,2023-11-24,C53680,P1074,1,63.46,20.0,51.56,completed
O200583,4,2023-11-23,C50416,P1062,1,25.63,10.0,13.67,completed
O204357,1,2024-06-14,C52907,P1019,2,293.87,0.0,229.22,completed
O204327,3,14/12/2023,C52879,P1070,2,27.34,10.0,14.58,completed
O204646,5,24/06/2024,C53119,P1062,1,28.48,0.0,,completed
O202953,2,16/12/2023,C51949,P1074,1,71.39,10.0,51.56,completed
O201735,1,2024-01-07,C51137,P1114,2,8.34,,6.67,completed
O205822,3,2023-11-04,C53969,P1032,1,40.32,0.0,25.0,completed
O203123,4,"Jul 29, 2024",C52059,P1001,1,214.35,0.0,167.19,completed
O204283,1,2024-06-16,C52854,P1076,1,88.21,0.0,57.34,completed
O204584,1,2024-11-01,C53074,P1074,5,79.32,0.0,51.56,completed
O204781,1,2024-11-17,C53218,P1062,1,28.48,0.0,13.67,completed
O202405,1,"Oct 11, 2024",C51598,P1001,4,214.35,0.0,167.19,completed
O200170,1,2024-05-02,C50127,P1068,1,24.21,10.0,12.91,completed
O201595,1,2024-05-02,C51047,P1112,1,27.63,0.0,15.47,completed
O202387,2,2024-11-29,C51584,P1010,1,79.37,30.0,88.44,completed
O205001,1,2024-12-15,C53378,P1104,1,14.65,40.0,9.76,completed
O204693,4,2024-11-19,C53159,P1076,1,83.8,5.0,57.34,completed
O201008,6,2024-11-09,C50692,P1037,1,42.0,10.0,28.94,
O205017,1,2024-04-20,C53386,P1119,1,54.65,0.0,30.6,completed
O205125,2,2024-08-08,C53476,P1071,2,17.72,5.0,8.95,completed
O202042,2,2024-12-09,C51364,P1104,1,17.09,30.0,9.76,completed
O201347,1,"Jun 30, 2024",C50880,P1118,3,22.32,10.0,13.89,completed
O202454,1,2024-10-18,C51634,P1045,1,52.37,0.0,32.47,completed
O203677,4,"Oct 04, 2024",C52442,P1050,1,34.14,0.0,16.39,completed
O203883,2,2024-10-01,C52567,P1037,1,46.67,0.0,28.94,completed
O204177,1,2023-08-09,C52764,P1088,1,60.76,0.0,39.49,completed
O205333,1,"Nov 12, 2024",C53627,P1005,1,61.99,0.0,48.35,completed
O203959,1,2024-08-02,C52630,P1006,1,88.57,0.0,,completed
O200836,3,2024-07-25,C50564,P1032,2,40.32,,25.0,completed
O201528,1,27/11/2024,C50988,P1047,1,39.22,20.0,23.53,completed
O202585,2,2023-09-25,C51724,P1012,1,278.05,0.0,216.88,completed
O204820,2,2024-12-28,C53251,P1040,1,64.97,5.0,42.4,
O205747,2,2024-05-25,C53921,P1114,4,11.91,0.0,6.67,completed
O205233,1,2024-04-14,C53550,P1045,2,52.37,0.0,32.47,completed
O200600,4,2024-08-02,C50427,P1015,1,234.42,0.0,182.85,completed
O204392,2,2023-12-07,C52940,P1105,1,10.01,20.0,5.0,completed
O201895,1,2024-07-11,C51251,P1050,2,34.14,0.0,16.39,completed
O203522,2,2024-12-09,C52347,P1117,3,22.05,20.0,,completed
O205612,2,2023-02-13,C53825,P1114,2,11.91,0.0,6.67,completed
O204086,2,"Jan 14, 2023",C52720,P1086,2,55.21,30.0,51.27,completed
O205600,2,2024-07-23,C53819,P1072,1,19.89,0.0,9.55,completed
O202088,1,2024-12-10,C51391,P1078,5,52.67,20.0,42.8,completed
O203651,1,2024-12-11,C52422,P1050,2,27.31,20.0,16.39,completed
O202430,1,28/12/2024,C51617,P1078,1,62.55,,42.8,completed
O201536,2,12/12/2024,C50999,P1030,1,55.15,10.0,37.99,completed
O205292,2,2024-12-04,C53597,P1047,1,29.41,40.0,23.53,completed
O204668,3,"Dec 01, 2024",C53133,P1076,1,79.39,10.0,57.34,completed
O200719,2,2024-11-23,C50497,P1037,1,37.34,20.0,28.94,completed
O205606,2,"Dec 12, 2024",C53823,P1114,1,7.15,40.0,6.67,completed
O203666,5,2024-08-10,C52433,P1004,1,304.09,0.0,237.19,completed
O204378,2,2024-02-11,C52930,P1048,1,34.79,5.0,17.58,completed
O201945,2,2024-07-22,C51289,P1005,1,61.99,0.0,48.35,completed
O204524,3,2024-04-25,C53032,P1031,2,144.15,0.0,89.37,completed
O205767,4,31/12/2024,C53935,P1098,2,10.98,10.0,4.88,completed
O202833,3,25/12/2024,C51886,P1116,4,16.95,10.0,10.54,completed
O202037,2,2024-05-15,C51361,P1071,1,18.65,0.0,8.95,completed
O200305,1,2024-11-23,C50221,P1052,1,30.8,30.0,21.12,completed
O205702,1,2024-09-09,C53889,P1012,3,278.05,0.0,216.88,completed
O200916,1,2024-10-03,C50615,P1033,2,36.33,5.0,23.71,completed
O201010,1,2023-01-05,C50693,P1058,5,51.91,20.0,31.15,completed
O200217,2,"Nov 30, 2023",C50150,P1096,2,8.15,20.0,4.08,completed
O204693,1,2024-11-19,C53159,P1070,5,30.38,0.0,14.58,completed
O203820,1,2024-04-21,C52526,P1093,1,15.34,0.0,6.14,completed
O202441,2,2023-12-04,C51624,P1112,2,16.58,40.0,15.47,completed
O204923,1,2024-12-06,C53320,P1082,1,25.16,40.0,27.25,completed
O202616,1,2024-12-12,C51751,P1040,1,61.55,10.0,42.4,completed
O204605,2,2024-06-20,C53090,P1102,2,30.56,0.0,12.22,completed
O201572,5,2023-06-25,C51033,P1044,4,55.48,0.0,34.4,completed
O203031,4,2024-02-25,C51996,P1084,1,48.91,0.0,31.79,completed
O203212,1,2024-12-08,C52119,P1078,1,52.67,20.0,42.8,completed
O204086,4,"Jan 14, 2023",C52720,P1046,1,44.09,20.0,34.17,completed
O200974,1,2024-06-18,C50657,P1086,1,78.87,0.0,51.27,completed
O204253,3,2024-04-21,C52838,P1029,2,51.62,15.0,37.65,completed
O201832,1,2024-07-07,C51211,P1061,1,15.53,0.0,7.45,completed
O200140,3,2024-11-29,C50097,P1045,1,47.13,10.0,32.47,completed
O204267,1,2024-11-22,C52845,P1012,1,222.44,20.0,216.88,completed
O205098,2,2024-12-15,C53462,P1092,2,13.98,20.0,6.99,completed
O205057,1,30/08/2024,C53422,P1021,2,163.75,0.0,127.73,completed
O202504,1,2024-09-02,C51669,P1049,1,44.95,0.0,21.58,completed
O201444,1,2024-12-23,C50949,P1037,1,46.67,0.0,28.94,completed
O201603,3,2024-03-14,C51050,P1005,1,61.99,0.0,48.35,completed
O205659,2,2024-12-27,C53860,P1109,1,35.47,5.0,20.91,completed
O203341,4,2024-11-15,C52208,P1065,1,43.33,5.0,21.89,completed
O200601,3,07/07/2024,C50427,P1090,1,77.14,0.0,50.14,completed
O205180,2,2024-12-29,C53516,P1114,1,11.91,0.0,6.67,completed
O200493,2,"Jun 22, 2024",C50359,P1087,2,46.61,0.0,30.3,completed
O201430,1,2024-09-17,C50944,P1065,3,45.61,,21.89,completed
O201037,1,2024-08-22,C50707,P1023,1,355.1,0.0,276.98,completed
O202033,3,2024-12-31,C51356,P1062,4,28.48,0.0,13.67,completed
O205435,3,2023-05-24,C53695,P1094,1,17.6,0.0,7.04,completed
O203650,2,10/11/2024,C52422,P1022,1,124.65,0.0,97.23,completed
O203752,1,2024-03-11,C52484,P1050,1,29.02,15.0,16.39,completed
O204521,2,2024-06-17,C53030,P1085,3,31.26,0.0,20.32,completed
O204384,1,2024-08-16,C52937,P1119,1,54.65,0.0,30.6,completed
O203627,1,2024-11-29,C52404,P1110,1,7.24,30.0,5.79,completed
O203907,2,2024-12-13,C52580,P1061,1,139.8,10.0,7.45,completed
O204467,5,2023-12-10,C52987,P1004,2,182.45,40.0,237.19,completed
O201564,4,2024-10-24,C51020,P1058,1,58.4,10.0,31.15,completed
O204819,2,2024-05-24,C53249,P1004,1,304.09,0.0,237.19,completed
O201225,1,2024-06-28,C50802,P1089,1,78.6,0.0,51.09,completed
O203442,1,19/07/2024,C52286,P1091,1,23.72,0.0,9.49,completed
O203151,2,2023-01-02,C52076,P1021,2,131.0,20.0,127.73,completed
O205406,1,2023-11-24,C53680,P1077,-2,33.39,30.0,31.01,returned
O202749,3,2024-12-27,C51832,P1102,1,30.56,0.0,12.22,completed
O202509,1,2023-07-15,C51670,P1016,1,113.0,0.0,88.14,completed
O201619,3,2024-11-29,C51058,P1017,1,155.42,30.0,173.18,completed
O200414,3,"Dec 21, 2023",C50301,P1004,1,258.48,15.0,237.19,completed
O202145,1,2024-11-26,C51430,P1039,3,19.63,40.0,20.28,completed
O201057,1,2024-11-28,C50711,P1007,1,175.03,10.0,151.69,completed
O204821,1,2024-08-19,C53252,P1104,3,23.19,5.0,9.76,completed
O205590,1,2024-09-29,C53812,P1062,1,28.48,0.0,13.67,completed
O200139,3,2024-11-15,C50096,P1092,3,17.47,0.0,6.99,completed
O201047,1,2024-11-26,C50708,P1035,1,40.33,40.0,41.68,
O204047,2,2024-12-19,C52690,P1013,1,169.18,10.0,146.62,completed
O205046,1,2024-05-23,C53404,P1032,1,40.32,0.0,25.0,completed
O201553,1,31/12/2024,C51015,P1060,1,43.52,15.0,24.58,completed
O203156,1,2023-03-07,C52078,P1114,1,11.91,0.0,6.67,completed
O204290,3,2023-07-07,C52855,P1047,1,49.02,0.0,23.53,completed
O204927,2,2024-08-15,C53324,P1087,1,46.61,0.0,30.3,completed
O203391,2,2023-05-19,C52237,P1102,1,29.03,5.0,12.22,completed
O205053,5,2024-10-15,C53417,P1061,1,15.53,0.0,7.45,completed
O203550,2,02/01/2024,C52360,P1024,2,133.2,20.0,129.87,completed
O204554,2,2023-03-29,C53055,P1017,2,222.03,0.0,173.18,completed
O202195,2,2024-09-21,C51464,P1117,1,27.56,0.0,15.43,completed
O201434,1,2024-08-05,C50945,P1114,1,11.91,0.0,6.67,completed
O203529,1,2024-10-20,C52347,P1030,1,61.28,0.0,37.99,completed
O201023,1,18/11/2024,C50699,P1054,3,27.25,5.0,13.77,completed
O204791,2,27/12/2024,C53225,P1009,-1,152.66,15.0,140.09,returned
O204400,2,06/01/2024,C52945,P1080,1,35.63,,33.09,completed
O202506,3,2024-12-10,C51669,P1070,1,27.34,10.0,14.58,completed
O201317,2,2024-12-31,C50864,P1087,3,39.62,,30.3,completed
O203425,5,2024-03-15,C52268,P1112,1,27.63,0.0,15.47,completed
O205511,3,20/06/2023,C53751,P1109,1,33.61,10.0,20.91,completed
O203891,3,"May 18, 2024",C52571,P1119,4,49.18,10.0,30.6,completed
O202216,1,2023-07-15,C51481,P1090,1,69.43,10.0,,completed
O200778,3,2024-12-18,C50534,P1072,5,15.91,20.0,9.55,completed
O202655,1,"Feb 17, 2023",C51779,P1026,2,41.43,0.0,25.69,completed
O204369,2,2024-05-23,C52920,P1114,1,11.31,5.0,6.67,completed
O204964,2,2024-09-11,C53348,P1071,1,18.65,0.0,8.95,completed
O205567,3,2023-02-27,C53790,P1070,3,25.82,15.0,14.58,completed
O200762,3,"Dec 16, 2024",C50520,P1059,1,17.94,20.0,10.77,completed
O202261,2,2024-11-20,C51508,P1032,2,40.32,0.0,25.0,completed
O202347,1,25/11/2024,C51570,P1114,1,10.72,10.0,6.67,completed
O202537,1,2024-11-15,C51688,P1017,1,222.03,0.0,173.18,completed
O202694,1,2024-12-23,C51806,P1016,2,113.0,0.0,88.14,completed
O205619,4,"Jun 23, 2023",C53831,P1076,2,74.98,15.0,57.34,completed
O205053,4,2024-10-15,C53417,P1018,1,106.98,0.0,83.44,completed
O202917,1,2023-11-25,C51928,P1090,1,61.71,20.0,50.14,completed
O203155,4,2023-06-13,C52076,P1114,3,10.12,15.0,6.67,completed
O202203,3,2024-07-21,C51471,P1030,4,61.28,0.0,37.99,completed
O204521,3,2024-06-17,C53030,P1044,2,52.71,5.0,34.4,completed
O201974,1,2023-02-21,C51309,P1021,1,139.19,15.0,127.73,completed
O202616,6,2024-12-12,C51751,P1057,1,17.56,40.0,14.04,completed
O201728,3,31/05/2024,C51135,P1096,2,9.68,5.0,4.08,completed
O203307,2,2024-04-14,C52183,P1090,2,69.43,10.0,50.14,completed
O204832,1,2024-09-08,C53258,P1021,2,139.19,15.0,127.73,completed
O204465,1,2024-07-14,C52987,P1113,2,18.23,0.0,10.21,completed
O201143,5,"Dec 09, 2023",C50763,P1099,1,14.93,30.0,8.53,completed
O203748,4,20/05/2024,C52480,P1120,1,20.68,5.0,12.19,completed
O200274,1,2024-11-04,C50199,P1015,3,234.42,0.0,182.85,completed
O200459,1,2023-07-11,C50324,P1021,1,163.75,0.0,127.73,completed
O201776,2,2024-04-07,C51172,P1102,1,27.5,10.0,12.22,completed
O204325,3,2024-11-24,C52878,P1037,2,32.67,30.0,28.94,completed
O200947,1,2024-05-18,C50637,P1026,1,41.43,0.0,25.69,completed
O200482,2,2024-04-24,C50351,P1013,3,187.98,0.0,146.62,completed
O200794,2,2024-06-02,C50539,P1068,1,26.9,0.0,12.91,completed
O200158,1,2024-02-05,C50118,P1112,1,27.63,0.0,15.47,completed
O200772,2,2023-04-17,C50526,P1007,1,194.48,0.0,151.69,completed
O203102,1,2023-04-22,C52044,P1034,1,32.89,0.0,20.39,completed
O203188,2,09/12/2024,C52101,P1015,1,210.98,10.0,182.85,completed
O202868,4,2024-12-27,C51903,P1030,3,61.28,0.0,37.99,completed
O204812,1,2024-01-06,C53244,P1046,1,38.58,30.0,34.17,completed
O204455,1,2024-08-10,C52979,P1084,1,48.91,0.0,31.79,completed
O200756,6,"Nov 24, 2024",C50516,P1031,1,115.32,20.0,89.37,completed
O203375,2,28/06/2024,C52226,P1089,1,74.67,5.0,51.09,completed
O204369,1,2024-05-23,C52920,P1074,1,79.32,0.0,51.56,completed
O201267,4,2024-12-16,C50826,P1051,1,33.95,10.0,18.11,completed
O205083,2,"Nov 18, 2023",C53446,P1073,1,36.39,0.0,23.65,completed
O204097,4,"Oct 12, 2024",C52723,P1055,-3,26.8,0.0,12.86,returned
O202810,2,24/11/2024,C51875,P1046,1,44.09,20.0,34.17,completed
O201591,1,2024-06-22,C51044,P1050,1,30.73,10.0,16.39,completed
O201536,3,2024-12-12,C50999,P1008,1,137.1,10.0,118.82,completed
O205122,1,2024-08-04,C53476,P1032,1,40.32,0.0,25.0,completed
O202676,2,2024-11-07,C51795,P1012,2,278.05,0.0,216.88,completed
O200427,1,2024-12-19,C50310,P1034,1,26.31,20.0,20.39,completed
O201678,2,16/01/2024,C51084,P1117,1,27.56,0.0,15.43,completed
O201219,1,2024-11-10,C50799,P1039,1,32.71,0.0,20.28,completed
O200826,1,2024-12-25,C50554,P1115,3,25.43,0.0,14.24,completed
O205773,1,2024-10-22,C53940,P1011,3,294.03,0.0,229.34,completed
O200563,1,08/09/2024,C50404,P1015,1,234.42,0.0,182.85,completed
O202923,1,27/07/2023,C51930,P1081,1,77.57,0.0,50.42,completed
O201412,1,2024-05-16,C50927,P1030,1,61.28,0.0,37.99,completed
O203871,2,2024-12-08,C52563,P1016,4,90.4,20.0,88.14,completed
O203121,1,2024-12-19,C52058,P1018,1,64.19,40.0,,completed
O204272,1,2024-12-01,C52848,P1012,1,166.83,40.0,216.88,completed
O205614,4,2024-05-27,C53827,P1032,1,38.3,5.0,25.0,completed
O205112,1,2024-12-30,C53472,P1032,1,40.32,0.0,25.0,completed
O201265,1,2023-04-30,C50824,P1056,1,24.84,0.0,11.92,completed
O202127,1,2024-08-20,C51423,P1083,1,49.42,0.0,32.12,completed
O202639,1,2024-12-01,C51767,P1115,1,20.34,20.0,14.24,completed
O200265,1,2024-12-11,C50194,P1092,1,13.98,20.0,6.99,completed
O205257,3,25/08/2024,C53571,P1064,4,43.11,0.0,20.69,completed
O200842,3,2023-08-23,C50570,P1071,1,18.65,0.0,8.95,completed
O204126,2,10/02/2024,C52736,P1101,1,15.62,0.0,6.25,completed
O200298,1,2024-09-30,C50214,P1114,1,11.91,0.0,6.67,completed
O205753,1,2024-12-30,C53928,P1058,1,64.89,0.0,31.15,completed
O204314,1,2023-11-26,C52874,P1031,5,115.32,20.0,89.37,completed
O204858,3,2024-06-10,C53275,P1081,2,73.69,5.0,50.42,completed
O204471,1,2023-12-31,C52993,P1016,2,113.0,0.0,88.14,completed
O201905,1,2024-09-19,C51260,P1044,1,55.48,0.0,34.4,completed
O200271,2,2024-10-30,C50198,P1032,1,40.32,0.0,25.0,completed
O203231,4,2024-08-15,C52131,P1120,1,19.59,10.0,12.19,completed
O200653,3,2024-05-12,C50460,P1023,-1,355.1,0.0,276.98,returned
O202468,3,11/08/2024,C51644,P1075,1,652.6,0.0,42.42,completed
O201818,1,2023-12-13,C51204,P1120,3,13.06,40.0,12.19,completed
O200569,2,2023-06-17,C50406,P1069,2,46.28,5.0,23.39,completed
O205560,1,2024-10-05,C53785,P1040,1,68.39,0.0,42.4,completed
O203772,2,2023-01-05,C52503,P1111,1,21.34,30.0,17.07,completed
O202859,3,2024-10-15,C51899,P1067,1,28.31,,13.59,completed
O203124,3,2024-11-25,C52060,P1091,1,21.35,10.0,9.49,completed
O200098,2,2023-07-06,C50069,P1059,2,22.43,0.0,10.77,completed
O200688,1,2024-12-15,C50479,P1051,1,30.18,20.0,18.11,completed
O202376,2,2024-12-20,C51579,P1052,1,30.8,30.0,21.12,completed
O203560,5,06/12/2024,C52364,P1015,1,187.54,20.0,182.85,completed
O200599,3,2024-09-03,C50426,P1015,1,234.42,0.0,182.85,completed
O201555,3,08/08/2023,C51016,P1055,1,26.8,0.0,12.86,completed
O203028,1,2023-05-21,C51993,P1059,1,22.43,0.0,10.77,completed
O205613,2,"Aug 12, 2024",C53826,P1008,4,152.33,0.0,118.82,completed
O205543,2,2024-02-23,C53772,P1073,2,36.39,,23.65,completed
O203233,1,2024-10-19,C52136,P1002,2,102.31,0.0,79.8,completed
O200585,3,2024-04-16,C50418,P1015,1,234.42,0.0,182.85,completed
O200547,1,2024-12-04,C50395,P1117,1,24.8,10.0,15.43,completed
O201706,1,"May 01, 2023",C51109,P1060,1,51.2,0.0,24.58,completed
O200878,1,2024-02-27,C50587,P1100,-3,11.38,10.0,5.06,returned
O201495,3,2024-06-15,C50979,P1065,1,45.61,0.0,21.89,completed
O204518,2,2023-12-02,C53027,P1040,3,47.87,30.0,42.4,completed
O202188,1,2024-03-26,C51460,P1070,2,30.38,0.0,14.58,completed
O204897,1,2023-08-22,C53304,P1109,1,33.61,10.0,20.91,completed
O202625,2,2024-09-18,C51761,P1113,2,18.23,0.0,10.21,completed
O200329,2,25/11/2023,C50238,P1074,1,63.46,20.0,51.56,completed
O204772,1,2024-06-22,C53214,P1088,1,60.76,0.0,39.49,completed
O200906,4,"Dec 08, 2023",C50610,P1118,4,17.36,30.0,13.89,completed
O200502,3,2023-09-03,C50363,P1067,1,25.48,10.0,13.59,completed
O203402,1,31/08/2024,C52245,P1061,4,15.53,0.0,7.45,completed
O203630,2,2023-07-05,C52407,P1067,1,28.31,0.0,13.59,completed
O201095,3,2024-12-26,C50736,P1005,2,61.99,0.0,48.35,completed
O201771,1,2023-05-23,C51170,P1065,2,45.61,0.0,21.89,completed
O204597,3,2023-10-07,C53082,P1101,2,15.62,0.0,6.25,completed
O202942,1,2024-11-22,C51943,P1062,3,22.78,20.0,13.67,completed
O200818,1,14/08/2023,C50548,P1061,2,13.98,10.0,7.45,completed
O204357,5,"Jun 14, 2024",C52907,P1014,2,320.12,5.0,262.84,completed
O202359,1,24/09/2024,C51574,P1112,1,27.63,0.0,15.47,completed
O205606,1,12/12/2024,C53823,P1099,2,17.06,20.0,8.53,completed
O203102,4,2023-04-22,C52044,P1050,1,34.14,0.0,16.39,completed
O202273,3,2024-11-08,C51515,P1050,5,34.14,0.0,16.39,completed
O201150,4,2024-07-26,C50766,P1101,1,14.84,5.0,6.25,returned
O203373,1,2024-05-30,C52225,P1016,1,113.0,0.0,88.14,completed
O204229,4,2024-10-16,C52806,P1029,1,54.66,10.0,37.65,completed
O203125,1,2023-10-15,C52061,P1108,1,15.87,0.0,6.35,completed
O205781,4,2023-12-06,C53942,P1063,1,28.5,20.0,17.1,completed
O200838,3,14/09/2024,C50564,P1011,1,279.33,5.0,229.34,returned
O200536,1,2024-12-09,C50389,P1016,1,79.1,30.0,88.14,completed
O200773,2,2024-11-24,C50531,P1074,2,71.39,10.0,51.56,completed
O201806,1,"Oct 06, 2024",C51201,P1120,1,21.77,0.0,12.19,completed
O204119,4,2024-04-03,C52732,P1034,2,32.89,0.0,20.39,completed
O201067,2,2023-07-14,C50717,P1033,1,38.24,0.0,23.71,returned
O204357,6,2024-06-14,C52907,P1065,1,45.61,0.0,21.89,completed
O203465,4,2023-11-24,C52299,P1024,1,149.85,10.0,129.87,completed
O200838,2,2024-09-14,C50564,P1093,1,15.34,0.0,6.14,completed
O203584,3,2024-11-28,C52377,P1041,2,50.15,30.0,44.42,completed
O204037,3,2024-04-06,C52677,P1016,1,96.05,15.0,88.14,completed
O205756,4,2024-12-28,C53928,P1005,1,52.69,15.0,48.35,completed
O200634,3,2023-12-14,C50448,P1117,1,19.29,30.0,15.43,completed
O203922,1,2024-12-15,C52600,P1076,1,79.39,10.0,57.34,completed
O205785,1,2023-12-01,C53944,P1052,1,35.2,20.0,21.12,completed
O201345,2,2024-02-15,C50880,P1005,2,61.99,0.0,48.35,completed
O205272,2,2024-08-20,C53585,P1088,2,60.76,0.0,39.49,completed
O202290,4,2024-12-20,C51530,P1054,1,25.81,10.0,13.77,completed
O202027,4,15/12/2024,C51348,P1017,2,199.83,10.0,173.18,returned
O200539,5,2024-11-29,C50391,P1096,2,7.13,30.0,4.08,completed
O200902,1,2023-01-13,C50610,P1037,2,373.40000000000003,20.0,28.94,completed
O205865,2,03/11/2024,C53996,P1062,1,28.48,0.0,13.67,completed
O202245,2,2024-09-08,C51502,P1119,2,51.92,,30.6,completed
O201859,4,2024-12-20,C51222,P1106,1,11.72,30.0,6.7,completed
O202278,2,2024-08-29,C51520,P1020,1,176.36,0.0,137.56,completed
O203364,2,2023-10-22,C52220,P1096,1,10.19,0.0,4.08,completed
O203646,1,2023-08-29,C52417,P1119,1,54.65,0.0,30.6,completed
O202809,3,"Apr 23, 2024",C51875,P1044,1,55.48,0.0,34.4,completed
O205029,1,"Jan 13, 2023",C53399,P1045,1,41.9,20.0,32.47,completed
O205657,1,2024-10-17,C53860,P1113,2,18.23,0.0,10.21,completed
O204203,1,2024-02-22,C52787,P1069,2,48.72,0.0,23.39,completed
O202653,2,2024-07-02,C51778,P1015,1,210.98,10.0,182.85,
O201899,1,2024-12-11,C51255,P1010,5,79.37,30.0,88.44,completed
O202575,4,02/08/2024,C51718,P1044,1,55.48,,34.4,completed
O202953,1,2023-12-16,C51949,P1007,1,155.58,20.0,151.69,completed
O205277,3,2024-05-05,C53587,P1019,1,293.87,0.0,229.22,completed
O203981,1,"Jun 07, 2023",C52645,P1067,1,26.89,5.0,13.59,completed
O203875,1,"Nov 01, 2023",C52565,P1119,1,54.65,0.0,30.6,completed
O201013,1,2024-12-01,C50695,P1038,3,19.48,40.0,20.13,completed
O202091,3,2023-09-10,C51394,P1006,1,79.71,10.0,69.08,completed
O205275,4,14/12/2024,C53587,P1015,2,210.98,10.0,182.85,completed
O205710,4,2024-09-28,C53893,P1002,1,102.31,0.0,79.8,completed
O204786,1,2024-09-24,C53222,P1068,1,26.9,0.0,12.91,completed
O200215,4,2024-10-11,C50150,P1011,1,294.03,0.0,229.34,completed
O201725,1,2024-06-06,C51132,P1077,3,47.7,0.0,31.01,completed
O202644,1,28/11/2023,C51770,P1111,1,21.34,30.0,17.07,completed
O200276,2,08/07/2024,C50200,P1080,2,50.9,0.0,33.09,completed
O200880,3,2024-04-17,C50588,P1047,1,49.02,0.0,23.53,completed
O204168,2,2024-02-24,C52755,P1062,1,24.21,15.0,13.67,completed
O203356,3,28/12/2023,C52213,P1012,1,278.05,0.0,216.88,completed
O205626,1,16/07/2023,C53839,P1075,1,65.26,0.0,42.42,completed
O202521,1,2023-06-24,C51678,P1013,3,159.78,15.0,146.62,returned
O203323,1,2024-08-14,C52190,P1100,1,12.65,0.0,5.06,completed
O203245,1,"Mar 10, 2024",C52150,P1045,1,47.13,10.0,32.47,completed
O200608,4,"Apr 01, 2024",C50429,P1023,2,301.84,15.0,276.98,
O201917,2,2024-06-08,C51268,P1050,3,34.14,0.0,16.39,completed
O205424,1,2023-12-11,C53688,P1084,3,39.13,20.0,31.79,completed
O204190,1,13/11/2023,C52775,P1070,1,30.38,0.0,14.58,completed
O201598,3,2024-06-04,C51048,P1069,2,48.72,0.0,23.39,completed
O205130,5,2024-06-11,C53479,P1067,1,28.31,0.0,13.59,completed
O205526,3,24/03/2023,C53757,P1087,1,44.28,5.0,30.3,completed
O200867,3,2024-12-12,C50583,P1117,1,19.29,30.0,15.43,completed
O201628,4,2024-08-23,C51060,P1087,2,46.61,0.0,30.3,completed
O202955,1,2024-01-19,C51950,P1067,1,28.31,0.0,13.59,completed
O204810,1,2023-10-30,C53244,P1101,1,13.28,15.0,6.25,completed
O204326,3,14/10/2023,C52878,P1060,1,51.2,0.0,24.58,completed
O201263,1,24/03/2024,C50823,P1112,4,27.63,0.0,15.47,completed
O202726,3,2023-09-10,C51824,P1112,2,27.63,0.0,15.47,completed
O200569,1,2023-06-17,C50406,P1042,1,61.58,5.0,40.19,completed
O204297,2,2024-05-15,C52861,P1115,1,25.43,0.0,14.24,completed
O202499,1,2024-07-25,C51666,P1065,1,45.61,0.0,21.89,completed
O204822,2,2024-05-26,C53252,P1112,1,27.63,0.0,15.47,completed
O202198,1,2023-08-21,C51467,P1064,1,43.11,0.0,20.69,completed
O200256,1,2024-12-06,C50186,P1015,4,187.54,20.0,182.85,completed
O202498,3,2024-11-25,C51665,P1089,2,62.88,20.0,51.09,completed
O204088,2,2024-07-15,C52721,P1054,1,25.81,10.0,13.77,completed
O204572,1,2024-11-10,C53066,P1063,3,35.63,0.0,17.1,completed
O200985,2,2024-12-18,C50669,P1100,1,11.38,10.0,5.06,completed
O201777,2,"May 10, 2024",C51173,P1103,1,15.76,0.0,6.3,completed
O204579,1,2024-03-16,C53068,P1052,2,44.0,0.0,21.12,completed
O204566,1,2023-11-17,C53065,P1116,1,17.89,,10.54,completed
O202774,1,2024-12-24,C51850,P1010,1,102.05,10.0,88.44,completed
O200512,1,2023-11-13,C50370,P1060,1,51.2,0.0,24.58,completed
O202597,1,2024-11-24,C51733,P1115,2,22.89,10.0,14.24,returned
O200359,3,01/12/2023,C50265,P1088,2,54.68,10.0,39.49,completed
O203561,1,2024-08-24,C52364,P1059,3,22.43,0.0,10.77,completed
O205711,2,2024-11-16,C53893,P1036,2,86.88,0.0,53.87,completed
O205150,1,2023-08-08,C53496,P1022,1,105.95,15.0,97.23,completed
O202153,5,"May 29, 2024",C51435,P1020,2,176.36,0.0,137.56,completed
O202382,4,2023-10-15,C51582,P1114,1,11.91,0.0,6.67,completed
O202198,2,2023-08-21,C51467,P1015,1,210.98,10.0,182.85,completed
O202450,1,21/11/2024,C51630,P1105,1,12.51,0.0,5.0,completed
O203908,4,2024-12-21,C52580,P1085,3,31.26,0.0,20.32,completed
O205710,2,"Sep 28, 2024",C53893,P1027,1,61.25,5.0,39.97,completed
O201374,5,2024-12-31,C50899,P1047,1,49.02,0.0,23.53,completed
O202713,2,2024-06-10,C51817,P1034,4,32.89,0.0,20.39,completed
O205588,2,03/11/2024,C53811,P1062,2,28.48,0.0,,completed
O202763,2,2024-02-25,C51838,P1091,2,23.72,0.0,9.49,completed
O205633,2,2024-09-12,C53843,P1096,5,10.19,0.0,4.08,completed
O200203,1,2024-08-09,C50142,P1030,1,52.09,15.0,37.99,completed
O203108,2,2024-09-26,C52048,P1074,1,75.35,5.0,51.56,completed
O204856,1,01/08/2024,C53273,P1063,1,32.07,10.0,17.1,completed
O201237,2,2024-03-08,C50809,P1086,2,78.87,0.0,51.27,completed
O204495,2,2024-11-16,C53011,P1011,2,294.03,0.0,229.34,completed
O205722,1,2024-09-19,C53901,P1067,1,28.31,0.0,13.59,completed
O201338,2,28/11/2023,C50880,P1005,1,55.79,10.0,48.35,completed
O201658,4,2023-11-16,C51069,P1012,1,278.05,0.0,216.88,completed
O204986,4,"Dec 13, 2023",C53368,P1092,2,15.72,10.0,6.99,completed
O205044,4,2024-09-28,C53404,P1095,1,9.25,0.0,3.7,completed
O201866,1,2024-04-24,C51227,P1099,2,21.33,0.0,8.53,completed
O200617,3,2024-04-26,C50433,P1103,2,15.76,0.0,6.3,completed
O202136,5,2023-12-21,C51426,P1117,2,27.56,0.0,15.43,completed
O205448,4,2024-12-05,C53704,P1100,2,8.86,30.0,5.06,completed
O204110,1,2024-11-13,C52731,P1108,1,15.87,0.0,6.35,completed
O200406,1,2023-12-03,C50291,P1055,2,24.12,10.0,12.86,completed
O201424,1,2023-05-06,C50937,P1120,1,21.77,0.0,12.19,completed
O203142,4,2024-04-29,C52070,P1117,2,27.56,0.0,15.43,completed
O200873,1,2024-12-12,C50584,P1065,2,36.49,20.0,21.89,completed
O200091,1,2024-04-11,C50063,P1109,1,37.34,0.0,20.91,completed
O200081,2,2024-05-16,C50059,P1036,3,86.88,0.0,53.87,completed
O200252,3,2024-11-26,C50183,P1056,1,14.9,40.0,11.92,completed
O201828,2,"Dec 20, 2024",C51209,P1031,1,115.32,20.0,89.37,completed
O205020,2,2024-12-02,C53387,P1009,3,143.68,20.0,140.09,completed
O204969,3,30/12/2023,C53350,P1076,-2,88.21,0.0,57.34,returned
O200431,3,2024-03-26,C50312,P1050,2,34.14,,16.39,completed
O201447,1,2024-12-06,C50950,P1079,3,68.1,20.0,55.33,completed
O204628,2,2023-08-29,C53106,P1091,1,23.72,0.0,9.49,completed
O200884,2,"Nov 19, 2024",C50589,P1117,1,26.18,5.0,15.43,completed
O205781,3,"Dec 06, 2023",C53942,P1051,1,26.4,30.0,18.11,completed
O205690,1,"Apr 05, 2024",C53879,P1037,1,42.0,10.0,28.94,completed
O204275,3,2024-12-20,C52849,P1077,3,38.16,20.0,31.01,completed
O200741,2,13/03/2023,C50508,P1019,1,293.87,0.0,229.22,completed
O202986,1,2024-11-16,C51965,P1084,1,48.91,0.0,31.79,completed
O204940,2,2024-11-25,C53334,P1092,1,13.98,,6.99,completed
O200263,1,2023-12-28,C50192,P1113,3,18.23,0.0,10.21,completed
O205550,5,2023-01-05,C53778,P1043,2,24.79,30.0,21.96,completed
O205430,2,2023-05-07,C53689,P1017,2,222.03,0.0,173.18,completed
O204680,3,2024-01-09,C53145,P1018,1,96.28,10.0,83.44,completed
O200738,1,2024-11-29,C50506,P1070,1,18.23,40.0,14.58,completed
O200432,1,"May 27, 2023",C50312,P1080,2,50.9,0.0,33.09,completed
O200816,3,2024-01-06,C50547,P1067,2,16.99,40.0,13.59,completed
O205675,2,30/05/2024,C53868,P1042,1,64.82,0.0,40.19,completed
O205708,3,2024-09-18,C53893,P1099,1,18.13,15.0,8.53,completed
O201841,1,10/07/2024,C51215,P1037,2,46.67,0.0,28.94,completed
O203007,4,23/11/2024,C51981,P1074,2,55.52,30.0,51.56,completed
O200314,2,"May 05, 2024",C50230,P1026,1,41.43,0.0,25.69,completed
O204460,6,14/05/2024,C52983,P1088,2,60.76,0.0,39.49,completed
O205815,2,2024-07-23,C53967,P1032,1,38.3,5.0,25.0,completed
O201178,1,18/06/2024,C50781,P1014,1,336.97,0.0,262.84,completed
O201851,2,2024-07-26,C51219,P1074,2,75.35,5.0,51.56,completed
O202315,1,2023-11-28,C51554,P1070,1,27.34,10.0,14.58,completed
O200289,1,2023-05-20,C50206,P1110,2,9.82,5.0,5.79,completed
O200876,4,2024-03-31,C50587,P1092,2,17.47,0.0,6.99,completed
O205745,1,09/08/2023,C53919,P1015,1,234.42,0.0,182.85,completed
O201817,1,2024-06-26,C51203,P1059,3,22.43,0.0,10.77,completed
O200549,1,"Aug 25, 2024",C50396,P1040,1,68.39,0.0,42.4,completed
O202310,1,2023-10-10,C51553,P1116,1,18.83,,10.54,completed
O202626,2,2023-09-04,C51762,P1043,1,35.42,0.0,21.96,completed
O200653,2,2024-05-12,C50460,P1019,1,293.87,0.0,229.22,completed
O201267,3,2024-12-16,C50826,P1029,1,36.44,40.0,37.65,completed
O201292,2,2024-04-24,C50844,P1030,3,61.28,0.0,37.99,completed
O201014,1,26/08/2024,C50697,P1030,1,61.28,0.0,37.99,completed
O202550,1,2024-09-09,C51695,P1081,1,77.57,0.0,50.42,completed
O205737,2,"Sep 30, 2024",C53909,P1084,1,41.57,15.0,31.79,completed
O204571,3,06/11/2024,C53066,P1041,1,64.48,10.0,44.42,completed
O205154,2,05/05/2023,C53500,P1011,1,279.33,5.0,229.34,completed
O202967,3,2024-12-06,C51954,P1021,3,131.0,20.0,127.73,completed
O201546,4,2024-07-08,C51012,P1049,1,44.95,0.0,21.58,completed
O201008,1,2024-11-09,C50692,P1027,1,64.47,0.0,39.97,completed
O202959,1,2024-07-15,C51951,P1008,2,152.33,0.0,118.82,completed
O200834,4,2024-10-20,C50563,P1074,3,75.35,5.0,51.56,completed
O203149,1,2024-09-10,C52074,P1112,3,26.25,5.0,15.47,completed
O204585,1,2023-11-06,C53075,P1013,2,178.58,5.0,146.62,completed
O202376,1,20/12/2024,C51579,P1019,1,264.48,10.0,229.22,completed
O200513,1,2024-03-06,C50370,P1097,1,10.71,0.0,4.28,completed
O201476,1,2024-04-02,C50968,P1104,1,23.19,5.0,9.76,completed
O204280,1,2023-10-11,C52852,P1074,1,71.39,10.0,51.56,completed
O203427,2,2024-05-21,C52269,P1097,1,10.71,0.0,4.28,completed
O201499,2,2023-12-06,C50982,P1114,1,9.53,20.0,6.67,completed
O200920,1,2024-12-14,C50618,P1045,1,41.9,20.0,32.47,completed
O200148,3,01/12/2024,C50104,P1017,1,177.62,20.0,173.18,completed
O202149,1,2024-02-12,C51433,P1007,3,175.03,10.0,151.69,completed
O202472,2,2024-11-26,C51644,P1080,2,35.63,30.0,33.09,completed
O201529,4,2024-08-27,C50989,P1013,2,187.98,0.0,146.62,completed
O200880,1,"Apr 17, 2024",C50588,P1095,1,8.33,10.0,3.7,completed
O205821,1,18/05/2024,C53969,P1063,1,35.63,0.0,17.1,completed
O200757,2,2024-04-13,C50516,P1047,1,49.02,0.0,23.53,completed
O205748,2,"Nov 29, 2024",C53923,P1120,1,15.24,30.0,12.19,completed
O204003,5,08/12/2023,C52656,P1090,1,54.0,30.0,50.14,completed
O204738,1,10/01/2024,C53182,P1086,1,63.1,20.0,51.27,completed
O200849,2,2023-12-22,C50573,P1086,1,74.93,5.0,51.27,completed
O201431,1,2024-09-10,C50945,P1079,2,85.12,0.0,55.33,completed
O205460,1,2024-12-25,C53712,P1055,4,25.46,5.0,12.86,completed
O204867,2,2024-09-01,C53277,P1031,3,122.53,15.0,89.37,completed
O200118,1,08/07/2024,C50085,P1101,1,15.62,0.0,6.25,completed
O200408,1,30/11/2023,C50291,P1031,1,115.32,20.0,89.37,completed
O200769,3,16/10/2023,C50524,P1022,2,124.65,0.0,97.23,completed
O204676,3,2024-06-30,C53144,P1104,4,24.41,0.0,9.76,completed
O204067,3,2024-09-08,C52705,P1074,1,79.32,0.0,51.56,completed
O205647,2,2024-11-14,C53855,P1003,3,273.9,0.0,213.64,completed
O202890,3,2023-12-13,C51910,P1020,-1,141.09,20.0,137.56,returned
O202963,1,01/09/2024,C51954,P1002,1,102.31,0.0,79.8,completed
O205679,1,2024-09-03,C53870,P1015,1,222.7,5.0,182.85,completed
O204486,2,21/05/2024,C53000,P1096,1,10.19,,4.08,completed
O200587,2,13/03/2024,C50418,P1094,1,17.6,0.0,7.04,completed
O204416,1,2024-06-13,C52953,P1015,3,234.42,0.0,182.85,completed
O204432,5,2023-10-07,C52961,P1109,3,35.47,5.0,20.91,completed
O205396,1,2024-09-29,C53668,P1030,1,55.15,10.0,37.99,completed
O201922,1,2024-11-23,C51271,P1050,1,27.31,20.0,16.39,completed
O204533,1,2024-02-18,C53039,P1092,1,17.47,0.0,6.99,completed
O203308,5,2024-04-14,C52183,P1040,4,68.39,0.0,42.4,completed
O205564,6,2023-12-08,C53789,P1032,1,32.26,20.0,25.0,completed
O200503,1,07/05/2024,C50364,P1039,2,32.71,0.0,20.28,completed
O201324,1,02/10/2024,C50866,P1108,1,15.08,5.0,6.35,completed
O203949,1,2024-04-03,C52623,P1112,2,27.63,0.0,15.47,completed
O201711,4,2023-12-22,C51117,P1103,2,15.76,0.0,6.3,completed
O204678,3,"Nov 03, 2023",C53145,P1034,1,32.89,0.0,20.39,completed
O202577,2,15/09/2024,C51718,P1061,5,14.75,,7.45,completed
O205656,1,2024-11-27,C53860,P1055,1,21.44,,12.86,returned
O201796,4,2023-03-24,C51196,P1067,2,25.48,10.0,13.59,completed
O203449,3,2024-12-04,C52290,P1045,1,47.13,10.0,32.47,completed
O202943,1,29/06/2024,C51943,P1114,1,11.91,0.0,6.67,completed
O204749,3,2024-04-04,C53193,P1048,1,36.62,0.0,,completed
O205718,3,2024-12-13,C53901,P1010,1,79.37,30.0,88.44,returned
O200009,2,2024-08-09,C50004,P1095,1,8.79,5.0,3.7,completed
O201990,3,2024-10-06,C51320,P1037,2,46.67,0.0,28.94,completed
O204261,2,22/06/2023,C52842,P1017,2,222.03,0.0,173.18,completed
O205685,1,2024-08-25,C53873,P1090,1,77.14,0.0,50.14,completed
O202030,1,2023-11-23,C51355,P1050,3,27.31,20.0,,completed
O202163,4,2023-12-20,C51442,P1030,1,49.02,20.0,37.99,completed
O205704,1,2024-12-19,C53892,P1015,1,164.09,30.0,182.85,completed
O201379,1,30/07/2024,C50902,P1004,1,304.09,0.0,237.19,completed
O205053,1,2024-10-15,C53417,P1004,1,304.09,0.0,237.19,completed
O202162,4,"Aug 05, 2024",C51440,P1080,1,50.9,0.0,33.09,returned
O205739,4,25/11/2023,C53910,P1015,1,210.98,10.0,182.85,completed
O202549,1,2024-02-29,C51694,P1082,1,41.93,0.0,27.25,completed
O203942,1,2024-06-09,C52614,P1107,1,11.81,5.0,4.97,completed
O201625,3,2024-09-23,C51060,P1074,1,79.32,,51.56,completed
O202656,3,2023-10-22,C51779,P1066,2,47.32,0.0,22.71,completed
O201560,1,2023-11-22,C51017,P1068,1,18.83,30.0,12.91,completed
O201293,2,2024-12-10,C50847,P1047,3,44.12,10.0,23.53,completed
O203347,1,13/12/2024,C52209,P1080,1,35.63,30.0,33.09,completed
O205743,2,2024-10-13,C53919,P1114,4,10.72,10.0,6.67,completed
O203158,5,2024-01-22,C52078,P1045,1,52.37,,32.47,completed
O204561,1,2023-03-18,C53061,P1092,1,16.6,5.0,6.99,completed
O205407,2,2024-12-09,C53680,P1078,3,59.26,10.0,42.8,completed
O202040,2,2024-05-04,C51361,P1114,2,11.31,5.0,6.67,completed
O204878,1,"Jun 26, 2024",C53285,P1037,1,39.67,15.0,28.94,completed
O202004,1,2024-10-13,C51335,P1059,2,22.43,0.0,10.77,completed
O204252,2,2023-07-09,C52835,P1048,2,36.62,0.0,17.58,completed
O204108,2,17/12/2023,C52730,P1106,4,15.07,10.0,6.7,completed
O203730,1,27/09/2023,C52469,P1080,1,50.9,0.0,33.09,completed
O204496,2,2023-03-28,C53013,P1010,1,113.39,0.0,88.44,returned
O204084,2,2024-12-29,C52717,P1065,1,41.05,10.0,21.89,completed
O205154,3,2023-05-05,C53500,P1114,1,11.91,0.0,6.67,completed
O205230,2,01/08/2024,C53548,P1105,1,11.88,5.0,5.0,completed
O201085,3,23/11/2024,C50729,P1074,1,63.46,20.0,51.56,completed
O205238,6,"Oct 14, 2024",C53556,P1092,1,17.47,0.0,6.99,completed
O203608,2,2024-11-24,C52392,P1114,2,10.72,10.0,6.67,completed
O203674,2,2023-12-19,C52439,P1097,3,8.57,20.0,4.28,completed
O204822,1,2024-05-26,C53252,P1045,2,52.37,0.0,32.47,completed
O202380,1,2024-08-17,C51582,P1043,2,354.20000000000005,0.0,21.96,completed
O203623,4,04/12/2024,C52401,P1067,3,19.82,30.0,13.59,completed
O202275,6,06/10/2024,C51518,P1076,3,88.21,0.0,57.34,completed
O203970,2,2024-12-24,C52639,P1008,-1,152.33,,118.82,returned
O203979,1,2024-12-05,C52645,P1016,1,79.1,30.0,88.14,completed
O202319,2,2024-12-26,C51556,P1053,2,17.19,0.0,8.25,completed
O204648,1,2024-08-03,C53119,P1077,2,47.7,0.0,31.01,completed
O205788,6,2023-09-12,C53945,P1101,1,14.84,5.0,6.25,completed
O201445,5,2024-12-16,C50949,P1052,1,26.4,40.0,21.12,completed
O201839,6,2024-12-21,C51214,P1032,3,40.32,0.0,25.0,completed
O203941,1,2024-07-22,C52614,P1075,1,65.26,0.0,42.42,completed
O204089,1,2024-01-06,C52721,P1104,2,19.53,20.0,9.76,completed
O204808,2,2023-10-09,C53244,P1018,1,101.63,5.0,83.44,completed
O205557,2,"Sep 26, 2024",C53780,P1117,1,27.56,0.0,15.43,completed
O202882,2,24/10/2024,C51908,P1114,2,11.91,0.0,6.67,completed
O200739,3,2023-05-01,C50506,P1015,1,234.42,0.0,182.85,completed
O200546,2,27/08/2024,C50394,P1116,1,18.83,0.0,10.54,completed
O201720,2,2024-08-06,C51129,P1111,1,30.48,0.0,17.07,completed
O203700,2,2024-09-29,C52458,P1012,1,278.05,0.0,216.88,completed
O201833,1,2024-05-30,C51212,P1109,2,37.34,0.0,20.91,completed
O203734,1,2024-12-24,C52473,P1006,1,88.57,0.0,69.08,completed
O201261,3,2024-12-19,C50821,P1073,2,29.11,20.0,23.65,completed
O203806,1,2024-03-24,C52518,P1045,4,49.75,5.0,32.47,completed
O201083,3,2024-01-05,C50728,P1058,4,38.93,40.0,31.15,completed
O204993,2,2024-05-12,C53373,P1074,2,79.32,0.0,51.56,completed
O205290,1,25/03/2024,C53597,P1041,1,716.4,0.0,44.42,completed
O200359,4,01/12/2023,C50265,P1023,3,319.59,10.0,,completed
O201012,1,"Jun 20, 2024",C50693,P1075,3,58.73,10.0,42.42,completed
O205189,4,2024-12-20,C53520,P1038,1,22.72,30.0,20.13,completed
O203819,1,2024-12-23,C52525,P1074,3,79.32,0.0,51.56,returned
O203742,2,2024-09-14,C52477,P1005,4,61.99,0.0,48.35,completed
O200424,3,2024-07-03,C50305,P1004,1,273.68,10.0,237.19,completed
O201327,1,2024-08-14,C50871,P1050,1,32.43,5.0,16.39,completed
O202254,2,2024-06-07,C51507,P1062,1,28.48,0.0,13.67,completed
O200472,2,"Sep 17, 2024",C50344,P1074,1,79.32,,51.56,completed
O201459,4,2024-07-03,C50959,P1062,2,28.48,0.0,13.67,completed
O203606,1,2023-09-04,C52390,P1056,1,24.84,0.0,11.92,completed
O200252,1,2024-11-26,C50183,P1029,2,54.66,10.0,37.65,completed
O204544,2,2024-09-05,C53050,P1068,2,26.9,0.0,12.91,completed
O205608,1,03/12/2024,C53824,P1047,4,39.22,20.0,23.53,completed
O202417,3,2024-10-27,C51607,P1099,3,19.2,10.0,8.53,completed
O202756,2,2024-06-06,C51834,P1099,4,20.26,5.0,8.53,completed
O200770,2,2024-04-12,C50524,P1049,1,44.95,0.0,21.58,completed
O200109,1,2024-11-27,C50075,P1037,1,28.0,40.0,28.94,completed
O202682,2,15/12/2024,C51798,P1048,1,32.96,10.0,17.58,completed
O200170,2,2024-05-02,C50127,P1104,1,24.41,0.0,9.76,completed
O200531,4,2024-09-24,C50385,P1112,1,26.25,5.0,15.47,completed
O200906,5,"Dec 08, 2023",C50610,P1048,1,29.3,20.0,17.58,completed
O203855,4,2023-01-04,C52553,P1014,1,303.27,10.0,262.84,completed
O201832,3,07/07/2024,C51211,P1083,2,49.42,0.0,32.12,completed
O204507,2,2024-01-09,C53020,P1019,1,176.32,40.0,229.22,completed
O204742,1,2024-11-13,C53187,P1101,2,15.62,0.0,6.25,completed
O204210,3,2024-12-05,C52791,P1015,1,187.54,20.0,182.85,completed
O204798,1,2024-09-09,C53232,P1030,2,61.28,0.0,37.99,completed
O202394,1,02/07/2023,C51590,P1086,1,78.87,0.0,51.27,completed
O201167,3,2024-12-28,C50778,P1057,4,29.26,0.0,14.04,completed
O200692,2,17/08/2024,C50484,P1089,1,78.6,0.0,51.09,completed
O204812,3,2024-01-06,C53244,P1007,3,175.03,10.0,151.69,completed
O202751,1,06/05/2023,C51833,P1105,5,11.26,10.0,5.0,completed
O203287,1,"Nov 27, 2024",C52177,P1046,1,44.09,20.0,34.17,completed
O205181,3,2024-12-31,C53516,P1029,1,60.73,0.0,37.65,completed
O203640,1,2024-06-19,C52410,P1006,1,88.57,0.0,69.08,completed
O201711,2,2023-12-22,C51117,P1114,1,11.91,0.0,6.67,completed
O202023,4,2024-05-30,C51345,P1070,4,30.38,0.0,14.58,completed
O203061,2,2023-11-18,C52011,P1047,1,46.57,5.0,23.53,completed
O204060,1,2024-03-16,C52700,P1070,1,30.38,0.0,14.58,completed
O204742,2,2024-11-13,C53187,P1057,2,27.8,5.0,14.04,completed
O203998,1,2024-12-13,C52652,P1065,1,41.05,10.0,21.89,completed
O202146,2,2024-08-19,C51430,P1055,1,26.8,0.0,12.86,completed
O204956,1,2024-12-26,C53339,P1074,2,79.32,0.0,51.56,completed
O204985,4,22/10/2024,C53368,P1065,1,45.61,0.0,21.89,completed
O203057,1,2024-10-28,C52011,P1081,1,77.57,0.0,50.42,completed
O203091,3,27/01/2024,C52036,P1017,1,222.03,0.0,173.18,completed
O201164,4,2023-07-13,C50775,P1114,1,11.91,0.0,6.67,completed
O202857,1,2024-11-25,C51899,P1105,2,10.01,20.0,5.0,returned
O202389,5,2024-11-16,C51585,P1033,3,32.5,15.0,23.71,completed
O204702,2,2024-04-16,C53162,P1104,1,20.75,15.0,9.76,completed
O201673,1,16/04/2023,C51080,P1058,1,55.16,15.0,31.15,completed
O205348,4,2024-05-28,C53634,P1114,3,11.91,0.0,6.67,completed
O200903,2,2024-06-12,C50610,P1034,3,31.25,5.0,20.39,completed
O202854,2,2024-08-02,C51899,P1051,1,32.06,15.0,18.11,completed
O205192,1,2024-04-20,C53522,P1058,3,64.89,0.0,31.15,completed
O204922,2,2024-12-11,C53320,P1117,4,19.29,30.0,15.43,completed
O205747,3,"May 25, 2024",C53921,P1065,4,45.61,0.0,21.89,completed
O201851,1,2024-07-26,C51219,P1060,2,51.2,0.0,24.58,completed
O200351,1,2024-05-08,C50256,P1099,1,21.33,0.0,8.53,completed
O201814,1,2024-09-26,C51203,P1061,1,14.75,5.0,7.45,completed
O203114,1,2023-12-23,C52051,P1067,1,26.89,5.0,13.59,completed
O201754,2,06/12/2024,C51158,P1049,2,35.96,20.0,21.58,completed
O203038,1,2024-10-20,C51998,P1028,1,59.31,0.0,36.77,completed
O204846,3,2024-11-07,C53264,P1026,1,41.43,0.0,25.69,completed
O200183,2,"Jun 20, 2024",C50135,P1102,3,30.56,0.0,12.22,completed
O202826,2,2023-04-26,C51884,P1010,1,113.39,0.0,88.44,completed
O201162,1,10/03/2024,C50775,P1035,2,67.22,0.0,41.68,completed
O203933,5,2024-12-06,C52611,P1088,1,36.46,40.0,39.49,completed
O205616,2,"Oct 11, 2024",C53830,P1015,1,234.42,0.0,182.85,completed
O202732,1,19/09/2024,C51826,P1085,1,31.26,0.0,20.32,completed
O201046,1,2023-09-03,C50708,P1009,1,179.6,0.0,140.09,completed
O200057,4,2024-12-15,C50035,P1039,1,19.63,40.0,20.28,completed
O201526,1,2024-05-22,C50988,P1001,1,214.35,0.0,167.19,completed
O203904,4,2024-12-24,C52580,P1082,2,41.93,0.0,27.25,completed
O200154,3,2024-12-10,C50113,P1002,3,81.85,20.0,79.8,completed
O201327,2,2024-08-14,C50871,P1045,2,52.37,0.0,32.47,completed
O203083,2,2024-06-01,C52027,P1031,2,144.15,,89.37,completed
O201082,3,2023-09-22,C50728,P1018,1,96.28,10.0,83.44,completed
O204081,1,2024-12-05,C52714,P1045,1,41.9,20.0,32.47,completed
O200414,2,2023-12-21,C50301,P1023,1,319.59,10.0,276.98,completed
O201958,5,2024-06-15,C51300,P1083,1,46.95,5.0,32.12,completed
O202165,1,2024-04-13,C51443,P1055,1,22.78,15.0,12.86,completed
O200750,2,2023-02-17,C50514,P1079,1,85.12,0.0,55.33,completed
O203779,5,2024-08-25,C52507,P1035,1,63.86,5.0,41.68,completed
O203699,1,2023-10-05,C52458,P1016,3,113.0,0.0,88.14,completed
O202769,1,2024-09-21,C51848,P1063,3,35.63,0.0,17.1,completed
O201798,1,2024-11-23,C51197,P1114,1,10.72,10.0,6.67,completed
O201593,1,2024-01-26,C51046,P1084,1,48.91,0.0,31.79,completed
O205600,4,23/07/2024,C53819,P1008,2,152.33,0.0,118.82,completed
O203650,1,2024-11-10,C52422,P1058,2,64.89,0.0,31.15,completed
O204018,1,2024-03-18,C52665,P1097,1,10.71,0.0,4.28,completed
O204205,2,2024-12-22,C52789,P1065,1,45.61,0.0,21.89,completed
O201669,2,2024-08-16,C51075,P1082,2,41.93,0.0,27.25,completed
O204826,1,"May 07, 2024",C53253,P1084,1,48.91,0.0,31.79,completed
O205262,4,2024-08-29,C53575,P1034,1,32.89,0.0,20.39,completed
O202544,1,2024-11-22,C51692,P1051,4,22.63,40.0,18.11,completed
O204152,1,"Jun 15, 2024",C52749,P1060,2,46.08,10.0,24.58,completed
O202853,2,2024-11-27,C51899,P1015,1,164.09,30.0,182.85,
O205313,1,04/12/2023,C53610,P1074,3,71.39,10.0,51.56,completed
O203651,2,"Dec 11, 2024",C52422,P1106,1,15.07,10.0,6.7,completed
O200633,1,2024-11-22,C50448,P1045,1,41.9,20.0,32.47,completed
O205674,2,2024-08-14,C53868,P1051,2,33.95,10.0,18.11,completed
O200105,2,2024-06-02,C50073,P1106,3,16.74,0.0,6.7,completed
O200278,1,30/08/2024,C50201,P1061,1,14.75,5.0,7.45,completed
O205221,4,"Dec 04, 2024",C53545,P1114,1,10.72,10.0,6.67,completed
O203546,2,2024-08-13,C52359,P1093,1,14.57,5.0,6.14,completed
O202735,1,24/09/2024,C51826,P1012,1,236.34,15.0,216.88,completed
O205369,1,07/12/2024,C53649,P1090,3,69.43,10.0,50.14,completed
O200493,3,22/06/2024,C50359,P1074,1,79.32,0.0,51.56,completed
O201086,4,2023-01-08,C50730,P1021,2,98.25,40.0,127.73,completed
O205279,3,03/01/2024,C53589,P1021,2,131.0,20.0,127.73,completed
O200463,1,2024-04-28,C50331,P1063,3,35.63,0.0,17.1,completed
O201884,1,2023-12-01,C51241,P1094,4,12.32,,7.04,completed
O200313,1,2024-05-21,C50230,P1008,1,137.1,10.0,118.82,completed
O204862,2,2023-12-07,C53276,P1112,5,19.34,30.0,15.47,completed
O200743,1,2024-07-22,C50509,P1040,2,64.97,5.0,42.4,completed
O200472,1,2024-09-17,C50344,P1074,2,79.32,0.0,51.56,completed
O200510,1,"Nov 29, 2024",C50367,P1050,2,30.73,10.0,16.39,completed
O200847,2,2024-09-28,C50572,P1008,5,152.33,0.0,118.82,completed
O200508,2,2024-10-09,C50366,P1070,2,30.38,0.0,14.58,completed
O200888,1,14/08/2024,C50592,P1062,1,25.63,10.0,13.67,completed
O203201,1,26/11/2024,C52112,P1032,1,36.29,10.0,25.0,completed
O201163,3,2024-04-06,C50775,P1015,3,234.42,0.0,182.85,completed
O202147,5,"Aug 08, 2024",C51432,P1005,1,61.99,0.0,48.35,completed
O200424,5,2024-07-03,C50305,P1114,1,11.91,0.0,6.67,completed
O200430,4,2024-03-24,C50311,P1004,2,304.09,0.0,237.19,completed
O202504,2,02/09/2024,C51669,P1074,2,67.42,15.0,51.56,completed
O203818,1,10/08/2024,C52524,P1013,1,1879.8,0.0,146.62,completed
O202382,1,2023-10-15,C51582,P1017,1,222.03,0.0,173.18,completed
O202680,2,09/07/2024,C51796,P1086,3,78.87,0.0,,completed
O202763,4,"Feb 25, 2024",C51838,P1018,1,106.98,0.0,83.44,completed
O203654,3,2024-10-27,C52423,P1012,1,236.34,15.0,216.88,completed
O202604,1,2024-04-21,C51743,P1024,1,166.5,0.0,129.87,completed
O203591,3,2024-07-30,C52382,P1117,1,27.56,0.0,15.43,completed
O203840,1,2024-10-19,C52543,P1012,1,278.05,0.0,216.88,completed
O205283,1,2024-01-10,C53591,P1009,1,143.68,20.0,140.09,completed
O203985,3,2023-04-03,C52646,P1071,2,18.65,0.0,8.95,returned
O200121,2,2024-07-16,C50085,P1028,3,53.38,10.0,36.77,completed
O203235,1,2024-03-25,C52139,P1041,1,71.64,0.0,44.42,completed
O201734,1,2024-10-26,C51137,P1086,1,78.87,0.0,51.27,completed
O205009,1,2024-06-04,C53383,P1009,1,179.6,0.0,140.09,completed
O205139,1,2024-12-17,C53482,P1114,1,8.34,30.0,6.67,completed
O203889,3,2024-11-29,C52568,P1067,-1,25.48,10.0,13.59,returned
O202330,2,11/02/2023,C51562,P1016,1,113.0,0.0,88.14,completed
O203056,1,16/08/2024,C52011,P1026,2,35.22,,25.69,completed
O202847,1,2024-07-22,C51894,P1048,2,36.62,0.0,17.58,completed
O202575,1,"Aug 02, 2024",C51718,P1023,1,355.1,0.0,276.98,completed
O205758,1,2024-12-27,C53928,P1069,-1,48.72,0.0,23.39,returned
O205189,2,2024-12-20,C53520,P1029,2,36.44,40.0,37.65,completed
O202664,3,23/10/2024,C51785,P1034,2,32.89,0.0,20.39,completed
O203377,1,2024-10-15,C52227,P1019,1,249.79,15.0,229.22,completed
O205172,1,2023-08-16,C53512,P1015,1,234.42,0.0,182.85,completed
O205452,1,2024-12-08,C53707,P1120,2,17.42,20.0,12.19,completed
O205115,2,2024-12-08,C53472,P1024,2,133.2,20.0,129.87,completed
O202987,1,2023-09-09,C51965,P1032,1,40.32,0.0,25.0,completed
O203004,3,2023-04-03,C51978,P1045,1,52.37,0.0,32.47,completed
O205427,1,2024-07-29,C53688,P1030,1,61.28,0.0,37.99,completed
O204332,5,20/06/2024,C52886,P1114,3,11.31,5.0,6.67,completed
O204570,1,2024-11-18,C53066,P1056,-2,23.6,5.0,11.92,returned
O201445,1,2024-12-16,C50949,P1101,1,14.06,10.0,6.25,completed
O204332,4,2024-06-20,C52886,P1114,3,11.91,0.0,6.67,completed
O201844,1,22/08/2024,C51217,P1087,2,46.61,0.0,30.3,completed
O204105,1,30/11/2024,C52728,P1117,1,19.29,30.0,15.43,completed
O203129,1,2024-08-26,C52062,P1062,2,28.48,0.0,13.67,completed
O202535,4,2024-08-01,C51688,P1106,2,16.74,0.0,6.7,completed
O200195,3,"Nov 26, 2024",C50138,P1087,1,37.29,20.0,30.3,completed
O202105,1,"Dec 20, 2024",C51406,P1023,4,284.08,20.0,276.98,completed
O202089,2,"Dec 04, 2023",C51391,P1032,1,32.26,20.0,25.0,completed
O205242,3,2023-03-27,C53557,P1075,1,65.26,,42.42,completed
O203305,4,2024-12-29,C52183,P1030,1,61.28,0.0,37.99,completed
O203306,2,"Jul 04, 2024",C52183,P1048,1,34.79,,17.58,completed
O204665,3,2023-11-22,C53132,P1047,1,39.22,20.0,23.53,completed
O201814,3,26/09/2024,C51203,P1030,1,61.28,0.0,37.99,completed
O204824,2,15/12/2024,C53253,P1061,2,10.87,30.0,7.45,completed
O201718,4,"Aug 15, 2024",C51128,P1112,-2,27.63,0.0,15.47,returned
O202544,5,2024-11-22,C51692,P1088,1,42.53,,39.49,completed
O203942,3,2024-06-09,C52614,P1012,1,278.05,0.0,216.88,completed
O200255,4,2024-08-30,C50185,P1015,1,234.42,0.0,182.85,completed
O203274,1,2023-08-07,C52170,P1035,2,67.22,0.0,41.68,completed
O205658,3,2024-12-04,C53860,P1061,2,10.87,30.0,7.45,completed
O200144,1,2024-02-14,C50099,P1005,3,61.99,0.0,48.35,completed
O204195,3,2024-11-30,C52779,P1084,3,39.13,20.0,31.79,completed
O205319,2,2023-07-07,C53613,P1013,-1,187.98,0.0,146.62,returned
O201467,3,2024-11-29,C50965,P1041,5,57.31,20.0,44.42,completed
O204623,2,25/06/2024,C53102,P1013,1,178.58,5.0,146.62,completed
O205314,2,2024-02-03,C53610,P1020,1,176.36,0.0,137.56,returned
O204912,2,2024-11-17,C53313,P1043,4,35.42,0.0,21.96,completed
O205100,1,26/08/2024,C53466,P1020,1,167.54,5.0,137.56,completed
O202838,1,2024-09-27,C51890,P1066,2,47.32,0.0,22.71,completed
O203031,1,2024-02-25,C51996,P1112,2,27.63,0.0,15.47,completed
O204695,4,2024-10-29,C53160,P1086,1,74.93,5.0,51.27,completed
O201063,1,"Nov 30, 2024",C50713,P1046,1,49.6,,34.17,completed
O200600,4,2024-08-02,C50427,P1015,1,234.42,0.0,182.85,completed
O202572,2,2024-11-30,C51717,P1006,1,62.0,30.0,69.08,completed
O204135,1,2023-11-28,C52739,P1059,2,20.19,10.0,10.77,completed
O204558,2,2024-12-31,C53059,P1040,1,68.39,0.0,42.4,completed
O205825,5,2024-05-26,C53973,P1068,1,24.21,10.0,12.91,completed
O202638,1,2024-01-27,C51767,P1073,2,34.57,5.0,23.65,completed
O201678,1,2024-01-16,C51084,P1002,2,102.31,0.0,79.8,completed
O203112,1,"Aug 30, 2024",C52051,P1044,1,55.48,0.0,34.4,completed
O202326,3,"Oct 26, 2024",C51559,P1114,1,11.91,0.0,6.67,completed
O203366,1,17/07/2023,C52220,P1112,1,27.63,0.0,15.47,completed
O203167,3,2024-05-19,C52089,P1119,2,54.65,0.0,30.6,completed
O201576,1,2023-06-04,C51037,P1059,1,21.31,5.0,10.77,completed
O202617,5,2023-04-26,C51753,P1044,1,55.48,0.0,34.4,completed
O202548,6,22/12/2024,C51693,P1106,1,16.74,0.0,6.7,completed
O201716,1,"Sep 08, 2023",C51125,P1021,2,147.38,10.0,127.73,completed
O204978,1,2024-06-30,C53358,P1030,3,55.15,10.0,37.99,completed
O201257,3,01/06/2024,C50819,P1022,3,118.42,5.0,,completed
O201994,1,"May 06, 2024",C51327,P1030,1,61.28,0.0,37.99,completed
O200556,3,2024-11-26,C50401,P1114,3,9.53,20.0,6.67,completed
O204374,1,2023-11-22,C52925,P1013,1,150.38,20.0,146.62,completed
O202226,1,2024-12-05,C51486,P1116,2,15.06,20.0,10.54,completed
O205389,2,"Dec 06, 2023",C53664,P1015,1,140.65,40.0,182.85,completed
O200814,2,2024-01-31,C50546,P1005,3,61.99,0.0,48.35,completed
O200469,1,2024-02-15,C50337,P1061,1,15.53,0.0,7.45,completed
O201376,2,2024-09-04,C50899,P1015,1,234.42,0.0,182.85,completed
O202054,1,2023-07-15,C51372,P1057,2,29.26,0.0,14.04,completed
O202253,1,2023-06-13,C51507,P1041,2,60.89,15.0,44.42,completed
O200940,1,2024-09-05,C50634,P1087,1,46.61,0.0,30.3,completed
O204955,2,2024-05-29,C53339,P1010,1,113.39,0.0,88.44,completed
O205777,1,2024-11-02,C53941,P1110,1,10.34,0.0,5.79,completed
O202926,1,2024-10-23,C51933,P1009,2,179.6,0.0,140.09,completed
O200474,1,03/08/2023,C50344,P1046,2,55.11,0.0,34.17,completed
O202153,2,2024-05-29,C51435,P1027,-4,61.25,5.0,39.97,returned
O203755,1,26/09/2024,C52488,P1088,1,60.76,0.0,39.49,completed
O204356,3,2024-06-13,C52907,P1021,1,163.75,0.0,127.73,completed
O201780,5,2024-12-06,C51174,P1088,1,36.46,40.0,39.49,completed
O204507,1,09/01/2024,C53020,P1054,1,22.94,20.0,13.77,completed
O203594,1,"Mar 26, 2024",C52384,P1032,2,36.29,10.0,25.0,completed
O203772,4,05/01/2023,C52503,P1088,2,54.68,10.0,39.49,completed
O203550,3,2024-01-02,C52360,P1015,1,164.09,30.0,182.85,completed
O204034,3,31/12/2024,C52676,P1047,2,49.02,0.0,23.53,returned
O200123,1,2024-12-10,C50086,P1061,3,10.87,30.0,7.45,completed
O202207,5,2024-04-28,C51476,P1094,2,16.72,5.0,7.04,completed
O200863,1,2024-06-14,C50581,P1114,2,10.12,15.0,6.67,completed
O203991,2,2024-12-16,C52647,P1065,1,36.49,,21.89,completed
O200329,3,2023-11-25,C50238,P1114,1,8.34,30.0,6.67,completed
O201867,5,2024-05-19,C51227,P1101,2,15.62,0.0,6.25,completed
O202022,1,11/05/2024,C51345,P1114,3,11.91,0.0,6.67,completed
O204444,1,29/11/2024,C52973,P1050,3,20.48,40.0,16.39,completed
O204000,5,2024-12-31,C52653,P1041,1,71.64,0.0,44.42,completed
O201533,1,2024-12-20,C50996,P1004,3,273.68,10.0,237.19,completed
O202375,1,2024-11-26,C51578,P1103,1,14.18,10.0,6.3,completed
O202823,1,2023-02-28,C51882,P1114,5,11.91,0.0,6.67,completed
O205318,2,2023-11-30,C53613,P1097,1,8.57,20.0,4.28,completed
O202480,2,2024-11-13,C51649,P1005,1,58.89,5.0,48.35,completed
O200601,6,2024-07-07,C50427,P1018,1,96.28,10.0,83.44,completed
O200117,1,2024-11-25,C50084,P1047,1,39.22,20.0,23.53,completed
O205252,1,2023-12-01,C53567,P1010,4,79.37,30.0,88.44,completed
O202564,1,"Dec 09, 2024",C51711,P1008,1,106.63,30.0,118.82,completed
O200550,3,2024-07-14,C50397,P1034,2,29.6,10.0,20.39,completed
O202678,1,2024-06-26,C51796,P1054,1,28.68,0.0,13.77,completed
O203018,4,2024-11-21,C51989,P1025,1,37.89,5.0,24.73,completed
O201623,1,2024-11-28,C51060,P1114,1,8.34,30.0,6.67,completed
O202332,1,2024-07-09,C51563,P1092,1,15.72,10.0,6.99,completed
O201702,4,28/11/2024,C51108,P1110,3,8.27,20.0,5.79,completed
O203041,1,2023-07-04,C52001,P1114,1,11.91,0.0,6.67,completed
O201522,2,2023-11-27,C50986,P1015,1,210.98,10.0,182.85,completed
O202303,1,2024-10-18,C51545,P1118,1,24.8,0.0,13.89,completed
O204463,1,2024-05-24,C52987,P1112,1,27.63,0.0,15.47,completed
O204208,6,20/12/2024,C52790,P1085,1,28.13,10.0,20.32,completed
O200585,1,2024-04-16,C50418,P1022,1,124.65,0.0,,completed
O205098,4,2024-12-15,C53462,P1047,1,34.31,30.0,23.53,completed
O201133,2,2024-11-26,C50758,P1041,1,57.31,20.0,44.42,completed
O205652,2,2024-12-20,C53857,P1114,3,8.34,30.0,6.67,completed
O205385,1,2024-12-16,C53663,P1049,2,35.96,20.0,21.58,completed
O204187,6,2023-10-17,C52773,P1005,3,61.99,0.0,48.35,completed
O203873,2,06/08/2024,C52564,P1006,2,88.57,0.0,69.08,completed
O204018,3,2024-03-18,C52665,P1057,1,29.26,0.0,14.04,completed
O202515,1,2024-09-15,C51673,P1055,2,26.8,0.0,12.86,completed
O202248,2,2024-05-31,C51504,P1015,1,234.42,0.0,182.85,completed
O203085,3,2024-05-20,C52028,P1066,5,47.32,0.0,22.71,completed
O202874,1,2024-08-22,C51907,P1034,1,31.25,5.0,20.39,completed
O201501,4,2024-06-29,C50982,P1092,2,17.47,0.0,6.99,completed
O201235,2,2023-03-13,C50808,P1009,1,170.62,5.0,140.09,completed
O200103,1,31/07/2024,C50071,P1038,1,32.46,0.0,20.13,completed
O202262,1,2024-11-21,C51508,P1017,1,222.03,0.0,173.18,completed
O204321,2,07/12/2024,C52876,P1013,1,1503.8,20.0,146.62,completed
O202127,3,2024-08-20,C51423,P1111,2,30.48,0.0,17.07,completed
O203368,1,2024-03-29,C52223,P1114,1,11.91,0.0,6.67,completed
O203586,3,"May 11, 2023",C52378,P1114,2,11.91,0.0,6.67,completed
O205593,5,19/02/2023,C53812,P1015,3,234.42,0.0,182.85,completed
O203572,2,2023-09-24,C52370,P1058,1,64.89,0.0,31.15,completed
O203563,3,21/06/2024,C52364,P1032,-1,38.3,5.0,25.0,returned
O203086,5,2024-12-20,C52030,P1015,3,164.09,30.0,182.85,completed
O204601,1,"Nov 03, 2023",C53088,P1023,5,355.1,0.0,276.98,completed
O202612,1,2024-06-15,C51750,P1015,2,199.26,15.0,182.85,completed
O200531,3,2024-09-24,C50385,P1086,4,78.87,0.0,51.27,completed
O201610,3,2024-12-01,C51053,P1015,2,187.54,20.0,182.85,completed
O202179,1,2024-12-14,C51453,P1053,1,15.47,10.0,8.25,completed
O204235,1,2024-08-10,C52813,P1053,1,16.33,5.0,8.25,completed
O204085,2,2024-05-13,C52719,P1017,1,199.83,10.0,173.18,completed
O205862,1,2023-05-10,C53992,P1025,2,39.88,0.0,24.73,completed
O204287,1,2024-11-22,C52854,P1008,2,91.4,40.0,118.82,completed
O205070,1,2024-03-08,C53432,P1015,1,234.42,0.0,182.85,completed
O200115,1,2024-09-15,C50082,P1105,1,11.88,5.0,5.0,completed
O205606,3,2024-12-12,C53823,P1034,1,23.02,30.0,20.39,completed
O200181,3,2024-08-08,C50134,P1032,1,40.32,0.0,25.0,completed
O205626,5,2023-07-16,C53839,P1003,1,273.9,0.0,213.64,completed
O204863,1,2023-12-09,C53276,P1103,1,12.61,20.0,6.3,completed
O203319,4,2024-09-29,C52185,P1065,4,45.61,0.0,21.89,completed
O205097,2,2023-11-27,C53461,P1067,1,19.82,30.0,13.59,completed
O205660,3,2024-10-19,C53860,P1060,1,51.2,0.0,24.58,completed
O201169,1,14/10/2024,C50780,P1051,2,37.72,0.0,18.11,completed
O203462,4,2023-12-09,C52299,P1059,3,20.19,10.0,10.77,completed
O204053,3,2023-05-17,C52695,P1062,1,27.06,5.0,13.67,completed
O203190,3,2024-08-22,C52102,P1106,3,16.74,0.0,6.7,completed
O202487,1,03/12/2024,C51655,P1051,1,33.95,10.0,18.11,completed
O200751,4,2023-09-19,C50514,P1044,1,55.48,0.0,34.4,completed
O200626,1,2023-12-13,C50439,P1072,1,15.91,20.0,9.55,completed
O200877,4,2024-05-08,C50587,P1015,2,234.42,0.0,182.85,completed
O205218,1,2024-12-11,C53542,P1037,1,37.34,20.0,28.94,completed
O201405,2,2023-06-15,C50925,P1067,1,28.31,0.0,13.59,completed
O201276,4,"Nov 29, 2024",C50835,P1021,3,98.25,40.0,127.73,completed
O203315,2,2024-11-26,C52185,P1021,3,131.0,20.0,127.73,completed
O200557,3,30/11/2024,C50401,P1062,1,25.63,10.0,13.67,completed
O204945,1,01/10/2024,C53336,P1043,2,35.42,0.0,21.96,completed
O202657,3,2024-05-26,C51780,P1061,2,14.75,5.0,7.45,completed
O202342,2,2024-07-07,C51567,P1060,1,51.2,0.0,24.58,completed
O203163,2,"May 29, 2024",C52084,P1048,1,36.62,0.0,17.58,completed
O200120,2,2023-08-01,C50085,P1047,2,49.02,0.0,23.53,completed
O200414,1,2023-12-21,C50301,P1068,1,26.9,0.0,12.91,completed
O200991,1,02/09/2024,C50676,P1038,2,30.84,,20.13,completed
O203218,1,2024-10-03,C52126,P1062,1,28.48,0.0,13.67,completed
O201813,4,2023-10-23,C51203,P1074,1,79.32,0.0,51.56,completed
O203666,4,10/08/2024,C52433,P1082,2,41.93,0.0,27.25,completed
O202736,1,"Nov 24, 2024",C51826,P1017,1,177.62,,173.18,completed
O201042,5,2024-10-05,C50708,P1015,1,234.42,0.0,182.85,completed
O200870,4,2023-01-20,C50583,P1056,1,24.84,0.0,11.92,completed
O204064,1,"Dec 11, 2024",C52704,P1032,2,32.26,20.0,25.0,completed
O205823,1,2024-11-25,C53970,P1057,2,20.48,30.0,14.04,completed
O203728,1,15/04/2023,C52468,P1077,1,47.7,0.0,31.01,completed
O201823,1,2024-05-29,C51207,P1038,1,32.46,0.0,20.13,completed
O204407,5,11/05/2023,C52947,P1101,1,15.62,0.0,6.25,completed
O204189,2,2023-03-19,C52774,P1015,-3,234.42,0.0,182.85,returned
O201988,2,2024-12-17,C51319,P1032,1,32.26,20.0,25.0,completed
O204336,2,2024-11-23,C52890,P1107,1,9.94,20.0,4.97,completed
O201473,1,2024-12-04,C50966,P1045,1,31.42,40.0,32.47,completed
O204253,1,21/04/2024,C52838,P1015,2,234.42,0.0,182.85,completed
O204201,2,2024-02-15,C52785,P1058,1,64.89,0.0,31.15,completed
O202402,3,2024-07-05,C51596,P1100,2,12.65,0.0,5.06,completed
O201617,1,2024-05-09,C51058,P1015,2,210.98,10.0,182.85,completed
O204288,1,2024-12-08,C52855,P1049,1,40.46,10.0,21.58,completed
O201165,4,24/11/2024,C50775,P1078,1,59.26,10.0,42.8,completed
O203930,1,2024-06-18,C52610,P1037,2,46.67,0.0,28.94,completed
O203837,1,25/10/2023,C52540,P1099,1,20.26,5.0,8.53,completed
O204776,3,2024-11-26,C53215,P1062,3,25.63,10.0,13.67,completed
O202590,2,2023-12-19,C51730,P1032,1,24.19,40.0,25.0,completed
O201146,1,"Dec 07, 2024",C50764,P1068,1,18.83,30.0,12.91,completed
O204921,3,2024-01-07,C53319,P1090,1,69.43,10.0,50.14,completed
O201978,1,2024-07-20,C51313,P1112,1,27.63,0.0,15.47,completed
O201662,1,2024-08-24,C51070,P1067,2,24.06,15.0,13.59,completed
O205676,1,18/06/2024,C53868,P1030,2,61.28,0.0,37.99,completed
O202946,3,2024-05-12,C51943,P1073,3,34.57,5.0,,completed
O204506,1,19/03/2023,C53018,P1066,2,47.32,0.0,22.71,completed
O200495,4,2024-10-29,C50362,P1119,4,54.65,0.0,30.6,completed
O202568,2,2024-09-13,C51714,P1029,4,60.73,0.0,37.65,completed
O201032,3,21/06/2024,C50706,P1032,-1,34.27,15.0,25.0,returned
O204340,6,2024-11-01,C52894,P1105,1,12.51,0.0,5.0,completed
O201825,2,2024-11-24,C51207,P1112,1,22.1,20.0,15.47,returned
O203107,1,2024-04-04,C52048,P1069,1,46.28,5.0,23.39,completed
O204766,3,2024-04-22,C53207,P1120,2,21.77,0.0,12.19,completed
O200443,1,2024-06-28,C50320,P1117,1,27.56,0.0,15.43,completed
O200323,1,03/01/2024,C50233,P1067,2,25.48,10.0,13.59,completed
O201574,1,2024-06-24,C51037,P1036,1,86.88,0.0,53.87,completed
O204329,2,12/02/2024,C52880,P1063,1,35.63,0.0,17.1,completed
O203163,1,2024-05-29,C52084,P1008,1,152.33,0.0,118.82,completed
O205151,1,"Dec 31, 2024",C53498,P1025,1,37.89,5.0,24.73,completed
O201529,3,27/08/2024,C50989,P1092,5,17.47,0.0,6.99,completed
O205585,3,2024-12-13,C53810,P1018,1,85.58,20.0,83.44,completed
O202902,2,05/08/2023,C51919,P1062,2,28.48,0.0,13.67,returned
O203086,1,"Dec 20, 2024",C52030,P1087,1,37.29,20.0,30.3,completed
O202670,1,"Nov 24, 2024",C51792,P1039,1,22.9,30.0,20.28,completed
O200035,4,2023-11-08,C50021,P1078,1,65.84,0.0,42.8,completed
O203209,5,2024-11-24,C52116,P1106,1,11.72,30.0,6.7,completed
O203182,1,2024-06-17,C52099,P1032,1,36.29,10.0,25.0,completed
O203104,2,"Dec 07, 2024",C52046,P1109,1,26.14,30.0,20.91,completed
O201446,1,2024-12-31,C50949,P1015,2,234.42,0.0,182.85,completed
O204142,4,2024-08-31,C52742,P1050,1,34.14,0.0,16.39,completed
O200895,4,"Nov 27, 2024",C50600,P1056,1,22.36,10.0,11.92,completed
O205123,3,2024-11-23,C53476,P1030,3,42.9,30.0,37.99,completed
O203904,3,2024-12-24,C52580,P1090,1,77.14,0.0,50.14,completed
O202032,1,2024-12-08,C51356,P1079,5,59.58,30.0,55.33,completed
O201675,1,2024-07-04,C51083,P1051,4,33.95,10.0,18.11,completed
O201187,3,2023-05-08,C50785,P1092,4,17.47,0.0,6.99,completed
O203825,1,2024-12-25,C52533,P1042,1,61.58,5.0,40.19,completed
O200329,1,25/11/2023,C50238,P1112,1,19.34,30.0,15.47,completed
O204352,2,2024-06-03,C52901,P1111,1,28.96,5.0,17.07,completed
O201196,2,2023-08-15,C50788,P1090,1,77.14,0.0,50.14,returned
O201682,2,2024-12-12,C51090,P1015,1,140.65,40.0,182.85,completed
O201419,1,"Dec 17, 2023",C50933,P1015,1,187.54,20.0,182.85,completed
O204225,6,2024-01-18,C52803,P1094,1,17.6,0.0,7.04,completed
O201872,1,2023-08-17,C51229,P1059,1,22.43,0.0,10.77,completed
O204010,4,"Dec 18, 2024",C52662,P1070,4,24.3,20.0,14.58,completed
O204419,2,02/06/2024,C52956,P1032,2,36.29,10.0,25.0,completed
O203158,6,2024-01-22,C52078,P1023,2,355.1,0.0,276.98,completed
O203400,1,2024-07-14,C52240,P1114,1,11.91,0.0,6.67,completed
O200522,4,2024-12-28,C50378,P1015,1,234.42,0.0,182.85,completed
O205351,2,2024-07-14,C53636,P1002,2,102.31,0.0,79.8,completed
O203780,6,04/12/2024,C52507,P1090,1,54.0,30.0,50.14,completed
O204397,3,2023-12-30,C52944,P1109,2,37.34,0.0,20.91,completed
O200192,2,22/12/2024,C50138,P1037,2,46.67,0.0,28.94,completed
O204463,2,2024-05-24,C52987,P1015,2,234.42,0.0,182.85,completed
O203824,1,"May 06, 2024",C52531,P1033,1,38.24,0.0,23.71,completed
O200491,1,2024-10-17,C50358,P1067,1,28.31,0.0,13.59,completed
O203311,1,2024-12-06,C52184,P1040,1,47.87,30.0,42.4,completed
O202261,5,2024-11-20,C51508,P1117,2,27.56,0.0,15.43,
O201021,5,2024-12-09,C50699,P1062,1,22.78,20.0,13.67,completed
O201599,5,2024-06-17,C51048,P1017,1,222.03,0.0,173.18,completed
O204957,1,2024-10-17,C53341,P1064,1,43.11,0.0,20.69,
O205080,1,2024-06-08,C53441,P1015,1,234.42,,182.85,completed
O202043,1,2023-04-23,C51365,P1096,1,10.19,0.0,4.08,completed
O203209,3,2024-11-24,C52116,P1068,1,18.83,30.0,12.91,completed
O205169,6,2024-09-07,C53509,P1105,1,11.88,5.0,5.0,completed
O201445,4,2024-12-16,C50949,P1073,1,32.75,10.0,23.65,completed
O205119,2,2024-08-17,C53475,P1112,1,27.63,0.0,15.47,completed
O200005,4,2023-12-28,C50003,P1103,1,14.18,10.0,6.3,completed
O200745,6,05/08/2023,C50509,P1051,1,37.72,0.0,18.11,completed
O205830,2,"Mar 25, 2023",C53976,P1065,1,45.61,0.0,21.89,completed
O200739,4,01/05/2023,C50506,P1040,1,68.39,0.0,42.4,completed
O202916,1,"Feb 08, 2023",C51927,P1023,2,355.1,0.0,276.98,completed
O202767,3,2024-10-05,C51845,P1029,1,57.69,5.0,37.65,completed
O203838,1,2024-02-21,C52540,P1027,1,64.47,0.0,39.97,completed
O201082,5,22/09/2023,C50728,P1054,2,28.68,0.0,13.77,completed
O202851,1,2024-07-15,C51899,P1057,1,29.26,0.0,14.04,completed
O205156,2,2023-04-17,C53504,P1120,2,21.77,0.0,12.19,completed
O200028,2,2024-12-05,C50016,P1040,1,41.03,40.0,42.4,completed
O204068,1,2024-09-14,C52705,P1088,1,60.76,0.0,39.49,completed
O202517,2,"Oct 02, 2024",C51674,P1089,3,74.67,,51.09,completed
O205577,3,2024-12-12,C53802,P1001,1,192.92,10.0,167.19,completed
O201701,3,2023-03-12,C51108,P1109,1,37.34,0.0,20.91,completed
O201933,2,08/06/2024,C51276,P1112,2,24.87,10.0,15.47,returned
O201857,1,2024-08-10,C51222,P1096,2,10.19,0.0,4.08,completed
O200107,2,2024-03-22,C50073,P1113,1,18.23,0.0,10.21,completed
O203837,4,2023-10-25,C52540,P1066,1,47.32,0.0,22.71,completed
O202828,1,2023-03-25,C51885,P1070,1,27.34,10.0,14.58,completed
O205054,3,2024-11-28,C53417,P1042,1,51.86,20.0,40.19,completed
O204946,2,2024-09-16,C53336,P1002,2,102.31,0.0,79.8,completed
O205249,1,2024-03-13,C53560,P1120,3,21.77,0.0,12.19,completed
O201944,5,2023-11-24,C51287,P1065,2,36.49,20.0,21.89,completed
O203399,2,"Jul 24, 2024",C52240,P1101,1,15.62,0.0,6.25,completed
O202468,1,11/08/2024,C51644,P1074,4,75.35,5.0,51.56,completed
O202575,2,2024-08-02,C51718,P1077,1,47.7,0.0,31.01,completed
O200194,4,08/08/2024,C50138,P1088,1,60.76,0.0,39.49,completed
O201682,3,2024-12-12,C51090,P1074,1,63.46,20.0,51.56,completed
O203401,2,28/12/2024,C52241,P1061,2,14.75,5.0,7.45,completed
O200927,1,28/04/2024,C50624,P1016,1,107.35,5.0,88.14,completed
O201919,4,27/09/2024,C51271,P1020,1,158.72,10.0,137.56,completed
O203160,1,2024-05-02,C52082,P1014,1,336.97,0.0,262.84,completed
O204269,2,"Dec 28, 2024",C52845,P1092,2,16.6,5.0,6.99,completed
O202966,3,2023-08-25,C51954,P1097,1,10.71,0.0,4.28,completed
O204407,4,2023-05-11,C52947,P1117,1,26.18,5.0,15.43,completed
O204149,3,10/12/2024,C52747,P1052,1,39.6,10.0,21.12,completed
O201912,6,2024-12-05,C51268,P1112,1,19.34,30.0,15.47,completed
O202100,5,2024-12-15,C51402,P1015,3,164.09,30.0,182.85,completed
O201175,1,02/05/2024,C50781,P1120,1,20.68,5.0,12.19,completed
O200612,3,2024-12-22,C50432,P1052,1,44.0,0.0,21.12,completed
O200275,1,2023-12-04,C50200,P1104,1,19.53,,9.76,completed
O204966,1,2024-10-10,C53348,P1006,1,88.57,0.0,69.08,returned
O204236,3,2024-07-17,C52813,P1015,2,234.42,0.0,182.85,completed
O203088,3,2024-06-11,C52031,P1090,1,77.14,0.0,50.14,completed
O204224,3,2024-11-12,C52803,P1033,1,38.24,,23.71,completed
O204095,1,2024-10-17,C52722,P1114,1,11.91,0.0,6.67,completed
O201910,3,2024-12-15,C51268,P1070,2,24.3,20.0,14.58,returned
O202878,1,2024-09-06,C51908,P1084,1,48.91,0.0,31.79,completed
O200426,2,2024-12-11,C50309,P1033,4,26.77,30.0,23.71,completed
O202038,4,2024-01-04,C51361,P1074,2,63.46,20.0,51.56,completed
O205182,2,2024-12-22,C53516,P1098,1,12.2,0.0,4.88,completed
O204937,2,2024-09-19,C53332,P1051,1,32.06,15.0,18.11,completed
O202176,3,2024-12-09,C51451,P1076,1,70.57,20.0,57.34,completed
O201400,1,2024-11-30,C50921,P1067,1,19.82,30.0,13.59,completed
O204906,3,2024-06-23,C53311,P1094,2,15.84,10.0,7.04,completed
O205867,1,2024-11-29,C53997,P1120,3,13.06,40.0,12.19,completed
O201181,3,2024-04-06,C50781,P1087,2,46.61,0.0,30.3,completed
O202532,4,2024-07-23,C51688,P1020,2,176.36,0.0,137.56,completed
O202831,1,28/04/2024,C51885,P1015,1,234.42,0.0,182.85,completed
O204936,1,2024-08-02,C53332,P1051,1,37.72,0.0,18.11,completed
O204173,2,"Oct 10, 2024",C52759,P1073,1,36.39,0.0,23.65,completed
O202543,1,2024-05-23,C51692,P1093,1,13.04,15.0,6.14,completed
O202814,2,13/05/2024,C51876,P1010,2,113.39,0.0,88.44,completed
O200673,1,2024-09-14,C50476,P1022,4,118.42,5.0,97.23,completed
O201388,2,14/10/2024,C50912,P1032,2,40.32,0.0,25.0,completed
O201329,1,03/12/2024,C50874,P1009,4,143.68,20.0,140.09,completed
O201451,4,2023-03-15,C50954,P1041,1,68.06,5.0,44.42,completed
O203917,1,2024-12-03,C52591,P1054,1,25.81,10.0,13.77,completed
O202311,1,2024-01-15,C51553,P1111,2,24.38,20.0,17.07,completed
O204437,1,2023-07-14,C52965,P1084,1,48.91,0.0,31.79,completed
O202671,1,29/11/2024,C51792,P1010,2,90.71,20.0,88.44,completed
O201900,2,2024-09-18,C51256,P1058,1,64.89,0.0,31.15,completed
O203650,2,10/11/2024,C52422,P1022,1,124.65,0.0,97.23,completed
O201226,2,01/08/2024,C50802,P1007,3,194.48,0.0,151.69,completed
O201708,1,"Nov 20, 2024",C51110,P1102,2,30.56,0.0,12.22,completed
O200155,1,2024-05-08,C50115,P1010,2,113.39,0.0,88.44,completed
O205223,2,2024-09-15,C53546,P1068,1,26.9,0.0,12.91,completed
O204401,2,2023-08-19,C52945,P1008,2,152.33,0.0,118.82,completed
O201745,1,03/09/2024,C51149,P1018,3,106.98,0.0,83.44,completed
O200088,1,2024-02-26,C50063,P1007,3,175.03,10.0,151.69,completed
O204269,1,2024-12-28,C52845,P1082,1,41.93,0.0,27.25,completed
O202209,1,2023-09-03,C51477,P1119,1,54.65,0.0,30.6,completed
O203880,1,2024-10-30,C52567,P1108,2,15.87,0.0,6.35,completed
O205861,5,2024-10-07,C53992,P1046,1,46.84,15.0,34.17,completed
O200185,2,2024-11-29,C50137,P1026,2,29.0,30.0,25.69,completed
O205794,1,2024-09-22,C53953,P1007,4,175.03,10.0,151.69,completed
O201212,5,2023-12-19,C50794,P1031,1,100.9,30.0,89.37,completed
O205501,1,2023-09-13,C53742,P1030,1,61.28,0.0,37.99,completed
O200649,2,31/05/2024,C50457,P1109,3,33.61,10.0,20.91,completed
O201174,1,2023-08-05,C50781,P1036,3,86.88,0.0,53.87,completed
O203073,2,2024-12-02,C52020,P1102,2,24.45,20.0,12.22,completed
O203701,2,"Mar 12, 2023",C52458,P1032,1,40.32,0.0,25.0,completed
O201572,2,"Jun 25, 2023",C51033,P1017,3,222.03,0.0,,completed
O201967,1,17/07/2024,C51306,P1028,1,59.31,0.0,36.77,completed
O203362,4,2024-06-29,C52220,P1071,1,17.72,5.0,8.95,completed
O201056,1,2024-11-23,C50710,P1062,2,19.94,30.0,13.67,completed
O200681,2,2024-05-24,C50478,P1008,3,152.33,0.0,118.82,completed
O200294,1,2024-11-05,C50209,P1044,1,55.48,0.0,34.4,returned
O200740,2,2024-07-27,C50507,P1011,-2,294.03,0.0,229.34,returned
O205088,1,2024-12-21,C53453,P1099,1,21.33,0.0,8.53,completed
O204183,1,2024-11-27,C52772,P1120,1,15.24,30.0,12.19,completed
O203188,1,2024-12-09,C52101,P1031,4,115.32,20.0,89.37,completed
O203536,2,24/07/2024,C52352,P1055,1,26.8,0.0,,completed
O204619,1,22/07/2024,C53102,P1037,2,46.67,0.0,28.94,completed
O200196,2,2024-09-19,C50138,P1094,2,17.6,0.0,7.04,completed
O203163,3,2024-05-29,C52084,P1095,1,7.86,15.0,3.7,
O201056,4,2024-11-23,C50710,P1114,2,7.15,40.0,6.67,completed
O200640,2,2024-06-26,C50449,P1045,1,52.37,0.0,32.47,completed
O201645,1,2024-12-02,C51065,P1030,2,55.15,10.0,37.99,completed
O203265,4,2024-12-30,C52162,P1001,1,214.35,0.0,167.19,completed
O201580,4,2023-12-04,C51038,P1012,1,250.24,10.0,216.88,completed
O205003,2,12/12/2024,C53379,P1015,1,164.09,30.0,182.85,completed
O200790,1,2024-11-11,C50538,P1097,1,10.71,0.0,4.28,completed
O202633,3,2024-11-28,C51764,P1060,5,46.08,10.0,24.58,completed
O203934,2,22/06/2023,C52613,P1036,1,86.88,0.0,53.87,completed
O202995,1,2024-05-30,C51967,P1027,2,64.47,0.0,39.97,completed
O204482,3,2023-10-09,C52999,P1015,1,234.42,0.0,182.85,completed
O204747,2,2024-09-07,C53192,P1065,2,45.61,0.0,21.89,completed
O200451,3,2024-07-31,C50322,P1002,1,102.31,0.0,79.8,completed
O200543,1,07/06/2024,C50394,P1054,1,28.68,0.0,13.77,completed
O201341,1,2024-06-09,C50880,P1056,1,24.84,0.0,11.92,completed
O204684,2,2023-04-01,C53149,P1008,1,152.33,0.0,118.82,completed
O204337,2,2024-12-17,C52890,P1108,2,14.28,10.0,6.35,completed
O200948,2,2024-02-20,C50637,P1095,1,9.25,0.0,3.7,completed
O202210,2,01/05/2023,C51477,P1010,1,113.39,0.0,88.44,completed
O204643,2,2024-05-03,C53118,P1017,1,222.03,,173.18,completed
O201656,1,2023-06-26,C51069,P1036,2,86.88,0.0,53.87,completed
O205690,2,2024-04-05,C53879,P1041,1,71.64,0.0,44.42,completed
O202726,1,10/09/2023,C51824,P1008,1,144.71,,118.82,completed
O202826,1,"Apr 26, 2023",C51884,P1041,1,64.48,,44.42,completed
O202099,3,2024-12-10,C51400,P1038,1,29.21,10.0,20.13,completed
O200330,3,2024-12-17,C50238,P1048,2,25.63,30.0,17.58,completed
O203097,1,2024-07-22,C52043,P1050,3,32.43,5.0,16.39,completed
O202745,1,2024-09-18,C51830,P1092,2,17.47,0.0,6.99,completed
O200833,1,09/07/2024,C50561,P1087,1,46.61,0.0,30.3,completed
O202931,1,2024-04-12,C51934,P1090,2,73.28,5.0,50.14,completed
O205166,3,2023-12-25,C53508,P1078,1,65.84,0.0,42.8,completed
O203751,3,2023-12-22,C52484,P1089,1,78.6,0.0,51.09,completed
O204545,2,2024-08-22,C53050,P1037,4,39.67,15.0,28.94,completed
O204330,1,2024-11-26,C52882,P1079,-1,51.07,40.0,55.33,returned
O201931,1,2024-05-16,C51276,P1068,1,26.9,0.0,12.91,completed
O202042,1,09/12/2024,C51364,P1065,1,27.37,40.0,,completed
O201001,2,2024-10-13,C50689,P1057,1,24.87,15.0,14.04,completed
O203308,4,2024-04-14,C52183,P1041,1,68.06,5.0,44.42,completed
O203813,1,2023-01-14,C52520,P1067,1,22.65,20.0,13.59,completed
O202274,1,2023-08-31,C51517,P1079,3,85.12,0.0,55.33,completed
O203843,3,2024-10-27,C52547,P1049,1,44.95,0.0,21.58,completed
O203295,1,2023-11-05,C52179,P1046,3,52.35,5.0,34.17,completed
O201823,2,2024-05-29,C51207,P1110,1,10.34,0.0,5.79,completed
O204802,1,2024-04-13,C53240,P1032,3,40.32,0.0,25.0,completed
O200449,2,05/06/2024,C50322,P1032,1,40.32,0.0,25.0,completed
O201156,3,06/08/2024,C50767,P1102,4,25.98,15.0,12.22,completed
O205401,1,2023-08-13,C53675,P1067,1,28.31,0.0,,completed
O205531,3,06/02/2023,C53763,P1045,2,52.37,0.0,32.47,completed
O205356,2,2024-11-27,C53639,P1069,1,38.98,20.0,23.39,completed
O204018,4,2024-03-18,C52665,P1004,1,273.68,10.0,237.19,completed
O200282,3,2024-12-23,C50202,P1039,2,32.71,0.0,20.28,completed
O205782,4,2024-05-01,C53943,P1032,2,40.32,0.0,25.0,completed
O204252,1,09/07/2023,C52835,P1044,1,49.93,10.0,34.4,completed
O204130,4,"Mar 08, 2023",C52737,P1067,1,26.89,5.0,13.59,returned
O201766,1,2024-12-29,C51167,P1040,1,58.13,15.0,42.4,completed
O202545,1,12/12/2023,C51692,P1039,1,22.9,30.0,20.28,completed
O204746,1,06/05/2023,C53189,P1099,2,21.33,0.0,8.53,completed
O205073,1,2023-02-11,C53432,P1049,-1,40.46,10.0,21.58,returned
O203561,2,2024-08-24,C52364,P1066,1,47.32,0.0,22.71,completed
O202390,2,2024-12-01,C51585,P1105,4,10.01,20.0,5.0,completed
O204354,1,06/06/2023,C52905,P1015,2,234.42,0.0,182.85,completed
O203298,6,2023-02-06,C52182,P1037,3,46.67,0.0,28.94,completed
O200887,1,2024-11-24,C50591,P1114,5,9.53,20.0,6.67,completed
O201427,2,2024-11-23,C50941,P1099,1,14.93,30.0,8.53,completed
O205557,3,26/09/2024,C53780,P1117,1,234.3,,15.43,completed
O205085,5,2024-03-24,C53448,P1114,1,11.91,0.0,6.67,completed
O201090,1,2024-09-22,C50733,P1034,1,32.89,0.0,20.39,completed
O202975,1,2023-11-07,C51959,P1088,1,60.76,0.0,39.49,completed
O200131,2,2024-08-20,C50093,P1033,1,38.24,0.0,23.71,completed
O200361,3,2024-11-15,C50265,P1022,1,124.65,0.0,97.23,completed
O200749,3,2024-11-25,C50513,P1034,5,23.02,30.0,20.39,completed
O204246,2,2024-09-02,C52830,P1008,2,137.1,10.0,118.82,completed
O202333,1,15/05/2023,C51564,P1029,1,60.73,0.0,37.65,completed
O200806,1,27/06/2023,C50541,P1105,2,11.26,10.0,5.0,completed
O205745,3,09/08/2023,C53919,P1077,1,47.7,0.0,31.01,completed
O201464,2,2024-03-14,C50962,P1008,1,137.1,10.0,118.82,completed
O201169,2,2024-10-14,C50780,P1089,-1,78.6,0.0,51.09,returned
O202975,2,2023-11-07,C51959,P1030,1,61.28,0.0,37.99,completed
O201150,3,"Jul 26, 2024",C50766,P1094,1,14.96,15.0,7.04,completed
O205177,1,14/12/2024,C53514,P1062,2,22.78,20.0,13.67,completed
O205614,3,27/05/2024,C53827,P1072,4,19.89,0.0,9.55,completed
O200819,3,2023-06-22,C50549,P1008,2,129.48,15.0,118.82,completed
O203928,1,2024-12-09,C52609,P1039,2,22.9,30.0,20.28,completed
O200096,1,2023-08-26,C50067,P1008,1,144.71,5.0,118.82,completed
O204715,1,2024-05-19,C53166,P1024,1,166.5,0.0,129.87,completed
O203191,1,2024-08-23,C52104,P1101,2,15.62,0.0,6.25,completed
O200517,1,2024-12-13,C50376,P1044,3,49.93,10.0,34.4,completed
O200317,3,2023-09-24,C50231,P1078,1,55.96,15.0,42.8,completed
O201290,4,2024-11-29,C50842,P1085,1,21.88,30.0,20.32,completed
O202800,3,29/03/2024,C51868,P1032,1,40.32,0.0,25.0,completed
O203884,1,"Sep 12, 2024",C52567,P1011,1,294.03,0.0,229.34,completed
O201565,1,24/07/2023,C51027,P1013,2,187.98,0.0,146.62,completed
O202386,3,2024-01-14,C51583,P1054,1,22.94,20.0,13.77,completed
O202426,3,2023-11-19,C51612,P1010,4,113.39,0.0,88.44,completed
O202099,4,2024-12-10,C51400,P1030,1,42.9,30.0,37.99,completed
O202161,1,2024-11-18,C51437,P1065,1,45.61,0.0,21.89,completed
O200913,4,2023-12-10,C50614,P1041,1,64.48,10.0,44.42,completed
O201449,2,2024-04-13,C50953,P1104,1,24.41,0.0,9.76,completed
O204547,5,01/07/2023,C53050,P1079,1,85.12,0.0,55.33,completed
O200233,4,10/04/2024,C50162,P1112,2,27.63,0.0,15.47,completed
O203478,4,06/08/2024,C52311,P1114,1,11.91,0.0,6.67,completed
O203592,4,16/03/2024,C52382,P1017,3,222.03,0.0,173.18,completed
O200783,1,2024-11-24,C50536,P1018,1,74.89,30.0,83.44,completed
O203427,1,"May 21, 2024",C52269,P1004,1,304.09,0.0,237.19,completed
O202135,1,2024-08-05,C51424,P1057,1,27.8,5.0,14.04,completed
O203001,1,2024-12-18,C51974,P1095,3,7.4,20.0,3.7,completed
O205527,2,2023-10-12,C53759,P1088,1,60.76,0.0,39.49,completed
O200697,1,2023-04-17,C50487,P1012,1,236.34,15.0,216.88,returned
O204744,1,2024-12-29,C53188,P1043,1,35.42,0.0,21.96,completed
O202269,3,2024-06-29,C51512,P1074,1,79.32,0.0,51.56,completed
O204756,3,"Jul 31, 2024",C53199,P1119,1,54.65,0.0,30.6,completed
O201904,2,25/08/2024,C51260,P1007,1,194.48,0.0,151.69,completed
O201015,2,2024-12-03,C50697,P1101,1,12.5,20.0,6.25,completed
O205394,1,12/09/2024,C53667,P1067,1,26.89,5.0,13.59,completed
O203970,2,2024-12-24,C52639,P1008,-1,152.33,,118.82,returned
O205269,6,2023-10-12,C53581,P1004,2,258.48,15.0,237.19,completed
O201573,1,09/04/2024,C51037,P1120,1,21.77,0.0,12.19,completed
O205053,6,15/10/2024,C53417,P1072,1,19.89,0.0,9.55,completed
O201984,1,2024-12-31,C51316,P1114,1,11.91,0.0,6.67,completed
O203183,2,2023-09-24,C52099,P1112,2,27.63,0.0,15.47,completed
O201076,4,2024-12-27,C50722,P1079,4,72.35,15.0,55.33,completed
O201143,4,2023-12-09,C50763,P1042,3,51.86,20.0,40.19,completed
O204353,1,2024-07-18,C52905,P1086,1,70.98,10.0,51.27,
O200873,2,2024-12-12,C50584,P1015,3,164.09,30.0,182.85,completed
O204940,1,2024-11-25,C53334,P1011,1,205.82,30.0,229.34,completed
O203953,1,2024-11-10,C52625,P1062,1,28.48,0.0,13.67,completed
O200599,2,2024-09-03,C50426,P1039,2,32.71,0.0,20.28,completed
O205098,5,2024-12-15,C53462,P1014,1,235.88,30.0,262.84,completed
O205018,2,2024-09-13,C53386,P1041,2,71.64,0.0,44.42,completed
O205457,5,10/12/2023,C53710,P1037,1,32.67,30.0,28.94,completed
O204273,1,2024-12-29,C52849,P1024,1,166.5,0.0,129.87,completed
O201711,3,2023-12-22,C51117,P1104,1,24.41,0.0,9.76,completed
O204647,1,2024-08-03,C53119,P1093,2,15.34,0.0,6.14,completed
O200561,2,2024-09-25,C50402,P1101,1,15.62,0.0,6.25,completed
O204883,1,2024-06-29,C53291,P1051,1,37.72,0.0,18.11,completed
O202584,1,2023-07-03,C51724,P1019,1,293.87,0.0,229.22,completed
O202251,1,2024-06-18,C51506,P1056,1,24.84,0.0,11.92,completed
O205679,2,2024-09-03,C53870,P1034,1,31.25,5.0,20.39,completed
O203058,1,"Nov 23, 2024",C52011,P1093,1,13.81,10.0,6.14,completed
O201128,1,04/12/2023,C50758,P1065,3,31.93,30.0,21.89,completed
O201006,2,2024-09-17,C50690,P1100,2,12.65,,5.06,completed
O200403,3,26/12/2023,C50290,P1008,1,152.33,0.0,118.82,completed
O200290,2,2024-11-23,C50207,P1007,3,175.03,10.0,151.69,completed
O202456,1,2023-12-09,C51635,P1091,2,21.35,10.0,9.49,completed
O201058,2,2024-11-18,C50712,P1085,1,31.26,0.0,20.32,completed
O205530,1,2024-12-07,C53762,P1114,1,9.53,20.0,6.67,completed
O200168,3,2024-08-31,C50126,P1097,2,10.71,0.0,4.28,completed
O202140,1,2024-10-05,C51428,P1033,1,32.5,15.0,,completed
O200791,1,2024-09-05,C50538,P1021,2,155.56,5.0,127.73,completed
O202710,1,2023-10-23,C51817,P1102,2,30.56,0.0,12.22,completed
O202391,1,29/07/2024,C51586,P1058,1,64.89,0.0,31.15,completed
O203527,1,2024-11-22,C52347,P1008,1,106.63,30.0,118.82,completed
O205397,4,2024-10-09,C53669,P1111,2,27.43,10.0,17.07,completed
O201979,2,2024-09-22,C51314,P1002,1,102.31,0.0,79.8,completed
O200271,1,2024-10-30,C50198,P1037,3,42.0,10.0,28.94,completed
O203722,1,2024-05-26,C52464,P1015,2,234.42,0.0,182.85,completed
O203677,2,2024-10-04,C52442,P1078,1,62.55,5.0,42.8,completed
O203773,2,2024-08-23,C52503,P1116,1,18.83,0.0,10.54,completed
O203331,1,2024-07-25,C52202,P1037,2,46.67,0.0,28.94,completed
O202895,4,05/04/2024,C51915,P1015,2,234.42,0.0,182.85,completed
O201740,1,2024-12-13,C51144,P1092,1,15.72,10.0,6.99,completed
O200244,2,2023-10-08,C50177,P1063,1,35.63,0.0,17.1,completed
O203779,3,2024-08-25,C52507,P1009,4,179.6,0.0,140.09,completed
O200218,2,2023-07-31,C50150,P1067,1,28.31,0.0,13.59,completed
O205537,1,2024-11-21,C53765,P1079,1,85.12,0.0,55.33,completed
O203059,1,2023-11-23,C52011,P1076,4,61.75,30.0,57.34,completed
O200189,3,07/12/2024,C50138,P1107,2,11.19,10.0,4.97,completed
O204355,1,2024-03-30,C52907,P1050,1,29.02,15.0,16.39,completed
O200123,2,10/12/2024,C50086,P1021,3,114.62,30.0,127.73,completed
O201629,5,17/12/2024,C51061,P1074,2,55.52,30.0,51.56,completed
O202460,1,2024-04-08,C51636,P1104,2,24.41,0.0,9.76,completed
O204463,4,2024-05-24,C52987,P1054,1,27.25,5.0,13.77,completed
O201365,4,15/06/2024,C50893,P1051,1,37.72,0.0,18.11,completed
O205236,1,2023-04-03,C53555,P1021,1,163.75,0.0,127.73,completed
O203654,5,2024-10-27,C52423,P1097,2,10.71,0.0,4.28,completed
O202227,5,2024-11-21,C51486,P1062,2,28.48,0.0,13.67,completed
O201467,5,29/11/2024,C50965,P1106,1,11.72,30.0,6.7,completed
O201709,5,2024-09-05,C51114,P1101,-4,15.62,0.0,6.25,
O203535,1,2023-06-12,C52352,P1043,2,35.42,0.0,21.96,completed
O203613,3,2024-06-02,C52395,P1045,3,52.37,0.0,32.47,completed
O202002,1,25/09/2024,C51333,P1117,1,27.56,0.0,15.43,completed
O203476,4,17/04/2024,C52310,P1038,1,27.59,15.0,20.13,completed
O205141,1,"Aug 21, 2024",C53489,P1092,2,17.47,0.0,6.99,completed
O204260,1,2024-02-03,C52841,P1061,1,15.53,0.0,7.45,completed
O204773,1,2024-06-16,C53215,P1117,2,27.56,0.0,15.43,completed
O203155,1,2023-06-13,C52076,P1120,1,21.77,0.0,12.19,completed
O201826,2,2024-04-03,C51207,P1073,4,36.39,0.0,23.65,completed
O202061,1,2024-10-10,C51375,P1112,1,24.87,10.0,15.47,returned
O205047,2,2023-06-04,C53406,P1062,1,28.48,0.0,13.67,completed
O204338,2,"Aug 17, 2024",C52891,P1108,1,14.28,,6.35,returned
O203855,1,2023-01-04,C52553,P1052,1,30.8,30.0,21.12,completed
O200717,2,"Sep 27, 2023",C50496,P1043,1,35.42,0.0,21.96,completed
O202410,2,2024-09-03,C51604,P1019,2,264.48,10.0,229.22,completed
O204217,1,2024-05-14,C52795,P1077,1,45.32,5.0,31.01,completed
O204964,1,2024-09-11,C53348,P1024,1,166.5,0.0,129.87,completed
O205330,2,2023-05-20,C53623,P1116,-1,18.83,0.0,10.54,returned
O202996,3,2024-12-30,C51967,P1065,1,45.61,0.0,21.89,completed
O202573,1,"Dec 15, 2024",C51718,P1107,1,8.7,30.0,4.97,completed
O203735,1,2024-12-23,C52473,P1081,1,77.57,0.0,50.42,completed
O202962,3,2023-08-20,C51954,P1111,2,30.48,0.0,17.07,completed
O204359,4,2024-03-24,C52909,P1111,1,30.48,0.0,17.07,completed
O203791,1,2024-10-20,C52510,P1032,2,40.32,0.0,25.0,completed
O202160,2,2024-10-29,C51437,P1112,1,26.25,5.0,15.47,completed
O201203,1,2023-08-22,C50792,P1067,1,26.89,5.0,13.59,completed
O201250,1,2024-12-06,C50816,P1019,1,205.71,30.0,229.22,completed
O201205,3,07/04/2023,C50792,P1047,1,46.57,5.0,23.53,completed
O201952,1,2024-06-24,C51293,P1094,1,17.6,0.0,7.04,completed
O205470,1,2024-12-18,C53713,P1112,3,22.1,20.0,15.47,completed
O202220,2,2024-11-27,C51483,P1015,1,210.98,10.0,182.85,completed
O201127,2,2023-06-17,C50756,P1008,1,144.71,5.0,118.82,completed
O200498,2,2024-09-05,C50362,P1044,1,55.48,0.0,34.4,completed
O204954,1,2024-12-23,C53339,P1104,1,24.41,0.0,9.76,completed
O200702,1,2024-06-16,C50489,P1093,4,15.34,0.0,6.14,completed
O204139,1,2023-07-29,C52741,P1008,1,152.33,0.0,118.82,completed
O201992,3,07/10/2024,C51320,P1051,4,37.72,0.0,,completed
O202194,5,2024-12-01,C51464,P1048,1,29.3,20.0,17.58,completed
O203986,4,04/12/2023,C52646,P1010,1,102.05,10.0,,completed
O201367,1,2023-01-08,C50894,P1088,3,42.53,30.0,39.49,completed
O204580,1,2024-09-01,C53068,P1012,1,278.05,0.0,216.88,completed
O205122,2,04/08/2024,C53476,P1065,1,45.61,0.0,21.89,completed
O200722,1,2024-12-06,C50499,P1094,3,15.84,10.0,7.04,completed
O203987,3,2024-03-24,C52646,P1113,1,17.32,5.0,10.21,completed
O200804,3,2023-10-26,C50541,P1051,1,37.72,,18.11,completed
O201017,5,2024-11-26,C50697,P1019,1,235.1,20.0,229.22,completed
O205382,1,2024-12-06,C53658,P1115,3,22.89,10.0,14.24,completed
O203338,1,2024-08-04,C52206,P1114,-1,11.91,0.0,6.67,returned
O200576,1,2024-09-28,C50414,P1085,3,31.26,0.0,20.32,completed
O205610,2,2024-11-24,C53824,P1034,1,26.31,20.0,20.39,completed
O201587,1,2023-08-13,C51043,P1085,1,31.26,0.0,20.32,completed
O204404,1,2024-09-22,C52946,P1099,1,21.33,0.0,8.53,completed
O201699,1,19/10/2024,C51107,P1025,3,39.88,0.0,24.73,completed
O200859,1,2023-11-27,C50581,P1118,2,14.88,40.0,13.89,returned
O202262,2,2024-11-21,C51508,P1110,1,10.34,0.0,5.79,completed
O205801,2,2024-08-18,C53957,P1008,1,137.1,10.0,118.82,completed
O204555,1,2024-08-21,C53058,P1015,1,234.42,0.0,182.85,completed
O200251,1,"Aug 06, 2024",C50182,P1104,1,24.41,0.0,9.76,completed
O201786,1,2024-12-25,C51180,P1028,1,59.31,0.0,36.77,completed
O201633,1,2024-08-07,C51063,P1088,3,60.76,0.0,39.49,completed
O202107,1,2024-06-28,C51407,P1083,1,49.42,0.0,32.12,completed
O201234,5,"Jun 01, 2024",C50808,P1005,1,55.79,10.0,48.35,completed
O203777,1,"May 31, 2023",C52506,P1120,1,21.77,0.0,12.19,completed
O200057,3,2024-12-15,C50035,P1040,1,54.71,,42.4,completed
O200851,1,2024-03-26,C50576,P1029,1,60.73,,37.65,completed
O204131,1,2024-02-11,C52737,P1068,1,26.9,0.0,12.91,completed
O201365,2,2024-06-15,C50893,P1111,1,30.48,0.0,17.07,completed
O201440,3,2024-05-07,C50946,P1099,1,21.33,0.0,8.53,completed
O203195,2,2024-12-25,C52107,P1053,2,17.19,0.0,8.25,completed
O201580,2,2023-12-04,C51038,P1109,1,33.61,10.0,20.91,returned
O203886,3,2024-11-30,C52567,P1075,1,45.68,30.0,42.42,completed
O200729,1,2024-12-18,C50500,P1118,1,22.32,10.0,13.89,completed
O204079,1,2024-01-10,C52713,P1077,1,38.16,20.0,31.01,completed
O203409,2,2024-12-23,C52254,P1001,1,182.2,15.0,167.19,completed
O200100,1,20/05/2023,C50070,P1100,2,12.65,0.0,5.06,completed
O201022,3,2024-03-18,C50699,P1021,2,163.75,0.0,127.73,completed
O205823,4,2024-11-25,C53970,P1027,2,45.13,,39.97,completed
O202520,2,2024-12-18,C51676,P1004,2,212.86,30.0,237.19,completed
O205832,1,02/09/2023,C53976,P1086,1,78.87,0.0,51.27,completed
O200266,2,2024-12-31,C50194,P1067,2,25.48,10.0,13.59,completed
O202294,1,2024-02-17,C51538,P1015,2,234.42,0.0,182.85,completed
O204098,1,09/03/2023,C52725,P1104,1,24.41,0.0,9.76,completed
O205439,2,2023-10-02,C53695,P1065,1,45.61,0.0,21.89,completed
O203741,1,2024-12-08,C52477,P1015,3,140.65,40.0,182.85,completed
O205303,3,2024-10-29,C53607,P1021,-1,163.75,0.0,127.73,returned
O204325,2,2024-11-24,C52878,P1036,1,60.82,30.0,53.87,completed
O203766,2,16/12/2024,C52496,P1026,1,37.29,10.0,25.69,completed
O202324,3,2024-01-08,C51557,P1076,1,79.39,10.0,57.34,completed
O202711,3,2023-11-30,C51817,P1021,1,147.38,10.0,127.73,completed
O200146,2,09/07/2024,C50101,P1107,1,12.43,0.0,4.97,completed
O203484,1,2024-08-06,C52314,P1110,1,10.34,0.0,5.79,completed
O204272,2,2024-12-01,C52848,P1018,1,96.28,10.0,83.44,completed
O205220,2,2024-11-10,C53545,P1023,1,355.1,0.0,276.98,completed
O202659,1,"Sep 03, 2024",C51782,P1112,1,27.63,0.0,15.47,completed
O200595,3,03/05/2023,C50424,P1114,1,11.91,0.0,6.67,returned
O205368,3,2024-02-03,C53648,P1032,2,34.27,15.0,25.0,completed
O205759,3,30/12/2024,C53928,P1036,1,86.88,0.0,53.87,completed
O204049,1,2023-06-16,C52692,P1117,2,27.56,0.0,15.43,completed
O200189,1,2024-12-07,C50138,P1061,2,10.87,30.0,7.45,returned
O201320,3,2023-11-18,C50865,P1109,1,37.34,0.0,20.91,completed
O204367,1,2024-07-01,C52915,P1084,1,48.91,0.0,31.79,completed
O203832,2,24/10/2023,C52535,P1059,3,22.43,0.0,10.77,completed
O202827,1,2023-12-01,C51885,P1114,1,10.72,10.0,6.67,completed
O204227,2,2024-09-30,C52806,P1100,1,12.65,0.0,5.06,completed
O205738,1,2024-11-08,C53910,P1096,1,10.19,0.0,4.08,completed
O203308,3,2024-04-14,C52183,P1061,2,15.53,0.0,7.45,completed
O204273,2,2024-12-29,C52849,P1054,4,28.68,0.0,13.77,completed
O200442,1,2024-12-09,C50318,P1086,1,55.21,30.0,51.27,completed
O203445,1,2024-11-27,C52287,P1015,1,210.98,10.0,182.85,returned
O205605,4,2024-06-09,C53823,P1045,1,52.37,0.0,32.47,completed
O201504,1,2024-04-18,C50983,P1024,1,166.5,0.0,129.87,completed
O201877,1,2024-03-26,C51234,P1033,1,32.5,15.0,23.71,completed
O203938,2,2024-12-23,C52614,P1096,2,10.19,0.0,4.08,completed
O202586,2,"Aug 14, 2023",C51724,P1024,1,166.5,0.0,129.87,completed
O202597,3,2024-11-24,C51733,P1014,1,303.27,10.0,262.84,completed
O202420,2,2024-12-09,C51609,P1051,5,33.95,10.0,18.11,completed
O200940,2,2024-09-05,C50634,P1013,1,178.58,5.0,146.62,completed
O204564,2,25/02/2024,C53064,P1087,5,39.62,15.0,30.3,completed
O201858,2,2024-06-30,C51222,P1104,1,23.19,5.0,9.76,completed
O201469,3,2023-09-02,C50965,P1069,1,48.72,0.0,23.39,completed
O200328,1,2023-10-25,C50236,P1088,2,51.65,15.0,39.49,completed
O202647,4,2024-02-02,C51772,P1015,1,234.42,0.0,182.85,completed
O201216,1,2024-06-18,C50798,P1021,1,163.75,0.0,127.73,completed
O203842,1,31/10/2024,C52544,P1039,1,32.71,,20.28,completed
O204754,2,2024-10-06,C53199,P1075,3,58.73,10.0,42.42,completed
O202713,4,2024-06-10,C51817,P1096,1,9.17,10.0,4.08,completed
O201747,2,28/09/2023,C51151,P1103,2,15.76,0.0,6.3,completed
O202719,2,2024-09-19,C51819,P1005,1,61.99,0.0,48.35,completed
O201152,1,02/12/2024,C50766,P1118,2,19.84,20.0,13.89,completed
O200853,1,2024-04-28,C50577,P1034,1,29.6,10.0,20.39,completed
O200360,1,30/06/2023,C50265,P1005,1,61.99,0.0,48.35,completed
O202243,5,2024-08-24,C51501,P1031,1,144.15,0.0,89.37,completed
O204632,2,2024-04-04,C53110,P1041,1,71.64,0.0,44.42,completed
O202294,4,2024-02-17,C51538,P1097,1,10.71,0.0,4.28,completed
O205523,2,2024-06-01,C53755,P1047,1,49.02,0.0,23.53,completed
O200304,5,2024-03-13,C50220,P1114,-1,11.91,0.0,6.67,returned
O202004,2,2024-10-13,C51335,P1030,1,61.28,0.0,37.99,completed
O205514,1,2023-03-24,C53752,P1034,1,32.89,0.0,,completed
O205425,5,2024-05-13,C53688,P1019,1,293.87,0.0,229.22,completed
O203622,1,"May 13, 2023",C52400,P1086,2,74.93,5.0,51.27,completed
O200727,1,2024-03-20,C50500,P1062,2,28.48,0.0,13.67,completed
O204408,4,2024-05-05,C52948,P1114,1,11.91,0.0,6.67,completed
O204407,3,11/05/2023,C52947,P1019,3,293.87,0.0,229.22,completed
O201139,2,2024-12-03,C50761,P1061,3,12.42,20.0,7.45,completed
O205715,2,2024-06-24,C53897,P1013,1,187.98,0.0,146.62,completed
O202243,2,2024-08-24,C51501,P1015,1,234.42,0.0,182.85,completed
O205667,1,2024-11-24,C53862,P1015,2,187.54,20.0,182.85,completed
O203516,1,2023-05-31,C52339,P1012,1,264.15,5.0,216.88,completed
O200207,2,2024-11-25,C50144,P1019,1,264.48,10.0,229.22,returned
O205469,1,"Dec 14, 2024",C53713,P1045,3,47.13,,32.47,completed
O203217,2,"Aug 02, 2023",C52126,P1069,1,48.72,0.0,23.39,completed
O200401,2,"Sep 22, 2023",C50290,P1043,1,35.42,0.0,21.96,completed
O205169,4,2024-09-07,C53509,P1087,2,46.61,0.0,30.3,completed
O205182,1,2024-12-22,C53516,P1101,3,15.62,0.0,6.25,completed
O202444,1,26/09/2024,C51625,P1025,1,39.88,0.0,24.73,completed
O201925,1,"Dec 27, 2024",C51275,P1050,1,29.02,,16.39,completed
O204770,3,2024-09-05,C53208,P1056,3,23.6,5.0,11.92,completed
O203061,1,2023-11-18,C52011,P1099,1,21.33,0.0,8.53,completed
O200597,4,2024-05-16,C50426,P1078,3,65.84,0.0,42.8,completed
O205318,1,2023-11-30,C53613,P1051,1,30.18,20.0,18.11,completed
O201502,3,2024-04-05,C50983,P1075,3,65.26,0.0,42.42,returned
O202281,3,2023-11-10,C51520,P1059,4,22.43,0.0,10.77,completed
O200240,1,2023-10-19,C50172,P1082,1,41.93,0.0,27.25,completed
O202041,1,2023-12-09,C51361,P1076,4,70.57,20.0,57.34,completed
O201145,1,2024-10-12,C50764,P1061,2,15.53,0.0,7.45,completed
O204360,4,2023-03-19,C52911,P1102,1,29.03,5.0,12.22,completed
O204662,2,2024-07-02,C53131,P1031,1,144.15,0.0,89.37,completed
O201368,2,"Jul 10, 2024",C50895,P1052,1,44.0,0.0,21.12,completed
O205447,1,2024-09-12,C53704,P1047,1,49.02,0.0,23.53,completed
O202279,1,2024-10-04,C51520,P1090,5,77.14,0.0,50.14,completed
O202056,2,2023-12-31,C51372,P1114,1,11.31,5.0,6.67,completed
O201576,4,2023-06-04,C51037,P1089,1,70.74,10.0,51.09,completed
O202475,1,2023-12-23,C51646,P1012,1,278.05,0.0,216.88,completed
O204149,6,10/12/2024,C52747,P1015,2,187.54,20.0,182.85,completed
O205432,2,2024-09-11,C53691,P1120,1,21.77,0.0,12.19,completed
O200266,3,2024-12-31,C50194,P1038,1,32.46,0.0,20.13,completed
O204081,1,2024-12-05,C52714,P1045,1,41.9,20.0,32.47,completed
O201226,4,2024-08-01,C50802,P1045,1,52.37,0.0,32.47,completed
O202186,1,2024-03-08,C51458,P1037,2,46.67,0.0,28.94,completed
O205393,1,2024-05-09,C53667,P1099,1,21.33,0.0,8.53,completed
O203624,3,2024-12-01,C52401,P1015,1,210.98,10.0,182.85,completed
O205549,1,2024-07-17,C53776,P1057,1,29.26,0.0,14.04,completed
O201728,4,2024-05-31,C51135,P1057,2,29.26,0.0,14.04,completed
O205861,2,2024-10-07,C53992,P1099,1,21.33,0.0,8.53,completed
O202255,3,"Feb 26, 2024",C51507,P1009,1,179.6,0.0,140.09,completed
O205430,4,2023-05-07,C53689,P1003,2,260.2,5.0,213.64,completed
O204061,2,2023-08-01,C52702,P1100,1,12.65,0.0,5.06,completed
O201173,1,2023-06-03,C50781,P1037,1,46.67,0.0,28.94,completed
O203194,4,2024-09-30,C52105,P1044,2,47.16,15.0,34.4,completed
O200168,2,2024-08-31,C50126,P1021,2,163.75,0.0,127.73,completed
O202170,2,27/11/2023,C51445,P1046,1,44.09,20.0,34.17,completed
O202028,1,2024-05-22,C51351,P1004,2,258.48,15.0,237.19,completed
O202067,4,2024-04-27,C51377,P1047,1,49.02,0.0,23.53,completed
O205579,1,2023-04-21,C53803,P1058,1,61.65,5.0,31.15,completed
O205716,4,2024-11-29,C53899,P1074,1,63.46,20.0,51.56,completed
O202827,3,2023-12-01,C51885,P1045,2,41.9,20.0,32.47,completed
O200817,1,2024-04-21,C50548,P1021,1,163.75,0.0,127.73,completed
O200253,2,2024-06-24,C50185,P1015,1,234.42,0.0,,completed
O203394,3,2024-09-07,C52238,P1004,1,304.09,0.0,237.19,completed
O205264,1,2024-07-20,C53576,P1108,5,15.87,0.0,6.35,completed
O202009,5,2023-04-06,C51338,P1095,1,9.25,0.0,3.7,completed
O202042,3,2024-12-09,C51364,P1074,3,55.52,30.0,51.56,completed
O202320,3,2024-05-18,C51556,P1101,3,15.62,0.0,6.25,completed
O200501,1,"Sep 05, 2024",C50362,P1020,4,176.36,0.0,137.56,completed
O205531,2,06/02/2023,C53763,P1120,1,21.77,0.0,12.19,completed
O203861,4,2024-12-30,C52556,P1084,1,48.91,0.0,31.79,completed
O205257,4,"Aug 25, 2024",C53571,P1063,1,32.07,10.0,17.1,completed
O204628,3,2023-08-29,C53106,P1078,2,59.26,10.0,42.8,completed
O202154,5,2024-11-13,C51435,P1032,3,40.32,0.0,25.0,completed
O204738,3,2024-01-10,C53182,P1049,1,31.46,30.0,21.58,completed
O200601,4,2024-07-07,C50427,P1079,1,85.12,0.0,55.33,completed
O205626,2,16/07/2023,C53839,P1046,1,55.11,0.0,34.17,completed
O205083,1,2023-11-18,C53446,P1009,1,179.6,0.0,140.09,completed
O204875,1,2023-12-01,C53283,P1015,1,140.65,40.0,182.85,completed
O200471,3,2023-11-09,C50344,P1044,4,52.71,5.0,34.4,completed
O203935,3,2024-04-24,C52613,P1015,1,234.42,0.0,182.85,completed
O204406,5,10/04/2024,C52946,P1092,3,17.47,0.0,6.99,completed
O205749,4,2024-11-16,C53927,P1106,1,15.9,5.0,6.7,completed
O201900,3,2024-09-18,C51256,P1081,1,77.57,0.0,50.42,completed
O201679,2,2024-10-06,C51084,P1092,1,16.6,5.0,6.99,completed
O200095,1,2023-07-04,C50067,P1029,1,57.69,5.0,37.65,completed
O202011,3,2024-12-14,C51338,P1054,1,17.21,40.0,13.77,completed
O203776,5,2024-05-31,C52506,P1058,1,64.89,0.0,31.15,completed
O202489,4,2024-08-19,C51658,P1078,1,59.26,10.0,42.8,
O204928,4,2024-02-19,C53325,P1062,1,28.48,0.0,13.67,completed
O202540,2,03/01/2023,C51691,P1090,4,46.28,40.0,50.14,completed
O204848,2,19/12/2024,C53265,P1007,3,116.69,40.0,151.69,completed
O204472,1,2023-05-09,C52994,P1120,1,21.77,0.0,12.19,completed
O204059,1,2023-11-29,C52700,P1017,1,199.83,10.0,173.18,completed
O201054,2,2024-11-15,C50710,P1093,1,15.34,0.0,6.14,completed
O202448,2,2024-12-08,C51630,P1015,3,187.54,20.0,182.85,completed
O200767,2,2023-03-25,C50522,P1057,1,26.33,10.0,14.04,completed
O203967,1,05/06/2023,C52633,P1001,2,214.35,0.0,167.19,completed
O203994,1,29/12/2024,C52650,P1032,3,40.32,0.0,25.0,completed
O204811,1,2023-08-13,C53244,P1050,1,34.14,0.0,16.39,completed
O200816,2,2024-01-06,C50547,P1086,1,47.32,40.0,,completed
O205622,3,2024-11-10,C53834,P1029,1,60.73,0.0,37.65,completed
O203895,3,2024-12-09,C52575,P1109,1,29.87,20.0,20.91,completed
O204413,1,2024-11-30,C52951,P1009,4,143.68,20.0,140.09,completed
O205115,4,2024-12-08,C53472,P1035,1,47.05,30.0,41.68,completed
O200998,1,"Apr 29, 2024",C50684,P1067,1,28.31,0.0,13.59,completed
O201580,3,2023-12-04,C51038,P1027,1,58.02,10.0,39.97,completed
O205631,1,2024-11-17,C53842,P1114,2,11.91,,6.67,completed
O203028,2,21/05/2023,C51993,P1092,1,17.47,0.0,6.99,completed
O204854,1,2024-06-07,C53272,P1038,1,32.46,0.0,20.13,completed
O201787,3,2024-09-02,C51184,P1022,2,124.65,0.0,97.23,completed
O203025,1,03/12/2024,C51991,P1110,4,9.31,10.0,5.79,completed
O200489,4,2024-07-13,C50357,P1005,2,61.99,0.0,48.35,completed
O202158,1,2024-08-10,C51436,P1112,4,27.63,0.0,15.47,completed
O205420,2,2024-10-06,C53687,P1057,1,27.8,5.0,14.04,completed
O204215,2,01/04/2024,C52794,P1001,3,214.35,0.0,167.19,completed
O203853,2,2024-08-06,C52553,P1116,3,18.83,0.0,10.54,completed
O204202,2,2024-12-18,C52787,P1029,1,48.58,20.0,37.65,
O205825,4,2024-05-26,C53973,P1115,1,25.43,0.0,14.24,completed
O203424,3,2023-07-13,C52266,P1062,3,28.48,0.0,13.67,completed
O201559,1,2024-12-23,C51017,P1056,1,211.1,15.0,11.92,completed
O201010,2,2023-01-05,C50693,P1045,1,41.9,20.0,32.47,completed
O201881,2,2024-01-26,C51238,P1111,-1,30.48,0.0,17.07,returned
O202494,3,"Apr 23, 2023",C51663,P1020,1,158.72,,137.56,completed
O202936,3,2024-08-19,C51939,P1097,1,10.17,5.0,4.28,completed
O200763,2,2024-11-26,C50520,P1095,2,6.48,30.0,3.7,completed
O205042,3,02/09/2024,C53403,P1098,1,11.59,5.0,4.88,completed
O205224,1,2024-12-25,C53546,P1105,1,12.51,0.0,5.0,completed
O201540,2,2024-05-12,C51003,P1056,3,24.84,0.0,11.92,completed
O203138,1,2024-12-15,C52065,P1089,1,55.02,,51.09,completed
O200792,2,"Jun 05, 2024",C50538,P1048,3,36.62,0.0,17.58,completed
O200622,3,2024-09-07,C50437,P1015,1,234.42,0.0,182.85,returned
O203092,3,2023-06-13,C52038,P1074,1,79.32,0.0,51.56,completed
O201165,2,2024-11-24,C50775,P1112,3,16.58,40.0,15.47,completed
O201769,1,2024-12-17,C51169,P1032,2,24.19,40.0,25.0,completed
O201212,2,2023-12-19,C50794,P1108,1,11.11,30.0,6.35,completed
O204107,2,30/11/2024,C52730,P1077,2,33.39,30.0,31.01,completed
O204535,2,2024-09-24,C53041,P1025,1,39.88,0.0,24.73,completed
O200600,5,2024-08-02,C50427,P1062,3,28.48,0.0,13.67,completed
O202752,3,2023-12-25,C51833,P1114,2,11.91,0.0,6.67,completed
O203216,2,2024-10-12,C52125,P1116,1,18.83,0.0,10.54,completed
O204095,3,2024-10-17,C52722,P1062,1,28.48,0.0,13.67,completed
O201284,1,17/09/2024,C50839,P1015,2,234.42,0.0,182.85,completed
O200588,2,2024-07-30,C50420,P1026,3,41.43,0.0,25.69,completed
O202533,1,19/10/2024,C51688,P1074,1,79.32,0.0,51.56,completed
O201560,2,2023-11-22,C51017,P1073,1,25.47,30.0,23.65,completed
O202589,1,2024-04-09,C51730,P1090,1,77.14,0.0,50.14,completed
O205747,4,2024-05-25,C53921,P1032,2,36.29,,25.0,completed
O204980,3,2023-11-25,C53363,P1091,2,18.98,20.0,9.49,completed
O204367,3,01/07/2024,C52915,P1024,1,166.5,0.0,129.87,completed
O204377,4,21/12/2024,C52929,P1075,1,65.26,0.0,42.42,completed
O200745,1,05/08/2023,C50509,P1109,1,37.34,0.0,20.91,completed
O204006,2,"Dec 31, 2024",C52659,P1032,1,36.29,10.0,25.0,completed
O202747,2,2024-07-31,C51831,P1007,2,194.48,0.0,151.69,completed
O200460,1,2023-12-10,C50325,P1066,1,42.59,10.0,22.71,completed
O203913,2,2024-11-25,C52585,P1112,1,19.34,30.0,15.47,completed
O202821,3,"Dec 03, 2024",C51880,P1015,3,164.09,,182.85,completed
O200704,1,2024-03-24,C50491,P1041,1,71.64,,44.42,completed
O204233,2,2024-12-10,C52813,P1090,2,61.71,20.0,50.14,completed
O201648,1,2024-11-27,C51066,P1064,2,25.87,40.0,20.69,completed
O204651,2,20/11/2024,C53122,P1047,2,49.02,0.0,23.53,completed
O201025,1,2024-04-14,C50700,P1039,1,32.71,0.0,20.28,completed
O202065,5,2024-05-04,C51377,P1045,1,52.37,0.0,32.47,completed
O201304,2,2023-12-01,C50852,P1009,1,161.64,10.0,140.09,completed
O202275,3,"Oct 06, 2024",C51518,P1103,2,15.76,0.0,6.3,completed
O203312,3,2024-07-13,C52184,P1017,1,222.03,0.0,173.18,completed
O204473,3,2024-11-27,C52996,P1024,3,116.55,30.0,129.87,completed
O203839,4,2024-10-06,C52543,P1109,1,37.34,0.0,20.91,completed
O201226,6,2024-08-01,C50802,P1012,1,278.05,0.0,216.88,completed
O201935,4,2024-03-30,C51277,P1114,1,10.12,15.0,6.67,completed
O205452,1,2024-12-08,C53707,P1120,2,17.42,20.0,12.19,completed
O201685,2,2024-12-03,C51090,P1030,1,49.02,20.0,37.99,completed
O205101,1,18/12/2024,C53467,P1014,3,269.58,20.0,262.84,completed
O201210,2,2023-10-16,C50794,P1025,5,39.88,0.0,24.73,completed
O205643,1,2024-04-18,C53852,P1030,1,61.28,0.0,37.99,completed
O201638,2,2024-11-12,C51064,P1077,2,47.7,0.0,31.01,completed
O201864,1,2024-11-14,C51226,P1084,1,48.91,0.0,31.79,completed
O201075,1,2024-11-28,C50722,P1100,1,10.12,20.0,5.06,returned
O203483,5,26/11/2024,C52314,P1084,1,29.35,40.0,31.79,completed
O205734,1,2023-10-07,C53909,P1115,-2,22.89,10.0,14.24,returned
O200256,2,2024-12-06,C50186,P1015,2,210.98,10.0,182.85,completed
O204763,3,2024-07-29,C53205,P1088,3,54.68,10.0,39.49,completed
O202352,4,2024-06-04,C51571,P1083,1,49.42,0.0,32.12,completed
O205168,1,2024-12-15,C53509,P1114,2,9.53,20.0,6.67,returned
O201772,1,20/07/2024,C51170,P1018,1,106.98,0.0,83.44,completed
O201189,1,2024-10-05,C50788,P1050,1,34.14,0.0,16.39,completed
O203560,6,2024-12-06,C52364,P1017,2,177.62,20.0,173.18,returned
O204182,5,2024-03-21,C52771,P1015,3,234.42,0.0,182.85,completed
O202682,1,2024-12-15,C51798,P1060,1,35.84,30.0,24.58,completed
O202544,2,2024-11-22,C51692,P1079,2,51.07,40.0,55.33,completed
O200154,4,2024-12-10,C50113,P1076,4,70.57,20.0,57.34,completed
O200147,2,2024-04-24,C50104,P1091,3,23.72,0.0,9.49,completed
O205635,1,2023-01-04,C53849,P1061,2,13.98,10.0,7.45,completed
O201748,1,2024-12-24,C51152,P1009,1,152.66,15.0,140.09,completed
O205135,1,2024-11-28,C53482,P1015,1,187.54,20.0,182.85,completed
O200565,1,2024-10-18,C50404,P1065,1,43.33,5.0,21.89,completed
O202447,1,2024-10-12,C51630,P1070,1,25.82,15.0,14.58,completed
O201235,1,2023-03-13,C50808,P1103,1,15.76,0.0,6.3,completed
O200315,2,2023-07-16,C50230,P1025,1,35.89,10.0,24.73,completed
O205720,3,2024-08-25,C53901,P1102,3,30.56,0.0,12.22,completed
O201371,2,2024-11-01,C50899,P1068,2,26.9,0.0,12.91,completed
O200157,1,2024-11-09,C50116,P1112,1,24.87,10.0,15.47,completed
O204204,4,30/11/2024,C52789,P1088,2,54.68,10.0,39.49,completed
O203811,1,2024-09-28,C52520,P1021,4,163.75,0.0,127.73,completed
O204130,2,2023-03-08,C52737,P1058,1,64.89,0.0,31.15,completed
O203021,4,2024-05-19,C51990,P1074,2,79.32,0.0,51.56,completed
O203599,5,2024-09-08,C52389,P1095,1,9.25,0.0,3.7,completed
O204142,3,2024-08-31,C52742,P1111,1,304.8,0.0,17.07,completed
O205379,3,13/12/2024,C53657,P1092,2,15.72,10.0,6.99,completed
O201941,1,07/03/2024,C51284,P1010,3,113.39,0.0,88.44,completed
O200828,3,2023-05-24,C50557,P1056,2,22.36,10.0,11.92,completed
O205671,1,2024-11-09,C53867,P1051,1,35.83,5.0,18.11,completed
O203487,1,2023-01-18,C52315,P1011,1,279.33,5.0,229.34,returned
O200326,1,2024-04-19,C50236,P1051,1,37.72,0.0,18.11,completed
O200505,2,2024-08-02,C50365,P1045,2,52.37,0.0,32.47,completed
O204399,3,16/05/2024,C52944,P1064,2,38.8,10.0,20.69,completed
O205684,1,2024-06-07,C53871,P1015,4,199.26,15.0,182.85,completed
O202099,2,2024-12-10,C51400,P1006,3,70.86,20.0,69.08,completed
O202974,2,2024-04-05,C51959,P1052,1,44.0,0.0,21.12,completed
O200849,4,2023-12-22,C50573,P1053,3,17.19,0.0,8.25,completed
O200138,2,2023-11-04,C50096,P1112,2,27.63,0.0,15.47,completed
O201605,1,14/05/2024,C51051,P1055,2,24.12,10.0,12.86,completed
O200635,3,2023-11-21,C50448,P1020,3,176.36,0.0,137.56,completed
O205268,3,2024-12-18,C53576,P1071,1,13.05,30.0,8.95,completed
O205866,3,2024-09-22,C53997,P1021,3,163.75,0.0,127.73,completed
O205243,3,2023-12-02,C53557,P1059,1,17.94,20.0,10.77,completed
O200787,3,2024-10-13,C50538,P1035,2,67.22,0.0,41.68,completed
O201066,3,14/10/2023,C50716,P1082,1,419.3,0.0,27.25,completed
O203394,1,2024-09-07,C52238,P1022,1,124.65,0.0,97.23,completed
O205363,3,2024-04-16,C53645,P1113,2,18.23,0.0,10.21,completed
O205857,1,2024-04-29,C53988,P1109,1,37.34,0.0,20.91,completed
O205479,3,2023-06-21,C53721,P1074,1,67.42,15.0,51.56,completed
O202532,1,23/07/2024,C51688,P1034,1,32.89,0.0,20.39,completed
O203413,1,27/11/2024,C52259,P1046,1,44.09,20.0,34.17,completed
O205628,1,2024-11-30,C53841,P1082,3,33.54,20.0,27.25,completed
O201043,1,2024-11-25,C50708,P1053,3,12.03,30.0,8.25,completed
O205851,4,2023-12-12,C53987,P1047,1,44.12,10.0,23.53,completed
O203914,1,28/11/2024,C52588,P1013,2,131.59,30.0,146.62,completed
O200120,3,2023-08-01,C50085,P1089,3,78.6,0.0,51.09,completed
O202095,4,2024-07-10,C51397,P1044,1,47.16,15.0,34.4,completed
O203825,3,2024-12-25,C52533,P1080,1,50.9,0.0,33.09,completed
O203087,2,2024-12-27,C52031,P1063,1,35.63,0.0,17.1,completed
O202228,2,2024-09-28,C51490,P1114,1,11.91,0.0,6.67,completed
O205710,1,2024-09-28,C53893,P1020,1,167.54,5.0,137.56,completed
O202479,1,2024-10-15,C51649,P1032,3,40.32,0.0,25.0,completed
O203466,1,"Dec 16, 2024",C52301,P1114,1,10.72,10.0,6.67,completed
O203374,2,2023-05-21,C52225,P1062,1,28.48,0.0,13.67,completed
O202388,3,"Dec 04, 2024",C51584,P1045,3,41.9,20.0,32.47,completed
O204170,1,2024-03-27,C52755,P1042,3,61.58,5.0,40.19,completed
O203569,2,2024-12-13,C52366,P1070,1,18.23,40.0,14.58,completed
O201722,3,2024-11-30,C51131,P1088,5,48.61,20.0,39.49,completed
O201705,1,23/07/2024,C51109,P1100,3,12.65,0.0,5.06,completed
O202144,1,"Aug 12, 2024",C51430,P1119,1,54.65,0.0,30.6,completed
O202661,3,2024-09-11,C51784,P1005,1,58.89,5.0,48.35,completed
O200258,1,2024-12-26,C50187,P1056,4,236.0,5.0,11.92,completed
O202586,5,2023-08-14,C51724,P1017,5,222.03,0.0,173.18,completed
O201081,1,2024-09-27,C50728,P1098,1,12.2,0.0,4.88,completed
O200478,1,2023-08-04,C50347,P1110,1,10.34,0.0,5.79,completed
O201749,1,2024-11-25,C51153,P1111,1,27.43,10.0,17.07,completed
O202385,3,2024-07-12,C51583,P1088,3,57.72,5.0,39.49,completed
O205603,2,2024-07-20,C53823,P1109,3,37.34,0.0,20.91,completed
O202188,6,26/03/2024,C51460,P1037,1,46.67,0.0,28.94,completed
O204929,1,2023-08-29,C53325,P1108,1,15.87,0.0,6.35,completed
O202417,2,2024-10-27,C51607,P1032,1,36.29,10.0,25.0,completed
O200971,2,2024-12-14,C50655,P1096,1,7.13,30.0,4.08,completed
O204263,1,2023-06-12,C52843,P1078,1,65.84,0.0,42.8,completed
O202304,1,2024-06-14,C51546,P1090,1,77.14,0.0,50.14,completed
O201657,2,03/11/2024,C51069,P1018,1,106.98,0.0,83.44,completed
O205369,2,"Dec 07, 2024",C53649,P1118,2,22.32,10.0,13.89,completed
O201711,5,2023-12-22,C51117,P1056,1,24.84,0.0,11.92,completed
O204668,2,01/12/2024,C53133,P1015,3,210.98,10.0,182.85,completed
O204148,3,2023-04-23,C52744,P1008,1,152.33,,118.82,completed
O203431,2,2023-11-23,C52269,P1081,1,62.06,20.0,50.42,completed
O201164,1,2023-07-13,C50775,P1013,2,187.98,0.0,146.62,completed
O202958,2,03/10/2024,C51951,P1034,2,29.6,10.0,20.39,completed
O201830,4,2024-12-08,C51209,P1005,3,49.59,20.0,48.35,completed
O203974,4,2023-05-01,C52641,P1015,1,210.98,10.0,182.85,completed
O205589,1,2023-08-18,C53812,P1010,1,113.39,0.0,88.44,completed
O205551,3,2024-01-30,C53778,P1024,1,158.17,5.0,129.87,completed
O201374,2,2024-12-31,C50899,P1109,1,37.34,0.0,20.91,completed
O201312,2,06/12/2024,C50858,P1047,1,29.41,40.0,23.53,completed
O204299,1,2023-12-18,C52862,P1081,2,62.06,20.0,50.42,completed
O205082,1,2023-05-07,C53446,P1067,3,28.31,0.0,13.59,
O205329,1,03/08/2024,C53622,P1119,1,54.65,0.0,30.6,completed
O203646,3,2023-08-29,C52417,P1008,1,152.33,0.0,118.82,completed
O200261,1,2024-02-28,C50191,P1069,1,48.72,0.0,23.39,completed
O202232,1,2023-08-27,C51494,P1095,1,9.25,0.0,3.7,completed
O202722,1,2024-11-30,C51821,P1078,2,52.67,20.0,42.8,completed
O200056,2,2024-12-06,C50035,P1032,1,24.19,40.0,25.0,completed
O201863,5,03/08/2024,C51225,P1114,1,11.91,0.0,6.67,completed
O204003,4,2023-12-08,C52656,P1019,1,176.32,40.0,229.22,completed
O201941,5,07/03/2024,C51284,P1076,3,88.21,0.0,57.34,completed
O202142,2,2024-12-18,C51430,P1028,1,47.45,20.0,36.77,completed
O201386,4,2023-12-08,C50910,P1067,1,22.65,20.0,13.59,completed
O200082,1,"Dec 17, 2024",C50060,P1024,3,116.55,30.0,129.87,completed
O204485,2,2024-08-16,C53000,P1114,3,11.91,0.0,6.67,completed
O202802,1,2024-05-24,C51872,P1065,2,38.77,15.0,21.89,completed
O205443,5,29/07/2024,C53700,P1091,1,23.72,0.0,9.49,completed
O200876,6,2024-03-31,C50587,P1074,2,79.32,0.0,51.56,completed
O204309,1,"Dec 30, 2024",C52865,P1118,4,24.8,0.0,13.89,completed
O204751,2,2024-06-09,C53199,P1077,1,47.7,0.0,31.01,completed
O204940,2,2024-11-25,C53334,P1092,1,13.98,,6.99,completed
O200200,2,2024-12-04,C50142,P1064,1,25.87,40.0,20.69,completed
O201378,1,2023-04-04,C50901,P1047,1,49.02,,23.53,completed
O201451,2,2023-03-15,C50954,P1023,3,355.1,0.0,276.98,completed
O205495,3,2024-12-17,C53736,P1111,1,21.34,,17.07,completed
O202066,4,2024-03-09,C51377,P1072,1,19.89,0.0,9.55,completed
O202066,2,"Mar 09, 2024",C51377,P1088,1,60.76,0.0,39.49,completed
O201323,1,2024-08-07,C50866,P1114,2,11.31,5.0,6.67,completed
O205501,2,2023-09-13,C53742,P1064,3,43.11,0.0,20.69,completed
O202617,1,26/04/2023,C51753,P1017,1,210.93,5.0,173.18,
O205416,2,2024-12-01,C53683,P1010,3,102.05,10.0,88.44,completed
O201625,1,"Sep 23, 2024",C51060,P1006,1,84.14,5.0,69.08,completed
O202809,1,2024-04-23,C51875,P1048,1,36.62,0.0,17.58,completed
O201962,1,2024-06-06,C51303,P1077,1,47.7,0.0,31.01,completed
O201091,1,2024-03-19,C50733,P1060,1,51.2,0.0,24.58,completed
O201585,1,2024-11-27,C51041,P1015,2,187.54,20.0,182.85,completed
O204364,1,2024-04-14,C52913,P1059,2,19.07,15.0,10.77,
O205301,2,30/06/2023,C53606,P1108,1,15.87,0.0,6.35,completed
O202199,2,29/11/2024,C51467,P1092,3,13.98,20.0,6.99,completed
O202427,1,2023-07-08,C51613,P1111,2,30.48,0.0,17.07,completed
O203815,1,2023-12-04,C52520,P1114,1,8.34,30.0,6.67,completed
O205011,2,22/07/2024,C53383,P1098,2,12.2,0.0,4.88,completed
O203418,1,2024-11-25,C52263,P1112,2,19.34,30.0,15.47,completed
O200104,1,2023-06-29,C50072,P1078,1,65.84,0.0,42.8,completed
O205173,3,2024-08-29,C53513,P1072,1,18.9,5.0,9.55,completed
O201055,1,"Nov 23, 2024",C50710,P1101,2,10.93,30.0,6.25,completed
O204228,2,2024-11-30,C52806,P1017,3,177.62,20.0,173.18,
O201603,5,2024-03-14,C51050,P1004,1,304.09,0.0,237.19,completed
O200511,1,2024-10-02,C50367,P1020,2,176.36,0.0,137.56,completed
O204433,2,2024-01-27,C52961,P1074,1,79.32,,,returned
O201729,3,25/09/2023,C51135,P1041,1,71.64,0.0,44.42,completed
O201687,2,2024-12-22,C51094,P1043,1,35.42,0.0,21.96,completed
O200886,4,2024-03-16,C50591,P1032,4,40.32,0.0,25.0,completed
O200135,1,08/12/2024,C50096,P1034,3,29.6,10.0,20.39,completed
O203748,3,2024-05-20,C52480,P1105,3,11.26,10.0,5.0,completed
O202645,1,30/07/2024,C51771,P1029,2,60.73,0.0,37.65,completed
O204155,4,2024-08-22,C52752,P1111,1,30.48,0.0,17.07,completed
O202310,2,10/10/2023,C51553,P1076,1,88.21,0.0,57.34,completed
O203277,1,2024-08-18,C52172,P1028,1,53.38,10.0,36.77,completed
O202192,1,2023-11-26,C51463,P1111,4,21.34,30.0,17.07,completed
O202607,1,12/05/2024,C51746,P1053,1,15.47,10.0,8.25,completed
O203705,1,2024-08-23,C52459,P1072,2,19.89,0.0,,completed
O203382,1,2023-11-22,C52231,P1010,1,79.37,30.0,88.44,completed
O204668,5,2024-12-01,C53133,P1110,1,7.24,30.0,5.79,completed
O203280,2,2024-10-30,C52175,P1101,1,15.62,0.0,6.25,completed
O201535,1,2024-09-30,C50997,P1020,4,176.36,0.0,137.56,completed
O204827,3,2024-10-11,C53253,P1106,1,16.74,0.0,6.7,completed
O202488,6,2024-06-28,C51656,P1058,2,64.89,0.0,31.15,completed
O203441,1,2024-11-13,C52285,P1015,5,234.42,0.0,182.85,completed
O201187,4,08/05/2023,C50785,P1064,3,43.11,0.0,20.69,completed
O201525,3,2024-07-02,C50987,P1111,5,30.48,0.0,17.07,completed
O204735,1,2024-05-20,C53180,P1075,3,62.0,5.0,42.42,completed
O204238,1,2023-03-05,C52813,P1111,2,30.48,0.0,17.07,completed
O200748,1,2023-10-03,C50511,P1074,2,79.32,0.0,51.56,completed
O201401,2,2024-10-26,C50921,P1104,3,24.41,0.0,9.76,completed
O205414,3,2024-11-22,C53683,P1023,1,284.08,20.0,276.98,completed
O205466,1,2024-11-14,C53713,P1050,1,32.43,5.0,16.39,completed
O205576,3,2023-05-16,C53802,P1117,2,27.56,0.0,15.43,completed
O202629,1,22/07/2023,C51762,P1079,4,80.86,5.0,55.33,completed
O201481,2,2023-08-31,C50971,P1050,2,34.14,0.0,16.39,completed
O202535,3,2024-08-01,C51688,P1025,5,39.88,0.0,24.73,completed
O203572,4,2023-09-24,C52370,P1069,1,48.72,0.0,23.39,completed
O201946,2,2024-09-27,C51289,P1044,2,52.71,5.0,34.4,completed
O204813,1,2023-04-23,C53244,P1050,2,34.14,0.0,16.39,completed
O203370,2,2024-02-13,C52224,P1063,1,32.07,10.0,17.1,completed
O201583,1,2024-07-14,C51039,P1041,2,71.64,0.0,44.42,completed
O204191,3,2024-09-02,C52777,P1053,4,15.47,10.0,8.25,completed
O202901,4,2024-08-29,C51919,P1112,1,24.87,10.0,15.47,completed
O201086,5,2023-01-08,C50730,P1013,1,150.38,20.0,146.62,completed
O203148,2,2024-06-03,C52073,P1078,1,65.84,0.0,42.8,completed
O201680,1,2024-12-15,C51089,P1008,3,121.86,20.0,118.82,completed
O204144,4,2024-12-11,C52742,P1067,2,22.65,20.0,13.59,completed
O202876,3,2023-11-06,C51907,P1022,1,112.18,10.0,97.23,completed
O203708,1,2024-08-18,C52459,P1091,1,23.72,0.0,9.49,completed
O203118,2,2024-12-28,C52055,P1062,1,28.48,0.0,13.67,completed
O204113,3,2024-02-28,C52732,P1108,1,15.87,0.0,6.35,completed
O200528,4,2024-09-03,C50383,P1084,1,48.91,0.0,31.79,completed
O205708,2,2024-09-18,C53893,P1005,2,58.89,5.0,48.35,completed
O205835,1,2023-07-21,C53980,P1008,2,152.33,0.0,118.82,completed
O200681,1,2024-05-24,C50478,P1045,1,52.37,0.0,32.47,completed
O204437,2,2023-07-14,C52965,P1043,2,35.42,0.0,21.96,completed
O205244,2,2023-03-26,C53557,P1101,1,15.62,0.0,6.25,completed
O201889,4,2023-11-03,C51246,P1030,1,55.15,10.0,37.99,completed
O205446,6,2023-11-26,C53703,P1056,3,19.87,20.0,11.92,completed
O205368,2,2024-02-03,C53648,P1038,2,32.46,0.0,20.13,completed
O204124,3,2024-09-07,C52735,P1004,4,304.09,0.0,,completed
O205767,1,2024-12-31,C53935,P1110,1,10.34,0.0,5.79,completed
O201411,1,05/12/2024,C50927,P1082,2,29.35,30.0,27.25,completed
O205135,2,2024-11-28,C53482,P1083,1,39.54,20.0,32.12,completed
O200431,1,"Mar 26, 2024",C50312,P1094,2,16.72,5.0,7.04,completed
O204543,2,2024-03-30,C53049,P1056,3,22.36,10.0,11.92,completed
O201598,1,04/06/2024,C51048,P1106,1,16.74,0.0,6.7,completed
O201005,3,2024-12-02,C50690,P1065,1,27.37,40.0,21.89,completed
O203320,3,02/06/2024,C52185,P1072,2,19.89,0.0,9.55,completed
O201121,3,2024-11-25,C50753,P1006,1,53.14,40.0,69.08,completed
O203961,3,2024-02-11,C52630,P1115,1,25.43,0.0,14.24,completed
O205241,1,2024-12-27,C53557,P1032,5,38.3,5.0,25.0,completed
O204430,3,07/12/2024,C52959,P1033,2,26.77,30.0,23.71,completed
O200193,3,2024-06-05,C50138,P1025,-1,39.88,0.0,24.73,returned
O201562,6,2024-06-12,C51020,P1014,1,286.42,15.0,262.84,completed
O202013,1,2024-10-31,C51340,P1007,3,194.48,0.0,151.69,completed
O202771,2,"Nov 26, 2024",C51850,P1041,1,64.48,10.0,44.42,completed
O204119,6,2024-04-03,C52732,P1110,1,10.34,0.0,5.79,completed
O203414,1,06/06/2023,C52261,P1015,1,222.7,5.0,182.85,completed
O204493,1,2023-10-25,C53008,P1067,1,28.31,0.0,13.59,completed
O201168,4,2024-12-29,C50778,P1008,1,152.33,,118.82,completed
O202389,6,2024-11-16,C51585,P1024,2,166.5,0.0,129.87,completed
O203654,1,27/10/2024,C52423,P1114,2,11.91,0.0,6.67,completed
O201363,2,2023-09-14,C50892,P1090,1,77.14,0.0,50.14,completed
O201736,1,2024-04-17,C51137,P1086,2,70.98,,51.27,completed
O203897,3,2024-11-22,C52575,P1099,1,19.2,10.0,8.53,completed
O202100,6,"Dec 15, 2024",C51402,P1062,1,17.09,40.0,13.67,completed
O203324,4,2023-06-07,C52194,P1056,1,24.84,0.0,11.92,completed
O205848,3,2023-06-13,C53987,P1120,4,21.77,0.0,12.19,completed
O200048,6,2024-02-16,C50030,P1032,1,36.29,10.0,25.0,completed
O200211,4,2024-01-10,C50148,P1086,2,63.1,20.0,51.27,completed
O200292,2,2024-09-14,C50207,P1107,1,12.43,0.0,4.97,completed
O205311,2,25/03/2023,C53609,P1021,2,1637.5,0.0,127.73,completed
O205564,4,08/12/2023,C53789,P1015,1,164.09,30.0,182.85,completed
O200513,3,06/03/2024,C50370,P1114,1,11.91,0.0,6.67,completed
O201721,1,2024-12-13,C51129,P1049,1,31.46,30.0,21.58,completed
O204456,1,2024-05-26,C52980,P1030,3,61.28,0.0,37.99,completed
O205120,1,2024-07-27,C53475,P1050,2,30.73,10.0,16.39,completed
O201507,2,2023-07-19,C50983,P1082,1,41.93,0.0,27.25,completed
O202660,2,10/10/2023,C51783,P1112,1,27.63,0.0,15.47,completed
O202495,2,2023-03-07,C51663,P1100,1,12.02,5.0,5.06,completed
O200854,3,2024-07-16,C50577,P1103,2,15.76,0.0,6.3,completed
O201137,2,2024-07-08,C50760,P1105,1,12.51,0.0,5.0,completed
O201098,1,"Sep 14, 2023",C50740,P1015,3,234.42,0.0,182.85,completed
O203422,1,2024-12-19,C52266,P1015,2,164.09,30.0,182.85,completed
O203180,1,2024-12-12,C52098,P1001,1,150.04,30.0,,completed
O205858,2,2024-09-23,C53988,P1042,2,64.82,0.0,40.19,completed
O201467,2,2024-11-29,C50965,P1048,3,29.3,20.0,17.58,completed
O202402,1,2024-07-05,C51596,P1086,1,78.87,0.0,51.27,completed
O203229,5,2024-09-01,C52129,P1016,1,113.0,0.0,88.14,completed
O202433,1,2024-12-23,C51618,P1099,3,21.33,0.0,8.53,completed
O204237,1,2023-10-09,C52813,P1027,2,64.47,0.0,39.97,completed
O200294,3,2024-11-05,C50209,P1042,1,64.82,0.0,40.19,completed
O202413,3,2024-08-30,C51605,P1015,2,234.42,0.0,182.85,completed
O204032,1,2024-11-24,C52675,P1071,4,14.92,20.0,8.95,completed
O200664,2,2024-12-01,C50470,P1021,2,98.25,40.0,127.73,completed
O201320,2,2023-11-18,C50865,P1078,1,65.84,0.0,42.8,completed
O201355,3,2023-06-06,C50888,P1120,3,21.77,0.0,12.19,completed
O205094,2,2023-08-14,C53460,P1101,1,15.62,0.0,6.25,completed
O202356,1,2024-10-20,C51572,P1095,1,9.25,0.0,3.7,completed
O200935,1,"Feb 26, 2024",C50629,P1009,4,179.6,0.0,140.09,completed
O200133,1,"Apr 24, 2024",C50093,P1052,1,44.0,0.0,21.12,completed
O200660,1,20/07/2023,C50464,P1012,4,236.34,15.0,216.88,completed
O203872,2,"Sep 21, 2024",C52563,P1074,1,67.42,15.0,51.56,completed
O203957,1,2023-03-14,C52629,P1047,1,49.02,0.0,23.53,completed
O203112,2,2024-08-30,C52051,P1091,1,23.72,0.0,9.49,completed
O204589,3,2024-12-27,C53077,P1096,3,10.19,0.0,4.08,completed
O204602,4,"Oct 07, 2024",C53089,P1034,1,32.89,0.0,20.39,completed
O202701,3,2024-11-30,C51810,P1103,1,14.18,,6.3,completed
O205253,5,2023-12-13,C53567,P1060,3,35.84,30.0,24.58,completed
O200590,3,2024-10-08,C50421,P1029,3,60.73,0.0,37.65,completed
O200918,1,2024-08-26,C50616,P1032,1,34.27,15.0,25.0,completed
O204583,1,2023-04-01,C53074,P1009,3,179.6,0.0,140.09,completed
O202938,2,2024-11-03,C51942,P1084,1,46.46,5.0,31.79,completed
O202952,6,2024-06-13,C51948,P1065,2,45.61,0.0,21.89,completed
O201286,1,13/12/2024,C50840,P1045,3,41.9,20.0,32.47,completed
O202302,1,2024-10-23,C51544,P1071,1,16.78,10.0,8.95,completed
O200613,2,30/09/2024,C50433,P1084,1,48.91,0.0,31.79,completed
O202268,5,2024-11-28,C51512,P1055,1,21.44,20.0,12.86,completed
O204556,4,05/04/2023,C53058,P1109,3,37.34,0.0,20.91,completed
O205528,1,2024-03-07,C53760,P1088,1,60.76,0.0,39.49,completed
O203055,3,13/05/2024,C52011,P1090,4,77.14,0.0,50.14,completed
O200166,1,2024-12-05,C50125,P1009,4,143.68,20.0,140.09,completed
O204731,1,2024-12-04,C53176,P1042,1,45.37,30.0,40.19,completed
O202275,4,2024-10-06,C51518,P1030,1,58.22,5.0,37.99,completed
O201914,2,2024-12-15,C51268,P1072,3,15.91,20.0,9.55,completed
O201429,1,2023-05-02,C50944,P1109,1,37.34,,20.91,completed
O205215,2,2024-12-08,C53538,P1012,2,222.44,20.0,216.88,completed
O203183,1,24/09/2023,C52099,P1044,1,55.48,0.0,34.4,completed
O200635,1,2023-11-21,C50448,P1088,1,60.76,0.0,39.49,completed
O204425,2,03/06/2024,C52956,P1094,5,17.6,0.0,7.04,completed
O200918,3,2024-08-26,C50616,P1060,1,51.2,0.0,24.58,completed
O204492,6,2024-07-08,C53008,P1008,1,152.33,0.0,118.82,completed
O204639,4,2024-05-02,C53115,P1058,1,64.89,0.0,31.15,returned
O205109,1,2024-07-29,C53471,P1090,3,69.43,10.0,50.14,completed
O204933,3,2024-03-09,C53330,P1031,3,144.15,0.0,89.37,completed
O201874,3,2024-05-28,C51230,P1034,1,32.89,0.0,20.39,completed
O203532,2,2023-01-14,C52349,P1036,1,60.82,30.0,53.87,completed
O200309,1,2024-11-08,C50223,P1078,1,62.55,,42.8,completed
O200286,5,2024-06-14,C50205,P1039,1,27.8,15.0,,completed
O204530,2,07/05/2024,C53039,P1089,3,66.81,15.0,51.09,completed
O200318,1,2024-04-09,C50231,P1074,2,67.42,15.0,51.56,completed
O205800,1,03/08/2024,C53955,P1099,1,20.26,5.0,8.53,completed
O200585,2,2024-04-16,C50418,P1114,1,11.91,0.0,6.67,completed
O204732,1,17/09/2024,C53176,P1099,1,21.33,0.0,,completed
O203128,1,2023-04-15,C52061,P1006,1,84.14,,69.08,completed
O201919,2,2024-09-27,C51271,P1058,1,61.65,5.0,31.15,completed
O202697,4,2024-12-13,C51809,P1022,1,112.18,10.0,97.23,completed
O200221,3,2024-08-19,C50152,P1067,1,25.48,10.0,13.59,completed
O203852,1,2024-06-22,C52552,P1073,2,36.39,0.0,23.65,completed
O204935,2,08/11/2023,C53331,P1012,2,264.15,5.0,216.88,completed
O203779,4,2024-08-25,C52507,P1013,1,187.98,0.0,146.62,returned
O201177,3,05/06/2023,C50781,P1015,1,222.7,5.0,182.85,completed
O201989,1,"Nov 25, 2024",C51319,P1015,1,140.65,40.0,182.85,completed
O205304,1,2023-08-02,C53607,P1006,1,88.57,0.0,69.08,completed
O205834,1,2024-04-22,C53977,P1016,1,113.0,0.0,88.14,completed
O201565,3,24/07/2023,C51027,P1007,1,194.48,0.0,151.69,completed
O202160,1,2024-10-29,C51437,P1015,1,222.7,5.0,182.85,completed
O202142,3,18/12/2024,C51430,P1017,1,177.62,20.0,173.18,completed
O200940,4,2024-09-05,C50634,P1074,1,79.32,0.0,51.56,completed
O200552,1,2023-10-08,C50399,P1073,1,36.39,0.0,23.65,completed
O205855,3,24/05/2024,C53988,P1074,1,75.35,5.0,51.56,completed
O203020,1,2024-12-12,C51990,P1023,1,213.06,40.0,276.98,completed
O205078,2,2024-05-12,C53437,P1059,1,22.43,0.0,10.77,completed
O202721,1,2024-10-30,C51820,P1041,2,71.64,0.0,44.42,completed
O200697,2,2023-04-17,C50487,P1019,4,293.87,0.0,229.22,completed
O202332,2,2024-07-09,C51563,P1090,1,73.28,5.0,50.14,completed
O203406,2,2024-10-17,C52252,P1009,1,179.6,0.0,140.09,completed
O203908,2,"Dec 21, 2024",C52580,P1052,1,44.0,,21.12,completed
O201350,6,31/12/2024,C50885,P1087,4,46.61,0.0,30.3,completed
O202018,1,02/01/2024,C51343,P1015,1,164.09,30.0,182.85,completed
O203274,5,2023-08-07,C52170,P1113,4,17.32,5.0,10.21,returned
O204194,2,02/12/2024,C52779,P1021,2,147.38,10.0,127.73,completed
O201870,3,28/10/2024,C51227,P1015,1,210.98,10.0,182.85,completed
O204177,3,2023-08-09,C52764,P1031,1,144.15,0.0,89.37,completed
O205039,1,24/08/2023,C53403,P1062,1,25.63,10.0,13.67,completed
O204080,1,2024-08-31,C52714,P1024,1,166.5,0.0,129.87,completed
O200659,1,2023-09-28,C50461,P1088,1,54.68,10.0,39.49,completed
O200068,4,2023-10-05,C50045,P1036,3,86.88,0.0,53.87,completed
O204712,1,10/12/2024,C53166,P1104,1,17.09,30.0,9.76,completed
O201763,5,03/12/2024,C51163,P1008,1,91.4,40.0,118.82,completed
O204891,1,2024-11-05,C53300,P1021,1,163.75,0.0,127.73,completed
O205860,1,2024-09-27,C53992,P1062,1,28.48,0.0,13.67,completed
O205023,1,2024-11-22,C53393,P1055,1,21.44,20.0,12.86,completed
O202622,1,2024-04-29,C51759,P1096,1,10.19,0.0,4.08,completed
O201069,1,2024-11-22,C50720,P1010,1,102.05,10.0,88.44,completed
O204148,1,23/04/2023,C52744,P1114,1,11.91,0.0,6.67,completed
O201223,1,21/11/2023,C50800,P1071,2,18.65,0.0,8.95,completed
O200886,2,2024-03-16,C50591,P1007,4,184.76,5.0,151.69,completed
O204194,3,2024-12-02,C52779,P1074,1,71.39,10.0,51.56,completed
O205632,2,21/02/2024,C53842,P1106,1,16.74,0.0,6.7,completed
O205826,1,24/12/2024,C53974,P1041,4,71.64,0.0,44.42,completed
O204036,3,2024-06-01,C52677,P1066,1,47.32,0.0,22.71,completed
O202067,5,"Apr 27, 2024",C51377,P1030,1,61.28,0.0,37.99,completed
O200761,1,2023-01-31,C50519,P1051,4,37.72,0.0,18.11,completed
O201095,2,2024-12-26,C50736,P1056,1,24.84,0.0,11.92,completed
O204600,1,2024-08-16,C53085,P1105,3,12.51,0.0,5.0,completed
O200892,2,2024-01-17,C50599,P1112,3,27.63,0.0,15.47,completed
O200763,3,2024-11-26,C50520,P1117,4,24.8,10.0,15.43,completed
O201830,2,2024-12-08,C51209,P1015,1,164.09,30.0,182.85,completed
O201360,4,2024-02-04,C50892,P1038,1,27.59,15.0,20.13,completed
O200495,1,2024-10-29,C50362,P1080,1,50.9,0.0,33.09,completed
O205553,2,2024-11-01,C53780,P1031,2,144.15,0.0,89.37,completed
O204187,3,2023-10-17,C52773,P1094,1,16.72,5.0,7.04,completed
O201143,6,2023-12-09,C50763,P1058,1,51.91,20.0,31.15,completed
O203386,4,2023-03-01,C52233,P1024,1,166.5,0.0,129.87,completed
O201405,1,2023-06-15,C50925,P1017,-2,222.03,0.0,173.18,returned
O200544,1,2024-08-12,C50394,P1008,1,144.71,5.0,118.82,completed
O205360,1,2024-12-25,C53642,P1009,4,179.6,0.0,140.09,completed
O204629,1,2024-12-10,C53107,P1076,2,79.39,10.0,57.34,completed
O204977,3,2023-11-09,C53356,P1015,2,234.42,0.0,182.85,completed
O204605,1,2024-06-20,C53090,P1013,2,187.98,0.0,146.62,completed
O200348,1,05/07/2023,C50254,P1061,1,14.75,5.0,7.45,completed
O204614,2,"Aug 07, 2023",C53096,P1075,1,65.26,0.0,42.42,completed
O201939,1,2024-03-06,C51283,P1102,4,30.56,0.0,12.22,completed
O204675,4,25/11/2024,C53143,P1107,1,11.19,10.0,4.97,completed
O200072,2,20/12/2024,C50051,P1099,1,17.06,20.0,8.53,completed
O204423,1,2024-10-13,C52956,P1068,1,24.21,10.0,12.91,completed
O200805,5,2024-02-26,C50541,P1118,3,24.8,0.0,13.89,completed
O205570,2,2023-06-29,C53791,P1011,1,294.03,0.0,229.34,completed
O204766,2,2024-04-22,C53207,P1012,1,278.05,0.0,216.88,completed
O203912,1,2024-06-03,C52585,P1056,1,24.84,0.0,11.92,completed
O200452,4,2024-12-21,C50322,P1061,1,15.53,0.0,7.45,completed
O203012,2,2024-11-02,C51985,P1050,1,34.14,0.0,16.39,completed
O201273,1,2024-09-02,C50831,P1030,2,55.15,10.0,37.99,completed
O200935,5,2024-02-26,C50629,P1050,1,34.14,0.0,16.39,completed
O202923,2,27/07/2023,C51930,P1051,1,35.83,5.0,18.11,completed
O200474,2,2023-08-03,C50344,P1102,2,30.56,0.0,12.22,completed
O201335,1,2024-08-07,C50878,P1049,3,44.95,0.0,21.58,completed
O204399,1,2024-05-16,C52944,P1050,1,32.43,5.0,16.39,completed
O201308,2,2024-12-26,C50855,P1017,2,199.83,10.0,173.18,completed
O201208,2,2024-06-26,C50792,P1029,-1,57.69,5.0,37.65,returned
O201509,2,2024-11-30,C50984,P1069,1,34.1,30.0,23.39,completed
O203329,2,2024-09-20,C52200,P1032,2,40.32,0.0,25.0,completed
O204627,2,2023-09-04,C53105,P1017,1,222.03,0.0,173.18,
O200711,2,18/05/2024,C50494,P1023,4,337.34,5.0,276.98,completed
O201104,2,2024-08-31,C50743,P1062,2,28.48,0.0,13.67,completed
O203546,3,"Aug 13, 2024",C52359,P1067,2,28.31,0.0,13.59,completed
O203824,3,2024-05-06,C52531,P1020,1,176.36,0.0,137.56,completed
O203968,1,08/07/2023,C52637,P1112,1,24.87,10.0,15.47,completed
O200685,1,01/03/2024,C50478,P1086,1,78.87,0.0,51.27,completed
O201950,1,"Nov 26, 2024",C51291,P1056,1,14.9,40.0,11.92,completed
O200978,2,2024-12-20,C50662,P1075,2,52.21,20.0,42.42,completed
O204317,1,"Apr 13, 2024",C52874,P1078,1,65.84,0.0,42.8,returned
O201181,1,06/04/2024,C50781,P1028,1,59.31,0.0,36.77,completed
O204009,5,2024-12-27,C52662,P1057,1,29.26,0.0,14.04,completed
O200849,3,"Dec 22, 2023",C50573,P1061,1,15.53,0.0,7.45,completed
O204198,1,2024-02-24,C52785,P1008,1,152.33,0.0,118.82,completed
O202924,2,2023-06-24,C51932,P1050,2,32.43,5.0,16.39,completed
O204555,4,2024-08-21,C53058,P1091,1,22.53,5.0,9.49,completed
O205729,1,"Aug 13, 2024",C53904,P1096,2,10.19,0.0,4.08,completed
O203477,4,"Oct 31, 2024",C52311,P1050,1,30.73,10.0,16.39,completed
O204745,1,2024-12-18,C53188,P1014,1,303.27,10.0,262.84,completed
O200522,2,2024-12-28,C50378,P1030,2,61.28,0.0,37.99,completed
O202656,5,22/10/2023,C51779,P1022,1,112.18,10.0,97.23,completed
O202743,1,2023-06-04,C51828,P1112,1,27.63,0.0,15.47,completed
O204778,1,2024-11-25,C53215,P1062,2,22.78,20.0,13.67,completed
O203305,3,2024-12-29,C52183,P1114,1,11.91,0.0,6.67,completed
O205463,4,2024-12-01,C53713,P1114,1,10.72,10.0,6.67,completed
O204228,1,2024-11-30,C52806,P1074,1,71.39,10.0,51.56,completed
O202749,1,2024-12-27,C51832,P1004,2,304.09,0.0,237.19,completed
O202018,2,02/01/2024,C51343,P1118,1,17.36,30.0,13.89,completed
O205641,1,2023-03-05,C53851,P1120,1,21.77,0.0,12.19,completed
O201123,3,2023-04-18,C50753,P1070,1,30.38,0.0,14.58,completed
O201607,1,2024-06-07,C51052,P1111,1,30.48,0.0,17.07,completed
O201529,2,2024-08-27,C50989,P1090,1,77.14,0.0,50.14,completed
O203887,1,2024-09-20,C52568,P1071,2,18.65,0.0,8.95,completed
O200000,1,2024-09-28,C50001,P1095,1,8.79,5.0,3.7,completed
O201045,3,02/12/2024,C50708,P1015,1,164.09,30.0,182.85,completed
O205655,1,2024-11-28,C53860,P1077,1,38.16,20.0,31.01,completed
O202214,2,2024-11-25,C51480,P1063,2,24.94,30.0,17.1,completed
O203079,3,2024-12-20,C52025,P1060,1,30.72,40.0,24.58,completed
O202997,4,2023-12-07,C51967,P1084,1,44.02,10.0,31.79,completed
O204606,3,2024-10-16,C53090,P1105,1,12.51,0.0,5.0,completed
O200372,2,2024-08-05,C50268,P1075,1,65.26,0.0,42.42,completed
O205173,1,2024-08-29,C53513,P1021,1,163.75,0.0,127.73,completed
O204329,4,2024-02-12,C52880,P1114,4,11.91,0.0,6.67,completed
O201167,2,2024-12-28,C50778,P1089,2,78.6,0.0,51.09,completed
O200303,2,2024-11-25,C50218,P1007,2,136.14,30.0,151.69,completed
O201573,2,2024-04-09,C51037,P1060,1,51.2,0.0,24.58,completed
O203400,2,14/07/2024,C52240,P1101,1,15.62,0.0,6.25,completed
O205254,1,2024-12-11,C53571,P1086,2,70.98,10.0,51.27,completed
O200375,1,2024-06-29,C50269,P1114,1,11.91,0.0,6.67,completed
O200415,3,"Jul 17, 2024",C50301,P1015,1,222.7,5.0,182.85,completed
O203448,2,"Nov 22, 2024",C52289,P1088,3,48.61,20.0,39.49,completed
O201080,2,2024-08-31,C50727,P1044,5,55.48,0.0,34.4,completed
O200195,4,26/11/2024,C50138,P1093,3,10.74,30.0,6.14,completed
O205668,1,2024-06-02,C53863,P1023,1,355.1,0.0,276.98,completed
O200428,2,"Sep 05, 2023",C50310,P1008,1,137.1,,118.82,completed
O201229,2,2024-12-16,C50804,P1010,1,68.03,40.0,88.44,completed
O200745,2,2023-08-05,C50509,P1107,4,12.43,0.0,4.97,completed
O201593,3,26/01/2024,C51046,P1105,1,10.63,15.0,5.0,completed
O200844,2,"Dec 25, 2024",C50571,P1064,1,43.11,0.0,20.69,completed
O203611,2,2024-12-08,C52394,P1063,1,28.5,20.0,17.1,completed
O201502,1,05/04/2024,C50983,P1036,2,82.54,5.0,53.87,completed
O203349,3,2024-12-06,C52210,P1048,2,29.3,20.0,17.58,completed
O202752,4,2023-12-25,C51833,P1034,1,32.89,0.0,20.39,completed
O205782,3,2024-05-01,C53943,P1100,1,11.38,10.0,5.06,completed
O203832,1,2023-10-24,C52535,P1060,1,51.2,0.0,24.58,completed
O200192,1,22/12/2024,C50138,P1055,1,26.8,0.0,12.86,completed
O203603,1,2024-06-07,C52389,P1062,2,28.48,0.0,13.67,completed
O201198,1,2024-03-09,C50791,P1067,1,28.31,0.0,13.59,completed
O201573,4,09/04/2024,C51037,P1023,1,355.1,0.0,276.98,completed
O203692,2,2024-10-14,C52454,P1067,1,28.31,0.0,13.59,completed
O202974,1,2024-04-05,C51959,P1007,3,194.48,0.0,151.69,completed
O200243,2,13/05/2023,C50177,P1086,2,78.87,0.0,51.27,completed
O202611,3,2024-10-15,C51750,P1008,3,152.33,0.0,118.82,completed
O201415,2,2024-05-15,C50931,P1061,1,13.98,10.0,7.45,completed
O203168,1,14/05/2024,C52089,P1012,3,278.05,0.0,216.88,completed
O203586,4,2023-05-11,C52378,P1047,1,49.02,0.0,23.53,completed
O201135,1,2024-05-12,C50759,P1107,2,12.43,0.0,4.97,completed
O204853,4,17/12/2024,C53270,P1055,1,21.44,20.0,12.86,completed
O204452,2,2024-11-01,C52977,P1112,2,27.63,0.0,15.47,completed
O201852,1,2024-12-20,C51220,P1039,1,29.44,10.0,20.28,completed
O201753,5,2024-03-30,C51155,P1039,2,32.71,0.0,20.28,completed
O204955,4,2024-05-29,C53339,P1023,3,301.84,15.0,276.98,completed
O204437,3,2023-07-14,C52965,P1086,1,78.87,0.0,,completed
O205566,5,2024-05-24,C53790,P1032,3,40.32,0.0,25.0,completed
O203610,1,"Aug 05, 2024",C52393,P1061,2,15.53,0.0,7.45,completed
O203937,1,2024-02-10,C52613,P1029,2,57.69,5.0,37.65,completed
O203728,2,2023-04-15,C52468,P1023,2,337.34,5.0,276.98,completed
O200059,1,2024-09-22,C50035,P1019,3,293.87,0.0,229.22,completed
O204149,5,2024-12-10,C52747,P1111,1,27.43,10.0,17.07,completed
O203214,1,2023-10-04,C52122,P1088,1,60.76,0.0,39.49,completed
O202900,1,2024-10-01,C51918,P1032,1,40.32,0.0,25.0,completed
O202477,2,2023-10-29,C51646,P1006,1,88.57,0.0,69.08,completed
O205544,2,2024-09-11,C53772,P1108,1,15.87,0.0,6.35,completed
O201297,1,2024-03-14,C50847,P1113,1,18.23,0.0,10.21,completed
O200829,1,2023-07-22,C50557,P1077,1,45.32,5.0,31.01,completed
O201094,2,2023-09-22,C50735,P1075,1,65.26,0.0,42.42,completed
O202903,4,2024-08-25,C51919,P1083,1,49.42,0.0,32.12,completed
O205280,1,2024-03-23,C53589,P1065,1,43.33,5.0,21.89,completed
O200648,3,2023-02-05,C50457,P1112,2,27.63,0.0,15.47,completed
O204496,1,2023-03-28,C53013,P1109,1,31.74,15.0,20.91,completed
O202136,3,21/12/2023,C51426,P1072,1,19.89,0.0,9.55,completed
O201181,2,2024-04-06,C50781,P1068,1,26.9,0.0,12.91,completed
O201151,1,2024-08-07,C50766,P1032,2,40.32,0.0,25.0,completed
O203456,5,30/11/2023,C52291,P1079,2,59.58,30.0,55.33,completed
O204170,2,2024-03-27,C52755,P1064,2,43.11,0.0,20.69,completed
O201272,1,2024-12-06,C50829,P1032,2,32.26,20.0,25.0,completed
O204527,1,2024-05-06,C53034,P1034,1,32.89,0.0,20.39,completed
O202163,2,2023-12-20,C51442,P1114,1,8.34,30.0,6.67,completed
O202841,3,"Mar 22, 2024",C51890,P1118,4,24.8,0.0,13.89,completed
O200657,2,2024-10-18,C50461,P1034,1,29.6,10.0,20.39,completed
O201550,1,2024-05-26,C51012,P1117,1,27.56,0.0,15.43,completed
O203478,1,2024-08-06,C52311,P1016,2,113.0,0.0,88.14,completed
O204445,1,2024-01-31,C52975,P1057,1,29.26,,14.04,completed
O203390,2,2023-10-15,C52236,P1034,3,32.89,0.0,20.39,completed
O203860,1,2024-08-08,C52555,P1079,1,85.12,0.0,55.33,completed
O200057,6,2024-12-15,C50035,P1104,1,21.97,10.0,9.76,completed
O205735,3,2023-11-29,C53909,P1034,1,26.31,20.0,20.39,completed
O205480,1,2024-06-28,C53721,P1015,1,199.26,15.0,182.85,completed
O203951,3,2024-11-30,C52624,P1036,1,78.19,10.0,53.87,completed
O204985,3,2024-10-22,C53368,P1008,2,152.33,0.0,118.82,completed
O200319,2,"Apr 04, 2023",C50231,P1015,3,210.98,10.0,182.85,completed
O202160,3,29/10/2024,C51437,P1106,1,16.74,0.0,6.7,completed
O203121,3,2024-12-19,C52058,P1016,1,79.1,30.0,88.14,completed
O205338,1,2023-05-22,C53629,P1112,3,27.63,0.0,15.47,completed
O200487,1,"Nov 25, 2024",C50355,P1043,2,28.34,20.0,21.96,completed
O200521,1,2024-12-18,C50378,P1008,3,137.1,10.0,118.82,completed
O201909,2,2024-11-27,C51267,P1067,1,22.65,20.0,13.59,completed
O203660,1,2023-06-28,C52427,P1103,1,14.18,10.0,6.3,completed
O204213,2,2023-01-18,C52793,P1025,3,37.89,,24.73,completed
O205542,1,2024-03-15,C53771,P1101,1,15.62,0.0,,completed
O205348,1,2024-05-28,C53634,P1039,1,32.71,0.0,20.28,completed
O200027,4,2024-06-22,C50016,P1062,2,28.48,0.0,13.67,completed
O201116,1,09/12/2024,C50750,P1050,1,27.31,20.0,16.39,completed
O203153,2,2023-10-28,C52076,P1031,1,144.15,0.0,89.37,completed
O201692,1,2024-12-15,C51100,P1041,3,50.15,30.0,44.42,completed
O203527,2,22/11/2024,C52347,P1030,1,42.9,30.0,37.99,completed
O202720,4,2024-09-23,C51819,P1077,1,47.7,0.0,31.01,completed
O202083,2,26/05/2024,C51386,P1078,4,59.26,10.0,42.8,completed
O203568,2,"Oct 21, 2024",C52366,P1112,1,27.63,0.0,15.47,completed
O205250,1,2023-06-01,C53560,P1015,1,234.42,0.0,182.85,completed
O202875,1,2024-01-06,C51907,P1074,2,63.46,20.0,51.56,completed
O204391,2,2024-06-17,C52940,P1120,2,21.77,0.0,12.19,completed
O200752,2,2024-11-22,C50515,P1006,2,70.86,20.0,69.08,completed
O203443,1,"Dec 14, 2024",C52286,P1088,1,48.61,20.0,39.49,completed
O202473,1,2023-12-09,C51645,P1073,2,25.47,30.0,23.65,completed
O203187,3,2024-01-12,C52101,P1062,1,25.63,10.0,13.67,completed
O200027,2,2024-06-22,C50016,P1074,1,79.32,0.0,51.56,completed
O204482,1,2023-10-09,C52999,P1067,1,26.89,5.0,13.59,completed
O201259,1,2023-03-31,C50820,P1026,1,41.43,0.0,25.69,completed
O200466,1,2024-08-12,C50335,P1037,1,46.67,0.0,28.94,completed
O202254,4,2024-06-07,C51507,P1074,-4,79.32,0.0,51.56,returned
O200255,2,2024-08-30,C50185,P1056,4,24.84,0.0,11.92,completed
O204769,1,2023-02-11,C53208,P1114,1,11.91,0.0,6.67,completed
O202858,2,2024-09-05,C51899,P1101,1,13.28,15.0,6.25,completed
O200089,2,22/02/2024,C50063,P1040,2,68.39,0.0,42.4,completed
O201359,2,17/12/2024,C50890,P1078,1,59.26,10.0,42.8,completed
O201665,4,2024-11-27,C51071,P1114,2,10.72,10.0,6.67,completed
O200994,1,2024-09-16,C50680,P1059,2,22.43,0.0,10.77,completed
O201337,4,2023-12-08,C50880,P1066,2,42.59,10.0,22.71,completed
O200931,1,"Nov 07, 2024",C50627,P1048,1,36.62,0.0,17.58,completed
O204281,3,2024-03-29,C52852,P1026,1,37.29,10.0,25.69,completed
O200945,2,2024-03-07,C50635,P1074,2,75.35,5.0,51.56,completed
O205421,1,2024-03-11,C53688,P1021,-2,163.75,0.0,127.73,returned
O202577,3,2024-09-15,C51718,P1092,1,17.47,0.0,6.99,completed
O202680,3,2024-07-09,C51796,P1117,4,27.56,0.0,15.43,completed
O205730,2,2023-11-27,C53905,P1056,2,19.87,20.0,11.92,completed
O201912,5,2024-12-05,C51268,P1071,1,14.92,20.0,8.95,completed
O204762,1,2024-07-21,C53205,P1074,2,75.35,5.0,51.56,
O201848,1,2024-03-16,C51217,P1099,1,21.33,0.0,8.53,completed
O205686,3,2023-12-05,C53875,P1117,-1,24.8,10.0,15.43,returned
O204292,2,04/12/2024,C52856,P1059,1,13.46,40.0,10.77,completed
O205446,2,"Nov 26, 2023",C53703,P1090,1,61.71,20.0,50.14,completed
O202404,1,"Dec 30, 2023",C51598,P1035,2,67.22,0.0,41.68,completed
O203524,4,21/11/2024,C52347,P1054,1,28.68,0.0,13.77,completed
O204982,1,2024-08-21,C53365,P1084,1,46.46,5.0,31.79,completed
O202657,1,2024-05-26,C51780,P1050,-3,34.14,0.0,16.39,returned
O203762,2,2024-09-02,C52490,P1015,1,210.98,10.0,182.85,completed
O204162,2,2024-12-30,C52753,P1016,1,101.7,10.0,88.14,completed
O201671,2,2024-05-03,C51077,P1015,3,222.7,5.0,182.85,returned
O202154,1,13/11/2024,C51435,P1024,1,166.5,0.0,129.87,completed
O200973,5,2024-03-02,C50655,P1002,1,102.31,0.0,79.8,completed
O200256,3,2024-12-06,C50186,P1067,1,16.99,40.0,13.59,completed
O204700,1,"Nov 24, 2024",C53162,P1101,1,9.37,40.0,6.25,completed
O201336,1,2024-10-10,C50879,P1114,1,11.91,0.0,6.67,completed
O202130,1,2024-12-01,C51423,P1034,4,26.31,20.0,20.39,completed
O205277,1,"May 05, 2024",C53587,P1117,1,27.56,,15.43,completed
O200926,2,2024-05-16,C50624,P1079,1,85.12,0.0,55.33,completed
O200500,3,2024-09-07,C50362,P1032,1,40.32,0.0,25.0,completed
O202181,3,"Aug 17, 2024",C51453,P1012,2,250.24,10.0,216.88,completed
O203506,1,10/12/2024,C52332,P1109,1,26.14,30.0,20.91,completed
O205713,2,2024-12-11,C53893,P1114,3,8.34,30.0,6.67,completed
O200337,1,2024-12-09,C50250,P1026,2,33.14,20.0,25.69,completed
O202844,1,2024-07-06,C51892,P1084,4,44.02,10.0,31.79,completed
O203308,6,2024-04-14,C52183,P1119,2,54.65,0.0,30.6,completed
O203897,2,2024-11-22,C52575,P1114,3,10.72,10.0,6.67,completed
O200982,1,04/06/2023,C50665,P1063,5,35.63,0.0,17.1,completed
O201416,2,2024-07-25,C50931,P1044,2,55.48,0.0,34.4,completed
O201461,1,2024-12-07,C50959,P1090,1,61.71,20.0,50.14,completed
O200229,2,2024-09-29,C50158,P1013,1,178.58,5.0,146.62,completed
O203653,2,14/09/2023,C52423,P1012,1,278.05,0.0,216.88,completed
O200856,1,2023-03-13,C50578,P1013,1,159.78,15.0,146.62,completed
O200435,1,2024-12-11,C50314,P1063,2,28.5,20.0,17.1,completed
O202116,1,2023-02-09,C51415,P1109,3,37.34,0.0,20.91,completed
O200794,3,02/06/2024,C50539,P1015,1,234.42,0.0,182.85,completed
O205849,1,"Dec 20, 2024",C53987,P1086,1,55.21,,51.27,completed
O203926,2,22/11/2024,C52608,P1066,1,33.12,30.0,22.71,completed
O202233,6,2024-09-15,C51494,P1078,1,65.84,0.0,42.8,completed
O200965,4,2023-11-17,C50653,P1070,3,30.38,0.0,14.58,completed
O205262,2,"Aug 29, 2024",C53575,P1099,1,20.26,,8.53,completed
O205396,2,2024-09-29,C53668,P1116,1,18.83,0.0,10.54,completed
O201224,1,2023-04-08,C50801,P1034,1,32.89,0.0,20.39,completed
O200724,3,2023-08-06,C50500,P1089,1,78.6,0.0,51.09,completed
O201415,3,15/05/2024,C50931,P1074,1,79.32,0.0,51.56,completed
O200793,2,2023-10-14,C50538,P1099,4,21.33,0.0,8.53,completed
O203429,2,2024-10-08,C52269,P1101,1,14.84,5.0,6.25,completed
O204587,1,"Jan 07, 2024",C53077,P1005,3,43.39,30.0,48.35,completed
O200048,3,"Feb 16, 2024",C50030,P1089,1,78.6,0.0,51.09,completed
O201075,3,2024-11-28,C50722,P1092,1,12.23,30.0,6.99,completed
O202840,2,2023-11-26,C51890,P1098,2,9.76,20.0,4.88,completed
O205512,3,2024-11-05,C53751,P1010,1,107.72,5.0,88.44,completed
O205554,3,2024-09-30,C53780,P1050,1,34.14,0.0,16.39,completed
O203072,1,02/05/2024,C52020,P1115,2,24.16,5.0,14.24,completed
O205442,4,2024-12-16,C53697,P1026,2,37.29,,25.69,completed
O205610,1,2024-11-24,C53824,P1065,1,41.05,10.0,21.89,completed
O204477,2,24/12/2024,C52998,P1013,1,187.98,0.0,146.62,completed
O200238,2,2024-01-10,C50172,P1034,1,26.31,20.0,20.39,returned
O201074,3,2024-08-07,C50721,P1063,2,35.63,0.0,17.1,completed
O201535,3,2024-09-30,C50997,P1102,1,30.56,0.0,12.22,completed
O202876,1,2023-11-06,C51907,P1104,5,21.97,10.0,9.76,completed
O205634,2,2024-01-30,C53845,P1102,1,305.59999999999997,0.0,12.22,completed
O203379,1,2024-12-15,C52230,P1115,1,15.26,40.0,14.24,completed
O204472,4,09/05/2023,C52994,P1117,1,27.56,0.0,15.43,completed
O205423,4,2023-10-01,C53688,P1032,1,40.32,0.0,25.0,completed
O205517,1,05/12/2024,C53753,P1030,1,55.15,10.0,37.99,completed
O202859,1,2024-10-15,C51899,P1067,1,26.89,5.0,13.59,completed
O200902,6,2023-01-13,C50610,P1102,3,27.5,10.0,12.22,completed
O204758,2,09/05/2024,C53201,P1088,4,57.72,5.0,39.49,completed
O205220,1,2024-11-10,C53545,P1076,1,79.39,10.0,57.34,completed
O204848,1,19/12/2024,C53265,P1010,1,79.37,30.0,88.44,completed
O204173,1,"Oct 10, 2024",C52759,P1026,1,41.43,0.0,25.69,completed
O200795,1,26/11/2023,C50539,P1015,1,210.98,10.0,182.85,completed
O201799,1,2023-05-11,C51200,P1114,1,11.31,5.0,6.67,completed
O201835,2,"Mar 29, 2024",C51212,P1106,2,16.74,0.0,6.7,completed
O202012,1,2024-02-07,C51339,P1036,1,86.88,0.0,53.87,completed
O200197,6,2024-05-30,C50138,P1091,1,23.72,0.0,9.49,completed
O201703,2,2023-07-13,C51108,P1112,2,27.63,0.0,15.47,completed
O202551,2,2024-10-19,C51699,P1053,1,17.19,0.0,8.25,completed
O204847,5,2023-11-30,C53265,P1077,1,28.62,40.0,31.01,completed
O202591,1,2024-10-08,C51730,P1106,1,16.74,0.0,6.7,completed
O202566,1,20/12/2024,C51712,P1060,1,35.84,30.0,24.58,completed
O202431,2,26/12/2024,C51618,P1103,1,15.76,0.0,6.3,completed
O205378,4,2024-09-08,C53657,P1119,3,54.65,0.0,30.6,completed
O204144,2,2024-12-11,C52742,P1104,1,17.09,30.0,9.76,completed
O205728,3,10/12/2024,C53904,P1074,3,55.52,30.0,51.56,completed
O202055,2,2023-01-07,C51372,P1071,1,13.05,30.0,8.95,completed
O204795,1,2023-08-05,C53229,P1088,3,57.72,5.0,39.49,completed
O203086,4,2024-12-20,C52030,P1025,1,35.89,10.0,24.73,completed
O201778,1,2024-12-08,C51174,P1037,1,32.67,30.0,28.94,completed
O201165,1,2024-11-24,C50775,P1062,1,19.94,30.0,13.67,completed
O201858,3,2024-06-30,C51222,P1032,1,40.32,0.0,25.0,completed
O204744,3,2024-12-29,C53188,P1026,2,41.43,0.0,25.69,completed
O204470,4,2024-06-15,C52993,P1034,4,32.89,0.0,20.39,completed
O203353,3,2024-02-27,C52212,P1102,2,30.56,0.0,12.22,completed
O205739,2,2023-11-25,C53910,P1004,1,243.27,20.0,,completed
O205201,1,2024-09-30,C53529,P1015,2,222.7,5.0,182.85,completed
O204622,3,2024-06-22,C53102,P1029,2,60.73,0.0,37.65,completed
O204317,2,13/04/2024,C52874,P1050,1,34.14,0.0,16.39,completed
O202434,3,2024-05-02,C51620,P1040,3,68.39,0.0,42.4,completed
O203778,2,2024-02-21,C52506,P1042,3,64.82,0.0,40.19,completed
O204586,1,2023-11-04,C53077,P1112,1,27.63,0.0,15.47,completed
O203748,2,2024-05-20,C52480,P1055,1,26.8,0.0,12.86,completed
O200124,1,2024-09-30,C50087,P1120,1,21.77,0.0,12.19,completed
O202315,3,2023-11-28,C51554,P1015,1,140.65,40.0,182.85,completed
O202257,1,2024-10-02,C51508,P1049,1,44.95,0.0,21.58,completed
O203319,2,2024-09-29,C52185,P1001,1,203.63,5.0,167.19,completed
O200915,3,2023-11-16,C50614,P1084,1,48.91,0.0,31.79,completed
O202060,4,2024-12-29,C51374,P1078,1,65.84,0.0,42.8,completed
O202162,1,2024-08-05,C51440,P1028,2,59.31,0.0,36.77,completed
O202149,3,2024-02-12,C51433,P1071,2,16.78,10.0,8.95,completed
O205726,2,2024-12-31,C53903,P1074,3,79.32,0.0,51.56,completed
O202945,1,04/09/2024,C51943,P1029,1,60.73,0.0,37.65,completed
O200854,5,2024-07-16,C50577,P1013,1,169.18,,146.62,completed
O202418,1,2024-04-19,C51608,P1061,2,15.53,0.0,7.45,completed
O200520,1,18/12/2024,C50378,P1087,1,27.97,40.0,30.3,completed
O203938,5,2024-12-23,C52614,P1064,5,43.11,,20.69,completed
O200769,1,2023-10-16,C50524,P1035,3,63.86,5.0,41.68,completed
O202365,3,"May 03, 2024",C51575,P1068,1,24.21,10.0,12.91,completed
O200990,2,2024-02-17,C50676,P1077,1,47.7,0.0,,completed
O205468,4,2024-11-26,C53713,P1084,1,34.24,30.0,31.79,completed
O205554,2,30/09/2024,C53780,P1102,2,29.03,5.0,12.22,completed
O205527,1,2023-10-12,C53759,P1074,2,79.32,0.0,51.56,completed
O200269,1,03/12/2023,C50197,P1067,1,16.99,40.0,13.59,completed
O205583,3,2024-12-13,C53807,P1087,1,32.63,30.0,30.3,completed
O200929,1,2024-12-14,C50625,P1078,2,46.09,30.0,42.8,completed
O203004,6,2023-04-03,C51978,P1026,2,41.43,0.0,25.69,completed
O202665,3,2024-11-26,C51787,P1050,1,27.31,20.0,16.39,completed
O204623,3,2024-06-25,C53102,P1032,1,40.32,0.0,25.0,completed
O200573,3,2024-05-20,C50411,P1021,1,163.75,0.0,127.73,completed
O205288,2,2023-01-30,C53595,P1027,1,64.47,0.0,39.97,completed
O203013,1,2023-04-19,C51986,P1060,1,51.2,0.0,24.58,completed
O203576,2,"Jul 11, 2024",C52372,P1046,1,55.11,0.0,34.17,completed
O201065,1,2024-09-07,C50716,P1078,2,62.55,5.0,42.8,completed
O203741,2,2024-12-08,C52477,P1074,2,47.59,40.0,51.56,completed
O200765,1,01/12/2024,C50520,P1038,1,25.97,20.0,20.13,completed
O204524,2,2024-04-25,C53032,P1015,1,234.42,0.0,182.85,completed
O203921,1,2023-06-16,C52598,P1077,1,47.7,0.0,31.01,completed
O202884,2,06/11/2024,C51908,P1059,2,22.43,0.0,10.77,completed
O200509,2,2024-11-03,C50367,P1111,3,28.96,5.0,17.07,completed
O202487,2,2024-12-03,C51655,P1003,3,164.34,40.0,213.64,completed
O200508,5,2024-10-09,C50366,P1117,4,23.43,15.0,15.43,completed
O202626,1,2023-09-04,C51762,P1022,1,124.65,0.0,97.23,completed
O201153,1,2024-10-26,C50766,P1100,1,12.65,0.0,5.06,completed
O202260,1,2024-11-28,C51508,P1078,1,52.67,20.0,42.8,completed
O203091,1,27/01/2024,C52036,P1003,1,260.2,5.0,213.64,completed
O205699,3,2024-06-10,C53886,P1075,1,65.26,0.0,42.42,completed
O202873,3,2024-05-21,C51906,P1062,1,27.06,5.0,13.67,completed
O202935,2,2024-11-23,C51938,P1065,1,36.49,20.0,21.89,completed
O203628,1,"Dec 15, 2024",C52407,P1010,1,68.03,40.0,88.44,completed
O202188,2,2024-03-26,C51460,P1083,1,42.01,15.0,32.12,completed
O203962,2,08/01/2024,C52630,P1094,1,12.32,30.0,7.04,completed
O202321,3,2024-09-30,C51556,P1091,1,23.72,0.0,9.49,completed
O201890,3,11/05/2023,C51246,P1084,2,48.91,0.0,31.79,completed
O200915,1,2023-11-16,C50614,P1040,1,64.97,,42.4,completed
O204428,1,21/11/2024,C52958,P1062,1,28.48,0.0,13.67,completed
O205520,3,2024-08-25,C53753,P1059,1,22.43,0.0,10.77,completed
O202233,3,2024-09-15,C51494,P1015,1,234.42,0.0,182.85,completed
O203551,1,2024-10-19,C52360,P1040,4,64.97,5.0,42.4,completed
O201435,1,"Dec 11, 2024",C50946,P1008,4,121.86,20.0,118.82,completed
O205669,2,2024-09-19,C53865,P1084,1,48.91,0.0,31.79,completed
O201540,3,2024-05-12,C51003,P1119,1,54.65,0.0,30.6,completed
O204725,2,2024-08-11,C53173,P1103,1,15.76,0.0,6.3,completed
O201608,2,2023-01-10,C51052,P1060,1,40.96,20.0,24.58,completed
O205655,4,2024-11-28,C53860,P1011,1,235.22,20.0,229.34,completed
O201305,1,2024-11-28,C50854,P1009,4,107.76,40.0,140.09,completed
O201222,1,2024-10-17,C50800,P1096,1,10.19,0.0,4.08,completed
O200717,1,2023-09-27,C50496,P1021,3,163.75,0.0,127.73,completed
O201650,1,2023-09-09,C51066,P1011,1,294.03,0.0,229.34,completed
O200959,1,2023-03-13,C50644,P1009,1,1796.0,0.0,140.09,completed
O204042,2,2024-05-07,C52683,P1030,2,61.28,0.0,37.99,completed
O201044,2,2023-08-26,C50708,P1001,1,214.35,0.0,167.19,completed
O204668,1,2024-12-01,C53133,P1034,1,26.31,20.0,20.39,completed
O200597,4,2024-05-16,C50426,P1078,3,65.84,0.0,42.8,completed
O200470,1,2024-06-18,C50337,P1114,1,11.91,0.0,6.67,completed
O203559,3,2024-04-08,C52364,P1114,1,11.91,0.0,6.67,completed
O201929,1,17/06/2023,C51275,P1009,1,152.66,15.0,140.09,completed
O200985,1,18/12/2024,C50669,P1088,3,36.46,40.0,39.49,completed
O202396,1,2024-09-01,C51594,P1011,2,279.33,5.0,229.34,completed
O204717,1,"Jan 01, 2024",C53170,P1108,1,11.11,30.0,6.35,completed
O204429,5,2024-10-24,C52958,P1007,1,194.48,0.0,151.69,completed
O204893,5,2024-03-28,C53302,P1067,1,28.31,0.0,13.59,completed
O202406,1,2023-12-13,C51600,P1014,1,303.27,10.0,262.84,completed
O204644,1,2024-12-11,C53118,P1015,2,187.54,20.0,182.85,completed
O205458,1,2023-03-03,C53710,P1042,2,64.82,0.0,40.19,completed
O204154,2,26/06/2024,C52749,P1113,3,18.23,0.0,10.21,completed
O204320,1,2024-08-27,C52875,P1100,-1,12.65,0.0,5.06,returned
O205088,5,2024-12-21,C53453,P1040,1,68.39,0.0,42.4,
O205257,2,2024-08-25,C53571,P1084,1,44.02,10.0,31.79,completed
O204250,2,2024-03-14,C52834,P1096,1,10.19,0.0,4.08,completed
O201133,2,2024-11-26,C50758,P1041,1,57.31,20.0,44.42,completed
O202212,1,2024-12-16,C51480,P1020,1,123.45,30.0,137.56,completed
O203342,1,03/08/2024,C52208,P1019,1,293.87,0.0,229.22,completed
O204184,2,2024-01-14,C52773,P1006,1,62.0,30.0,69.08,completed
O202603,3,"Jun 29, 2024",C51743,P1011,1,249.93,15.0,229.34,completed
O200583,1,2023-11-23,C50416,P1013,2,112.79,40.0,146.62,completed
O205714,1,2024-07-02,C53894,P1063,1,35.63,0.0,17.1,returned
O201609,1,2023-11-29,C51053,P1114,2,9.53,20.0,6.67,completed
O205519,1,12/04/2024,C53753,P1098,3,11.59,5.0,4.88,completed
O202171,2,2024-11-07,C51445,P1027,1,64.47,0.0,39.97,completed
O205657,2,2024-10-17,C53860,P1015,4,234.42,0.0,182.85,completed
O204670,3,2024-04-26,C53140,P1116,1,18.83,0.0,10.54,completed
O204888,2,18/12/2024,C53298,P1115,1,15.26,40.0,14.24,completed
O204199,2,2024-04-30,C52785,P1070,4,30.38,0.0,14.58,completed
O203152,2,2024-05-19,C52076,P1061,1,15.53,0.0,7.45,completed
O202691,3,2023-12-18,C51803,P1119,2,43.72,20.0,30.6,completed
O202853,5,"Nov 27, 2024",C51899,P1075,2,52.21,20.0,42.42,completed
O201494,1,2024-02-14,C50979,P1009,1,179.6,0.0,140.09,completed
O203000,3,2024-12-01,C51974,P1067,1,19.82,30.0,13.59,returned
O203511,2,2023-06-29,C52338,P1115,1,25.43,0.0,14.24,completed
O204155,3,2024-08-22,C52752,P1029,1,60.73,0.0,37.65,completed
O202184,1,"Dec 28, 2024",C51454,P1010,2,102.05,10.0,88.44,completed
O203705,5,2024-08-23,C52459,P1018,1,106.98,0.0,83.44,completed
O201359,6,2024-12-17,C50890,P1061,2,10.87,30.0,7.45,completed
O201406,2,05/11/2023,C50925,P1015,3,234.42,0.0,182.85,completed
O202326,5,2024-10-26,C51559,P1105,1,12.51,0.0,5.0,completed
O204922,1,2024-12-11,C53320,P1050,2,20.48,40.0,16.39,completed
O204796,1,2024-01-21,C53229,P1040,1,58.13,15.0,42.4,completed
O205091,3,02/03/2024,C53458,P1017,1,222.03,0.0,173.18,completed
O202348,3,2024-11-30,C51570,P1117,-1,19.29,30.0,15.43,returned
O204210,2,"Dec 05, 2024",C52791,P1089,1,62.88,20.0,51.09,completed
O203435,2,"Dec 31, 2024",C52277,P1086,4,70.98,10.0,51.27,completed
O202038,1,2024-01-04,C51361,P1017,3,199.83,10.0,173.18,completed
O204018,6,18/03/2024,C52665,P1031,1,144.15,,89.37,completed
O204611,5,12/06/2023,C53094,P1041,4,71.64,0.0,44.42,completed
O204191,2,2024-09-02,C52777,P1025,1,37.89,5.0,24.73,completed
O205708,4,18/09/2024,C53893,P1057,3,29.26,,14.04,completed
O203236,2,2024-12-26,C52142,P1035,2,67.22,0.0,41.68,completed
O203354,1,2023-12-20,C52212,P1032,1,28.22,30.0,25.0,completed
O204926,3,2024-03-17,C53323,P1076,1,74.98,15.0,57.34,completed
O200206,1,2024-03-01,C50144,P1008,1,129.48,15.0,118.82,completed
O201878,3,2024-01-11,C51237,P1009,1,161.64,10.0,140.09,completed
O202757,3,2023-04-26,C51835,P1012,1,278.05,0.0,216.88,completed
O204890,2,2023-01-17,C53300,P1013,1,187.98,0.0,146.62,completed
O200230,2,2023-09-27,C50159,P1015,1,234.42,0.0,182.85,completed
O201935,1,2024-03-30,C51277,P1032,1,40.32,0.0,25.0,completed
O205303,1,2024-10-29,C53607,P1082,2,35.64,15.0,27.25,completed
O202437,1,2024-06-06,C51624,P1015,1,234.42,0.0,182.85,completed
O203362,3,2024-06-29,C52220,P1067,1,28.31,0.0,13.59,completed
O204066,1,2024-12-08,C52705,P1030,1,49.02,20.0,37.99,completed
O203623,3,2024-12-04,C52401,P1025,1,23.93,40.0,24.73,completed
O203401,1,2024-12-28,C52241,P1061,1,15.53,0.0,7.45,completed
O205486,2,"Nov 05, 2024",C53725,P1067,3,28.31,0.0,13.59,completed
O203211,1,2024-09-21,C52119,P1024,1,166.5,0.0,129.87,completed
O201635,2,2024-05-03,C51063,P1108,1,15.87,0.0,6.35,completed
O201829,3,2024-11-25,C51209,P1010,1,90.71,20.0,,completed
O201596,1,2024-06-26,C51047,P1016,1,113.0,0.0,88.14,completed
O203107,2,04/04/2024,C52048,P1061,2,15.53,0.0,7.45,completed
O200690,1,03/08/2024,C50482,P1017,1,188.73,15.0,173.18,completed
O203743,2,22/04/2024,C52478,P1027,1,580.2,10.0,39.97,completed
O201654,3,2024-08-01,C51069,P1027,1,58.02,10.0,39.97,completed
O201207,1,23/11/2024,C50792,P1055,1,18.76,30.0,12.86,completed
O204936,6,02/08/2024,C53332,P1045,1,52.37,0.0,32.47,completed
O205153,1,2024-03-09,C53499,P1065,1,45.61,0.0,21.89,completed
O203491,3,2024-05-22,C52320,P1079,1,80.86,5.0,55.33,completed
O204233,4,2024-12-10,C52813,P1007,1,116.69,40.0,151.69,completed
O204348,1,28/12/2024,C52898,P1015,1,234.42,0.0,182.85,completed
O201689,1,2024-05-12,C51099,P1100,1,11.38,10.0,5.06,completed
O200771,1,26/05/2024,C50525,P1071,1,18.65,0.0,8.95,completed
O200569,4,2023-06-17,C50406,P1116,1,18.83,0.0,10.54,completed
O205212,1,2024-09-10,C53536,P1117,1,24.8,10.0,15.43,completed
O203723,2,2024-09-05,C52464,P1015,2,222.7,5.0,182.85,completed
O201744,4,2023-01-13,C51148,P1097,1,7.5,30.0,4.28,completed
O201566,1,16/07/2024,C51027,P1070,1,30.38,0.0,14.58,completed
O201636,3,31/12/2023,C51064,P1024,1,166.5,0.0,129.87,completed
O203901,1,2024-10-08,C52577,P1061,1,15.53,0.0,7.45,completed
O203885,1,2024-10-07,C52567,P1119,1,51.92,5.0,,completed
O204506,3,2023-03-19,C53018,P1008,1,152.33,0.0,118.82,completed
O203265,3,2024-12-30,C52162,P1088,1,54.68,10.0,39.49,completed
O203356,1,2023-12-28,C52213,P1088,1,60.76,0.0,39.49,completed
O204294,2,2024-12-02,C52859,P1060,4,40.96,20.0,24.58,completed
O201702,1,2024-11-28,C51108,P1026,1,33.14,20.0,25.69,completed
O202811,1,31/10/2024,C51875,P1101,1,14.84,5.0,6.25,completed
O205852,1,16/06/2024,C53988,P1045,2,52.37,0.0,32.47,completed
O204836,1,20/10/2023,C53261,P1111,1,30.48,,17.07,completed
O203273,1,2024-11-21,C52170,P1007,1,184.76,5.0,151.69,completed
O204906,5,2024-06-23,C53311,P1034,2,32.89,0.0,20.39,completed
O200146,4,2024-07-09,C50101,P1101,1,15.62,0.0,6.25,completed
O201642,2,2024-10-06,C51064,P1003,1,273.9,0.0,213.64,completed
O202280,2,2024-06-14,C51520,P1101,4,15.62,0.0,6.25,
O202743,3,2023-06-04,C51828,P1004,1,273.68,10.0,237.19,completed
O204968,3,2024-12-29,C53350,P1062,1,28.48,0.0,13.67,completed
O204534,4,2024-02-05,C53041,P1045,1,52.37,0.0,32.47,completed
O205425,3,2024-05-13,C53688,P1060,1,43.52,15.0,24.58,completed
O204464,1,2023-11-09,C52987,P1120,3,21.77,0.0,,completed
O205720,2,2024-08-25,C53901,P1013,1,169.18,10.0,146.62,completed
O202859,5,2024-10-15,C51899,P1104,1,24.41,0.0,9.76,completed
O204706,2,2024-05-04,C53164,P1031,-2,144.15,0.0,89.37,returned
O202513,4,"Jun 28, 2023",C51671,P1114,1,11.91,0.0,6.67,completed
O201718,2,2024-08-15,C51128,P1062,1,28.48,0.0,13.67,completed
O200659,3,2023-09-28,C50461,P1023,1,355.1,0.0,276.98,completed
O203194,4,2024-09-30,C52105,P1044,2,47.16,15.0,34.4,completed
O202488,2,2024-06-28,C51656,P1037,1,46.67,0.0,28.94,returned
O204454,1,2024-06-03,C52978,P1104,1,24.41,0.0,9.76,completed
O201024,1,2024-04-30,C50700,P1088,4,60.76,0.0,39.49,completed
O202216,3,2023-07-15,C51481,P1114,2,11.91,0.0,6.67,completed
O200482,1,24/04/2024,C50351,P1061,4,15.53,0.0,7.45,completed
O203812,2,2024-05-04,C52520,P1099,1,21.33,0.0,8.53,completed
O205672,1,16/09/2024,C53867,P1113,1,18.23,0.0,10.21,completed
O200402,1,2023-07-27,C50290,P1072,1,17.9,10.0,,completed
O204005,1,30/12/2024,C52659,P1028,5,56.34,5.0,36.77,completed
O203933,2,06/12/2024,C52611,P1114,3,9.53,20.0,6.67,completed
O204975,1,2024-11-30,C53354,P1092,1,15.72,10.0,6.99,completed
O203883,1,01/10/2024,C52567,P1079,1,76.61,10.0,55.33,completed
O200017,1,2024-12-07,C50011,P1010,2,90.71,20.0,88.44,completed
O202491,1,2024-06-03,C51660,P1048,1,36.62,,17.58,completed
O204350,1,23/04/2023,C52899,P1032,3,36.29,10.0,25.0,completed
O202380,3,2024-08-17,C51582,P1119,1,51.92,5.0,30.6,completed
O205261,2,2024-05-26,C53574,P1064,4,38.8,10.0,20.69,completed
O200558,1,2024-10-26,C50401,P1067,1,28.31,0.0,13.59,completed
O202065,2,2024-05-04,C51377,P1009,1,179.6,0.0,140.09,completed
O200450,1,2024-08-21,C50322,P1021,3,163.75,0.0,127.73,completed
O203887,3,2024-09-20,C52568,P1015,1,234.42,0.0,182.85,completed
O200040,3,2024-04-25,C50026,P1057,1,29.26,0.0,14.04,completed
O204639,1,"May 02, 2024",C53115,P1051,2,37.72,0.0,18.11,completed
O205685,3,2024-08-25,C53873,P1094,1,17.6,0.0,7.04,completed
O204838,3,2024-06-22,C53261,P1061,2,15.53,0.0,7.45,completed
O201407,1,"Jun 07, 2023",C50925,P1061,3,15.53,0.0,7.45,completed
O204111,1,2024-10-16,C52731,P1029,3,60.73,0.0,37.65,completed
O200878,2,2024-02-27,C50587,P1079,1,72.35,15.0,55.33,returned
O204635,3,14/11/2023,C53111,P1013,3,187.98,0.0,146.62,completed
O202862,2,2024-12-02,C51901,P1109,2,29.87,20.0,20.91,completed
O202058,1,2024-01-01,C51372,P1120,1,15.24,30.0,12.19,completed
O204611,3,2023-06-12,C53094,P1118,1,23.56,5.0,13.89,completed
O203626,5,2024-05-12,C52404,P1088,2,60.76,0.0,39.49,completed
O200392,1,13/09/2024,C50284,P1068,3,26.9,0.0,12.91,completed
O202237,4,2024-11-25,C51499,P1114,1,9.53,20.0,6.67,completed
O201516,1,2023-03-21,C50985,P1032,3,36.29,10.0,25.0,completed
O202620,3,2024-09-25,C51754,P1050,2,34.14,0.0,16.39,completed
O202083,1,2024-05-26,C51386,P1079,1,72.35,15.0,55.33,completed
O201564,2,24/10/2024,C51020,P1019,1,293.87,0.0,229.22,completed
O202036,1,2023-09-17,C51360,P1105,2,12.51,,5.0,completed
O202110,2,2024-12-12,C51407,P1116,1,13.18,30.0,10.54,completed
O204265,1,2023-12-26,C52844,P1012,1,236.34,15.0,216.88,completed
O202755,1,2023-10-28,C51834,P1012,1,278.05,0.0,216.88,completed
O201373,1,2024-09-15,C50899,P1074,1,79.32,0.0,51.56,completed
O201448,3,"Sep 15, 2024",C50952,P1097,1,10.17,5.0,4.28,completed
O201350,2,2024-12-31,C50885,P1112,1,27.63,0.0,15.47,completed
O203298,5,2023-02-06,C52182,P1092,1,17.47,0.0,6.99,completed
O200978,4,2024-12-20,C50662,P1015,1,210.98,10.0,182.85,completed
O201913,1,27/01/2024,C51268,P1074,1,71.39,10.0,51.56,completed
O204938,4,2024-08-31,C53333,P1056,1,24.84,0.0,11.92,completed
O204962,3,2024-08-04,C53346,P1074,1,79.32,0.0,51.56,completed
O201319,2,2024-12-30,C50864,P1080,1,45.81,10.0,33.09,completed
O201378,2,2023-04-04,C50901,P1114,1,11.91,0.0,6.67,completed
O201994,2,"May 06, 2024",C51327,P1015,1,234.42,0.0,182.85,completed
O201664,1,05/05/2023,C51070,P1049,1,42.7,5.0,21.58,completed
O203050,1,28/04/2023,C52008,P1074,1,79.32,0.0,51.56,completed
O205035,2,2024-07-21,C53401,P1023,1,355.1,0.0,276.98,completed
O203827,2,2024-09-26,C52533,P1062,1,28.48,0.0,13.67,completed
O202247,2,2023-09-07,C51503,P1112,3,23.49,15.0,15.47,completed
O201643,1,2024-12-05,C51065,P1114,1,9.53,20.0,6.67,completed
O201925,3,"Dec 27, 2024",C51275,P1024,1,149.85,10.0,129.87,completed
O200166,3,2024-12-05,C50125,P1050,1,23.9,30.0,16.39,completed
O205428,1,15/12/2024,C53688,P1096,3,7.13,30.0,4.08,completed
O200680,2,2023-09-23,C50478,P1067,2,28.31,0.0,13.59,completed
O200411,4,2023-11-01,C50297,P1068,2,26.9,0.0,12.91,completed
O201551,1,2024-10-02,C51013,P1078,1,65.84,0.0,42.8,completed
O201958,1,2024-06-15,C51300,P1119,1,54.65,0.0,30.6,completed
O200686,2,10/10/2024,C50478,P1118,2,24.8,0.0,13.89,completed
O202886,2,28/09/2024,C51909,P1114,2,11.91,0.0,6.67,completed
O204967,1,2024-06-05,C53349,P1112,1,23.49,15.0,15.47,completed
O200964,1,2024-01-06,C50652,P1010,1,90.71,20.0,88.44,completed
O201528,4,2024-11-27,C50988,P1105,1,8.76,30.0,5.0,completed
O202635,4,2024-06-24,C51766,P1083,2,49.42,0.0,32.12,completed
O205414,4,2024-11-22,C53683,P1117,1,22.05,20.0,15.43,completed
O205512,3,2024-11-05,C53751,P1010,1,107.72,5.0,88.44,completed
O202215,1,2024-11-26,C51480,P1067,1,19.82,30.0,13.59,completed
O200071,4,2024-09-21,C50050,P1075,1,62.0,5.0,42.42,returned
O205502,1,12/05/2024,C53743,P1061,1,15.53,0.0,7.45,completed
O202519,1,2024-08-30,C51676,P1114,2,11.91,0.0,6.67,completed
O203513,6,2024-03-25,C52338,P1074,1,79.32,0.0,51.56,completed
O202887,1,03/08/2024,C51909,P1069,1,48.72,0.0,23.39,completed
O200925,4,2024-04-29,C50624,P1053,1,16.33,5.0,8.25,completed
O204676,1,2024-06-30,C53144,P1029,1,60.73,0.0,37.65,completed
O201392,2,2024-11-20,C50915,P1084,1,48.91,0.0,31.79,completed
O205118,1,02/12/2024,C53474,P1059,4,15.7,30.0,10.77,completed
O202655,2,2023-02-17,C51779,P1006,1,88.57,0.0,69.08,completed
O205123,2,2024-11-23,C53476,P1084,3,39.13,20.0,31.79,completed
O201693,1,22/12/2024,C51100,P1015,1,234.42,0.0,182.85,completed
O204513,4,2024-12-07,C53023,P1030,1,49.02,,37.99,completed
O202991,1,2024-12-31,C51966,P1079,2,85.12,0.0,55.33,completed
O202929,2,2024-09-28,C51933,P1112,1,27.63,0.0,15.47,completed
O202595,1,11/12/2024,C51733,P1114,2,9.53,20.0,6.67,completed
O205721,2,2024-01-20,C53901,P1114,1,11.91,0.0,6.67,completed
O202617,2,2023-04-26,C51753,P1069,1,48.72,0.0,23.39,completed
O201397,3,2023-12-17,C50920,P1052,4,30.8,30.0,21.12,completed
O203300,2,2023-03-31,C52182,P1111,1,28.96,5.0,17.07,completed
O202147,1,2024-08-08,C51432,P1050,1,34.14,0.0,16.39,completed
O201923,1,2024-12-11,C51273,P1112,1,19.34,30.0,15.47,completed
O203178,1,11/05/2024,C52096,P1045,1,52.37,0.0,32.47,completed
O201560,5,2023-11-22,C51017,P1037,1,32.67,30.0,28.94,completed
O200243,3,13/05/2023,C50177,P1079,3,80.86,5.0,55.33,completed
O202656,2,2023-10-22,C51779,P1096,1,10.19,0.0,4.08,completed
O202320,2,2024-05-18,C51556,P1084,1,48.91,0.0,31.79,completed
O205038,2,15/03/2023,C53402,P1001,2,214.35,0.0,,returned
O200867,1,2024-12-12,C50583,P1088,1,48.61,20.0,39.49,completed
O204200,1,05/05/2024,C52785,P1058,1,64.89,0.0,31.15,completed
O204833,3,02/11/2024,C53258,P1114,1,10.12,15.0,6.67,completed
O203798,2,2024-05-12,C52515,P1069,1,48.72,0.0,23.39,completed
O205321,1,2024-05-04,C53614,P1008,1,152.33,0.0,118.82,completed
O203031,3,2024-02-25,C51996,P1090,1,77.14,0.0,50.14,completed
O200113,1,2024-02-16,C50079,P1031,1,122.53,15.0,89.37,completed
O201170,1,2024-06-12,C50780,P1067,1,28.31,0.0,,completed
O200809,3,2024-12-28,C50542,P1040,5,68.39,0.0,42.4,completed
O205054,1,2024-11-28,C53417,P1099,3,14.93,30.0,8.53,completed
O202701,3,2024-11-30,C51810,P1103,1,14.18,,6.3,completed
O202308,6,"Nov 05, 2024",C51553,P1002,1,102.31,0.0,79.8,completed
O201353,5,2024-02-26,C50888,P1019,2,293.87,0.0,229.22,completed
O203516,4,2023-05-31,C52339,P1094,2,17.6,0.0,7.04,completed
O204881,2,13/03/2024,C53289,P1081,2,77.57,0.0,50.42,completed
O203821,1,2024-08-14,C52527,P1075,1,65.26,0.0,42.42,completed
O204849,2,17/06/2023,C53265,P1007,1,194.48,0.0,151.69,completed
O203521,2,"Dec 29, 2024",C52347,P1045,2,52.37,0.0,32.47,completed
O202009,6,2023-04-06,C51338,P1023,1,355.1,0.0,276.98,completed
O203718,2,13/04/2024,C52461,P1004,1,304.09,0.0,237.19,completed
O200886,3,"Mar 16, 2024",C50591,P1032,1,40.32,0.0,25.0,completed
O204921,2,2024-01-07,C53319,P1105,1,8.76,30.0,5.0,completed
O201584,2,31/12/2024,C51040,P1092,2,17.47,0.0,6.99,completed
O200288,3,2024-07-17,C50206,P1015,1,199.26,15.0,182.85,completed
O202014,1,2024-07-07,C51340,P1105,1,11.88,5.0,,completed
O201804,2,2024-09-03,C51201,P1117,1,27.56,0.0,15.43,completed
O204194,1,02/12/2024,C52779,P1020,2,158.72,10.0,137.56,completed
O201125,1,2024-12-04,C50755,P1111,4,21.34,30.0,17.07,completed
O202419,1,2024-05-01,C51608,P1052,1,44.0,,21.12,completed
O202692,3,2024-05-26,C51803,P1065,3,45.61,0.0,21.89,completed
O201790,1,"Jun 03, 2024",C51189,P1032,1,36.29,,25.0,completed
O202593,1,2024-07-21,C51732,P1034,5,32.89,0.0,20.39,completed
O205397,2,2024-10-09,C53669,P1062,1,27.06,5.0,13.67,completed
O200975,2,2024-07-01,C50659,P1010,5,96.38,15.0,88.44,completed
O200172,1,15/01/2024,C50127,P1018,1,74.89,30.0,83.44,completed
O201825,4,2024-11-24,C51207,P1056,1,19.87,20.0,,completed
O204249,1,2024-10-19,C52833,P1045,1,52.37,0.0,32.47,completed
O200405,4,2023-04-25,C50290,P1026,1,39.36,5.0,25.69,completed
O203065,1,20/11/2023,C52014,P1078,3,65.84,0.0,,completed
O200262,2,23/04/2024,C50191,P1074,1,79.32,0.0,51.56,completed
O201083,4,05/01/2024,C50728,P1061,1,12.42,20.0,7.45,completed
O200093,1,2023-05-28,C50065,P1058,1,64.89,0.0,31.15,completed
O202565,2,2024-07-26,C51712,P1114,1,11.91,0.0,6.67,completed
O202995,2,30/05/2024,C51967,P1114,1,11.91,0.0,6.67,completed
O203652,1,2024-12-22,C52422,P1084,1,48.91,0.0,31.79,completed
O200945,3,2024-03-07,C50635,P1104,-2,24.41,0.0,9.76,returned
O203161,2,2023-01-13,C52082,P1069,2,34.1,30.0,23.39,completed
O204043,1,2024-05-19,C52688,P1078,1,59.26,10.0,42.8,completed
O201813,2,2023-10-23,C51203,P1066,1,40.22,15.0,,completed
O202308,5,2024-11-05,C51553,P1114,1,11.91,0.0,6.67,completed
O204821,2,2024-08-19,C53252,P1004,1,304.09,0.0,237.19,completed
O203827,3,2024-09-26,C52533,P1029,1,60.73,0.0,37.65,completed
O200125,1,2024-09-28,C50089,P1102,1,25.98,15.0,12.22,completed
O200030,2,2023-02-19,C50018,P1026,1,41.43,0.0,25.69,completed
O204589,1,2024-12-27,C53077,P1115,1,25.43,0.0,14.24,completed
O204265,2,2023-12-26,C52844,P1114,5,11.91,0.0,6.67,completed
O201396,3,13/05/2024,C50920,P1046,1,55.11,0.0,34.17,completed
O201457,1,2024-10-13,C50955,P1090,4,77.14,0.0,50.14,completed
O202813,1,2024-02-23,C51875,P1014,2,303.27,10.0,262.84,completed
O201581,1,2024-01-21,C51038,P1115,1,22.89,10.0,14.24,completed
O202233,4,2024-09-15,C51494,P1018,1,90.93,15.0,83.44,completed
O205514,2,2023-03-24,C53752,P1074,2,79.32,0.0,51.56,completed
O204512,1,30/06/2024,C53023,P1073,2,36.39,0.0,23.65,completed
O200605,2,2024-04-28,C50429,P1015,1,234.42,0.0,182.85,completed
O201728,5,2024-05-31,C51135,P1063,2,35.63,0.0,,completed
O201878,1,"Jan 11, 2024",C51237,P1039,1,22.9,30.0,20.28,completed
O202546,2,2023-10-15,C51692,P1092,3,17.47,0.0,6.99,completed
O201089,2,2024-08-01,C50732,P1111,2,27.43,10.0,17.07,completed
O202003,1,2024-12-29,C51334,P1055,1,25.46,5.0,,completed
O204206,1,2023-12-30,C52789,P1114,3,11.91,0.0,6.67,completed
O200785,1,2024-12-30,C50537,P1062,2,28.48,0.0,13.67,completed
O204608,2,2023-12-01,C53090,P1094,1,14.08,20.0,7.04,completed
O203676,1,2023-11-19,C52442,P1015,1,234.42,0.0,182.85,completed
O203906,1,20/12/2024,C52580,P1022,1,99.72,20.0,97.23,completed
O200833,2,2024-07-09,C50561,P1114,1,11.91,0.0,6.67,completed
O204103,1,2024-09-22,C52726,P1041,1,71.64,0.0,44.42,completed
O201714,2,01/12/2024,C51125,P1048,2,29.3,20.0,17.58,returned
O202345,1,2023-06-17,C51569,P1074,1,67.42,15.0,51.56,completed
O201303,3,"Mar 01, 2024",C50852,P1018,1,106.98,0.0,83.44,completed
O203142,2,2024-04-29,C52070,P1078,1,658.4000000000001,0.0,42.8,completed
O201744,1,2023-01-13,C51148,P1025,3,23.93,40.0,24.73,completed
O200634,4,14/12/2023,C50448,P1093,1,13.81,10.0,6.14,completed
O203006,1,04/12/2024,C51980,P1012,1,222.44,20.0,216.88,completed
O203157,1,2023-05-16,C52078,P1013,3,169.18,10.0,146.62,completed
O203805,1,2024-06-30,C52518,P1114,1,10.12,15.0,6.67,completed
O205395,1,2024-09-18,C53668,P1038,2,29.21,10.0,20.13,completed
O201774,2,2024-06-23,C51171,P1059,1,22.43,,10.77,completed
O203567,2,"Aug 14, 2024",C52364,P1115,4,22.89,10.0,14.24,completed
O202661,1,2024-09-11,C51784,P1013,1,187.98,0.0,146.62,completed
O205052,1,"Jul 21, 2023",C53416,P1007,3,194.48,0.0,151.69,completed
O201743,1,2024-11-13,C51146,P1021,1,163.75,0.0,127.73,completed
O203021,2,2024-05-19,C51990,P1103,1,15.76,0.0,6.3,completed
O201774,4,23/06/2024,C51171,P1015,2,234.42,0.0,182.85,completed
O203712,2,23/09/2024,C52460,P1118,1,24.8,0.0,13.89,completed
O200767,1,2023-03-25,C50522,P1107,3,12.43,0.0,4.97,completed
O204094,1,2024-03-13,C52722,P1070,1,30.38,0.0,14.58,completed
O202369,4,2024-02-25,C51577,P1072,4,19.89,0.0,9.55,completed
O201248,1,2024-11-25,C50816,P1034,-3,29.6,10.0,20.39,returned
O204371,2,29/02/2024,C52925,P1065,2,45.61,0.0,21.89,completed
O200390,3,2023-12-09,C50280,P1035,3,60.5,10.0,41.68,completed
O205381,2,12/09/2024,C53658,P1012,3,278.05,0.0,216.88,completed
O204539,1,2024-12-11,C53042,P1057,2,23.41,20.0,14.04,completed
O200399,5,2023-12-18,C50290,P1077,1,38.16,20.0,31.01,completed
O202657,2,2024-05-26,C51780,P1040,-1,64.97,5.0,42.4,returned
O204202,1,2024-12-18,C52787,P1103,1,12.61,20.0,6.3,completed
O204358,1,2023-04-09,C52909,P1007,1,194.48,0.0,151.69,completed
O202365,4,"May 03, 2024",C51575,P1067,3,28.31,0.0,13.59,completed
O204646,4,2024-06-24,C53119,P1017,1,222.03,0.0,173.18,completed
O204208,2,2024-12-20,C52790,P1032,1,32.26,20.0,25.0,completed
O203341,1,2024-11-15,C52208,P1074,2,75.35,5.0,51.56,completed
O203331,3,2024-07-25,C52202,P1091,1,22.53,5.0,9.49,completed
O200759,1,2024-05-17,C50518,P1074,1,79.32,0.0,51.56,completed
O202665,2,2024-11-26,C51787,P1067,4,25.48,10.0,13.59,completed
O204190,3,2023-11-13,C52775,P1032,1,38.3,5.0,25.0,completed
O200973,1,2024-03-02,C50655,P1104,4,24.41,0.0,9.76,completed
O203542,2,2024-06-15,C52357,P1019,1,293.87,0.0,229.22,completed
O202515,2,2024-09-15,C51673,P1094,3,167.2,5.0,,completed
O201970,4,2023-03-20,C51306,P1031,1,144.15,0.0,89.37,completed
O204506,2,"Mar 19, 2023",C53018,P1117,2,27.56,0.0,15.43,completed
O201255,2,2024-03-19,C50817,P1114,2,11.91,0.0,6.67,completed
O200068,5,2023-10-05,C50045,P1037,1,46.67,0.0,28.94,
O203060,1,2023-12-09,C52011,P1062,1,22.78,20.0,13.67,completed
O204968,2,2024-12-29,C53350,P1103,1,15.76,0.0,6.3,completed
O202338,3,2023-01-29,C51566,P1015,1,234.42,0.0,182.85,completed
O201241,1,2024-08-31,C50811,P1017,3,222.03,0.0,173.18,completed
O201001,1,2024-10-13,C50689,P1109,1,37.34,0.0,20.91,completed
O203267,2,2024-12-13,C52167,P1022,1,112.18,10.0,97.23,completed
O204014,3,2024-03-11,C52665,P1044,1,49.93,10.0,34.4,completed
O201488,3,02/10/2024,C50978,P1046,1,55.11,,34.17,completed
O203273,2,2024-11-21,C52170,P1095,1,9.25,,3.7,completed
O202752,1,25/12/2023,C51833,P1023,1,355.1,0.0,276.98,completed
O200920,3,2024-12-14,C50618,P1045,1,31.42,40.0,32.47,completed
O200048,4,2024-02-16,C50030,P1034,1,31.25,5.0,20.39,completed
O203635,2,04/07/2024,C52408,P1117,1,27.56,0.0,15.43,completed
O202306,1,2023-09-05,C51547,P1012,1,278.05,0.0,216.88,completed
O205334,2,26/11/2024,C53627,P1032,4,32.26,20.0,25.0,completed
O204550,2,2023-07-05,C53054,P1041,3,60.89,15.0,44.42,completed
O203483,2,2024-11-26,C52314,P1074,2,71.39,10.0,51.56,
O205607,2,2024-10-20,C53824,P1103,2,15.76,0.0,6.3,completed
O205387,2,2024-09-02,C53664,P1027,2,64.47,0.0,39.97,completed
O203974,5,2023-05-01,C52641,P1015,5,234.42,0.0,182.85,completed
O203554,1,2023-12-09,C52360,P1015,1,164.09,30.0,182.85,completed
O204266,3,08/12/2024,C52844,P1030,4,55.15,10.0,37.99,completed
O202617,6,26/04/2023,C51753,P1032,1,38.3,5.0,25.0,completed
O204587,5,"Jan 07, 2024",C53077,P1090,1,54.0,30.0,50.14,completed
O201835,1,2024-03-29,C51212,P1114,1,11.91,0.0,6.67,completed
O202791,1,25/11/2024,C51858,P1078,3,46.09,30.0,42.8,completed
O204399,4,16/05/2024,C52944,P1096,1,10.19,0.0,4.08,completed
O200015,1,18/08/2024,C50009,P1061,1,15.53,0.0,7.45,completed
O205124,5,"Jul 03, 2024",C53476,P1114,1,11.91,0.0,6.67,completed
O201064,2,"Dec 14, 2023",C50714,P1064,1,30.18,30.0,20.69,completed
O204268,2,"Dec 27, 2024",C52845,P1108,2,15.87,0.0,6.35,completed
O204838,4,22/06/2024,C53261,P1081,1,77.57,0.0,50.42,completed
O201839,4,2024-12-21,C51214,P1047,3,49.02,0.0,23.53,completed
O203936,3,2024-02-05,C52613,P1086,5,78.87,0.0,51.27,completed
O205543,1,2024-02-23,C53772,P1013,1,169.18,10.0,146.62,completed
O200940,3,2024-09-05,C50634,P1061,2,15.53,0.0,7.45,completed
O203324,3,2023-06-07,C52194,P1004,2,304.09,0.0,237.19,completed
O203950,2,2024-10-29,C52624,P1004,1,273.68,10.0,237.19,completed
O202882,5,24/10/2024,C51908,P1092,1,17.47,0.0,6.99,completed
O204679,2,2024-01-04,C53145,P1017,4,155.42,30.0,173.18,completed
O200838,1,2024-09-14,C50564,P1030,1,61.28,0.0,37.99,completed
O205583,2,2024-12-13,C53807,P1015,1,187.54,20.0,182.85,completed
O205397,3,2024-10-09,C53669,P1015,1,210.98,10.0,182.85,completed
O201577,6,08/11/2023,C51038,P1061,1,15.53,0.0,7.45,completed
O205612,5,2023-02-13,C53825,P1019,1,264.48,10.0,229.22,completed
O203868,1,2024-02-06,C52561,P1102,1,30.56,0.0,12.22,completed
O203970,3,24/12/2024,C52639,P1075,1,65.26,0.0,42.42,completed
O203077,3,2024-01-21,C52023,P1027,1,64.47,,39.97,completed
O204698,1,2024-10-10,C53161,P1110,3,10.34,0.0,5.79,completed
O201236,2,23/10/2023,C50809,P1024,1,166.5,0.0,129.87,returned
O204836,6,2023-10-20,C53261,P1037,1,46.67,0.0,28.94,completed
O203586,1,2023-05-11,C52378,P1113,2,18.23,0.0,10.21,completed
O204524,1,2024-04-25,C53032,P1114,1,10.72,10.0,6.67,completed
O205605,1,09/06/2024,C53823,P1002,1,102.31,0.0,79.8,completed
O202609,1,2023-03-23,C51748,P1113,1,18.23,0.0,10.21,completed
O203331,6,2024-07-25,C52202,P1021,1,139.19,15.0,127.73,completed
O204218,3,2023-06-17,C52796,P1013,1,187.98,0.0,146.62,completed
O205628,4,2024-11-30,C53841,P1037,1,32.67,30.0,28.94,completed
O203948,1,2024-06-18,C52622,P1043,2,35.42,0.0,21.96,completed
O203497,4,2024-08-19,C52324,P1021,1,155.56,5.0,127.73,completed
O201826,3,2024-04-03,C51207,P1070,2,28.86,5.0,14.58,completed
O204122,1,2024-05-04,C52733,P1071,1,186.5,0.0,8.95,completed
O200553,4,02/02/2024,C50400,P1112,1,27.63,0.0,15.47,completed
O205561,1,2024-10-13,C53788,P1084,1,48.91,0.0,31.79,completed
O205429,1,2023-02-16,C53689,P1032,1,40.32,0.0,25.0,completed
O204219,1,2024-07-14,C52798,P1085,1,31.26,0.0,20.32,completed
O201402,1,2024-12-31,C50921,P1023,1,355.1,0.0,276.98,completed
O204828,3,2024-07-30,C53254,P1012,1,278.05,0.0,216.88,completed
O204376,1,2024-12-29,C52929,P1037,1,46.67,0.0,28.94,completed
O205548,1,2024-07-28,C53775,P1086,2,78.87,,51.27,completed
O200899,6,"Dec 10, 2024",C50605,P1056,1,22.36,10.0,11.92,completed
O200367,2,2024-01-03,C50268,P1021,1,114.62,30.0,127.73,completed
O201522,1,2023-11-27,C50986,P1086,1,55.21,30.0,51.27,completed
O202986,1,2024-11-16,C51965,P1084,1,48.91,0.0,31.79,completed
O204618,1,2024-09-07,C53102,P1050,1,34.14,0.0,16.39,completed
O202609,2,"Mar 23, 2023",C51748,P1114,5,10.72,10.0,6.67,completed
O205061,1,2024-08-04,C53425,P1102,2,30.56,0.0,12.22,completed
O202026,2,2024-11-23,C51348,P1094,1,12.32,30.0,7.04,completed
O201267,1,2024-12-16,C50826,P1067,2,22.65,20.0,13.59,completed
O200227,1,2024-10-31,C50158,P1008,2,152.33,0.0,118.82,completed
O201319,3,30/12/2024,C50864,P1015,1,234.42,0.0,182.85,completed
O201282,1,2024-11-24,C50839,P1076,2,79.39,10.0,57.34,completed
O202555,1,01/12/2024,C51705,P1087,2,41.95,10.0,30.3,completed
O202764,1,2024-11-21,C51840,P1056,1,24.84,0.0,11.92,completed
O205821,3,2024-05-18,C53969,P1070,2,27.34,10.0,14.58,completed
O201834,1,2024-02-22,C51212,P1102,3,30.56,0.0,12.22,completed
O201503,3,08/04/2024,C50983,P1118,1,24.8,0.0,13.89,completed
O203630,4,05/07/2023,C52407,P1088,5,60.76,0.0,39.49,completed
O204195,2,2024-11-30,C52779,P1015,1,140.65,40.0,182.85,completed
O201261,2,19/12/2024,C50821,P1053,4,15.47,10.0,8.25,completed
O204860,2,01/10/2024,C53275,P1003,1,273.9,0.0,213.64,completed
O202716,1,2023-07-17,C51817,P1093,2,15.34,0.0,6.14,completed
O201881,6,2024-01-26,C51238,P1022,1,105.95,15.0,97.23,completed
O203661,1,2024-07-18,C52428,P1005,1,61.99,0.0,48.35,completed
O200706,2,"Mar 12, 2024",C50491,P1032,1,36.29,10.0,25.0,completed
O205363,4,2024-04-16,C53645,P1067,1,25.48,10.0,,completed
O201633,2,2024-08-07,C51063,P1018,1,96.28,10.0,83.44,completed
O200948,1,2024-02-20,C50637,P1016,1,113.0,0.0,88.14,completed
O205588,5,03/11/2024,C53811,P1099,2,21.33,0.0,8.53,completed
O204740,1,2024-12-12,C53184,P1057,1,26.33,,14.04,completed
O204589,2,2024-12-27,C53077,P1038,2,29.21,10.0,20.13,completed
O202898,2,2024-09-02,C51916,P1084,2,48.91,0.0,31.79,completed
O202835,5,22/11/2023,C51886,P1020,2,158.72,10.0,137.56,completed
O205759,2,2024-12-30,C53928,P1015,3,234.42,0.0,182.85,completed
O205637,3,2024-03-09,C53849,P1026,4,41.43,0.0,25.69,completed
O202770,2,2024-01-25,C51848,P1040,4,68.39,,42.4,completed
O202780,1,2024-08-29,C51851,P1089,1,78.6,0.0,51.09,returned
O204693,5,2024-11-19,C53159,P1106,1,14.23,15.0,6.7,completed
O202281,4,2023-11-10,C51520,P1011,1,294.03,0.0,229.34,completed
O204991,1,02/07/2024,C53372,P1104,2,24.41,0.0,9.76,completed
O205151,2,2024-12-31,C53498,P1036,1,86.88,0.0,53.87,completed
O204838,1,2024-06-22,C53261,P1025,1,39.88,0.0,24.73,completed
O203717,1,2024-05-25,C52461,P1078,4,65.84,0.0,42.8,completed
O202466,1,2024-01-23,C51641,P1096,1,10.19,0.0,4.08,completed
O202176,1,2024-12-09,C51451,P1105,1,8.76,30.0,5.0,completed
O201370,1,2024-11-29,C50898,P1005,1,43.39,,48.35,completed
O205483,2,2023-12-14,C53723,P1045,1,41.9,20.0,32.47,completed
O204261,1,22/06/2023,C52842,P1114,1,11.91,0.0,6.67,completed
O202039,1,19/08/2024,C51361,P1040,2,68.39,0.0,42.4,completed
O203673,1,2024-03-02,C52439,P1117,4,27.56,0.0,15.43,completed
O200377,1,06/04/2023,C50272,P1037,5,46.67,0.0,28.94,completed
O202669,4,2023-06-21,C51790,P1025,2,39.88,0.0,24.73,completed
O205329,4,"Aug 03, 2024",C53622,P1119,2,54.65,0.0,30.6,completed
O203723,3,2024-09-05,C52464,P1031,1,144.15,0.0,89.37,completed
O203420,4,2024-12-16,C52266,P1114,1,7.15,40.0,6.67,completed
O204333,3,2023-11-24,C52886,P1062,1,25.63,10.0,13.67,completed
O203305,2,29/12/2024,C52183,P1067,1,26.89,5.0,13.59,completed
O201167,6,2024-12-28,C50778,P1004,2,304.09,0.0,237.19,completed
O203073,6,2024-12-02,C52020,P1018,2,96.28,10.0,83.44,completed
O203951,2,2024-11-30,C52624,P1079,3,76.61,10.0,55.33,completed
O204676,4,2024-06-30,C53144,P1008,1,129.48,15.0,118.82,completed
O202420,1,2024-12-09,C51609,P1056,1,22.36,10.0,11.92,completed
O203671,4,2023-05-15,C52438,P1015,1,234.42,0.0,182.85,completed
O205003,1,12/12/2024,C53379,P1095,3,8.33,10.0,3.7,completed
O204504,4,2023-02-03,C53016,P1056,-1,24.84,0.0,11.92,returned
O204262,2,2024-12-30,C52843,P1087,1,46.61,0.0,30.3,completed
O201636,4,31/12/2023,C51064,P1108,1,15.87,0.0,6.35,completed
O203592,2,2024-03-16,C52382,P1002,1,97.19,5.0,79.8,completed
O203898,2,2024-11-25,C52575,P1054,1,25.81,10.0,13.77,completed
O203327,2,2024-12-29,C52196,P1086,1,74.93,,51.27,completed
O200527,5,08/12/2023,C50381,P1032,1,36.29,10.0,25.0,completed
O204256,1,2024-02-14,C52841,P1008,4,152.33,0.0,118.82,completed
O203749,1,"Nov 22, 2023",C52483,P1114,3,8.34,30.0,6.67,completed
O201904,1,"Aug 25, 2024",C51260,P1072,1,18.9,5.0,9.55,completed
O200493,1,2024-06-22,C50359,P1050,1,34.14,0.0,16.39,completed
O205299,1,2024-12-07,C53602,P1113,2,12.76,30.0,10.21,completed
O203908,1,2024-12-21,C52580,P1021,2,155.56,5.0,127.73,completed
O203119,1,2024-12-27,C52056,P1081,1,77.57,0.0,50.42,completed
O201298,4,22/05/2024,C50847,P1098,1,12.2,0.0,,completed
O203485,1,2024-06-19,C52314,P1006,1,88.57,0.0,69.08,completed
O205211,3,2024-04-20,C53536,P1041,1,71.64,0.0,44.42,completed
O202983,3,2024-07-09,C51962,P1012,3,236.34,15.0,216.88,completed
O203740,2,"Jul 02, 2024",C52477,P1094,3,17.6,0.0,7.04,completed
O203099,2,21/06/2024,C52043,P1029,1,60.73,0.0,37.65,completed
O202974,3,2024-04-05,C51959,P1088,1,54.68,10.0,39.49,completed
O201193,2,2024-03-02,C50788,P1108,1,15.87,0.0,6.35,completed
O203166,2,2024-07-17,C52087,P1015,1,234.42,0.0,182.85,completed
O204887,4,02/12/2024,C53298,P1063,1,28.5,20.0,17.1,completed
O203024,2,2024-11-22,C51991,P1107,1,8.7,30.0,4.97,completed
O203834,3,2023-11-25,C52536,P1091,1,21.35,10.0,9.49,completed
O204732,4,2024-09-17,C53176,P1002,1,102.31,0.0,79.8,completed
O201320,1,2023-11-18,C50865,P1024,1,158.17,5.0,129.87,completed
O202171,5,2024-11-07,C51445,P1118,2,22.32,10.0,13.89,completed
O203049,2,2023-07-27,C52008,P1011,4,294.03,0.0,229.34,completed
O200304,2,2024-03-13,C50220,P1059,2,22.43,0.0,10.77,completed
O203983,1,2024-09-24,C52646,P1041,3,71.64,0.0,44.42,completed
O204155,5,2024-08-22,C52752,P1019,1,293.87,0.0,229.22,completed
O201477,2,2024-05-07,C50968,P1073,1,36.39,0.0,23.65,completed
O205724,2,2024-06-27,C53903,P1069,1,48.72,0.0,23.39,completed
O202364,1,31/05/2024,C51575,P1083,3,46.95,5.0,32.12,completed
O201572,4,2023-06-25,C51033,P1065,3,41.05,10.0,21.89,completed
O204610,1,2024-11-11,C53093,P1106,1,15.9,5.0,6.7,returned
O200295,1,2024-09-05,C50209,P1009,1,179.6,0.0,140.09,completed
O201423,3,2024-12-11,C50936,P1065,4,31.93,30.0,21.89,completed
O201730,2,2024-02-28,C51135,P1028,1,59.31,0.0,36.77,completed
O201079,3,2024-12-06,C50727,P1051,1,30.18,20.0,18.11,completed
O202581,1,2024-04-22,C51722,P1101,2,15.62,0.0,6.25,completed
O201302,2,2024-11-10,C50850,P1062,1,28.48,0.0,13.67,completed
O204697,3,2024-08-11,C53161,P1096,2,10.19,0.0,4.08,completed
O202758,4,2023-09-09,C51835,P1007,1,194.48,0.0,151.69,completed
O205169,2,2024-09-07,C53509,P1035,2,67.22,0.0,41.68,returned
O202040,3,2024-05-04,C51361,P1030,1,61.28,0.0,37.99,completed
O202020,2,2023-02-17,C51344,P1017,-1,222.03,0.0,173.18,returned
O202169,5,2024-08-02,C51445,P1032,1,38.3,5.0,25.0,completed
O203235,4,2024-03-25,C52139,P1084,1,44.02,10.0,31.79,completed
O202072,1,2024-09-18,C51378,P1015,3,234.42,0.0,182.85,completed
O201024,3,2024-04-30,C50700,P1017,1,222.03,0.0,173.18,completed
O203457,2,2024-12-01,C52291,P1063,2,24.94,30.0,17.1,completed
O204476,2,2024-11-29,C52998,P1049,2,40.46,10.0,21.58,completed
O201920,2,2023-05-02,C51271,P1061,1,15.53,0.0,7.45,completed
O203626,2,2024-05-12,C52404,P1052,1,44.0,0.0,21.12,completed
O203102,3,2023-04-22,C52044,P1053,1,17.19,0.0,8.25,completed
O204706,1,04/05/2024,C53164,P1035,1,67.22,0.0,41.68,completed
O204103,2,2024-09-22,C52726,P1045,2,52.37,0.0,32.47,completed
O205747,1,2024-05-25,C53921,P1036,1,86.88,0.0,53.87,completed
O203955,3,2024-05-04,C52626,P1101,2,14.84,5.0,6.25,completed
O200721,2,2023-12-03,C50499,P1101,5,10.93,30.0,6.25,completed
O204385,1,2024-01-02,C52937,P1095,5,6.48,30.0,3.7,completed
O201867,2,2024-05-19,C51227,P1083,4,49.42,0.0,32.12,completed
O202054,2,2023-07-15,C51372,P1080,1,50.9,0.0,33.09,completed
O201143,1,2023-12-09,C50763,P1109,3,26.14,30.0,20.91,
O204847,2,2023-11-30,C53265,P1022,2,74.79,40.0,97.23,completed
O205013,2,2024-10-15,C53384,P1084,1,48.91,0.0,,completed
O201179,1,2023-03-08,C50781,P1084,1,46.46,5.0,31.79,completed
O200354,1,17/10/2024,C50257,P1088,1,60.76,0.0,39.49,completed
O202020,1,2023-02-17,C51344,P1006,2,84.14,5.0,69.08,completed
O200266,2,2024-12-31,C50194,P1067,2,25.48,10.0,13.59,completed
O203603,3,2024-06-07,C52389,P1104,1,24.41,0.0,9.76,completed
O205277,2,05/05/2024,C53587,P1005,1,61.99,0.0,48.35,completed
O202471,1,2024-08-30,C51644,P1042,5,64.82,0.0,40.19,completed
O200780,1,2024-10-04,C50535,P1029,2,60.73,0.0,37.65,completed
O201848,2,2024-03-16,C51217,P1076,2,83.8,5.0,57.34,completed
O205523,3,01/06/2024,C53755,P1084,3,48.91,,31.79,completed
O202067,1,2024-04-27,C51377,P1054,2,28.68,0.0,13.77,completed
O203979,2,2024-12-05,C52645,P1090,1,61.71,20.0,50.14,completed
O200150,4,2024-05-08,C50105,P1117,3,26.18,5.0,15.43,completed
O204003,1,2023-12-08,C52656,P1062,1,22.78,20.0,13.67,completed
O205564,1,2023-12-08,C53789,P1008,1,121.86,20.0,118.82,completed
O200203,3,2024-08-09,C50142,P1114,1,11.31,5.0,6.67,completed
O204333,2,2023-11-24,C52886,P1101,1,10.93,30.0,6.25,completed
O204149,2,2024-12-10,C52747,P1115,1,20.34,20.0,14.24,completed
O204513,3,"Dec 07, 2024",C53023,P1098,1,9.76,20.0,4.88,completed
O201961,1,2023-06-15,C51302,P1084,1,46.46,5.0,31.79,completed
O203593,1,2023-12-08,C52383,P1100,1,10.12,20.0,5.06,completed
O201410,1,2023-12-06,C50925,P1118,4,19.84,20.0,13.89,completed
O202466,3,23/01/2024,C51641,P1040,1,61.55,10.0,42.4,completed
O203690,4,2024-11-24,C52454,P1083,4,39.54,20.0,32.12,completed
O202470,2,26/09/2024,C51644,P1057,5,29.26,0.0,14.04,completed
O204247,1,"Nov 26, 2024",C52831,P1032,3,36.29,10.0,25.0,completed
O202815,2,2024-10-14,C51876,P1096,1,10.19,0.0,4.08,
O201441,2,2023-11-25,C50946,P1067,1,19.82,30.0,13.59,completed
O203279,1,2024-12-17,C52175,P1090,4,54.0,30.0,50.14,completed
O200150,5,2024-05-08,C50105,P1037,1,46.67,0.0,28.94,completed
O205674,1,14/08/2024,C53868,P1109,1,37.34,0.0,20.91,completed
O204252,4,09/07/2023,C52835,P1044,1,55.48,0.0,34.4,completed
O200189,2,2024-12-07,C50138,P1093,2,10.74,30.0,6.14,completed
O204460,1,2024-05-14,C52983,P1094,1,17.6,0.0,7.04,completed
O201903,1,"Jan 07, 2024",C51259,P1068,5,24.21,10.0,12.91,completed
O203990,1,2024-12-28,C52647,P1035,1,57.14,15.0,41.68,completed
O201562,3,2024-06-12,C51020,P1040,4,68.39,0.0,42.4,completed
O201767,2,2024-11-14,C51168,P1092,4,17.47,0.0,6.99,completed
O204379,1,2024-09-01,C52930,P1076,1,88.21,0.0,57.34,completed
O200473,4,2024-12-05,C50344,P1061,1,12.42,20.0,7.45,completed
O200605,3,2024-04-28,C50429,P1067,1,28.31,0.0,13.59,completed
O202879,1,2024-05-30,C51908,P1026,1,41.43,0.0,25.69,completed
O202565,1,2024-07-26,C51712,P1034,3,32.89,0.0,20.39,completed
O202508,4,2024-12-01,C51670,P1078,1,52.67,20.0,42.8,completed
O200858,1,2024-10-16,C50579,P1040,1,68.39,0.0,42.4,completed
O204518,5,2023-12-02,C53027,P1005,1,49.59,20.0,48.35,completed
O203856,4,2024-05-26,C52553,P1120,3,21.77,0.0,12.19,completed
O201636,2,2023-12-31,C51064,P1103,2,15.76,,6.3,completed
O202185,3,2024-12-03,C51454,P1018,1,85.58,20.0,83.44,completed
O204547,2,2023-07-01,C53050,P1034,3,31.25,5.0,20.39,completed
O202774,3,2024-12-24,C51850,P1056,2,24.84,0.0,11.92,completed
O203174,3,2024-04-20,C52093,P1003,5,273.9,0.0,213.64,completed
O203601,1,"Apr 13, 2024",C52389,P1045,1,44.51,15.0,32.47,completed
O201333,1,2024-11-03,C50877,P1029,2,54.66,10.0,37.65,completed
O201133,1,26/11/2024,C50758,P1099,1,19.2,10.0,8.53,completed
O203269,1,2024-12-09,C52168,P1074,1,47.59,40.0,51.56,completed
O201298,3,2024-05-22,C50847,P1084,1,48.91,0.0,31.79,completed
O205443,5,29/07/2024,C53700,P1091,1,23.72,0.0,9.49,completed
O200034,3,2024-11-17,C50020,P1088,1,60.76,0.0,39.49,completed
O203028,4,2023-05-21,C51993,P1077,1,45.32,5.0,31.01,completed
O202367,1,2024-11-30,C51576,P1099,1,19.2,10.0,8.53,completed
O202590,3,2023-12-19,C51730,P1063,3,24.94,30.0,17.1,completed
O204373,3,2023-12-20,C52925,P1008,1,121.86,20.0,118.82,completed
O202005,1,2024-11-23,C51335,P1100,3,88.6,30.0,5.06,completed
O205076,1,2024-11-17,C53436,P1088,1,51.65,15.0,39.49,completed
O200761,2,31/01/2023,C50519,P1096,4,9.17,10.0,4.08,returned
O202609,4,2023-03-23,C51748,P1003,2,232.81,15.0,213.64,completed
O201631,1,2024-07-22,C51063,P1059,1,22.43,0.0,10.77,completed
O204070,2,14/07/2024,C52706,P1002,3,102.31,0.0,79.8,completed
O202824,1,"Mar 03, 2023",C51883,P1038,1,32.46,0.0,20.13,completed
O200745,3,05/08/2023,C50509,P1024,1,158.17,5.0,129.87,completed
O201232,1,2024-02-18,C50807,P1066,1,47.32,0.0,22.71,completed
O200086,2,2024-06-30,C50063,P1031,2,144.15,,89.37,completed
O204797,1,2023-10-09,C53230,P1029,1,60.73,0.0,37.65,returned
O203144,1,2024-09-11,C52071,P1114,1,11.91,0.0,6.67,completed
O203003,2,"Dec 10, 2024",C51975,P1068,2,16.14,40.0,12.91,completed
O201197,1,2024-09-17,C50790,P1099,2,21.33,0.0,8.53,completed
O205262,3,2024-08-29,C53575,P1091,1,23.72,0.0,9.49,completed
O200881,2,2024-04-21,C50589,P1072,1,17.9,10.0,9.55,completed
O202413,4,2024-08-30,C51605,P1065,3,45.61,0.0,21.89,completed
O201914,4,15/12/2024,C51268,P1025,1,31.9,20.0,24.73,completed
O205783,1,13/04/2023,C53943,P1075,2,65.26,0.0,42.42,completed
O201462,3,2024-11-30,C50959,P1046,4,49.6,10.0,34.17,completed
O200854,2,2024-07-16,C50577,P1052,2,44.0,0.0,21.12,completed
O201459,3,2024-07-03,C50959,P1004,3,273.68,,237.19,completed
O200234,3,2024-04-01,C50162,P1068,1,26.9,0.0,12.91,completed
O205828,2,2024-10-14,C53975,P1100,1,12.65,0.0,5.06,completed
O203215,2,2024-05-06,C52122,P1114,2,11.91,0.0,6.67,completed
O205618,2,14/10/2024,C53830,P1059,3,19.07,15.0,10.77,completed
O200503,2,"May 07, 2024",C50364,P1102,1,29.03,5.0,12.22,completed
O205728,1,"Dec 10, 2024",C53904,P1083,4,39.54,20.0,32.12,completed
O203465,2,24/11/2023,C52299,P1040,2,54.71,20.0,42.4,completed
O202775,3,2024-12-03,C51850,P1002,1,81.85,20.0,79.8,completed
O201310,1,2024-03-29,C50857,P1008,1,152.33,0.0,118.82,completed
O202684,1,2024-11-23,C51799,P1090,5,69.43,10.0,50.14,completed
O202229,1,2024-12-17,C51492,P1061,1,13.98,10.0,7.45,completed
O204769,3,2023-02-11,C53208,P1088,1,57.72,5.0,39.49,completed
O202126,1,2023-01-31,C51423,P1042,1,64.82,0.0,40.19,completed
O200287,1,2024-07-23,C50205,P1092,1,17.47,0.0,6.99,completed
O204882,1,2023-04-30,C53289,P1070,1,30.38,0.0,14.58,completed
O201524,2,2024-12-28,C50987,P1048,4,31.13,15.0,17.58,completed
O202874,2,2024-08-22,C51907,P1057,1,26.33,10.0,14.04,completed
O202856,2,2024-11-25,C51899,P1108,2,12.7,20.0,6.35,completed
O203794,3,11/02/2024,C52514,P1016,1,113.0,0.0,88.14,completed
O201157,1,2024-05-27,C50767,P1060,1,51.2,0.0,24.58,completed
O205661,1,2024-11-11,C53860,P1081,1,77.57,0.0,50.42,completed
O205174,2,2024-06-02,C53513,P1083,1,42.01,15.0,32.12,completed
O204913,2,2024-11-22,C53315,P1026,1,33.14,20.0,25.69,completed
O202336,1,2023-01-15,C51566,P1042,3,38.89,40.0,40.19,completed
O203427,4,2024-05-21,C52269,P1031,1,129.74,10.0,89.37,completed
O204155,2,2024-08-22,C52752,P1054,2,28.68,0.0,13.77,completed
O205850,2,2023-07-04,C53987,P1059,1,22.43,0.0,10.77,completed
O202640,2,2024-05-30,C51768,P1099,1,21.33,0.0,8.53,completed
O203681,1,2023-09-23,C52444,P1053,3,17.19,0.0,8.25,completed
O200027,5,2024-06-22,C50016,P1052,2,44.0,,21.12,completed
O201429,2,2023-05-02,C50944,P1072,1,19.89,0.0,9.55,completed
O203338,2,2024-08-04,C52206,P1097,1,9.64,10.0,4.28,completed
O204377,3,2024-12-21,C52929,P1112,2,27.63,0.0,15.47,completed
O202462,2,2024-08-16,C51636,P1005,3,61.99,0.0,48.35,completed
O205430,1,2023-05-07,C53689,P1089,1,78.6,0.0,51.09,completed
O201948,1,23/11/2024,C51289,P1028,2,41.52,30.0,36.77,completed
O202438,1,05/10/2023,C51624,P1074,1,79.32,0.0,51.56,completed
O202571,4,2024-05-13,C51717,P1067,3,28.31,0.0,13.59,completed
O204751,1,2024-06-09,C53199,P1033,1,38.24,0.0,23.71,completed
O202838,2,"Sep 27, 2024",C51890,P1067,1,28.31,0.0,13.59,completed
O200695,3,2023-01-11,C50487,P1024,3,133.2,20.0,129.87,completed
O205036,3,2024-05-07,C53401,P1069,2,48.72,0.0,23.39,completed
O202772,3,27/12/2024,C51850,P1051,3,37.72,0.0,18.11,completed
O204009,4,2024-12-27,C52662,P1055,1,22.78,15.0,12.86,completed
O203854,2,"May 20, 2024",C52553,P1010,1,113.39,0.0,88.44,completed
O201709,1,2024-09-05,C51114,P1065,1,43.33,5.0,21.89,completed
O201549,1,2024-10-16,C51012,P1090,5,77.14,0.0,50.14,completed
O204199,1,2024-04-30,C52785,P1042,2,64.82,0.0,40.19,completed
O205094,1,"Aug 14, 2023",C53460,P1100,1,12.65,0.0,5.06,completed
O202687,1,16/03/2023,C51801,P1016,1,107.35,5.0,88.14,completed
O205835,2,2023-07-21,C53980,P1074,1,79.32,0.0,51.56,completed
O201728,1,2024-05-31,C51135,P1071,1,16.78,10.0,8.95,completed
O203059,2,"Nov 23, 2023",C52011,P1020,1,158.72,10.0,137.56,completed
O201034,2,2024-03-03,C50707,P1010,1,113.39,0.0,88.44,completed
O201113,3,2024-09-10,C50749,P1027,1,64.47,0.0,39.97,completed
O201745,2,2024-09-03,C51149,P1040,5,68.39,0.0,42.4,completed
O204211,1,2024-12-10,C52793,P1014,1,269.58,20.0,262.84,completed
O205384,2,2024-12-23,C53662,P1071,1,16.78,10.0,8.95,completed
O201051,2,2024-03-25,C50708,P1117,1,27.56,0.0,15.43,completed
O204332,1,20/06/2024,C52886,P1005,5,61.99,0.0,48.35,completed
O201628,2,2024-08-23,C51060,P1020,1,176.36,0.0,137.56,completed
O205248,2,2024-03-07,C53558,P1074,2,75.35,5.0,51.56,completed
O200312,1,10/09/2024,C50227,P1047,1,44.12,10.0,23.53,completed
O205024,2,2024-12-15,C53395,P1032,2,28.22,30.0,25.0,completed
O205457,1,2023-12-10,C53710,P1087,1,41.95,10.0,30.3,completed
O201480,1,2023-11-27,C50971,P1006,3,70.86,20.0,69.08,completed
O204508,1,27/03/2023,C53020,P1092,1,17.47,0.0,6.99,completed
O203630,1,2023-07-05,C52407,P1059,1,22.43,0.0,10.77,completed
O204493,3,2023-10-25,C53008,P1055,1,26.8,0.0,12.86,completed
O205535,2,30/01/2024,C53763,P1120,1,21.77,0.0,12.19,completed
O205505,1,"Dec 28, 2024",C53746,P1106,2,15.9,,6.7,completed
O203194,2,30/09/2024,C52105,P1008,1,144.71,5.0,118.82,returned
O201874,1,2024-05-28,C51230,P1003,3,260.2,5.0,213.64,completed
O200597,2,2024-05-16,C50426,P1067,1,26.89,5.0,13.59,completed
O203974,3,2023-05-01,C52641,P1019,1,293.87,0.0,229.22,completed
O202230,1,2024-12-22,C51493,P1079,1,85.12,0.0,55.33,completed
O202755,2,2023-10-28,C51834,P1113,2,18.23,0.0,10.21,completed
O201508,1,04/12/2024,C50984,P1015,1,210.98,10.0,182.85,completed
O202333,3,2023-05-15,C51564,P1093,1,15.34,0.0,6.14,completed
O204394,1,26/06/2024,C52941,P1019,1,293.87,,229.22,completed
O202738,1,20/08/2024,C51826,P1015,1,234.42,0.0,182.85,completed
O202207,4,"Apr 28, 2024",C51476,P1084,1,48.91,0.0,31.79,completed
O201571,1,2024-10-05,C51032,P1087,3,46.61,0.0,30.3,completed
O202979,1,2024-11-29,C51961,P1031,1,86.49,40.0,89.37,completed
O204893,1,2024-03-28,C53302,P1093,4,15.34,0.0,6.14,completed
O200955,1,2023-08-01,C50644,P1065,1,45.61,0.0,21.89,completed
O204882,3,30/04/2023,C53289,P1031,1,144.15,0.0,89.37,completed
O203560,2,2024-12-06,C52364,P1094,1,12.32,30.0,7.04,completed
O203849,1,2023-11-25,C52551,P1091,2,16.6,30.0,9.49,returned
O202287,1,2024-11-25,C51525,P1072,1,13.92,30.0,9.55,completed
O200034,2,2024-11-17,C50020,P1075,1,65.26,0.0,42.42,completed
O201148,3,2024-04-28,C50764,P1001,1,182.2,15.0,167.19,completed
O202095,1,2024-07-10,C51397,P1084,1,44.02,10.0,31.79,completed
O204894,4,2024-07-01,C53302,P1061,3,15.53,0.0,7.45,completed
O200686,1,10/10/2024,C50478,P1111,5,30.48,0.0,17.07,completed
O205653,2,2024-01-08,C53859,P1090,1,61.71,20.0,50.14,completed
O200134,1,2024-07-27,C50094,P1036,1,86.88,0.0,53.87,completed
O200714,2,2023-11-03,C50495,P1107,1,11.19,10.0,4.97,completed
O203780,4,2024-12-04,C52507,P1109,1,29.87,20.0,20.91,completed
O202489,1,2024-08-19,C51658,P1030,1,61.28,0.0,37.99,completed
O200678,1,2023-05-04,C50478,P1004,1,273.68,10.0,,completed
O204844,4,2024-08-12,C53264,P1061,1,15.53,0.0,7.45,completed
O201423,1,2024-12-11,C50936,P1032,1,32.26,20.0,25.0,returned
O201175,2,2024-05-02,C50781,P1074,1,79.32,0.0,51.56,completed
O200895,3,"Nov 27, 2024",C50600,P1068,2,21.52,20.0,12.91,completed
O200381,2,2023-04-21,C50274,P1037,1,46.67,,28.94,completed
O201388,3,2024-10-14,C50912,P1088,1,60.76,0.0,39.49,completed
O203129,5,2024-08-26,C52062,P1075,3,65.26,0.0,42.42,completed
O203861,1,2024-12-30,C52556,P1008,1,152.33,0.0,118.82,completed
O200399,2,2023-12-18,C50290,P1082,1,29.35,30.0,27.25,completed
O203399,1,24/07/2024,C52240,P1090,1,77.14,0.0,50.14,completed
O200706,1,12/03/2024,C50491,P1036,1,82.54,5.0,,completed
O201506,1,2024-05-02,C50983,P1067,1,28.31,0.0,13.59,completed
O200903,3,2024-06-12,C50610,P1069,1,48.72,0.0,23.39,completed
O201569,2,"May 14, 2023",C51030,P1051,1,37.72,0.0,18.11,completed
O205425,2,13/05/2024,C53688,P1100,1,10.75,15.0,5.06,completed
O205044,5,2024-09-28,C53404,P1086,1,78.87,0.0,51.27,completed
O202772,1,2024-12-27,C51850,P1066,4,47.32,0.0,22.71,completed
O201655,1,10/12/2024,C51069,P1087,1,41.95,10.0,30.3,completed
O201637,2,2024-07-08,C51064,P1084,1,48.91,0.0,31.79,completed
O203808,2,2023-03-14,C52519,P1083,2,49.42,0.0,32.12,completed
O205112,2,2024-12-30,C53472,P1102,1,30.56,0.0,12.22,completed
O202720,5,2024-09-23,C51819,P1109,2,37.34,0.0,20.91,completed
O205481,2,2024-11-23,C53723,P1035,2,60.5,10.0,41.68,completed
O200828,1,24/05/2023,C50557,P1084,1,48.91,0.0,31.79,completed
O202599,1,2024-12-02,C51736,P1098,1,8.54,30.0,4.88,completed
O203131,1,19/11/2024,C52063,P1117,1,27.56,0.0,15.43,completed
O201122,1,2024-12-01,C50753,P1043,1,24.79,30.0,21.96,completed
O203069,3,2024-12-27,C52017,P1061,1,13.2,15.0,7.45,completed
O201892,2,2024-10-28,C51248,P1091,2,22.53,5.0,9.49,completed
O201151,2,2024-08-07,C50766,P1016,2,113.0,,88.14,completed
O200108,2,2023-12-24,C50074,P1020,1,176.36,0.0,137.56,completed
O205527,3,2023-10-12,C53759,P1087,3,46.61,0.0,30.3,completed
O203957,3,2023-03-14,C52629,P1050,1,34.14,0.0,16.39,completed
O201399,2,2024-12-19,C50921,P1003,1,191.73,30.0,213.64,completed
O205216,3,2024-01-29,C53539,P1101,1,15.62,0.0,6.25,completed
O203947,1,2023-11-30,C52616,P1075,1,52.21,20.0,42.42,completed
O200624,1,2024-04-29,C50438,P1088,2,60.76,0.0,39.49,
O202819,2,2024-01-15,C51876,P1066,1,42.59,10.0,22.71,completed
O201181,4,2024-04-06,C50781,P1034,1,31.25,5.0,20.39,completed
O202009,1,2023-04-06,C51338,P1015,2,234.42,0.0,182.85,completed
O205663,3,"Dec 05, 2023",C53861,P1058,2,58.4,10.0,31.15,completed
O205244,3,2023-03-26,C53557,P1012,2,278.05,0.0,,completed
O201601,1,2023-08-12,C51049,P1114,1,11.91,0.0,6.67,completed
O201467,3,2024-11-29,C50965,P1041,5,57.31,20.0,44.42,completed
O204677,1,2023-12-26,C53144,P1088,3,60.76,0.0,39.49,completed
O200591,1,2024-11-28,C50421,P1004,2,273.68,10.0,237.19,completed
O204218,2,"Jun 17, 2023",C52796,P1088,1,57.72,5.0,39.49,completed
O201841,6,2024-07-10,C51215,P1061,1,15.53,0.0,7.45,completed
O200332,2,2024-09-23,C50240,P1045,2,52.37,0.0,32.47,completed
O202309,2,04/05/2024,C51553,P1043,1,33.65,5.0,21.96,completed
O205595,1,2024-06-28,C53815,P1095,1,9.25,0.0,3.7,completed
O201428,1,2024-06-04,C50942,P1108,1,15.87,0.0,6.35,completed
O205010,1,2024-11-01,C53383,P1097,1,10.17,5.0,4.28,completed
O201765,1,2024-12-18,C51167,P1023,1,248.57,30.0,276.98,completed
O201252,1,19/12/2024,C50816,P1095,1,7.4,,3.7,completed
O201448,1,2024-09-15,C50952,P1012,1,264.15,5.0,,completed
O202404,3,2023-12-30,C51598,P1008,3,152.33,0.0,118.82,completed
O200690,3,2024-08-03,C50482,P1038,1,27.59,15.0,20.13,completed
O203666,3,2024-08-10,C52433,P1059,2,22.43,0.0,10.77,completed
O204883,2,29/06/2024,C53291,P1053,1,15.47,10.0,8.25,completed
O203269,2,2024-12-09,C52168,P1065,1,41.05,10.0,21.89,completed
O203893,1,2023-07-14,C52572,P1030,1,61.28,0.0,37.99,completed
O202265,1,2024-09-24,C51508,P1029,1,60.73,0.0,37.65,completed
O200785,4,2024-12-30,C50537,P1117,2,27.56,0.0,15.43,completed
O204418,2,2024-06-28,C52956,P1015,3,234.42,0.0,182.85,completed
O201633,6,07/08/2024,C51063,P1040,2,68.39,0.0,42.4,returned
O201708,2,2024-11-20,C51110,P1035,2,67.22,0.0,41.68,completed
O205799,3,2023-11-25,C53955,P1062,1,22.78,20.0,13.67,completed
O203995,3,2023-05-08,C52651,P1111,1,30.48,0.0,17.07,completed
O200954,1,2024-06-22,C50643,P1015,1,234.42,0.0,182.85,completed
O204978,3,2024-06-30,C53358,P1029,1,60.73,0.0,,completed
O202259,2,2024-11-06,C51508,P1008,1,152.33,0.0,118.82,completed
O200500,2,07/09/2024,C50362,P1112,1,27.63,0.0,15.47,completed
O204237,3,09/10/2023,C52813,P1114,1,11.91,0.0,6.67,completed
O203512,2,2023-08-31,C52338,P1112,2,27.63,0.0,15.47,completed
O204899,1,"Nov 02, 2024",C53305,P1050,1,34.14,0.0,16.39,completed
O201835,3,2024-03-29,C51212,P1114,2,11.91,0.0,6.67,completed
O205782,1,01/05/2024,C53943,P1100,1,12.65,0.0,5.06,completed
O205851,3,2023-12-12,C53987,P1060,5,40.96,20.0,24.58,completed
O205399,1,2024-05-26,C53672,P1109,2,31.74,15.0,20.91,completed
O205036,1,2024-05-07,C53401,P1101,1,15.62,0.0,6.25,completed
O204688,1,10/09/2024,C53154,P1050,5,34.14,0.0,,completed
O205637,1,2024-03-09,C53849,P1030,2,61.28,,37.99,completed
O204047,3,2024-12-19,C52690,P1086,2,55.21,30.0,51.27,completed
O204509,1,10/12/2023,C53021,P1114,1,9.53,20.0,6.67,completed
O202268,3,"Nov 28, 2024",C51512,P1078,-1,46.09,30.0,42.8,returned
O200885,1,2024-12-05,C50591,P1060,5,40.96,20.0,24.58,completed
O200712,1,2024-05-31,C50495,P1081,1,73.69,5.0,50.42,completed
O202270,1,2024-12-14,C51513,P1117,1,22.05,20.0,15.43,completed
O200029,1,2024-05-04,C50016,P1114,1,11.31,5.0,6.67,completed
O204526,1,"Feb 12, 2023",C53034,P1034,2,32.89,0.0,20.39,completed
O201011,1,2023-07-30,C50693,P1113,2,18.23,0.0,10.21,completed
O205750,2,2024-12-29,C53928,P1111,2,30.48,0.0,17.07,completed
O205823,3,2024-11-25,C53970,P1012,3,194.64,30.0,216.88,completed
O205279,1,2024-01-03,C53589,P1086,-2,47.32,40.0,51.27,returned
O204847,3,2023-11-30,C53265,P1015,1,187.54,20.0,182.85,completed
O203766,1,2024-12-16,C52496,P1070,1,21.27,30.0,14.58,completed
O202074,1,2023-07-30,C51382,P1041,1,71.64,0.0,44.42,completed
O202149,2,2024-02-12,C51433,P1080,1,50.9,0.0,33.09,completed
O205032,1,2024-05-04,C53401,P1018,1,96.28,10.0,83.44,completed
O200844,1,2024-12-25,C50571,P1089,1,78.6,0.0,51.09,completed
O202949,2,"Nov 27, 2024",C51945,P1078,1,52.67,20.0,42.8,completed
O201018,1,2024-08-22,C50697,P1094,2,17.6,0.0,,completed
O205301,3,2023-06-30,C53606,P1090,2,77.14,0.0,50.14,completed
O201548,3,2024-06-30,C51012,P1021,1,163.75,0.0,127.73,completed
O205092,1,2024-06-12,C53458,P1061,1,15.53,0.0,7.45,completed
O202571,2,2024-05-13,C51717,P1048,4,32.96,10.0,17.58,completed
O201284,3,"Sep 17, 2024",C50839,P1089,1,78.6,0.0,51.09,completed
O204492,5,2024-07-08,C53008,P1057,4,29.26,0.0,14.04,completed
O201863,4,2024-08-03,C51225,P1021,3,139.19,15.0,127.73,completed
O205103,1,2024-11-04,C53469,P1009,1,179.6,0.0,140.09,completed
O203584,2,2024-11-28,C52377,P1015,1,187.54,20.0,182.85,completed
O202629,4,2023-07-22,C51762,P1104,2,24.41,0.0,9.76,completed
O205735,2,2023-11-29,C53909,P1051,1,26.4,30.0,18.11,completed
O203274,6,2023-08-07,C52170,P1017,5,222.03,0.0,173.18,completed
O201374,1,2024-12-31,C50899,P1050,2,29.02,15.0,16.39,completed
O201578,1,2024-04-27,C51038,P1111,1,30.48,0.0,17.07,completed
O200121,3,2024-07-16,C50085,P1015,1,234.42,,182.85,completed
O201696,1,2024-07-02,C51106,P1044,1,55.48,0.0,34.4,completed
O200411,1,2023-11-01,C50297,P1031,4,144.15,0.0,89.37,completed
O203570,1,2024-12-09,C52366,P1080,1,45.81,10.0,33.09,completed
O203925,3,2024-08-27,C52605,P1119,1,46.45,15.0,30.6,completed
O204551,1,2024-09-17,C53054,P1032,1,40.32,,25.0,completed
O205840,1,"Dec 14, 2024",C53983,P1090,1,61.71,20.0,50.14,completed
O205666,1,2024-01-24,C53861,P1114,1,10.72,10.0,6.67,completed
O201488,1,2024-10-02,C50978,P1090,2,65.57,15.0,50.14,completed
O204193,2,2024-11-22,C52777,P1022,-3,99.72,20.0,97.23,returned
O200709,2,2023-04-07,C50493,P1057,3,27.8,5.0,14.04,completed
O200980,3,2024-04-13,C50663,P1086,4,78.87,0.0,51.27,completed
O201713,1,2023-06-17,C51119,P1034,1,32.89,0.0,20.39,completed
O203768,1,2024-05-20,C52499,P1087,1,46.61,0.0,30.3,completed
O202228,1,2024-09-28,C51490,P1103,1,15.76,0.0,6.3,completed
O203590,1,2024-04-05,C52382,P1017,1,210.93,5.0,173.18,completed
O204360,1,2023-03-19,C52911,P1088,1,60.76,0.0,39.49,completed
O203000,1,2024-12-01,C51974,P1108,2,11.11,30.0,6.35,completed
O200080,3,2023-11-18,C50058,P1026,1,41.43,0.0,25.69,completed
O205444,2,10/12/2024,C53701,P1090,1,69.43,10.0,50.14,completed
O203923,1,2024-02-08,C52602,P1021,1,147.38,10.0,127.73,
O200494,1,17/11/2024,C50359,P1001,1,192.92,10.0,167.19,completed
O204925,1,2024-09-15,C53321,P1088,1,51.65,15.0,39.49,completed
O201386,2,2023-12-08,C50910,P1069,1,38.98,20.0,23.39,completed
O203316,5,2024-11-11,C52185,P1008,1,152.33,0.0,118.82,completed
O203050,2,2023-04-28,C52008,P1099,2,21.33,0.0,8.53,completed
O203693,2,2023-03-01,C52454,P1001,1,214.35,0.0,167.19,completed
O200200,1,2024-12-04,C50142,P1080,1,35.63,30.0,33.09,completed
O200575,1,2024-09-06,C50412,P1090,4,77.14,0.0,50.14,completed
O200371,3,26/07/2024,C50268,P1067,2,28.31,0.0,13.59,completed
O205297,2,2024-03-10,C53601,P1120,2,21.77,0.0,12.19,completed
O202535,1,2024-08-01,C51688,P1117,3,27.56,0.0,15.43,completed
O204013,2,2024-03-03,C52663,P1029,1,60.73,0.0,37.65,completed
O203969,2,2024-12-14,C52639,P1049,1,31.46,30.0,21.58,completed
O202138,1,2024-07-09,C51428,P1087,1,46.61,0.0,30.3,completed
O201380,1,2024-08-07,C50903,P1069,2,48.72,0.0,23.39,completed
O205136,2,2024-12-31,C53482,P1056,1,24.84,0.0,11.92,completed
O205253,2,2023-12-13,C53567,P1024,1,133.2,20.0,129.87,completed
O205695,6,2024-10-08,C53883,P1099,1,21.33,0.0,8.53,completed
O202852,1,2024-12-14,C51899,P1043,1,31.88,10.0,21.96,completed
O202821,2,2024-12-03,C51880,P1015,1,140.65,40.0,182.85,completed
O200399,4,2023-12-18,C50290,P1049,1,35.96,20.0,21.58,completed
O203174,1,2024-04-20,C52093,P1089,2,78.6,0.0,51.09,completed
O202800,4,29/03/2024,C51868,P1063,4,35.63,0.0,17.1,completed
O200857,2,25/06/2024,C50579,P1024,1,158.17,5.0,129.87,completed
O205312,2,2024-07-27,C53610,P1068,1,24.21,10.0,12.91,completed
O202868,1,2024-12-27,C51903,P1074,2,79.32,0.0,51.56,completed
O203889,1,2024-11-29,C52568,P1045,2,41.9,20.0,32.47,completed
O201652,1,2024-12-31,C51068,P1032,3,40.32,0.0,25.0,completed
O201950,3,2024-11-26,C51291,P1048,4,32.96,10.0,17.58,completed
O200451,2,2024-07-31,C50322,P1034,1,32.89,0.0,20.39,completed
O205209,1,2024-11-30,C53535,P1047,5,44.12,10.0,23.53,completed
O200374,1,2023-06-17,C50268,P1007,2,194.48,0.0,151.69,completed
O201524,3,2024-12-28,C50987,P1031,1,122.53,15.0,89.37,completed
O202983,4,2024-07-09,C51962,P1074,1,79.32,0.0,51.56,completed
O200110,1,22/06/2023,C50077,P1015,1,222.7,5.0,182.85,completed
O200645,3,2024-03-25,C50453,P1054,1,28.68,0.0,13.77,completed
O205113,4,"Jul 14, 2024",C53472,P1032,2,40.32,0.0,25.0,completed
O202169,2,2024-08-02,C51445,P1084,1,46.46,5.0,31.79,completed
O200148,1,2024-12-01,C50104,P1095,5,7.4,20.0,3.7,completed
O204968,1,2024-12-29,C53350,P1034,1,32.89,0.0,20.39,completed
O200852,1,2024-05-29,C50577,P1056,2,24.84,0.0,11.92,completed
O200475,4,12/11/2024,C50344,P1101,1,14.06,10.0,6.25,completed
O200930,3,2024-11-06,C50626,P1117,1,24.8,10.0,15.43,completed
O200753,3,2024-05-10,C50516,P1074,1,79.32,0.0,51.56,completed
O201563,2,2024-11-26,C51020,P1006,1,62.0,30.0,69.08,completed
O204386,1,2024-11-23,C52937,P1070,1,27.34,10.0,14.58,completed
O202043,2,2023-04-23,C51365,P1070,1,30.38,0.0,14.58,completed
O200291,4,2024-12-15,C50207,P1032,1,32.26,20.0,25.0,completed
O205650,2,2024-07-21,C53856,P1112,1,27.63,0.0,15.47,
O201234,3,01/06/2024,C50808,P1037,1,46.67,0.0,28.94,completed
O202985,1,2023-04-21,C51965,P1015,5,234.42,0.0,182.85,completed
O202286,3,2024-12-19,C51523,P1104,1,17.09,30.0,9.76,completed
O202896,4,2024-02-02,C51915,P1090,1,77.14,0.0,50.14,completed
O204933,4,"Mar 09, 2024",C53330,P1042,4,55.1,15.0,40.19,completed
O205382,2,06/12/2024,C53658,P1017,4,155.42,,173.18,completed
O200382,5,2024-06-06,C50277,P1115,3,25.43,0.0,14.24,completed
O203159,1,2024-08-12,C52078,P1009,3,179.6,0.0,140.09,completed
O205154,6,2023-05-05,C53500,P1010,1,113.39,0.0,88.44,completed
O201884,3,01/12/2023,C51241,P1053,1,15.47,10.0,8.25,completed
O201575,1,"Jun 05, 2024",C51037,P1078,1,62.55,5.0,42.8,completed
O201666,3,2024-11-02,C51071,P1063,1,35.63,0.0,17.1,completed
O200399,1,2023-12-18,C50290,P1015,1,140.65,40.0,182.85,completed
O200988,1,2024-09-24,C50675,P1056,1,24.84,0.0,11.92,completed
O202416,1,2024-09-06,C51605,P1104,1,24.41,0.0,9.76,completed
O204475,2,2024-10-21,C52998,P1067,2,25.48,10.0,13.59,completed
O200882,1,2024-03-04,C50589,P1015,2,222.7,5.0,182.85,completed
O203595,1,11/12/2024,C52387,P1029,1,48.58,20.0,37.65,completed
O201045,4,2024-12-02,C50708,P1096,2,8.15,20.0,4.08,completed
O200980,2,2024-04-13,C50663,P1041,1,71.64,0.0,44.42,completed
O200355,4,13/11/2024,C50257,P1088,1,60.76,0.0,39.49,completed
O203148,3,2024-06-03,C52073,P1113,1,18.23,0.0,10.21,completed
O201128,3,04/12/2023,C50758,P1076,1,70.57,20.0,57.34,completed
O200608,1,2024-04-01,C50429,P1004,1,304.09,0.0,237.19,completed
O204544,1,05/09/2024,C53050,P1118,2,24.8,0.0,13.89,completed
O203516,3,2023-05-31,C52339,P1021,1,163.75,0.0,127.73,completed
O202109,1,2024-08-12,C51407,P1022,1,118.42,5.0,97.23,completed
O202060,3,2024-12-29,C51374,P1015,1,222.7,5.0,182.85,completed
O205845,3,2024-07-22,C53984,P1023,1,319.59,10.0,276.98,completed
O205749,1,2024-11-16,C53927,P1106,2,16.74,0.0,6.7,completed
O200506,3,2024-06-18,C50365,P1029,1,60.73,0.0,37.65,completed
O200903,4,"Jun 12, 2024",C50610,P1105,2,125.1,0.0,5.0,completed
O201261,1,2024-12-19,C50821,P1053,1,15.47,10.0,8.25,completed
O203150,1,2024-05-14,C52074,P1091,1,23.72,0.0,9.49,completed
O201142,2,"Oct 21, 2024",C50762,P1007,1,194.48,0.0,151.69,completed
O204936,3,2024-08-02,C53332,P1087,1,46.61,0.0,30.3,completed
O205409,1,2024-06-12,C53680,P1035,1,57.14,15.0,41.68,completed
O203129,3,2024-08-26,C52062,P1015,4,222.7,5.0,182.85,completed
O203847,1,2023-01-27,C52547,P1080,2,45.81,10.0,33.09,completed
O204817,2,2024-12-07,C53248,P1062,1,22.78,20.0,13.67,completed
O204467,2,2023-12-10,C52987,P1067,1,25.48,10.0,13.59,completed
O202001,1,26/10/2024,C51333,P1073,1,36.39,0.0,23.65,completed
O202728,1,2023-08-02,C51825,P1027,1,64.47,0.0,39.97,completed
O203194,1,2024-09-30,C52105,P1015,1,234.42,0.0,182.85,completed
O202106,1,2024-09-02,C51406,P1015,1,234.42,0.0,182.85,
O204775,1,01/10/2024,C53215,P1112,5,26.25,5.0,15.47,returned
O202965,2,2024-02-05,C51954,P1092,1,17.47,0.0,6.99,completed
O204554,1,29/03/2023,C53055,P1054,3,28.68,0.0,13.77,completed
O204191,5,02/09/2024,C52777,P1050,1,29.02,15.0,16.39,completed
O202822,2,2023-10-31,C51881,P1084,-1,48.91,0.0,31.79,returned
O204161,1,2023-05-19,C52753,P1006,1,88.57,0.0,69.08,completed
O204251,1,2024-08-10,C52834,P1104,1,20.75,15.0,9.76,completed
O203756,1,2023-01-27,C52489,P1104,1,24.41,,9.76,completed
O205042,1,"Sep 02, 2024",C53403,P1053,1,17.19,0.0,8.25,completed
O204157,1,2024-11-23,C52752,P1030,1,36.77,40.0,37.99,completed
O203843,1,2024-10-27,C52547,P1034,1,32.89,0.0,20.39,completed
O202516,1,2024-10-19,C51674,P1048,1,34.79,5.0,17.58,completed
O201203,2,2023-08-22,C50792,P1114,1,11.91,0.0,6.67,completed
O200906,3,08/12/2023,C50610,P1109,1,33.61,10.0,20.91,completed
O201762,2,12/12/2024,C51162,P1033,3,30.59,20.0,23.71,completed
O200961,4,2024-09-28,C50650,P1034,1,32.89,0.0,20.39,completed
O201900,1,2024-09-18,C51256,P1071,1,18.65,0.0,8.95,completed
O202977,2,"Jul 09, 2024",C51959,P1106,1,15.9,5.0,6.7,completed
O202605,1,2024-12-29,C51744,P1099,1,21.33,0.0,8.53,completed
O202557,2,2024-12-10,C51706,P1015,1,164.09,30.0,182.85,completed
O203321,1,2024-09-21,C52185,P1100,4,12.02,5.0,5.06,completed
O205243,1,02/12/2023,C53557,P1064,1,25.87,40.0,20.69,completed
O204483,4,2024-01-29,C53000,P1087,2,46.61,0.0,30.3,completed
O200293,1,2024-07-18,C50209,P1045,1,52.37,0.0,32.47,completed
O200562,1,"Dec 11, 2024",C50402,P1112,1,22.1,20.0,15.47,returned
O201050,4,2024-12-06,C50708,P1036,1,60.82,30.0,53.87,completed
O203404,5,2024-08-19,C52248,P1053,3,17.19,0.0,8.25,completed
O201995,1,"May 12, 2024",C51327,P1112,1,27.63,0.0,15.47,completed
O200320,4,2023-12-18,C50233,P1039,1,29.44,10.0,20.28,completed
O205601,1,2024-09-30,C53819,P1025,1,35.89,10.0,24.73,completed
O203224,1,"Oct 25, 2023",C52127,P1087,1,46.61,,30.3,completed
O200980,1,13/04/2024,C50663,P1107,1,12.43,0.0,4.97,completed
O200548,1,2024-07-02,C50396,P1108,2,15.87,0.0,6.35,completed
O202895,1,2024-04-05,C51915,P1115,1,25.43,0.0,14.24,returned
O200536,2,2024-12-09,C50389,P1006,2,79.71,10.0,69.08,completed
O202714,1,2024-03-23,C51817,P1015,1,234.42,0.0,182.85,completed
O201701,2,"Mar 12, 2023",C51108,P1083,5,46.95,5.0,32.12,completed
O204246,3,2024-09-02,C52830,P1050,1,34.14,0.0,16.39,completed
O204371,1,29/02/2024,C52925,P1084,1,48.91,0.0,31.79,completed
O202676,1,2024-11-07,C51795,P1054,4,24.38,15.0,13.77,completed
O201397,2,"Dec 17, 2023",C50920,P1112,1,19.34,30.0,15.47,completed
O205509,1,2024-03-25,C53748,P1065,1,45.61,0.0,21.89,completed
O204187,1,2023-10-17,C52773,P1044,1,55.48,0.0,34.4,completed
O200363,2,2024-03-05,C50265,P1055,1,26.8,0.0,12.86,completed
O200583,2,2023-11-23,C50416,P1014,2,269.58,20.0,262.84,completed
O201547,1,06/08/2024,C51012,P1117,2,27.56,0.0,15.43,completed
O202029,1,2024-07-05,C51351,P1085,2,31.26,0.0,20.32,completed
O203680,2,"Oct 24, 2024",C52444,P1048,2,36.62,0.0,17.58,completed
O202790,2,2024-04-26,C51856,P1017,2,222.03,0.0,173.18,completed
O203523,1,29/11/2024,C52347,P1010,1,90.71,20.0,88.44,completed
O202321,4,30/09/2024,C51556,P1104,2,24.41,0.0,9.76,completed
O202151,1,2024-09-06,C51434,P1006,1,88.57,0.0,69.08,completed
O205770,1,2024-09-25,C53938,P1040,2,68.39,0.0,42.4,completed
O202747,1,2024-07-31,C51831,P1026,1,41.43,0.0,25.69,completed
O201970,1,"Mar 20, 2023",C51306,P1015,1,210.98,,182.85,completed
O205312,1,"Jul 27, 2024",C53610,P1120,1,21.77,0.0,12.19,completed
O201722,2,2024-11-30,C51131,P1015,1,140.65,40.0,182.85,completed
O201226,5,2024-08-01,C50802,P1120,2,20.68,5.0,12.19,completed
O204861,1,2024-04-06,C53276,P1015,2,234.42,0.0,182.85,completed
O203742,1,2024-09-14,C52477,P1025,3,37.89,5.0,,
O203395,3,2023-07-21,C52238,P1092,2,17.47,0.0,6.99,completed
O201753,1,2024-03-30,C51155,P1070,2,27.34,10.0,14.58,completed
O200240,2,"Oct 19, 2023",C50172,P1011,1,294.03,0.0,229.34,completed
O203187,2,2024-01-12,C52101,P1094,2,10.56,40.0,7.04,completed
O200560,5,2024-02-14,C50402,P1020,2,176.36,0.0,137.56,completed
O204026,1,2024-05-26,C52670,P1078,3,65.84,,42.8,completed
O200586,1,2023-02-26,C50418,P1112,1,27.63,0.0,15.47,completed
O200346,1,2024-12-20,C50253,P1110,2,7.24,30.0,5.79,completed
O204336,1,2024-11-23,C52890,P1035,1,60.5,10.0,41.68,completed
O204035,1,2024-12-31,C52676,P1068,1,26.9,0.0,12.91,completed
O201191,3,2024-06-08,C50788,P1093,2,15.34,0.0,6.14,completed
O204216,2,2024-10-20,C52795,P1109,1,31.74,15.0,20.91,completed
O203319,1,2024-09-29,C52185,P1007,1,194.48,0.0,151.69,completed
O201686,1,2024-03-01,C51093,P1112,1,27.63,0.0,15.47,completed
O205455,1,2024-11-24,C53708,P1015,1,187.54,20.0,182.85,completed
O202784,1,30/05/2024,C51852,P1082,4,41.93,0.0,27.25,completed
O201358,4,2024-12-29,C50889,P1015,2,234.42,0.0,182.85,completed
O205143,1,08/09/2024,C53492,P1103,1,15.76,0.0,6.3,completed
O205025,1,2024-10-26,C53396,P1041,1,60.89,15.0,44.42,completed
O203814,1,2023-10-08,C52520,P1053,1,17.19,0.0,8.25,completed
O200455,2,08/08/2024,C50324,P1058,2,64.89,0.0,31.15,completed
O202146,1,2024-08-19,C51430,P1020,1,176.36,0.0,137.56,completed
O204340,4,01/11/2024,C52894,P1103,2,15.76,0.0,6.3,completed
O201859,3,2024-12-20,C51222,P1062,1,22.78,20.0,13.67,completed
O200262,3,2024-04-23,C50191,P1044,2,55.48,0.0,34.4,completed
O205825,3,2024-05-26,C53973,P1097,3,10.71,0.0,4.28,completed
O205030,2,2024-11-24,C53401,P1015,2,210.98,,182.85,completed
O205865,4,2024-11-03,C53996,P1120,1,21.77,0.0,12.19,completed
O204327,4,2023-12-14,C52879,P1036,2,52.13,40.0,53.87,completed
O203894,1,2023-11-24,C52572,P1076,2,61.75,30.0,57.34,completed
O200265,3,2024-12-11,C50194,P1037,1,32.67,30.0,28.94,completed
O205320,2,"Dec 05, 2024",C53614,P1092,1,13.98,20.0,6.99,completed
O204827,4,2024-10-11,C53253,P1085,1,28.13,10.0,20.32,completed
O202270,3,14/12/2024,C51513,P1084,2,44.02,10.0,31.79,completed
O202669,3,2023-06-21,C51790,P1113,1,18.23,0.0,10.21,completed
O204931,1,2024-08-25,C53327,P1077,2,40.54,15.0,31.01,completed
O204229,3,2024-10-16,C52806,P1032,2,40.32,0.0,25.0,completed
O200655,1,2024-07-20,C50460,P1039,2,31.07,5.0,20.28,completed
O204691,2,2023-04-16,C53156,P1088,1,54.68,10.0,39.49,completed
O202374,2,2023-09-14,C51578,P1027,3,61.25,5.0,39.97,completed
O202834,3,2023-12-12,C51886,P1060,1,40.96,20.0,24.58,completed
O205343,1,2023-11-24,C53631,P1015,3,164.09,30.0,182.85,completed
O202904,1,29/11/2024,C51920,P1015,1,187.54,20.0,182.85,completed
O202011,1,2024-12-14,C51338,P1053,-2,13.75,20.0,8.25,returned
O200505,1,2024-08-02,C50365,P1044,1,55.48,0.0,34.4,completed
O202705,3,2023-11-22,C51813,P1030,1,49.02,20.0,37.99,completed
O203982,2,2024-09-20,C52645,P1039,2,32.71,0.0,20.28,completed
O205535,4,2024-01-30,C53763,P1037,1,46.67,0.0,28.94,completed
O201485,1,2023-11-27,C50973,P1004,3,243.27,20.0,237.19,completed
O202407,1,2024-06-14,C51601,P1103,2,15.76,0.0,6.3,completed
O202028,4,2024-05-22,C51351,P1037,1,46.67,0.0,28.94,completed
O202414,3,2024-12-11,C51605,P1114,1,9.53,20.0,6.67,completed
O202853,1,27/11/2024,C51899,P1071,1,16.78,10.0,8.95,completed
O205074,1,2024-08-30,C53432,P1078,1,62.55,5.0,42.8,completed
O205484,3,2024-12-13,C53723,P1015,1,210.98,10.0,182.85,completed
O203783,1,2023-10-09,C52509,P1010,1,113.39,0.0,88.44,completed
O204806,3,2024-09-05,C53243,P1112,3,27.63,0.0,15.47,completed
O202436,4,2024-12-01,C51622,P1080,2,40.72,20.0,33.09,completed
O203493,1,2023-07-09,C52321,P1101,1,15.62,,6.25,completed
O205021,1,2024-09-27,C53388,P1059,1,22.43,0.0,10.77,completed
O205430,6,2023-05-07,C53689,P1037,2,39.67,15.0,28.94,completed
O204953,2,04/04/2024,C53339,P1116,2,18.83,0.0,10.54,completed
O201433,4,2024-11-30,C50945,P1114,1,8.34,30.0,6.67,completed
O202719,1,19/09/2024,C51819,P1017,1,222.03,0.0,173.18,completed
O200810,1,2023-08-07,C50543,P1015,1,234.42,0.0,182.85,completed
O201014,2,2024-08-26,C50697,P1114,4,11.91,0.0,6.67,completed
O204986,5,2023-12-13,C53368,P1077,1,42.93,10.0,31.01,completed
O202698,1,10/03/2024,C51810,P1112,3,26.25,5.0,15.47,completed
O204527,3,06/05/2024,C53034,P1088,2,60.76,0.0,39.49,completed
O200720,1,2024-11-23,C50498,P1002,3,61.39,40.0,79.8,completed
O202501,1,2023-04-08,C51667,P1040,1,64.97,5.0,42.4,completed
O201141,1,2024-10-16,C50761,P1097,1,9.1,15.0,4.28,completed
O202009,2,"Apr 06, 2023",C51338,P1032,1,40.32,0.0,25.0,completed
O205540,1,2024-07-17,C53771,P1056,3,24.84,0.0,11.92,completed
O200984,1,2024-12-13,C50666,P1026,1,29.0,30.0,25.69,completed
O203291,2,2024-12-19,C52178,P1015,4,187.54,20.0,182.85,returned
O204316,2,2023-01-04,C52874,P1093,3,10.74,30.0,6.14,completed
O204354,4,2023-06-06,C52905,P1006,1,88.57,0.0,69.08,completed
O201345,4,15/02/2024,C50880,P1078,3,65.84,0.0,42.8,completed
O204117,1,24/03/2024,C52732,P1041,1,71.64,0.0,44.42,completed
O201291,1,2024-06-26,C50842,P1062,1,28.48,0.0,13.67,completed
O203519,1,2024-05-14,C52343,P1061,1,15.53,0.0,7.45,completed
O200077,1,29/06/2024,C50057,P1119,1,54.65,0.0,30.6,completed
O204405,1,2024-05-08,C52946,P1018,2,90.93,15.0,83.44,completed
O205773,2,22/10/2024,C53940,P1034,3,32.89,0.0,20.39,completed
O200705,1,2024-06-09,C50491,P1072,1,19.89,0.0,9.55,completed
O205262,1,2024-08-29,C53575,P1074,1,71.39,10.0,51.56,completed
O202921,1,2024-11-28,C51928,P1074,2,63.46,20.0,51.56,completed
O203934,1,22/06/2023,C52613,P1010,2,113.39,0.0,88.44,completed
O204185,1,28/09/2024,C52773,P1111,1,28.96,5.0,17.07,completed
O203964,1,2023-11-21,C52630,P1037,2,39.67,15.0,28.94,completed
O203247,3,2024-12-24,C52151,P1076,1,88.21,0.0,57.34,completed
O201796,1,2023-03-24,C51196,P1120,1,21.77,0.0,12.19,completed
O205770,2,2024-09-25,C53938,P1068,2,26.9,0.0,12.91,completed
O204936,5,2024-08-02,C53332,P1065,2,45.61,0.0,21.89,completed
O205792,1,2024-12-04,C53949,P1054,1,17.21,40.0,13.77,completed
O201822,1,2024-12-16,C51205,P1093,4,12.27,20.0,6.14,completed
O202080,1,04/05/2024,C51383,P1118,1,21.08,15.0,13.89,completed
O200526,1,"Sep 08, 2023",C50381,P1032,1,40.32,0.0,25.0,completed
O201052,1,2023-11-26,C50709,P1114,1,10.72,10.0,6.67,completed
O200992,3,2024-12-17,C50676,P1096,2,8.15,20.0,4.08,completed
O204615,2,26/10/2024,C53096,P1008,1,152.33,0.0,118.82,completed
O202295,1,"Sep 18, 2024",C51540,P1030,3,58.22,,37.99,completed
O204635,4,2023-11-14,C53111,P1114,2,11.91,0.0,6.67,completed
O203624,1,2024-12-01,C52401,P1032,3,32.26,20.0,25.0,completed
O203604,5,2024-12-04,C52389,P1015,1,210.98,10.0,182.85,completed
O202840,1,2023-11-26,C51890,P1062,2,22.78,20.0,13.67,completed
O204731,1,2024-12-04,C53176,P1042,1,45.37,30.0,40.19,completed
O203196,3,2023-03-07,C52108,P1007,1,175.03,10.0,151.69,completed
O200925,1,2024-04-29,C50624,P1103,2,15.76,0.0,6.3,completed
O201395,4,2024-06-30,C50919,P1100,4,12.65,0.0,5.06,completed
O200656,1,06/05/2024,C50461,P1048,4,34.79,5.0,17.58,completed
O200965,3,2023-11-17,C50653,P1012,1,278.05,0.0,216.88,completed
O205225,1,2023-06-01,C53546,P1005,3,61.99,0.0,48.35,completed
O202680,1,"Jul 09, 2024",C51796,P1078,1,65.84,0.0,42.8,completed
O204700,4,2024-11-24,C53162,P1109,1,33.61,10.0,20.91,completed
O204853,3,2024-12-17,C53270,P1013,1,169.18,10.0,146.62,completed
O202608,3,2024-09-04,C51747,P1035,2,67.22,0.0,41.68,completed
O200164,3,14/09/2024,C50123,P1080,1,45.81,10.0,33.09,completed
O205124,1,2024-07-03,C53476,P1110,2,10.34,0.0,5.79,completed
O205597,1,2024-02-22,C53818,P1041,1,60.89,15.0,44.42,completed
O200188,1,2024-12-14,C50137,P1104,1,17.09,30.0,9.76,completed
O201206,2,"Apr 05, 2023",C50792,P1037,2,46.67,0.0,28.94,completed
O204040,1,"Feb 03, 2024",C52681,P1030,1,61.28,0.0,37.99,completed
O200222,2,2024-02-18,C50153,P1041,2,71.64,0.0,44.42,completed
O202389,4,2024-11-16,C51585,P1046,2,55.11,0.0,34.17,completed
O203392,2,2024-10-13,C52237,P1004,1,304.09,0.0,237.19,completed
O205414,2,2024-11-22,C53683,P1020,2,123.45,,137.56,completed
O201514,2,2023-04-12,C50985,P1037,1,42.0,,28.94,completed
O200662,1,29/12/2024,C50466,P1042,1,64.82,0.0,40.19,completed
O205503,1,2024-10-25,C53743,P1111,1,30.48,0.0,17.07,completed
O202654,1,2024-07-18,C51778,P1056,3,24.84,0.0,11.92,completed
O202360,1,02/11/2024,C51574,P1017,1,222.03,0.0,173.18,completed
O205713,1,"Dec 11, 2024",C53893,P1067,1,19.82,30.0,13.59,completed
O203204,1,25/05/2024,C52112,P1003,3,273.9,,213.64,completed
O204270,2,2024-12-20,C52848,P1053,1,12.03,30.0,8.25,completed
O205053,3,2024-10-15,C53417,P1039,1,32.71,0.0,20.28,completed
O200416,1,2023-03-29,C50303,P1031,1,144.15,0.0,89.37,completed
O200015,2,2024-08-18,C50009,P1116,1,16.95,10.0,10.54,completed
O203644,1,2024-11-15,C52413,P1015,2,234.42,0.0,182.85,completed
O204492,3,2024-07-08,C53008,P1078,2,62.55,5.0,42.8,completed
O200784,2,2024-11-24,C50537,P1022,1,87.26,30.0,97.23,completed
O202350,1,2024-09-23,C51571,P1042,-1,61.58,5.0,40.19,returned
O201311,1,"Oct 11, 2024",C50858,P1031,1,129.74,10.0,89.37,completed
O204605,4,2024-06-20,C53090,P1116,1,18.83,0.0,10.54,completed
O204817,1,07/12/2024,C53248,P1093,4,12.27,20.0,6.14,completed
O201047,2,2024-11-26,C50708,P1087,1,37.29,20.0,30.3,completed
O205791,3,2024-01-10,C53948,P1098,3,9.76,20.0,4.88,completed
O204057,1,2024-12-20,C52696,P1101,1,12.5,20.0,6.25,completed
O204911,1,2024-04-17,C53312,P1114,2,11.91,0.0,6.67,completed
O202799,1,"Jul 14, 2024",C51867,P1075,1,65.26,0.0,42.42,completed
O205842,1,2023-09-12,C53983,P1033,2,38.24,0.0,23.71,completed
O204331,1,16/12/2023,C52882,P1097,1,9.64,10.0,4.28,completed
O202244,2,2024-08-18,C51501,P1077,3,47.7,0.0,31.01,completed
O203385,4,2024-06-29,C52232,P1015,1,234.42,0.0,182.85,completed
O205788,1,2023-09-12,C53945,P1015,1,234.42,0.0,182.85,completed
O204540,1,2024-08-10,C53043,P1033,3,38.24,0.0,23.71,completed
O204660,2,2024-02-24,C53130,P1063,1,35.63,0.0,17.1,completed
O203547,1,2024-09-04,C52359,P1049,1,44.95,0.0,21.58,completed
O205300,3,2024-12-24,C53605,P1017,3,222.03,0.0,173.18,completed
O201961,3,15/06/2023,C51302,P1076,1,83.8,,57.34,completed
O204687,6,02/10/2024,C53154,P1034,1,32.89,0.0,20.39,completed
O202790,1,2024-04-26,C51856,P1026,1,41.43,0.0,25.69,completed
O200537,1,2023-11-19,C50389,P1108,1,15.87,0.0,6.35,completed
O200930,2,2024-11-06,C50626,P1114,1,11.91,0.0,6.67,completed
O201791,1,2023-07-04,C51190,P1017,3,188.73,15.0,173.18,returned
O200395,2,16/03/2024,C50286,P1074,3,79.32,0.0,51.56,completed
O204213,1,18/01/2023,C52793,P1042,2,64.82,0.0,40.19,completed
O204204,3,30/11/2024,C52789,P1074,2,63.46,20.0,51.56,completed
O202956,2,2023-11-10,C51950,P1012,2,278.05,0.0,216.88,completed
O200255,6,2024-08-30,C50185,P1101,2,15.62,0.0,6.25,returned
O205841,1,25/07/2024,C53983,P1015,1,234.42,0.0,182.85,completed
O205266,1,2024-05-19,C53576,P1047,2,49.02,0.0,23.53,completed
O205144,1,2024-06-03,C53493,P1099,1,21.33,0.0,8.53,completed
O202701,2,2024-11-30,C51810,P1097,1,7.5,30.0,4.28,completed
O203027,1,2023-11-23,C51992,P1108,1,12.7,20.0,6.35,completed
O204646,1,2024-06-24,C53119,P1026,2,41.43,0.0,,completed
O205771,4,28/07/2023,C53939,P1015,1,234.42,0.0,182.85,completed
O203080,1,"Jan 07, 2024",C52026,P1065,1,31.93,30.0,21.89,completed
O204970,1,13/10/2023,C53350,P1050,1,34.14,0.0,16.39,completed
O201711,1,2023-12-22,C51117,P1021,1,163.75,0.0,127.73,completed
O200891,2,2024-03-28,C50596,P1081,1,69.81,10.0,50.42,completed
O201678,4,2024-01-16,C51084,P1078,2,65.84,0.0,42.8,completed
O204682,1,2024-12-07,C53149,P1051,2,33.95,10.0,18.11,completed
O202836,1,2024-06-18,C51886,P1052,1,44.0,0.0,21.12,completed
O205774,3,21/11/2024,C53940,P1104,3,24.41,0.0,9.76,completed
O204982,4,2024-08-21,C53365,P1079,5,80.86,5.0,55.33,completed
O200202,2,2024-12-16,C50142,P1012,1,194.64,30.0,216.88,completed
O200456,1,2024-02-03,C50324,P1102,1,29.03,,12.22,completed
O201561,1,2024-04-26,C51020,P1074,1,79.32,0.0,51.56,completed
O203551,3,"Oct 19, 2024",C52360,P1016,1,113.0,0.0,88.14,completed
O205226,2,2024-02-24,C53546,P1066,1,47.32,0.0,22.71,completed
O200237,1,2024-01-08,C50171,P1059,1,17.94,20.0,10.77,completed
O202630,2,2023-07-14,C51762,P1055,1,26.8,0.0,12.86,completed
O203566,2,2024-04-01,C52364,P1075,1,65.26,0.0,42.42,completed
O203232,2,2024-09-17,C52136,P1040,3,58.13,15.0,42.4,completed
O200173,1,13/02/2023,C50128,P1003,2,273.9,0.0,,completed
O202781,1,2024-12-02,C51852,P1047,1,34.31,30.0,23.53,completed
O202576,1,19/04/2024,C51718,P1083,1,42.01,15.0,32.12,completed
O203185,5,2024-09-26,C52099,P1021,2,139.19,15.0,127.73,completed
O205707,1,2024-12-31,C53893,P1112,1,24.87,10.0,15.47,returned
O200161,2,03/09/2024,C50122,P1067,1,28.31,0.0,13.59,completed
O200097,1,2023-11-23,C50068,P1015,3,187.54,20.0,182.85,completed
O200221,1,2024-08-19,C50152,P1038,4,29.21,10.0,20.13,completed
O202136,2,"Dec 21, 2023",C51426,P1114,1,11.91,0.0,6.67,completed
O200518,3,2024-12-27,C50376,P1015,1,234.42,0.0,182.85,completed
O203610,4,05/08/2024,C52393,P1061,1,15.53,0.0,7.45,completed
O200676,1,27/08/2024,C50478,P1074,1,79.32,0.0,51.56,completed
O204396,1,2023-09-08,C52941,P1111,1,27.43,10.0,17.07,completed
O204297,1,2024-05-15,C52861,P1117,3,27.56,0.0,15.43,completed
O205387,1,2024-09-02,C53664,P1034,1,31.25,5.0,20.39,completed
O202385,3,2024-07-12,C51583,P1088,3,57.72,5.0,39.49,completed
O204396,3,2023-09-08,C52941,P1018,4,101.63,5.0,83.44,completed
O202426,1,2023-11-19,C51612,P1056,1,23.6,5.0,11.92,completed
O205731,1,"Oct 06, 2024",C53905,P1017,1,222.03,,173.18,completed
O200502,2,"Sep 03, 2023",C50363,P1100,1,12.65,0.0,5.06,completed
O205820,2,2023-11-06,C53969,P1092,1,17.47,0.0,6.99,completed
O205437,1,2024-07-13,C53695,P1025,3,39.88,0.0,24.73,completed
O200270,1,"Jan 08, 2023",C50197,P1050,3,23.9,30.0,16.39,completed
O200248,1,2024-02-13,C50180,P1111,1,30.48,0.0,17.07,completed
O205371,1,2024-06-27,C53649,P1030,1,61.28,0.0,37.99,completed
O205185,1,2024-05-01,C53517,P1050,1,30.73,10.0,16.39,completed
O205390,3,2024-11-25,C53665,P1109,1,33.61,10.0,,completed
O205494,2,2024-01-13,C53735,P1107,2,8.7,30.0,4.97,completed
O204893,2,2024-03-28,C53302,P1008,1,152.33,0.0,118.82,completed
O204883,3,29/06/2024,C53291,P1117,1,27.56,0.0,15.43,completed
O201324,2,"Oct 02, 2024",C50866,P1056,1,24.84,0.0,11.92,completed
O203067,1,2024-09-19,C52014,P1056,1,23.6,5.0,11.92,completed
O202194,2,2024-12-01,C51464,P1108,3,9.52,40.0,6.35,completed
O203182,5,"Jun 17, 2024",C52099,P1074,1,79.32,0.0,51.56,completed
O203396,2,2023-10-08,C52238,P1045,1,44.51,,32.47,returned
O201521,3,2023-09-07,C50986,P1015,3,234.42,0.0,182.85,completed
O205314,4,"Feb 03, 2024",C53610,P1030,2,61.28,0.0,37.99,completed
O202431,4,26/12/2024,C51618,P1042,1,64.82,0.0,40.19,completed
O204411,1,2024-04-20,C52950,P1088,1,60.76,0.0,39.49,completed
O201519,2,30/11/2023,C50985,P1097,2,8.57,20.0,4.28,completed
O202833,5,"Dec 25, 2024",C51886,P1025,1,39.88,0.0,24.73,completed
O205534,1,"Mar 30, 2023",C53763,P1015,3,210.98,10.0,182.85,completed
O205486,1,"Nov 05, 2024",C53725,P1088,3,60.76,0.0,39.49,completed
O200167,1,2024-12-19,C50126,P1042,1,51.86,20.0,40.19,completed
O200254,1,2024-10-12,C50185,P1008,1,152.33,0.0,118.82,completed
O200677,1,2024-05-02,C50478,P1103,1,15.76,0.0,6.3,completed
O200617,4,2024-04-26,C50433,P1078,2,65.84,0.0,42.8,completed
O200654,5,"Mar 22, 2023",C50460,P1062,1,28.48,0.0,13.67,completed
O203245,4,2024-03-10,C52150,P1084,2,48.91,0.0,31.79,completed
O203293,1,"Oct 17, 2024",C52178,P1079,1,85.12,0.0,55.33,completed
O203145,5,30/01/2023,C52071,P1071,1,18.65,0.0,8.95,completed
O202330,3,2023-02-11,C51562,P1019,1,293.87,0.0,229.22,completed
O204535,1,24/09/2024,C53041,P1074,1,71.39,10.0,51.56,completed
O203677,3,04/10/2024,C52442,P1079,2,85.12,0.0,55.33,completed
O203110,4,2023-11-27,C52050,P1015,3,210.98,10.0,182.85,completed
O200925,3,2024-04-29,C50624,P1088,1,60.76,0.0,39.49,completed
O205487,1,2024-12-09,C53725,P1015,1,187.54,20.0,182.85,completed
O202909,1,2024-06-07,C51921,P1113,1,16.41,10.0,10.21,completed
O205801,3,2024-08-18,C53957,P1010,1,102.05,10.0,88.44,completed
O203229,3,2024-09-01,C52129,P1112,1,23.49,15.0,15.47,completed
O204150,2,2024-11-25,C52747,P1099,1,17.06,20.0,8.53,completed
O202441,1,2023-12-04,C51624,P1043,1,24.79,30.0,21.96,completed
O202282,1,01/06/2024,C51520,P1088,1,57.72,5.0,39.49,completed
O201298,1,2024-05-22,C50847,P1114,1,11.91,0.0,6.67,completed
O202050,1,2024-10-18,C51371,P1005,2,61.99,0.0,48.35,completed
O205762,2,2024-05-16,C53929,P1106,1,16.74,0.0,6.7,completed
O203526,1,2024-12-04,C52347,P1017,1,177.62,20.0,173.18,completed
O205741,3,2024-01-22,C53916,P1094,2,17.6,0.0,7.04,completed
O201759,1,2024-12-05,C51162,P1053,2,15.47,10.0,8.25,completed
O202583,1,"Mar 13, 2024",C51724,P1080,2,50.9,0.0,33.09,completed
O205167,1,"Aug 31, 2024",C53509,P1015,1,234.42,0.0,182.85,completed
O201405,3,15/06/2023,C50925,P1062,2,28.48,0.0,13.67,completed
O205191,2,2024-09-30,C53522,P1020,4,176.36,0.0,137.56,completed
O200411,3,2023-11-01,C50297,P1004,1,288.89,5.0,237.19,completed
O204180,5,2023-10-15,C52770,P1088,2,51.65,15.0,39.49,completed
O201290,2,2024-11-29,C50842,P1072,1,15.91,20.0,9.55,completed
O200187,1,2024-12-13,C50137,P1032,1,36.29,10.0,25.0,completed
O202177,1,2023-08-18,C51452,P1007,1,184.76,5.0,151.69,completed
O200534,4,2024-08-01,C50387,P1096,3,10.19,0.0,4.08,completed
O201166,1,2023-12-14,C50775,P1078,1,46.09,30.0,42.8,completed
O204466,3,11/09/2024,C52987,P1036,-1,82.54,,53.87,returned
O200687,2,26/11/2024,C50479,P1107,2,9.94,20.0,4.97,completed
O203277,2,18/08/2024,C52172,P1030,1,61.28,0.0,37.99,completed
O204868,2,2024-11-03,C53279,P1060,1,51.2,0.0,24.58,completed
O201112,1,28/12/2024,C50748,P1017,2,222.03,0.0,173.18,completed
O205130,2,2024-06-11,C53479,P1088,1,60.76,0.0,39.49,completed
O204253,2,"Apr 21, 2024",C52838,P1051,2,37.72,0.0,18.11,completed
O203166,1,"Jul 17, 2024",C52087,P1087,1,46.61,0.0,30.3,completed
O204895,1,"Nov 04, 2023",C53304,P1119,4,51.92,5.0,,completed
O205595,2,2024-06-28,C53815,P1120,-1,21.77,0.0,12.19,returned
O202096,2,2023-08-11,C51398,P1001,2,192.92,,167.19,completed
O201575,2,2024-06-05,C51037,P1011,2,294.03,0.0,229.34,completed
O201314,1,2023-10-28,C50860,P1120,1,19.59,10.0,12.19,completed
O201152,2,02/12/2024,C50766,P1008,3,121.86,20.0,118.82,completed
O204988,1,2024-03-08,C53371,P1100,1,12.65,0.0,5.06,completed
O200434,1,2024-08-24,C50313,P1099,1,21.33,0.0,8.53,completed
O205446,5,2023-11-26,C53703,P1091,1,16.6,30.0,,completed
O200084,1,2024-08-01,C50061,P1069,1,48.72,0.0,23.39,completed
O202529,3,2024-08-17,C51684,P1004,3,258.48,15.0,237.19,completed
O200476,5,2024-07-10,C50345,P1050,2,341.4,0.0,16.39,completed
O204748,2,2024-12-28,C53193,P1118,1,23.56,5.0,13.89,completed
O200773,1,2024-11-24,C50531,P1043,1,21.25,40.0,21.96,completed
O204458,1,2024-11-23,C52981,P1106,5,10.04,40.0,6.7,completed
O204028,3,2024-09-14,C52672,P1015,3,234.42,0.0,182.85,completed
O203602,3,16/08/2024,C52389,P1071,2,18.65,0.0,8.95,completed
O200386,1,2024-09-23,C50279,P1090,1,77.14,0.0,50.14,completed
O201511,3,2024-11-25,C50984,P1037,1,42.0,10.0,28.94,completed
O200726,2,"Aug 22, 2023",C50500,P1044,2,52.71,5.0,34.4,completed
O200205,2,2024-11-22,C50143,P1018,1,64.19,40.0,83.44,completed
O200106,1,24/12/2024,C50073,P1032,1,40.32,0.0,25.0,completed
O203074,2,2024-05-22,C52022,P1060,1,51.2,0.0,24.58,completed
O202983,1,2024-07-09,C51962,P1067,1,26.89,5.0,13.59,completed
O201061,4,2024-12-08,C50712,P1015,4,140.65,40.0,182.85,completed
O203909,2,2024-12-20,C52580,P1024,1,99.9,40.0,129.87,completed
O201564,1,2024-10-24,C51020,P1060,1,51.2,0.0,24.58,completed
O204985,5,2024-10-22,C53368,P1029,1,51.62,15.0,37.65,completed
O201433,1,2024-11-30,C50945,P1064,2,25.87,40.0,,completed
O202067,3,2024-04-27,C51377,P1062,1,28.48,0.0,13.67,completed
O204333,6,2023-11-24,C52886,P1103,1,12.61,20.0,6.3,completed
O201541,1,"Nov 03, 2024",C51004,P1109,4,37.34,0.0,20.91,completed
O202435,3,"Dec 02, 2024",C51622,P1074,3,71.39,10.0,51.56,completed
O204072,3,2024-10-10,C52709,P1029,2,60.73,0.0,37.65,completed
O204917,2,2024-06-02,C53317,P1088,3,60.76,0.0,,completed
O201821,2,2024-10-15,C51204,P1056,3,24.84,0.0,11.92,completed
O200020,2,"Sep 26, 2024",C50012,P1030,2,61.28,0.0,37.99,completed
O200156,3,2024-11-30,C50116,P1005,1,37.19,40.0,48.35,completed
O201103,1,2023-11-22,C50743,P1007,1,116.69,40.0,151.69,completed
O203654,4,2024-10-27,C52423,P1114,1,11.91,0.0,6.67,completed
O200749,2,2024-11-25,C50513,P1041,3,42.98,40.0,44.42,completed
O204756,1,2024-07-31,C53199,P1098,1,10.98,10.0,4.88,completed
O200210,2,2023-05-21,C50147,P1112,1,27.63,0.0,15.47,completed
O205323,2,2024-06-30,C53617,P1017,3,222.03,0.0,173.18,completed
O201710,2,2024-10-01,C51114,P1030,2,61.28,0.0,37.99,completed
O201019,3,2024-12-12,C50697,P1015,1,140.65,40.0,182.85,completed
O204590,1,2024-06-19,C53077,P1102,1,30.56,,12.22,completed
O201168,1,2024-12-29,C50778,P1044,1,55.48,0.0,34.4,completed
O203009,1,18/06/2024,C51983,P1102,1,30.56,0.0,12.22,completed
O201996,2,2024-12-30,C51327,P1115,2,25.43,0.0,14.24,completed
O205694,3,"Apr 13, 2024",C53882,P1088,1,60.76,,39.49,completed
O205400,1,2024-08-05,C53675,P1112,1,27.63,0.0,15.47,completed
O205402,2,24/11/2023,C53675,P1093,1,10.74,30.0,6.14,completed
O204845,1,"Dec 09, 2024",C53264,P1074,1,71.39,10.0,51.56,completed
O203000,5,"Dec 01, 2024",C51974,P1002,2,92.08,10.0,79.8,completed
O204362,2,2023-12-14,C52911,P1104,-1,19.53,20.0,9.76,returned
O205332,5,2024-01-21,C53625,P1058,-2,616.5,5.0,31.15,returned
O202883,2,2024-08-12,C51908,P1029,1,60.73,,37.65,completed
O200617,1,2024-04-26,C50433,P1071,3,18.65,0.0,8.95,completed
O202451,3,2024-09-03,C51631,P1114,-1,11.91,0.0,6.67,returned
O204410,2,2024-07-28,C52949,P1074,1,75.35,5.0,,completed
O205868,4,2024-06-22,C53998,P1015,3,234.42,0.0,182.85,returned
O201241,2,2024-08-31,C50811,P1072,1,19.89,0.0,9.55,completed
O200690,5,2024-08-03,C50482,P1072,1,19.89,0.0,9.55,completed
O204359,1,2024-03-24,C52909,P1030,4,52.09,15.0,37.99,completed
O205423,2,2023-10-01,C53688,P1097,2,10.71,0.0,4.28,completed
O203284,1,2024-04-02,C52176,P1029,1,57.69,5.0,37.65,completed
O200076,1,"Sep 06, 2024",C50055,P1076,2,88.21,0.0,57.34,completed
O201742,2,2023-11-30,C51145,P1052,2,39.6,10.0,21.12,completed
O205088,2,"Dec 21, 2024",C53453,P1012,1,278.05,0.0,216.88,completed
O201061,3,2024-12-08,C50712,P1114,3,7.15,40.0,6.67,completed
O201358,5,2024-12-29,C50889,P1065,1,38.77,15.0,21.89,completed
O204666,1,2024-12-14,C53133,P1116,1,11.3,40.0,10.54,completed
O204961,1,2023-11-21,C53345,P1091,2,23.72,0.0,9.49,completed
O202298,2,2024-10-31,C51541,P1084,1,48.91,0.0,31.79,completed
O203488,3,2024-07-23,C52316,P1015,2,222.7,5.0,182.85,completed
O200921,1,2024-08-03,C50618,P1070,2,25.82,15.0,14.58,completed
O204053,2,17/05/2023,C52695,P1095,2,8.33,10.0,3.7,completed
O204806,4,2024-09-05,C53243,P1114,3,11.91,0.0,6.67,completed
O201004,2,2024-12-16,C50689,P1034,1,23.02,30.0,20.39,completed
O205187,3,2024-03-02,C53519,P1015,-2,234.42,0.0,182.85,returned
O203269,3,2024-12-09,C52168,P1103,1,11.03,30.0,6.3,completed
O200154,2,2024-12-10,C50113,P1043,2,28.34,20.0,21.96,completed
O201646,1,2023-06-04,C51066,P1112,3,26.25,5.0,15.47,completed
O204887,2,"Dec 02, 2024",C53298,P1031,1,100.9,30.0,89.37,completed
O204802,2,2024-04-13,C53240,P1065,1,43.33,5.0,21.89,completed
O204078,3,2024-10-16,C52711,P1015,1,234.42,0.0,182.85,completed
O205824,1,2024-12-14,C53970,P1109,1,29.87,20.0,20.91,completed
O201289,1,2024-12-13,C50840,P1029,3,54.66,10.0,37.65,completed
O203438,1,17/09/2023,C52281,P1092,2,17.47,0.0,6.99,completed
O204876,5,13/12/2024,C53284,P1005,1,37.19,40.0,48.35,completed
O200928,1,2023-03-13,C50624,P1072,4,17.9,10.0,9.55,completed
O201075,2,2024-11-28,C50722,P1099,1,19.2,10.0,8.53,completed
O200093,2,2023-05-28,C50065,P1024,1,166.5,,129.87,completed
O203626,1,2024-05-12,C52404,P1029,1,51.62,15.0,37.65,completed
O201047,5,2024-11-26,C50708,P1074,1,63.46,20.0,51.56,completed
O203318,3,2024-06-29,C52185,P1045,2,52.37,0.0,32.47,completed
O200091,5,2024-04-11,C50063,P1021,1,163.75,0.0,127.73,completed
O202193,2,2024-12-30,C51464,P1109,2,37.34,0.0,20.91,completed
O205666,2,2024-01-24,C53861,P1095,1,7.86,15.0,3.7,completed
O202372,4,2024-12-18,C51577,P1014,3,269.58,20.0,262.84,completed
O200310,1,2024-12-02,C50223,P1030,1,49.02,20.0,37.99,completed
O200146,3,2024-07-09,C50101,P1094,1,17.6,0.0,7.04,completed
O201826,4,2024-04-03,C51207,P1041,1,64.48,10.0,44.42,completed
O200974,3,2024-06-18,C50657,P1050,1,34.14,0.0,16.39,completed
O200969,3,"Jul 21, 2024",C50655,P1088,1,57.72,5.0,,completed
O200436,1,2024-08-26,C50315,P1013,2,187.98,0.0,146.62,completed
O201064,1,2023-12-14,C50714,P1091,2,18.98,20.0,9.49,completed
O205867,2,29/11/2024,C53997,P1098,2,10.98,10.0,4.88,completed
O201938,1,2024-09-06,C51283,P1097,4,10.17,5.0,4.28,completed
O205519,2,2024-04-12,C53753,P1061,1,15.53,0.0,7.45,completed
O204142,1,"Aug 31, 2024",C52742,P1032,1,38.3,5.0,25.0,completed
O205760,1,2024-11-29,C53929,P1069,1,43.85,10.0,23.39,completed
O202248,1,"May 31, 2024",C51504,P1015,1,234.42,0.0,182.85,completed
O204431,1,"Dec 25, 2024",C52960,P1005,1,61.99,0.0,48.35,completed
O203417,1,2024-11-25,C52263,P1038,1,22.72,30.0,20.13,completed
O201111,4,29/04/2024,C50746,P1114,1,11.91,0.0,6.67,completed
O205663,2,2023-12-05,C53861,P1084,1,34.24,30.0,31.79,completed
O204714,4,2024-09-22,C53166,P1119,1,54.65,0.0,30.6,completed
O201201,1,2024-10-24,C50792,P1079,1,85.12,0.0,55.33,completed
O203235,3,25/03/2024,C52139,P1020,1,176.36,0.0,137.56,completed
O205342,1,06/07/2023,C53631,P1050,4,34.14,0.0,16.39,completed
O204055,1,2024-12-21,C52696,P1012,1,278.05,0.0,216.88,completed
O204879,3,2023-07-12,C53287,P1015,2,234.42,0.0,182.85,completed
O202981,1,2024-09-30,C51962,P1010,1,102.05,10.0,88.44,completed
O200650,1,2024-12-14,C50457,P1062,1,22.78,20.0,13.67,completed
O202301,3,2024-11-15,C51544,P1079,1,76.61,10.0,55.33,completed
O204653,2,2024-12-17,C53124,P1015,1,187.54,20.0,182.85,completed
O205077,1,"Nov 11, 2024",C53436,P1109,1,33.61,10.0,20.91,completed
O203415,1,2024-11-15,C52263,P1100,3,12.65,0.0,5.06,completed
O200664,4,2024-12-01,C50470,P1067,1,22.65,20.0,,completed
O200542,1,2024-06-07,C50394,P1119,4,54.65,0.0,30.6,completed
O200702,2,2024-06-16,C50489,P1084,1,48.91,0.0,31.79,completed
O202578,1,2023-08-06,C51719,P1040,1,68.39,0.0,42.4,returned
O203893,3,2023-07-14,C52572,P1031,1,136.94,5.0,89.37,completed
O200237,2,2024-01-08,C50171,P1084,2,34.24,30.0,31.79,completed
O200019,2,10/12/2024,C50012,P1063,1,28.5,20.0,17.1,completed
O203186,1,2023-10-22,C52101,P1060,1,51.2,0.0,24.58,completed
O205688,1,02/12/2024,C53876,P1034,1,26.31,20.0,20.39,completed
O204634,1,2024-12-18,C53111,P1058,1,51.91,20.0,31.15,completed
O200382,2,2024-06-06,C50277,P1015,1,234.42,0.0,182.85,
O201210,1,2023-10-16,C50794,P1025,2,39.88,0.0,24.73,completed
O205270,1,2024-05-17,C53583,P1015,1,234.42,0.0,182.85,completed
O203465,1,2023-11-24,C52299,P1106,2,11.72,30.0,6.7,completed
O205744,1,2024-11-02,C53919,P1045,2,49.75,5.0,32.47,completed
O203083,1,2024-06-01,C52027,P1076,1,88.21,0.0,57.34,completed
O203335,5,09/05/2024,C52206,P1089,2,78.6,0.0,51.09,completed
O202623,3,2024-04-19,C51759,P1112,3,27.63,0.0,15.47,completed
O205333,2,2024-11-12,C53627,P1112,1,27.63,0.0,15.47,completed
O205721,1,2024-01-20,C53901,P1107,2,12.43,0.0,4.97,completed
O204327,1,2023-12-14,C52879,P1043,1,24.79,30.0,21.96,completed
O203799,2,2024-03-09,C52516,P1079,1,85.12,0.0,55.33,completed
O203905,2,2024-12-14,C52580,P1008,1,121.86,20.0,118.82,completed
O204733,1,2024-11-30,C53176,P1067,1,16.99,40.0,13.59,completed
O202117,1,2023-03-26,C51415,P1015,1,234.42,0.0,182.85,completed
O200094,2,2023-08-25,C50066,P1062,1,24.21,15.0,13.67,completed
O204612,2,2024-11-13,C53095,P1112,2,27.63,0.0,15.47,completed
O201006,1,2024-09-17,C50690,P1114,1,11.91,0.0,6.67,completed
O201867,4,2024-05-19,C51227,P1042,1,64.82,0.0,40.19,completed
O205853,1,2024-09-09,C53988,P1011,1,294.03,,229.34,completed
O200666,1,2024-06-17,C50472,P1054,1,28.68,0.0,13.77,completed
O202794,2,2024-02-07,C51860,P1025,1,39.88,0.0,24.73,completed
O201167,4,28/12/2024,C50778,P1105,1,12.51,0.0,5.0,completed
O201968,1,2023-03-18,C51306,P1032,3,34.27,15.0,25.0,completed
O201670,2,2023-12-12,C51076,P1034,1,26.31,20.0,20.39,completed
O200770,4,12/04/2024,C50524,P1113,1,18.23,0.0,10.21,completed
O200098,1,06/07/2023,C50069,P1095,3,9.25,0.0,3.7,completed
O205728,4,2024-12-10,C53904,P1112,1,22.1,20.0,15.47,completed
O204084,3,29/12/2024,C52717,P1106,1,16.74,0.0,6.7,completed
O204604,2,26/11/2023,C53090,P1111,2,21.34,30.0,17.07,completed
O203248,1,2024-12-28,C52151,P1008,1,152.33,0.0,,completed
O201312,3,2024-12-06,C50858,P1109,2,26.14,30.0,20.91,completed
O204070,1,2024-07-14,C52706,P1101,1,15.62,0.0,6.25,completed
O203357,3,"May 11, 2024",C52215,P1112,1,27.63,0.0,15.47,completed
O202085,4,"Oct 20, 2024",C51391,P1062,1,28.48,0.0,13.67,completed
O205459,1,2024-12-31,C53712,P1015,1,210.98,10.0,182.85,completed
O204440,3,2024-08-17,C52968,P1109,2,33.61,10.0,20.91,completed
O205658,4,2024-12-04,C53860,P1084,1,44.02,10.0,31.79,completed
O202197,2,2023-09-02,C51467,P1109,1,35.47,5.0,20.91,completed
O204102,5,2024-06-14,C52726,P1010,2,113.39,0.0,88.44,completed
O205452,2,2024-12-08,C53707,P1094,1,14.08,20.0,7.04,completed
O201006,3,2024-09-17,C50690,P1015,1,234.42,0.0,182.85,completed
O200039,2,05/10/2024,C50025,P1044,1,49.93,10.0,34.4,completed
O203577,1,2023-09-10,C52372,P1029,3,54.66,10.0,37.65,completed
O201812,2,18/12/2024,C51202,P1016,3,79.1,30.0,88.14,completed
O203760,3,2024-04-03,C52490,P1063,1,35.63,0.0,17.1,completed
O204918,1,"Nov 25, 2024",C53318,P1097,1,9.64,10.0,4.28,completed
O205370,3,"Sep 30, 2024",C53649,P1049,1,44.95,0.0,21.58,returned
O202883,3,2024-08-12,C51908,P1017,2,222.03,,173.18,completed
O200288,4,2024-07-17,C50206,P1021,1,163.75,0.0,127.73,completed
O205160,1,2024-06-10,C53504,P1048,1,34.79,5.0,17.58,completed
O204068,2,2024-09-14,C52705,P1085,1,26.57,15.0,20.32,completed
O201661,3,2023-06-19,C51069,P1016,1,113.0,0.0,88.14,completed
O205782,5,2024-05-01,C53943,P1096,1,9.68,5.0,4.08,completed
O202850,1,2024-10-12,C51898,P1065,-1,45.61,0.0,21.89,returned
O200034,1,2024-11-17,C50020,P1074,2,79.32,0.0,51.56,completed
O202780,2,2024-08-29,C51851,P1015,1,234.42,0.0,182.85,completed
O201356,1,2024-07-14,C50889,P1005,1,61.99,0.0,48.35,completed
O200872,3,2024-09-27,C50584,P1060,1,51.2,0.0,24.58,completed
O205545,4,2024-01-05,C53772,P1088,1,42.53,,39.49,completed
O200477,4,"Dec 03, 2024",C50346,P1015,2,210.98,10.0,182.85,completed
O204602,1,"Oct 07, 2024",C53089,P1066,1,47.32,0.0,22.71,completed
O203331,5,25/07/2024,C52202,P1101,2,15.62,0.0,6.25,completed
O201459,2,2024-07-03,C50959,P1072,1,17.9,10.0,9.55,completed
O204067,1,2024-09-08,C52705,P1015,1,234.42,0.0,182.85,completed
O203046,2,2024-08-28,C52007,P1074,1,79.32,0.0,51.56,completed
O200404,1,31/08/2024,C50290,P1001,1,214.35,0.0,167.19,completed
O202982,2,2024-08-31,C51962,P1045,3,49.75,5.0,32.47,completed
O202459,2,2024-06-18,C51636,P1110,3,10.34,0.0,5.79,completed
O205797,1,"Aug 29, 2024",C53955,P1038,2,27.59,15.0,20.13,completed
O205008,4,"Oct 21, 2024",C53381,P1114,1,11.91,0.0,6.67,completed
O204616,1,2024-11-20,C53097,P1015,-1,199.26,15.0,182.85,returned
O200930,1,06/11/2024,C50626,P1077,1,45.32,5.0,31.01,completed
O200214,3,2024-03-31,C50148,P1085,1,31.26,0.0,20.32,completed
O203778,4,21/02/2024,C52506,P1111,3,25.91,15.0,17.07,completed
O202357,3,2024-06-29,C51572,P1085,1,31.26,0.0,20.32,completed
O203899,1,2024-12-19,C52575,P1004,2,273.68,10.0,237.19,completed
O201793,1,2024-08-08,C51192,P1008,3,152.33,0.0,118.82,completed
O203614,2,"Jul 25, 2024",C52395,P1055,1,26.8,0.0,12.86,completed
O202948,3,2023-06-04,C51944,P1026,1,41.43,0.0,25.69,completed
O203709,2,18/09/2024,C52459,P1106,2,16.74,0.0,6.7,completed
O205482,4,2023-10-16,C53723,P1021,4,163.75,0.0,127.73,completed
O204443,1,2024-02-03,C52970,P1084,1,44.02,10.0,31.79,completed
O203012,1,2024-11-02,C51985,P1089,2,78.6,0.0,51.09,completed
O201749,4,2024-11-25,C51153,P1111,1,27.43,10.0,17.07,completed
O202372,1,2024-12-18,C51577,P1015,1,164.09,30.0,182.85,completed
O200812,1,2024-12-16,C50544,P1077,1,28.62,40.0,31.01,completed
O200544,3,12/08/2024,C50394,P1010,2,113.39,0.0,88.44,completed
O202816,1,2023-08-25,C51876,P1025,1,39.88,0.0,24.73,completed
O201592,1,2024-02-05,C51046,P1039,1,29.44,10.0,20.28,completed
O200465,2,2024-11-13,C50334,P1068,1,26.9,0.0,12.91,completed
O200992,4,2024-12-17,C50676,P1100,1,11.38,10.0,5.06,completed
O204094,2,"Mar 13, 2024",C52722,P1090,1,77.14,0.0,50.14,completed
O201754,5,2024-12-06,C51158,P1057,2,20.48,30.0,14.04,completed
O202336,2,2023-01-15,C51566,P1060,1,46.08,10.0,24.58,completed
O204477,1,2024-12-24,C52998,P1041,3,71.64,0.0,44.42,completed
O205198,2,2024-11-18,C53526,P1028,1,59.31,0.0,36.77,completed
O202904,2,2024-11-29,C51920,P1015,1,187.54,20.0,182.85,completed
O201185,1,09/08/2024,C50784,P1096,1,10.19,0.0,4.08,completed
O204233,1,2024-12-10,C52813,P1021,3,147.38,10.0,127.73,completed
O202378,2,22/05/2024,C51580,P1032,1,36.29,10.0,25.0,completed
O202089,3,2023-12-04,C51391,P1027,3,38.68,40.0,39.97,completed
O200602,1,2024-05-17,C50427,P1050,3,34.14,0.0,16.39,completed
O203914,2,2024-11-28,C52588,P1107,1,9.94,20.0,4.97,completed
O203991,3,2024-12-16,C52647,P1087,1,41.95,10.0,30.3,completed
O204357,2,2024-06-14,C52907,P1114,3,11.31,5.0,6.67,completed
O204209,1,21/12/2024,C52790,P1059,1,22.43,0.0,10.77,completed
O201906,1,2024-11-09,C51260,P1019,1,264.48,10.0,229.22,completed
O204289,3,"Jul 28, 2023",C52855,P1053,1,17.19,0.0,8.25,completed
O203938,4,2024-12-23,C52614,P1074,2,79.32,0.0,51.56,completed
O204888,3,2024-12-18,C53298,P1074,1,71.39,10.0,51.56,completed
O205001,3,2024-12-15,C53378,P1100,1,11.38,10.0,5.06,completed
O200789,1,04/12/2024,C50538,P1108,1,12.7,20.0,6.35,completed
O201236,3,2023-10-23,C50809,P1023,3,319.59,10.0,276.98,completed
O202131,2,24/03/2024,C51423,P1102,4,30.56,0.0,12.22,completed
O201237,1,"Mar 08, 2024",C50809,P1034,1,32.89,0.0,20.39,completed
O203998,4,13/12/2024,C52652,P1057,1,20.48,30.0,14.04,completed
O205263,3,"Dec 03, 2024",C53576,P1078,1,52.67,20.0,42.8,completed
O204816,1,17/05/2023,C53247,P1080,-1,50.9,0.0,33.09,returned
O204109,1,2023-07-24,C52730,P1047,4,49.02,,23.53,completed
O203954,3,24/12/2024,C52625,P1090,2,77.14,0.0,50.14,completed
O200119,2,2023-09-06,C50085,P1070,1,27.34,10.0,14.58,completed
O205647,1,2024-11-14,C53855,P1042,3,61.58,5.0,40.19,completed
O200950,1,2024-09-30,C50639,P1089,1,78.6,0.0,51.09,completed
O203196,1,"Mar 07, 2023",C52108,P1065,2,43.33,5.0,21.89,completed
O200127,2,2023-06-22,C50092,P1016,1,113.0,0.0,88.14,completed
O203991,5,2024-12-16,C52647,P1110,3,8.27,20.0,5.79,completed
O204231,2,2023-12-04,C52812,P1062,-5,22.78,20.0,13.67,returned
O205143,2,2024-09-08,C53492,P1111,1,30.48,0.0,17.07,completed
O204632,4,2024-04-04,C53110,P1050,1,32.43,,16.39,completed
O202205,1,2024-11-17,C51475,P1064,2,43.11,0.0,20.69,completed
O204073,1,07/11/2024,C52709,P1041,4,71.64,0.0,44.42,completed
O200899,4,"Dec 10, 2024",C50605,P1006,1,62.0,30.0,69.08,completed
O201326,1,2024-12-18,C50870,P1092,1,10.48,40.0,6.99,completed
O201996,3,30/12/2024,C51327,P1087,3,46.61,0.0,,completed
O201405,4,2023-06-15,C50925,P1107,1,12.43,0.0,4.97,completed
O201265,2,2023-04-30,C50824,P1113,1,18.23,0.0,10.21,returned
O202150,1,"Dec 04, 2023",C51433,P1013,2,150.38,20.0,146.62,completed
O201875,2,2024-10-25,C51234,P1061,1,15.53,0.0,7.45,completed
O204467,1,2023-12-10,C52987,P1015,4,210.98,10.0,182.85,completed
O202180,3,"Jul 02, 2024",C51453,P1047,1,49.02,0.0,23.53,completed
O200836,2,25/07/2024,C50564,P1037,4,46.67,0.0,28.94,completed
O204281,4,29/03/2024,C52852,P1013,1,159.78,15.0,146.62,completed
O204014,5,11/03/2024,C52665,P1081,1,65.93,15.0,50.42,completed
O201114,5,2024-12-20,C50750,P1015,2,187.54,20.0,182.85,completed
O200064,1,2023-11-30,C50038,P1042,1,58.34,10.0,40.19,completed
O203851,1,2024-08-27,C52552,P1120,1,21.77,0.0,12.19,completed
O203610,3,2024-08-05,C52393,P1093,1,15.34,0.0,6.14,completed
O205082,2,2023-05-07,C53446,P1049,1,40.46,10.0,21.58,completed
O200977,2,11/06/2024,C50661,P1056,1,23.6,5.0,11.92,completed
O202897,1,2023-04-30,C51915,P1103,1,15.76,0.0,6.3,completed
O201080,1,2024-08-31,C50727,P1074,1,79.32,,51.56,completed
O204836,4,"Oct 20, 2023",C53261,P1015,4,234.42,0.0,182.85,completed
O200761,4,2023-01-31,C50519,P1047,2,49.02,0.0,23.53,completed
O205696,2,2024-08-25,C53884,P1114,1,119.1,0.0,6.67,completed
O203037,1,2024-10-23,C51997,P1099,2,18.13,,8.53,completed
O202164,1,2024-11-23,C51442,P1012,1,222.44,20.0,216.88,completed
O204218,4,2023-06-17,C52796,P1025,1,33.9,,24.73,completed
O200349,2,2024-08-22,C50256,P1018,1,106.98,0.0,,completed
O200599,1,2024-09-03,C50426,P1076,1,83.8,5.0,57.34,completed
O202759,2,2024-10-24,C51836,P1014,3,320.12,5.0,262.84,completed
O200683,2,2023-09-04,C50478,P1088,1,60.76,0.0,39.49,completed
O202011,2,14/12/2024,C51338,P1053,4,13.75,20.0,8.25,completed
O202751,2,2023-05-06,C51833,P1015,1,234.42,0.0,182.85,completed
O205325,2,2024-11-28,C53619,P1101,1,9.37,40.0,6.25,completed
O200648,2,2023-02-05,C50457,P1085,1,31.26,0.0,20.32,completed
O203355,1,2024-08-07,C52213,P1034,2,29.6,10.0,20.39,completed
O202009,3,2023-04-06,C51338,P1114,1,11.91,0.0,6.67,completed
O204677,2,"Dec 26, 2023",C53144,P1074,2,79.32,0.0,51.56,completed
O205642,2,2024-09-16,C53852,P1093,1,15.34,0.0,6.14,completed
O202535,2,2024-08-01,C51688,P1047,1,49.02,0.0,23.53,completed
O202782,2,2024-08-31,C51852,P1088,2,60.76,0.0,39.49,completed
O205711,3,2024-11-16,C53893,P1032,1,34.27,15.0,25.0,completed
O203780,1,2024-12-04,C52507,P1057,2,26.33,10.0,14.04,completed
O202086,2,2024-08-03,C51391,P1008,2,152.33,0.0,118.82,completed
O201608,3,2023-01-10,C51052,P1015,2,164.09,30.0,182.85,completed
O202974,4,2024-04-05,C51959,P1015,1,222.7,5.0,182.85,completed
O203336,2,2024-05-02,C52206,P1068,4,24.21,10.0,12.91,completed
O204010,5,18/12/2024,C52662,P1019,1,205.71,30.0,229.22,completed
O201292,1,2024-04-24,C50844,P1077,1,45.32,5.0,31.01,completed
O204243,1,2024-10-16,C52821,P1060,1,51.2,0.0,24.58,completed
O203749,2,2023-11-22,C52483,P1018,3,85.58,20.0,83.44,completed
O201672,2,24/11/2024,C51078,P1047,1,29.41,,23.53,completed
O201723,1,2024-11-06,C51131,P1109,1,373.40000000000003,0.0,20.91,completed
O200772,4,17/04/2023,C50526,P1064,1,43.11,,20.69,completed
O205160,2,2024-06-10,C53504,P1025,1,39.88,0.0,24.73,completed
O201171,1,06/05/2023,C50781,P1040,2,68.39,0.0,42.4,completed
O200403,2,26/12/2023,C50290,P1099,2,21.33,0.0,8.53,completed
O202905,2,2024-12-28,C51920,P1030,1,61.28,0.0,37.99,completed
O203292,3,"Jun 01, 2024",C52178,P1055,1,22.78,15.0,12.86,completed
O205116,1,2024-11-24,C53473,P1099,1,14.93,30.0,8.53,completed
O205646,1,2024-12-09,C53855,P1045,1,41.9,20.0,32.47,completed
O201307,1,2024-10-30,C50854,P1036,1,86.88,0.0,53.87,completed
O203263,1,2024-12-04,C52159,P1004,1,273.68,10.0,237.19,completed
O203004,5,03/04/2023,C51978,P1048,2,36.62,0.0,17.58,completed
O205242,1,2023-03-27,C53557,P1052,1,44.0,,21.12,completed
O200864,2,2024-03-24,C50581,P1099,1,21.33,0.0,8.53,completed
O205188,1,2024-11-30,C53519,P1094,4,14.08,20.0,7.04,completed
O202906,5,2024-07-07,C51921,P1027,2,64.47,0.0,39.97,completed
O204831,1,"Jun 04, 2023",C53258,P1003,2,246.51,10.0,213.64,completed
O205618,1,14/10/2024,C53830,P1093,2,15.34,0.0,6.14,completed
O202837,1,23/11/2023,C51886,P1101,1,14.06,10.0,6.25,completed
O204289,2,2023-07-28,C52855,P1092,1,17.47,0.0,6.99,completed
O202706,1,"Jun 09, 2024",C51813,P1111,2,30.48,0.0,17.07,completed
O205220,4,2024-11-10,C53545,P1027,1,58.02,10.0,39.97,completed
O204523,2,2024-07-22,C53031,P1109,3,33.61,10.0,20.91,completed
O205376,2,2024-05-23,C53654,P1052,1,37.4,15.0,21.12,completed
O201549,2,2024-10-16,C51012,P1001,1,192.92,10.0,167.19,completed
O205267,1,2024-12-08,C53576,P1044,3,38.84,30.0,34.4,completed
O202610,2,"Aug 28, 2024",C51749,P1073,1,36.39,0.0,23.65,completed
O201188,1,2024-05-14,C50786,P1067,1,25.48,10.0,13.59,completed
O204438,3,2023-07-20,C52965,P1071,1,18.65,0.0,8.95,completed
O200703,3,2024-08-18,C50491,P1112,2,27.63,0.0,15.47,completed
O200069,1,2023-09-09,C50047,P1019,2,293.87,0.0,229.22,completed
O201960,1,2024-11-30,C51302,P1052,1,39.6,10.0,21.12,completed
O205035,1,21/07/2024,C53401,P1008,2,152.33,0.0,118.82,completed
O200924,2,2024-10-14,C50622,P1062,1,28.48,0.0,13.67,completed
O204116,3,2024-07-26,C52732,P1021,2,139.19,15.0,127.73,completed
O200234,1,2024-04-01,C50162,P1107,3,11.81,5.0,4.97,completed
O200561,1,2024-09-25,C50402,P1005,1,61.99,0.0,48.35,completed
O200757,1,2024-04-13,C50516,P1004,2,288.89,5.0,237.19,completed
O201202,4,07/02/2023,C50792,P1074,1,79.32,0.0,51.56,completed
O205357,2,2024-12-28,C53640,P1078,2,62.55,5.0,42.8,completed
O205378,1,2024-09-08,C53657,P1050,1,34.14,0.0,16.39,completed
O203924,5,2023-11-14,C52603,P1012,1,278.05,0.0,216.88,completed
O203452,4,2024-03-08,C52291,P1120,1,20.68,,12.19,completed
O201281,1,24/11/2024,C50839,P1083,-2,39.54,20.0,32.12,
O203279,2,17/12/2024,C52175,P1008,1,106.63,30.0,118.82,completed
O202821,4,03/12/2024,C51880,P1030,1,42.9,30.0,37.99,completed
O204949,2,2024-06-21,C53337,P1013,2,187.98,0.0,146.62,completed
O203719,2,"Sep 23, 2024",C52461,P1019,1,293.87,0.0,229.22,completed
O204101,1,01/10/2024,C52726,P1006,1,88.57,0.0,69.08,completed
O203167,2,2024-05-19,C52089,P1031,1,144.15,0.0,89.37,completed
O201296,1,2024-12-16,C50847,P1098,1,8.54,30.0,,completed
O203623,1,2024-12-04,C52401,P1067,1,22.65,20.0,13.59,completed
O204633,1,2024-08-22,C53111,P1044,2,55.48,0.0,34.4,completed
O200986,2,18/12/2024,C50669,P1081,1,69.81,10.0,50.42,completed
O204613,1,"Dec 02, 2023",C53095,P1007,1,155.58,20.0,151.69,completed
O203721,2,2023-08-14,C52461,P1034,1,29.6,10.0,20.39,completed
O200209,1,"Jun 03, 2024",C50147,P1015,1,234.42,0.0,182.85,completed
O205485,5,2023-05-18,C53725,P1110,5,10.34,0.0,5.79,completed
O200773,3,"Nov 24, 2024",C50531,P1045,3,41.9,20.0,32.47,completed
O201351,1,2024-12-26,C50885,P1006,1,88.57,0.0,69.08,completed
O200003,1,2023-10-28,C50003,P1041,2,71.64,0.0,44.42,completed
O205003,3,"Dec 12, 2024",C53379,P1062,1,17.09,40.0,13.67,completed
O205378,3,2024-09-08,C53657,P1015,2,222.7,5.0,182.85,completed
O204859,2,2024-09-01,C53275,P1114,1,11.31,5.0,6.67,completed
O202388,2,2024-12-04,C51584,P1061,1,9.32,40.0,7.45,completed
O200910,4,"Dec 02, 2024",C50614,P1027,1,51.58,20.0,39.97,completed
O200646,3,2024-07-01,C50455,P1041,3,64.48,10.0,44.42,completed
O202319,4,"Dec 26, 2024",C51556,P1015,4,234.42,,182.85,completed
O201794,2,2024-07-23,C51193,P1105,1,11.88,5.0,5.0,completed
O200383,1,2023-11-23,C50277,P1021,1,98.25,40.0,127.73,completed
O203497,1,19/08/2024,C52324,P1048,-1,36.62,0.0,17.58,returned
O203970,4,2024-12-24,C52639,P1006,2,88.57,0.0,69.08,completed
O204792,2,19/11/2024,C53226,P1067,1,28.31,0.0,13.59,completed
O201524,2,2024-12-28,C50987,P1048,4,31.13,15.0,17.58,completed
O203304,1,03/10/2024,C52183,P1097,1,10.71,0.0,4.28,completed
O202415,1,2024-09-21,C51605,P1040,1,58.13,15.0,42.4,completed
O200029,2,04/05/2024,C50016,P1116,3,18.83,0.0,10.54,completed
O204350,4,23/04/2023,C52899,P1114,1,11.91,0.0,6.67,completed
O203909,4,2024-12-20,C52580,P1088,1,48.61,20.0,,completed
O204327,2,2023-12-14,C52879,P1015,1,187.54,20.0,,completed
O200301,2,11/11/2024,C50218,P1074,1,71.39,10.0,51.56,completed
O204862,3,2023-12-07,C53276,P1035,2,47.05,30.0,41.68,completed
O201736,2,17/04/2024,C51137,P1015,1,234.42,0.0,182.85,completed
O201887,3,2023-09-10,C51243,P1100,1,12.65,0.0,5.06,completed
O204403,3,2024-10-06,C52945,P1054,2,25.81,10.0,13.77,completed
O200674,2,"Sep 17, 2023",C50476,P1055,1,24.12,10.0,12.86,completed
O200570,1,2023-12-23,C50406,P1092,1,17.47,0.0,6.99,completed
O200238,1,2024-01-10,C50172,P1052,1,30.8,30.0,21.12,completed
O203120,1,2024-05-31,C52057,P1096,1,10.19,0.0,4.08,completed
O204146,1,2024-01-30,C52743,P1012,1,278.05,0.0,216.88,completed
O200311,2,29/03/2023,C50224,P1112,2,27.63,0.0,15.47,returned
O204286,1,2024-05-21,C52854,P1101,5,15.62,0.0,6.25,completed
O205640,1,2023-06-18,C53851,P1077,1,47.7,0.0,31.01,returned
O202467,2,10/07/2023,C51641,P1006,2,88.57,0.0,69.08,completed
O200262,5,2024-04-23,C50191,P1067,3,28.31,0.0,13.59,completed
O205156,3,2023-04-17,C53504,P1029,1,60.73,0.0,37.65,completed
O203219,2,2024-04-08,C52127,P1031,2,144.15,0.0,89.37,completed
O203931,3,05/11/2024,C52611,P1009,1,179.6,0.0,140.09,completed
O201613,2,2024-11-24,C51057,P1015,5,210.98,10.0,182.85,completed
O200486,3,2024-12-22,C50354,P1019,3,264.48,10.0,229.22,completed
O201034,1,2024-03-03,C50707,P1020,3,176.36,0.0,137.56,completed
O204654,2,01/12/2024,C53124,P1083,2,29.65,40.0,32.12,completed
O200764,1,2024-10-21,C50520,P1084,1,48.91,,31.79,completed
O200269,2,03/12/2023,C50197,P1055,1,24.12,10.0,12.86,completed
O202188,4,2024-03-26,C51460,P1080,1,50.9,0.0,33.09,completed
O200630,1,2024-12-16,C50443,P1009,2,143.68,20.0,140.09,completed
O205480,2,28/06/2024,C53721,P1015,1,234.42,0.0,182.85,completed
O200370,2,20/06/2024,C50268,P1031,1,144.15,0.0,89.37,completed
O205365,3,2023-07-09,C53646,P1094,1,17.6,0.0,7.04,completed
O204333,5,2023-11-24,C52886,P1015,1,187.54,20.0,182.85,completed
O201287,5,2024-12-24,C50840,P1077,3,47.7,0.0,31.01,completed
O204932,1,17/05/2024,C53330,P1070,3,30.38,0.0,14.58,completed
O202100,4,2024-12-15,C51402,P1055,1,24.12,10.0,12.86,completed
O202378,1,2024-05-22,C51580,P1074,4,79.32,0.0,51.56,completed
O202593,2,2024-07-21,C51732,P1008,1,144.71,5.0,118.82,completed
O204387,3,2024-05-04,C52937,P1114,1,11.91,0.0,6.67,completed
O204388,1,2024-12-08,C52938,P1053,2,13.75,20.0,8.25,completed
O205663,1,2023-12-05,C53861,P1058,1,51.91,20.0,31.15,completed
O201154,1,2024-10-19,C50766,P1077,1,47.7,0.0,31.01,completed
O203645,2,2024-12-08,C52416,P1030,2,42.9,30.0,37.99,completed
O203776,4,2024-05-31,C52506,P1043,3,35.42,0.0,21.96,completed
O201877,3,2024-03-26,C51234,P1112,2,27.63,0.0,15.47,completed
O203287,3,2024-11-27,C52177,P1030,4,42.9,30.0,37.99,completed
O201633,5,07/08/2024,C51063,P1067,3,28.31,0.0,13.59,completed
O204541,4,2024-08-05,C53045,P1059,5,22.43,0.0,10.77,completed
O204674,1,2024-11-28,C53143,P1103,1,12.61,20.0,6.3,completed
O203398,1,06/10/2024,C52240,P1030,2,55.15,,37.99,completed
O201975,1,2024-11-22,C51309,P1112,1,22.1,20.0,15.47,completed
O201996,1,2024-12-30,C51327,P1032,2,40.32,0.0,25.0,completed
O200375,3,2024-06-29,C50269,P1054,1,28.68,0.0,13.77,completed
O200753,4,2024-05-10,C50516,P1071,2,17.72,5.0,8.95,completed
O202065,3,2024-05-04,C51377,P1013,1,187.98,0.0,146.62,returned
O201454,1,2024-10-31,C50955,P1015,2,234.42,0.0,182.85,completed
O202991,3,2024-12-31,C51966,P1042,1,58.34,10.0,40.19,completed
O205538,1,29/08/2023,C53767,P1114,1,11.91,0.0,6.67,completed
O205331,3,2024-07-17,C53624,P1085,4,31.26,0.0,20.32,completed
O200416,4,2023-03-29,C50303,P1040,1,68.39,0.0,42.4,completed
O201934,3,2024-09-12,C51277,P1023,1,355.1,0.0,276.98,completed
O202106,3,2024-09-02,C51406,P1019,2,249.79,15.0,229.22,completed
O205095,1,"Sep 27, 2023",C53460,P1042,3,64.82,0.0,40.19,completed
O202369,1,25/02/2024,C51577,P1100,1,12.65,0.0,5.06,completed
O203051,2,2023-12-03,C52009,P1078,4,46.09,30.0,42.8,completed
O200208,2,2024-10-05,C50144,P1015,2,222.7,5.0,182.85,completed
O201990,2,2024-10-06,C51320,P1060,1,51.2,0.0,24.58,completed
O202277,3,2024-10-09,C51519,P1027,1,58.02,10.0,39.97,completed
O200425,1,2023-11-25,C50305,P1057,1,23.41,20.0,14.04,completed
O204491,1,2024-10-21,C53007,P1061,1,15.53,0.0,7.45,completed
O202964,6,27/09/2023,C51954,P1050,1,34.14,0.0,16.39,completed
O201544,1,2024-04-27,C51007,P1114,1,11.31,5.0,6.67,completed
O203995,1,2023-05-08,C52651,P1098,1,12.2,0.0,4.88,completed
O204175,1,"Jul 22, 2024",C52760,P1054,1,28.68,0.0,13.77,completed
O201452,1,2024-06-13,C50955,P1034,1,32.89,0.0,20.39,completed
O202520,3,18/12/2024,C51676,P1088,2,48.61,20.0,39.49,completed
O202024,2,2023-06-08,C51347,P1089,1,70.74,10.0,51.09,completed
O204187,4,"Oct 17, 2023",C52773,P1078,4,62.55,5.0,42.8,completed
O205582,1,2024-11-25,C53806,P1070,1,24.3,20.0,14.58,completed
O201359,5,2024-12-17,C50890,P1073,2,29.11,,23.65,completed
O204707,2,"Nov 21, 2024",C53164,P1024,2,166.5,,129.87,completed
O205065,3,2023-12-20,C53428,P1056,1,22.36,10.0,11.92,completed
O203167,1,19/05/2024,C52089,P1099,1,21.33,0.0,8.53,completed
O201999,2,2024-02-11,C51330,P1085,1,28.13,10.0,20.32,completed
O200149,1,2023-12-05,C50104,P1030,1,55.15,10.0,37.99,completed
O204568,1,2024-07-16,C53065,P1008,2,152.33,0.0,118.82,completed
O201345,3,2024-02-15,C50880,P1059,1,22.43,0.0,10.77,completed
O201462,2,30/11/2024,C50959,P1035,1,47.05,30.0,41.68,completed
O200385,1,2023-03-02,C50277,P1015,3,222.7,5.0,182.85,completed
O204564,3,2024-02-25,C53064,P1047,3,49.02,0.0,23.53,completed
O203825,4,2024-12-25,C52533,P1006,3,84.14,5.0,69.08,completed
O200906,1,2023-12-08,C50610,P1054,1,25.81,10.0,13.77,completed
O202517,1,2024-10-02,C51674,P1111,1,30.48,0.0,17.07,completed
O205619,3,23/06/2023,C53831,P1103,1,14.18,10.0,6.3,completed
O201520,1,2023-10-30,C50986,P1079,1,85.12,0.0,55.33,completed
O202472,1,2024-11-26,C51644,P1032,1,36.29,10.0,25.0,completed
O205660,1,19/10/2024,C53860,P1004,3,304.09,0.0,237.19,completed
O201050,2,2024-12-06,C50708,P1039,1,29.44,10.0,20.28,completed
O201911,1,2024-03-13,C51268,P1034,1,32.89,0.0,20.39,completed
O202380,3,2024-08-17,C51582,P1119,1,51.92,5.0,30.6,completed
O200638,1,2024-06-21,C50449,P1100,2,12.65,0.0,5.06,completed
O201666,1,2024-11-02,C51071,P1036,1,82.54,5.0,53.87,completed
O202854,1,2024-08-02,C51899,P1010,3,113.39,0.0,88.44,completed
O203604,6,2024-12-04,C52389,P1057,1,23.41,20.0,14.04,completed
O200560,1,2024-02-14,C50402,P1073,1,36.39,0.0,23.65,completed
O203437,1,2024-01-12,C52279,P1105,1,10.01,20.0,5.0,completed
O203801,1,11/05/2024,C52516,P1003,2,273.9,0.0,,returned
O200571,1,2024-08-22,C50406,P1034,2,32.89,0.0,20.39,completed
O201830,1,2024-12-08,C51209,P1064,3,38.8,10.0,20.69,completed
O201809,2,2024-11-27,C51202,P1119,3,49.18,10.0,30.6,completed
O204933,2,09/03/2024,C53330,P1061,1,15.53,0.0,7.45,completed
O202016,2,2024-02-27,C51343,P1094,1,17.6,0.0,7.04,completed
O203380,2,"Jun 28, 2024",C52230,P1090,3,77.14,0.0,50.14,completed
O200557,1,2024-11-30,C50401,P1114,1,9.53,20.0,6.67,completed
O200099,2,13/04/2023,C50069,P1052,2,37.4,15.0,21.12,completed
O203359,1,2023-12-30,C52215,P1047,-4,49.02,0.0,23.53,returned
O201800,4,2023-11-25,C51200,P1070,4,21.27,30.0,14.58,completed
O205425,1,2024-05-13,C53688,P1015,1,234.42,0.0,182.85,completed
O200230,1,2023-09-27,C50159,P1037,2,46.67,0.0,,completed
O201859,1,20/12/2024,C51222,P1060,1,35.84,30.0,24.58,completed
O202069,4,2023-11-06,C51377,P1032,1,40.32,0.0,25.0,completed
O203055,2,13/05/2024,C52011,P1055,1,26.8,0.0,12.86,completed
O202893,1,2023-10-13,C51915,P1120,1,21.77,0.0,12.19,completed
O204377,2,2024-12-21,C52929,P1068,2,26.9,0.0,12.91,completed
O204931,3,25/08/2024,C53327,P1030,5,61.28,0.0,37.99,completed
O201079,1,06/12/2024,C50727,P1114,1,7.15,40.0,6.67,completed
O200486,4,2024-12-22,C50354,P1065,1,45.61,0.0,21.89,completed
O205864,2,2024-12-02,C53996,P1090,1,69.43,10.0,50.14,completed
O203085,2,2024-05-20,C52028,P1114,1,10.12,15.0,6.67,completed
O202907,1,"Nov 29, 2023",C51921,P1054,1,17.21,40.0,,completed
O201156,2,2024-08-06,C50767,P1066,1,47.32,0.0,22.71,completed
O201574,3,2024-06-24,C51037,P1066,4,44.95,5.0,22.71,completed
O200136,3,21/09/2024,C50096,P1069,2,48.72,0.0,23.39,completed
O204214,2,2024-09-29,C52793,P1102,1,30.56,0.0,12.22,completed
O204138,1,2023-12-06,C52740,P1070,1,27.34,10.0,14.58,completed
O202588,1,2024-05-25,C51729,P1032,1,40.32,0.0,25.0,completed
O204029,2,2024-05-31,C52672,P1068,1,22.86,,12.91,completed
O204434,2,2024-05-28,C52963,P1019,4,293.87,0.0,229.22,completed
O203655,1,2024-09-24,C52424,P1001,1,214.35,0.0,167.19,completed
O204319,1,2024-11-27,C52874,P1032,2,28.22,,25.0,completed
O202894,1,2023-10-14,C51915,P1043,2,35.42,0.0,21.96,completed
O202803,1,2024-11-21,C51873,P1085,1,26.57,15.0,20.32,completed
O200829,3,22/07/2023,C50557,P1110,1,10.34,0.0,5.79,completed
O200193,5,05/06/2024,C50138,P1011,1,294.03,0.0,229.34,completed
O202174,3,2024-11-23,C51447,P1040,1,54.71,20.0,42.4,completed
O200115,3,2024-09-15,C50082,P1031,1,144.15,0.0,,completed
O202939,1,2024-12-22,C51942,P1086,1,78.87,0.0,51.27,completed
O200654,1,2023-03-22,C50460,P1015,1,234.42,0.0,182.85,completed
O203153,6,28/10/2023,C52076,P1090,1,77.14,0.0,50.14,completed
O205288,1,30/01/2023,C53595,P1078,1,65.84,0.0,42.8,completed
O205541,3,2024-02-17,C53771,P1002,1,92.08,10.0,79.8,completed
O205441,3,2024-05-17,C53697,P1049,1,44.95,0.0,21.58,completed
O201399,3,2024-12-19,C50921,P1118,1,14.88,40.0,13.89,completed
O202962,2,2023-08-20,C51954,P1073,1,34.57,5.0,23.65,completed
O200584,2,2024-12-06,C50417,P1042,1,51.86,,40.19,completed
O200909,1,2024-12-21,C50614,P1050,1,32.43,5.0,16.39,completed
O201919,3,2024-09-27,C51271,P1015,1,210.98,10.0,182.85,completed
O200996,2,2023-05-19,C50682,P1105,4,11.26,10.0,5.0,completed
O204720,2,2024-01-07,C53171,P1031,2,129.74,10.0,89.37,completed
O205167,3,31/08/2024,C53509,P1056,3,24.84,0.0,11.92,completed
O204048,1,2024-11-09,C52690,P1011,5,294.03,0.0,229.34,completed
O205349,2,2024-08-13,C53636,P1074,1,79.32,0.0,51.56,completed
O203988,2,2024-07-29,C52646,P1119,2,54.65,0.0,30.6,completed
O201015,3,2024-12-03,C50697,P1112,1,22.1,,15.47,completed
O200068,1,2023-10-05,C50045,P1080,2,50.9,0.0,33.09,completed
O203713,2,2024-08-18,C52460,P1112,2,27.63,0.0,15.47,completed
O205774,5,2024-11-21,C53940,P1090,1,77.14,0.0,50.14,completed
O200221,2,19/08/2024,C50152,P1096,1,9.17,10.0,4.08,completed
O203707,1,2024-10-06,C52459,P1068,2,26.9,0.0,12.91,completed
O201985,1,2024-11-22,C51318,P1092,2,10.48,40.0,6.99,completed
O205035,3,2024-07-21,C53401,P1022,1,124.65,0.0,97.23,completed
O202920,1,04/04/2024,C51928,P1076,1,74.98,15.0,57.34,completed
O201126,2,2024-06-23,C50755,P1001,2,214.35,0.0,167.19,completed
O202434,2,2024-05-02,C51620,P1026,1,35.22,15.0,25.69,completed
O205402,4,2023-11-24,C53675,P1089,3,47.16,40.0,,completed
O201312,1,2024-12-06,C50858,P1019,1,235.1,20.0,229.22,completed
O202614,1,2024-11-13,C51751,P1019,1,293.87,0.0,229.22,completed
O200058,2,2024-10-07,C50035,P1037,1,39.67,15.0,28.94,completed
O202026,4,2024-11-23,C51348,P1009,2,107.76,40.0,140.09,completed
O202689,1,2024-10-31,C51802,P1114,1,11.91,0.0,6.67,completed
O200616,1,2024-06-16,C50433,P1120,1,21.77,0.0,12.19,completed
O201511,1,25/11/2024,C50984,P1097,4,9.64,10.0,4.28,completed
O204636,3,"Oct 11, 2023",C53111,P1094,4,16.72,5.0,7.04,completed
O200887,2,2024-11-24,C50591,P1061,1,12.42,20.0,7.45,completed
O201030,2,2024-07-28,C50706,P1010,1,113.39,0.0,88.44,completed
O204740,3,2024-12-12,C53184,P1015,1,164.09,30.0,182.85,completed
O203231,3,"Aug 15, 2024",C52131,P1101,1,14.06,10.0,6.25,completed
O201816,4,2024-01-29,C51203,P1019,1,293.87,0.0,229.22,completed
O204898,2,2024-08-24,C53305,P1100,1,12.65,0.0,5.06,completed
O202154,3,2024-11-13,C51435,P1075,2,65.26,0.0,42.42,completed
O201005,4,2024-12-02,C50690,P1114,2,9.53,20.0,6.67,completed
O204794,1,2024-01-20,C53228,P1107,2,12.43,0.0,4.97,completed
O203513,4,2024-03-25,C52338,P1057,2,29.26,0.0,14.04,completed
O204900,2,26/07/2024,C53309,P1104,1,20.75,15.0,9.76,returned
O204557,1,2023-07-16,C53058,P1037,3,46.67,0.0,28.94,completed
O204583,3,2023-04-01,C53074,P1060,3,51.2,0.0,24.58,completed
O203113,1,2024-05-04,C52051,P1112,2,27.63,0.0,15.47,completed
O205266,2,2024-05-19,C53576,P1100,4,10.75,15.0,5.06,completed
O200340,1,09/05/2024,C50252,P1107,1,12.43,0.0,4.97,completed
O202023,2,30/05/2024,C51345,P1064,1,43.11,0.0,20.69,completed
O203875,2,01/11/2023,C52565,P1086,1,74.93,5.0,51.27,completed
O205239,2,2024-12-07,C53557,P1069,2,38.98,20.0,23.39,completed
O204060,2,"Mar 16, 2024",C52700,P1089,1,70.74,10.0,51.09,completed
O204150,4,2024-11-25,C52747,P1096,1,6.11,40.0,4.08,completed
O200181,2,08/08/2024,C50134,P1112,1,27.63,0.0,15.47,completed
O204700,3,2024-11-24,C53162,P1119,1,43.72,20.0,30.6,completed
O202985,2,2023-04-21,C51965,P1008,2,152.33,0.0,118.82,returned
O205055,3,30/07/2023,C53420,P1011,1,279.33,5.0,229.34,completed
O205479,5,"Jun 21, 2023",C53721,P1092,1,17.47,0.0,6.99,completed
O202709,1,2024-11-16,C51816,P1057,1,29.26,0.0,14.04,completed
O205442,2,"Dec 16, 2024",C53697,P1102,1,27.5,10.0,12.22,completed
O200449,3,05/06/2024,C50322,P1092,-1,17.47,0.0,6.99,returned
O202320,1,2024-05-18,C51556,P1120,1,21.77,0.0,12.19,completed
O205718,2,2024-12-13,C53901,P1058,1,38.93,40.0,31.15,completed
O203395,2,21/07/2023,C52238,P1099,1,21.33,0.0,8.53,completed
O203171,3,2023-06-19,C52089,P1073,1,36.39,0.0,23.65,completed
O200172,3,2024-01-15,C50127,P1095,1,6.48,30.0,3.7,completed
O205601,2,2024-09-30,C53819,P1032,4,38.3,5.0,25.0,completed
O200362,1,"Jun 16, 2024",C50265,P1042,1,55.1,15.0,40.19,completed
O201063,4,2024-11-30,C50713,P1060,1,40.96,20.0,24.58,completed
O204630,4,2024-06-29,C53107,P1055,3,26.8,0.0,12.86,completed
O204583,2,2023-04-01,C53074,P1081,1,77.57,0.0,50.42,completed
O201058,4,2024-11-18,C50712,P1096,1,10.19,0.0,4.08,completed
O200338,2,2024-10-09,C50250,P1088,2,60.76,0.0,39.49,completed
O204380,1,2024-09-19,C52931,P1117,1,27.56,0.0,15.43,completed
O205044,2,2024-09-28,C53404,P1097,1,10.71,0.0,4.28,completed
O200596,2,2023-08-28,C50426,P1067,1,28.31,0.0,13.59,completed
O200710,1,23/02/2023,C50494,P1072,1,18.9,5.0,9.55,completed
O202855,1,2024-11-30,C51899,P1092,4,12.23,30.0,6.99,completed
O204225,4,18/01/2024,C52803,P1001,1,214.35,0.0,167.19,
O203146,1,2023-11-05,C52072,P1080,2,45.81,10.0,33.09,completed
O203927,5,2024-07-12,C52608,P1050,1,34.14,0.0,16.39,completed
O204892,1,09/12/2024,C53300,P1042,1,58.34,10.0,40.19,completed
O204215,1,2024-04-01,C52794,P1024,1,166.5,0.0,129.87,completed
O203716,1,2024-09-05,C52460,P1027,2,61.25,5.0,39.97,completed
O201706,2,2023-05-01,C51109,P1007,1,194.48,0.0,151.69,completed
O200419,3,2024-08-09,C50304,P1100,1,12.02,5.0,5.06,completed
O203451,1,2024-01-12,C52291,P1117,1,22.05,20.0,15.43,completed
O201741,3,2024-12-31,C51144,P1114,1,11.91,0.0,6.67,completed
O204291,1,2024-06-19,C52855,P1008,1,144.71,5.0,118.82,completed
O203960,1,2024-05-17,C52630,P1067,2,28.31,0.0,13.59,completed
O204657,1,2024-11-14,C53126,P1095,2,9.25,0.0,3.7,completed
O202615,2,2024-11-06,C51751,P1112,2,27.63,0.0,15.47,completed
O205788,3,2023-09-12,C53945,P1053,1,17.19,0.0,8.25,completed
O204946,1,16/09/2024,C53336,P1017,3,222.03,0.0,173.18,completed
O201993,3,2023-04-14,C51322,P1037,4,46.67,,28.94,completed
O201752,1,13/02/2024,C51154,P1084,1,46.46,5.0,31.79,completed
O200507,2,15/05/2024,C50365,P1101,1,15.62,0.0,6.25,completed
O201785,2,2023-08-13,C51179,P1015,1,234.42,,182.85,completed
O202243,4,2024-08-24,C51501,P1102,1,30.56,0.0,12.22,completed
O202726,6,2023-09-10,C51824,P1090,1,69.43,10.0,50.14,completed
O201392,1,2024-11-20,C50915,P1015,2,234.42,0.0,182.85,completed
O203348,1,2024-06-22,C52209,P1113,2,17.32,5.0,10.21,completed
O203425,2,15/03/2024,C52268,P1096,1,10.19,0.0,4.08,completed
O201317,3,"Dec 31, 2024",C50864,P1006,3,84.14,5.0,69.08,completed
O201539,1,2023-03-16,C51003,P1048,2,36.62,0.0,17.58,completed
O203411,1,20/09/2023,C52256,P1010,1,113.39,0.0,88.44,completed
O205568,1,2024-02-17,C53790,P1009,2,170.62,5.0,140.09,completed
O203003,1,2024-12-10,C51975,P1114,3,9.53,20.0,6.67,completed
O200582,1,2024-05-21,C50415,P1112,2,27.63,0.0,15.47,completed
O201572,3,2023-06-25,C51033,P1031,1,129.74,10.0,,returned
O204924,1,2024-12-16,C53320,P1114,3,7.15,40.0,6.67,completed
O201266,1,2024-11-29,C50826,P1110,1,8.27,20.0,5.79,completed
O204028,1,"Sep 14, 2024",C52672,P1108,1,15.87,0.0,6.35,completed
O203028,3,2023-05-21,C51993,P1021,1,163.75,0.0,127.73,completed
O203000,2,2024-12-01,C51974,P1034,1,26.31,20.0,20.39,completed
O200005,3,28/12/2023,C50003,P1070,1,27.34,10.0,14.58,completed
O200865,1,2023-11-25,C50582,P1054,2,25.81,10.0,,completed
O201350,1,2024-12-31,C50885,P1050,3,34.14,0.0,16.39,completed
O203226,1,2024-10-03,C52129,P1045,2,49.75,5.0,32.47,completed
O201417,1,"May 06, 2024",C50931,P1001,1,214.35,0.0,167.19,completed
O201042,2,2024-10-05,C50708,P1050,1,34.14,0.0,16.39,completed
O205680,3,2024-06-24,C53871,P1040,1,68.39,0.0,42.4,completed
O200085,3,2023-11-30,C50061,P1022,1,87.26,30.0,97.23,completed
O205421,2,2024-03-11,C53688,P1114,1,11.31,5.0,6.67,completed
O201280,1,2024-11-10,C50838,P1017,1,199.83,10.0,173.18,completed
O204700,2,24/11/2024,C53162,P1015,1,187.54,20.0,182.85,completed
O205845,1,2024-07-22,C53984,P1111,1,30.48,0.0,17.07,completed
O203386,6,2023-03-01,C52233,P1012,4,264.15,5.0,216.88,completed
O201100,2,2024-12-08,C50741,P1050,1,30.73,10.0,16.39,completed
O201109,1,07/02/2024,C50746,P1062,2,24.21,15.0,13.67,completed
O205695,1,2024-10-08,C53883,P1092,2,14.85,15.0,6.99,completed
O200131,1,"Aug 20, 2024",C50093,P1065,2,45.61,0.0,21.89,completed
O203272,3,2023-09-27,C52170,P1017,1,188.73,15.0,173.18,completed
O205293,1,2024-02-24,C53598,P1008,1,152.33,0.0,118.82,completed
O201042,4,05/10/2024,C50708,P1065,1,45.61,0.0,,completed
O205512,1,2024-11-05,C53751,P1099,2,21.33,0.0,8.53,completed
O203460,1,2023-07-26,C52296,P1050,2,29.02,15.0,16.39,completed
O202324,2,08/01/2024,C51557,P1111,5,21.34,30.0,17.07,completed
O203234,2,2024-03-30,C52138,P1028,2,59.31,0.0,36.77,completed
O203229,1,2024-09-01,C52129,P1098,2,12.2,0.0,4.88,completed
O201459,1,2024-07-03,C50959,P1028,2,56.34,5.0,36.77,completed
O202627,1,"Jul 18, 2024",C51762,P1104,1,24.41,0.0,9.76,completed
O202389,2,2024-11-16,C51585,P1025,1,39.88,0.0,24.73,completed
O200756,1,2024-11-24,C50516,P1034,2,23.02,30.0,20.39,completed
O202016,1,2024-02-27,C51343,P1114,1,11.91,0.0,6.67,completed
O205612,1,13/02/2023,C53825,P1012,1,264.15,5.0,216.88,completed
O205114,1,2024-12-30,C53472,P1061,2,13.98,10.0,7.45,completed
O204136,1,2023-08-12,C52740,P1064,4,43.11,0.0,20.69,completed
O201030,3,2024-07-28,C50706,P1036,2,86.88,0.0,,completed
O201535,2,30/09/2024,C50997,P1062,-2,28.48,0.0,13.67,returned
O203649,3,2024-05-17,C52419,P1007,1,194.48,0.0,151.69,returned
O203024,1,2024-11-22,C51991,P1114,1,7.15,40.0,6.67,completed
O200273,1,2024-10-20,C50199,P1029,3,57.69,5.0,37.65,completed
O202327,1,2024-05-03,C51560,P1032,1,36.29,10.0,25.0,completed
O201998,3,2023-10-03,C51330,P1015,3,222.7,,182.85,completed
O203916,1,2024-02-27,C52590,P1040,2,68.39,0.0,42.4,completed
O202169,3,2024-08-02,C51445,P1002,2,102.31,0.0,79.8,completed
O202246,2,2024-05-31,C51502,P1015,1,234.42,0.0,182.85,completed
O201195,3,2024-12-03,C50788,P1037,2,37.34,20.0,28.94,completed
O200883,1,2024-11-27,C50589,P1029,1,48.58,20.0,37.65,completed
O202808,1,2024-02-18,C51874,P1053,1,17.19,0.0,8.25,completed
O202882,4,24/10/2024,C51908,P1117,2,24.8,10.0,15.43,completed
O201552,2,2024-12-31,C51015,P1088,1,51.65,15.0,39.49,completed
O202037,2,2024-05-15,C51361,P1071,1,18.65,0.0,8.95,completed
O204512,3,2024-06-30,C53023,P1008,1,152.33,0.0,118.82,completed
O201403,1,2024-10-09,C50922,P1008,2,152.33,0.0,118.82,completed
O204946,4,2024-09-16,C53336,P1091,2,23.72,0.0,9.49,returned
O203073,3,2024-12-02,C52020,P1008,3,106.63,30.0,118.82,completed
O202255,1,26/02/2024,C51507,P1041,1,71.64,0.0,44.42,completed
O204984,1,"Aug 11, 2024",C53368,P1076,1,83.8,5.0,57.34,completed
O203388,1,2023-11-29,C52234,P1117,1,22.05,20.0,15.43,completed
O203234,1,2024-03-30,C52138,P1030,2,61.28,0.0,37.99,completed
O200326,3,2024-04-19,C50236,P1034,1,32.89,0.0,20.39,completed
O203597,3,"Sep 22, 2023",C52387,P1073,2,36.39,0.0,23.65,completed
O201999,1,2024-02-11,C51330,P1064,1,38.8,10.0,20.69,completed
O204844,3,12/08/2024,C53264,P1040,1,68.39,0.0,42.4,completed
O203196,2,2023-03-07,C52108,P1016,3,107.35,5.0,88.14,completed
O204377,5,2024-12-21,C52929,P1071,1,16.78,10.0,8.95,completed
O204391,1,2024-06-17,C52940,P1120,2,19.59,10.0,12.19,completed
O202544,6,2024-11-22,C51692,P1053,1,15.47,10.0,8.25,completed
O204564,1,2024-02-25,C53064,P1003,1,273.9,0.0,213.64,completed
O203499,1,"Oct 19, 2023",C52327,P1005,2,58.89,5.0,48.35,completed
O201671,1,2024-05-03,C51077,P1018,1,106.98,0.0,83.44,completed
O200213,3,2024-03-29,C50148,P1066,1,47.32,0.0,22.71,completed
O201089,3,"Aug 01, 2024",C50732,P1011,4,294.03,0.0,229.34,completed
O205819,2,2023-06-27,C53969,P1015,2,210.98,10.0,182.85,completed
O201569,1,2023-05-14,C51030,P1048,5,34.79,5.0,17.58,completed
O202668,1,19/04/2024,C51790,P1081,2,73.69,5.0,50.42,completed
O203100,1,"Oct 22, 2023",C52044,P1097,1,9.64,10.0,4.28,completed
O203552,1,2024-06-01,C52360,P1017,1,199.83,10.0,173.18,completed
O200276,1,"Jul 08, 2024",C50200,P1114,1,11.91,0.0,6.67,completed
O202767,2,2024-10-05,C51845,P1008,1,152.33,0.0,118.82,completed
O201894,2,2024-07-12,C51251,P1034,1,32.89,0.0,20.39,completed
O205038,1,2023-03-15,C53402,P1030,1,61.28,0.0,37.99,returned
O204711,2,12/12/2024,C53166,P1059,1,20.19,10.0,10.77,completed
O200343,2,2024-08-19,C50253,P1064,1,43.11,0.0,20.69,completed
O201673,2,2023-04-16,C51080,P1105,3,11.88,5.0,5.0,completed
O201724,1,2024-04-03,C51131,P1012,1,278.05,0.0,216.88,completed
O201763,4,2024-12-03,C51163,P1014,4,235.88,30.0,262.84,completed
O203841,2,2024-12-07,C52544,P1063,1,28.5,20.0,17.1,completed
O205752,3,2024-12-28,C53928,P1106,3,16.74,0.0,6.7,completed
O204913,1,2024-11-22,C53315,P1027,1,58.02,10.0,39.97,completed
O204607,2,03/11/2023,C53090,P1063,5,35.63,0.0,17.1,completed
O202144,5,2024-08-12,C51430,P1117,2,27.56,0.0,15.43,completed
O204785,4,2024-07-18,C53222,P1057,2,29.26,0.0,14.04,returned
O201360,6,2024-02-04,C50892,P1120,3,19.59,10.0,,completed
O201743,2,"Nov 13, 2024",C51146,P1037,1,46.67,0.0,28.94,completed
O205352,1,2024-05-16,C53636,P1084,1,48.91,0.0,31.79,completed
O203668,1,"Sep 17, 2024",C52437,P1077,2,42.93,10.0,31.01,completed
O203285,1,"Apr 25, 2024",C52176,P1105,1,12.51,0.0,5.0,completed
O202990,1,2024-12-31,C51966,P1046,2,55.11,0.0,34.17,completed
O205412,2,2024-12-10,C53682,P1114,1,9.53,20.0,6.67,completed
O201582,2,2023-04-23,C51038,P1112,1,24.87,10.0,15.47,completed
O200580,1,2024-11-05,C50414,P1067,3,28.31,0.0,13.59,completed
O205149,2,23/10/2024,C53496,P1095,2,7.86,15.0,3.7,completed
O202907,3,"Nov 29, 2023",C51921,P1022,2,99.72,20.0,97.23,completed
O201877,4,2024-03-26,C51234,P1009,4,152.66,15.0,140.09,completed
O200701,1,2024-07-21,C50489,P1034,1,29.6,10.0,20.39,completed
O202442,1,2024-11-26,C51624,P1098,1,7.32,40.0,4.88,completed
O202075,1,16/05/2024,C51382,P1111,1,30.48,0.0,17.07,completed
O202455,3,06/06/2024,C51634,P1086,2,74.93,5.0,51.27,completed
O201255,1,2024-03-19,C50817,P1015,3,234.42,0.0,182.85,completed
O204643,3,2024-05-03,C53118,P1117,3,27.56,0.0,15.43,completed
O204638,2,26/10/2024,C53114,P1050,1,32.43,5.0,16.39,completed
O200322,2,20/02/2024,C50233,P1111,2,30.48,0.0,17.07,completed
O201718,3,2024-08-15,C51128,P1040,1,68.39,0.0,42.4,completed
O201800,3,2023-11-25,C51200,P1021,2,147.38,10.0,127.73,completed
O204928,2,2024-02-19,C53325,P1035,2,67.22,0.0,41.68,completed
O202395,5,2023-02-25,C51592,P1019,2,293.87,0.0,229.22,completed
O204693,3,"Nov 19, 2024",C53159,P1046,1,55.11,0.0,34.17,completed
O201089,1,2024-08-01,C50732,P1034,1,32.89,0.0,20.39,completed
O200170,3,2024-05-02,C50127,P1112,3,27.63,0.0,15.47,returned
O201987,2,2024-12-13,C51319,P1104,1,21.97,10.0,9.76,completed
O203909,6,20/12/2024,C52580,P1045,3,36.66,30.0,32.47,completed
O200102,1,2024-03-02,C50071,P1111,1,25.91,15.0,17.07,completed
O202859,4,2024-10-15,C51899,P1024,2,166.5,0.0,129.87,completed
O201588,2,2024-04-16,C51044,P1114,1,11.91,0.0,6.67,completed
O204041,1,2024-05-25,C52683,P1007,4,194.48,0.0,151.69,completed
O205450,4,2024-02-05,C53706,P1015,4,234.42,0.0,182.85,completed
O203232,1,"Sep 17, 2024",C52136,P1064,1,43.11,0.0,20.69,completed
O203107,4,2024-04-04,C52048,P1117,1,24.8,10.0,15.43,completed
O203406,3,2024-10-17,C52252,P1074,2,67.42,15.0,51.56,completed
O201508,2,04/12/2024,C50984,P1055,2,24.12,10.0,12.86,completed
O202308,1,2024-11-05,C51553,P1015,1,234.42,0.0,182.85,completed
O203649,2,17/05/2024,C52419,P1096,1,10.19,0.0,4.08,completed
O203584,1,2024-11-28,C52377,P1039,2,26.17,20.0,20.28,completed
O202906,3,07/07/2024,C51921,P1074,4,79.32,0.0,51.56,completed
O203538,2,2024-03-28,C52353,P1052,1,44.0,0.0,21.12,completed
O204867,3,2024-09-01,C53277,P1022,1,124.65,0.0,97.23,completed
O205395,2,2024-09-18,C53668,P1120,1,21.77,0.0,12.19,completed
O201751,2,2024-09-29,C51154,P1057,2,26.33,10.0,14.04,completed
O205819,3,2023-06-27,C53969,P1102,1,30.56,0.0,12.22,completed
O200621,2,2023-11-03,C50436,P1057,2,29.26,0.0,14.04,
O201930,1,2023-07-12,C51275,P1014,1,320.12,5.0,262.84,returned
O201979,4,2024-09-22,C51314,P1105,2,11.88,5.0,5.0,completed
O205399,4,2024-05-26,C53672,P1009,1,179.6,0.0,140.09,completed
O203386,5,2023-03-01,C52233,P1081,1,77.57,0.0,50.42,returned
O200620,4,10/09/2024,C50436,P1080,3,45.81,10.0,33.09,completed
O205214,1,10/12/2024,C53538,P1105,1,10.01,20.0,5.0,completed
O202128,3,2024-11-25,C51423,P1046,1,49.6,10.0,34.17,completed
O201056,2,2024-11-23,C50710,P1102,1,21.39,30.0,12.22,completed
O202068,1,"Oct 03, 2023",C51377,P1074,1,75.35,5.0,51.56,completed
O201979,3,2024-09-22,C51314,P1006,2,84.14,5.0,69.08,completed
O201779,1,2024-11-28,C51174,P1037,1,42.0,10.0,28.94,completed
O204588,1,2023-10-17,C53077,P1056,1,24.84,0.0,11.92,completed
O200078,2,2023-12-01,C50058,P1076,1,70.57,20.0,57.34,completed
O203698,3,2023-11-20,C52457,P1118,1,24.8,0.0,13.89,completed
O204504,2,03/02/2023,C53016,P1082,1,41.93,0.0,27.25,completed
O201045,2,2024-12-02,C50708,P1029,1,36.44,40.0,37.65,completed
O204741,2,27/07/2024,C53186,P1047,4,49.02,0.0,23.53,completed
O204620,1,"Jun 27, 2024",C53102,P1101,1,14.84,5.0,6.25,completed
O202575,3,2024-08-02,C51718,P1059,1,22.43,0.0,10.77,completed
O202369,2,2024-02-25,C51577,P1120,2,21.77,0.0,12.19,completed
O200253,1,2024-06-24,C50185,P1063,1,35.63,0.0,17.1,completed
O203055,1,2024-05-13,C52011,P1074,3,75.35,5.0,51.56,completed
O204398,1,2024-07-04,C52944,P1090,2,69.43,10.0,50.14,completed
O204978,2,30/06/2024,C53358,P1120,1,20.68,5.0,12.19,completed
O204706,4,2024-05-04,C53164,P1089,1,78.6,0.0,51.09,completed
O201121,2,2024-11-25,C50753,P1013,1,131.59,30.0,146.62,completed
O202495,3,2023-03-07,C51663,P1067,1,28.31,0.0,13.59,completed
O202654,5,2024-07-18,C51778,P1029,2,60.73,0.0,37.65,completed
O201026,3,2023-07-10,C50700,P1110,3,10.34,0.0,5.79,completed
O204006,1,2024-12-31,C52659,P1067,2,26.89,5.0,13.59,completed
O200425,2,2023-11-25,C50305,P1020,1,123.45,30.0,137.56,completed
O201870,2,2024-10-28,C51227,P1052,1,44.0,0.0,21.12,completed
O203550,1,2024-01-02,C52360,P1057,2,26.33,10.0,14.04,completed
O203919,1,06/09/2024,C52595,P1024,1,166.5,0.0,129.87,completed
O201638,1,2024-11-12,C51064,P1062,3,28.48,0.0,13.67,completed
O205023,2,2024-11-22,C53393,P1060,1,46.08,10.0,24.58,completed
O204914,3,2024-10-31,C53315,P1028,5,59.31,0.0,36.77,completed
O200012,2,2024-12-04,C50004,P1102,2,21.39,30.0,12.22,completed
O202046,1,2023-05-20,C51369,P1078,1,65.84,0.0,42.8,completed
O205612,3,2023-02-13,C53825,P1076,2,88.21,0.0,57.34,completed
O204787,1,2024-08-01,C53223,P1077,2,47.7,0.0,31.01,completed
O201620,2,2024-08-27,C51058,P1049,1,44.95,0.0,21.58,completed
O201160,4,2023-01-26,C50774,P1015,3,234.42,0.0,182.85,completed
O204029,3,2024-05-31,C52672,P1065,1,45.61,0.0,21.89,completed
O205685,5,25/08/2024,C53873,P1087,3,46.61,0.0,30.3,completed
O204607,1,03/11/2023,C53090,P1114,1,11.91,0.0,6.67,completed
O201864,2,14/11/2024,C51226,P1074,4,67.42,15.0,51.56,completed
O200870,1,2023-01-20,C50583,P1098,4,12.2,0.0,4.88,completed
O201127,1,2023-06-17,C50756,P1032,1,40.32,0.0,25.0,completed
O204009,1,27/12/2024,C52662,P1117,1,27.56,0.0,15.43,completed
O201741,2,"Dec 31, 2024",C51144,P1114,2,11.31,5.0,6.67,completed
O200049,2,"May 31, 2024",C50030,P1064,1,38.8,10.0,20.69,completed
O205567,2,2023-02-27,C53790,P1052,1,44.0,0.0,21.12,completed
O200629,1,2024-12-20,C50443,P1052,1,35.2,20.0,21.12,completed
O201792,1,2024-05-05,C51190,P1008,2,152.33,0.0,118.82,completed
O202201,2,2024-09-12,C51469,P1114,3,11.91,0.0,6.67,completed
O202345,3,17/06/2023,C51569,P1102,3,30.56,0.0,12.22,completed
O200302,2,2024-12-09,C50218,P1046,1,44.09,20.0,34.17,completed
O204245,1,2024-09-15,C52825,P1119,1,49.18,10.0,30.6,completed
O204894,1,2024-07-01,C53302,P1059,2,22.43,0.0,10.77,completed
O203290,1,2024-11-14,C52178,P1009,1,179.6,,140.09,completed
O202247,1,07/09/2023,C51503,P1079,1,85.12,0.0,55.33,completed
O201965,1,2024-11-04,C51305,P1063,2,35.63,0.0,17.1,completed
O203645,1,2024-12-08,C52416,P1116,1,16.95,10.0,10.54,completed
O201876,1,01/07/2024,C51234,P1045,4,52.37,,32.47,completed
O202289,1,2024-10-17,C51529,P1074,1,75.35,,51.56,completed
O205851,2,12/12/2023,C53987,P1027,2,58.02,10.0,39.97,completed
O201140,1,2024-09-08,C50761,P1081,4,77.57,0.0,50.42,completed
O204596,1,02/07/2023,C53082,P1040,2,68.39,0.0,42.4,completed
O203539,1,2023-06-04,C52353,P1008,1,137.1,10.0,118.82,completed
O204729,1,31/08/2024,C53175,P1011,2,279.33,5.0,229.34,completed
O203019,2,2024-10-11,C51990,P1034,5,32.89,0.0,20.39,completed
O201599,2,17/06/2024,C51048,P1018,2,106.98,0.0,83.44,completed
O205599,1,"Aug 17, 2024",C53819,P1043,2,35.42,0.0,21.96,completed
O203809,2,20/05/2023,C52519,P1035,1,63.86,5.0,41.68,completed
O200405,2,"Apr 25, 2023",C50290,P1026,2,41.43,0.0,25.69,completed
O200330,2,"Dec 17, 2024",C50238,P1093,2,10.74,30.0,6.14,completed
O200484,4,16/06/2024,C50352,P1070,1,30.38,0.0,14.58,completed
O204503,3,2023-09-12,C53016,P1011,2,279.33,5.0,229.34,completed
O201987,1,2024-12-13,C51319,P1071,4,11.19,40.0,8.95,completed
O203736,2,2024-12-23,C52473,P1063,1,35.63,0.0,17.1,completed
O201300,2,06/01/2023,C50849,P1051,1,30.18,20.0,18.11,completed
O202648,2,16/02/2024,C51772,P1032,1,38.3,5.0,25.0,completed
O203828,1,2024-07-17,C52533,P1075,1,62.0,5.0,42.42,completed
O200587,1,13/03/2024,C50418,P1008,1,144.71,5.0,118.82,completed
O200868,2,2023-12-07,C50583,P1086,1,63.1,20.0,51.27,completed
O203694,2,2024-02-18,C52454,P1045,1,47.13,10.0,,completed
O200900,1,2024-12-14,C50608,P1120,1,15.24,30.0,12.19,completed
O200590,2,2024-10-08,C50421,P1046,1,52.35,5.0,34.17,completed
O204321,1,2024-12-07,C52876,P1114,4,8.34,30.0,6.67,completed
O205230,3,2024-08-01,C53548,P1019,1,293.87,0.0,229.22,completed
O201138,1,14/06/2024,C50760,P1078,3,65.84,0.0,42.8,completed
O200973,3,2024-03-02,C50655,P1060,3,51.2,0.0,24.58,completed
O205457,2,2023-12-10,C53710,P1114,1,10.72,10.0,6.67,completed
O200236,6,26/11/2024,C50169,P1099,1,17.06,20.0,8.53,completed
O202489,3,2024-08-19,C51658,P1111,1,27.43,10.0,17.07,completed
O200081,3,"May 16, 2024",C50059,P1062,1,28.48,,13.67,completed
O200669,1,2024-02-20,C50474,P1112,2,27.63,0.0,,completed
O204192,3,2024-11-17,C52777,P1016,2,96.05,15.0,88.14,completed
O204713,4,2024-07-08,C53166,P1017,3,222.03,0.0,173.18,completed
O201067,1,2023-07-14,C50717,P1082,2,41.93,0.0,27.25,completed
O204108,1,17/12/2023,C52730,P1029,1,48.58,20.0,37.65,completed
O203983,2,2024-09-24,C52646,P1008,2,137.1,10.0,118.82,completed
O204163,3,2024-10-19,C52753,P1114,1,10.72,10.0,6.67,completed
O201940,4,2024-10-02,C51284,P1015,3,222.7,5.0,182.85,completed
O204469,2,2023-05-24,C52993,P1074,1,79.32,0.0,51.56,completed
O200282,1,23/12/2024,C50202,P1041,1,71.64,0.0,44.42,completed
O203503,1,23/06/2024,C52330,P1067,1,28.31,0.0,13.59,completed
O200249,1,2023-12-01,C50180,P1009,1,143.68,20.0,140.09,completed
O200894,1,"Dec 01, 2023",C50599,P1111,1,21.34,30.0,17.07,completed
O202508,2,2024-12-01,C51670,P1037,2,37.34,20.0,28.94,completed
O204963,2,2024-12-05,C53348,P1114,2,9.53,20.0,6.67,completed
O200649,1,31/05/2024,C50457,P1034,2,31.25,5.0,20.39,completed
O200874,1,2024-12-23,C50584,P1100,2,12.65,0.0,5.06,completed
O203069,1,2024-12-27,C52017,P1065,1,45.61,0.0,21.89,completed
O200430,3,2024-03-24,C50311,P1062,1,28.48,0.0,13.67,completed
O204514,1,2024-12-17,C53025,P1039,2,22.9,30.0,20.28,completed
O205415,4,2024-11-28,C53683,P1068,1,21.52,20.0,12.91,completed
O201481,1,2023-08-31,C50971,P1078,3,65.84,0.0,42.8,completed
O205453,1,2024-12-01,C53707,P1019,1,1763.1999999999998,40.0,229.22,completed
O204877,1,2023-10-01,C53285,P1033,1,38.24,0.0,23.71,completed
O204172,1,18/07/2024,C52758,P1015,1,234.42,0.0,182.85,completed
O203872,1,2024-09-21,C52563,P1101,1,15.62,0.0,6.25,completed
O200179,4,2023-09-12,C50134,P1003,2,260.2,5.0,213.64,completed
O204632,1,2024-04-04,C53110,P1093,1,15.34,0.0,6.14,returned
O201951,1,2024-12-14,C51293,P1100,2,10.12,20.0,5.06,completed
O204349,6,2024-08-23,C52899,P1111,4,30.48,0.0,17.07,completed
O200433,1,18/04/2024,C50312,P1012,3,278.05,0.0,216.88,completed
O204367,2,01/07/2024,C52915,P1116,3,18.83,0.0,10.54,completed
O204740,4,2024-12-12,C53184,P1113,1,10.94,40.0,10.21,completed
O200031,2,2023-01-13,C50018,P1044,2,38.84,30.0,34.4,completed
O201161,5,2023-11-02,C50774,P1015,3,210.98,10.0,182.85,completed
O204156,3,2024-06-19,C52752,P1108,1,15.08,5.0,6.35,completed
O200161,1,2024-09-03,C50122,P1088,3,60.76,0.0,,completed
O203117,1,2024-09-09,C52055,P1096,1,9.68,5.0,4.08,completed
O204281,2,2024-03-29,C52852,P1019,1,293.87,0.0,229.22,completed
O202905,1,2024-12-28,C51920,P1087,2,46.61,0.0,30.3,completed
O200301,1,11/11/2024,C50218,P1032,1,40.32,0.0,25.0,completed
O202412,1,2024-12-02,C51605,P1045,1,36.66,30.0,32.47,completed
O201783,1,2024-12-14,C51178,P1013,3,131.59,,146.62,completed
O203217,1,2023-08-02,C52126,P1032,1,40.32,0.0,25.0,completed
O201874,2,2024-05-28,C51230,P1074,1,79.32,0.0,51.56,completed
O200161,3,2024-09-03,C50122,P1081,1,77.57,0.0,50.42,completed
O203073,5,2024-12-02,C52020,P1032,1,36.29,10.0,25.0,completed
O205175,2,2024-12-30,C53514,P1082,1,37.74,10.0,27.25,completed
O200267,3,2024-11-22,C50196,P1114,2,9.53,20.0,6.67,completed
O200440,2,"May 21, 2024",C50317,P1061,2,15.53,0.0,7.45,completed
O205663,4,2023-12-05,C53861,P1106,4,13.39,20.0,6.7,completed
O204274,1,2024-12-02,C52849,P1056,1,19.87,20.0,11.92,completed
O202405,2,2024-10-11,C51598,P1004,1,288.89,5.0,237.19,completed
O202391,3,2024-07-29,C51586,P1054,1,27.25,5.0,13.77,completed
O201266,3,2024-11-29,C50826,P1002,1,61.39,40.0,79.8,completed
O205745,5,2023-08-09,C53919,P1094,1,17.6,0.0,7.04,completed
O202666,2,2023-11-11,C51788,P1061,2,15.53,0.0,7.45,completed
O204609,2,2024-08-17,C53092,P1104,1,21.97,10.0,9.76,completed
O200707,2,2024-11-24,C50493,P1073,3,32.75,10.0,23.65,completed
O205287,3,2024-11-29,C53594,P1114,1,7.15,40.0,6.67,completed
O202015,1,01/07/2024,C51342,P1111,1,30.48,0.0,17.07,completed
O202628,1,"Dec 10, 2024",C51762,P1058,4,45.42,30.0,31.15,completed
O204097,2,2024-10-12,C52723,P1010,1,113.39,0.0,88.44,completed
O201555,2,2023-08-08,C51016,P1090,4,69.43,10.0,50.14,
O205457,6,2023-12-10,C53710,P1076,2,70.57,20.0,57.34,completed
O203739,1,2023-11-07,C52476,P1036,1,82.54,5.0,53.87,completed
O203127,4,2024-10-29,C52061,P1034,2,32.89,0.0,20.39,completed
O201532,1,2023-09-26,C50994,P1109,1,35.47,5.0,20.91,completed
O203294,1,2023-12-07,C52179,P1041,1,50.15,30.0,44.42,completed
O202423,1,2024-12-31,C51611,P1050,1,34.14,0.0,16.39,completed
O202163,3,2023-12-20,C51442,P1023,2,248.57,30.0,276.98,completed
O200216,1,2023-01-19,C50150,P1032,1,40.32,0.0,25.0,completed
O203092,1,2023-06-13,C52038,P1118,5,22.32,10.0,13.89,completed
O203943,2,"Sep 02, 2023",C52615,P1021,1,163.75,0.0,127.73,completed
O203440,2,2024-12-17,C52284,P1060,3,40.96,20.0,24.58,completed
O205058,1,2024-09-15,C53422,P1041,2,60.89,15.0,44.42,completed
O201077,1,2023-10-09,C50724,P1017,2,222.03,0.0,173.18,completed
O205461,1,21/12/2024,C53713,P1007,2,194.48,0.0,151.69,completed
O205022,2,28/10/2024,C53392,P1092,1,17.47,0.0,6.99,completed
O201590,4,"Nov 05, 2024",C51044,P1048,1,36.62,0.0,17.58,
O201358,3,2024-12-29,C50889,P1092,2,17.47,0.0,6.99,completed
O203030,2,2023-10-15,C51996,P1075,1,62.0,5.0,42.42,completed
O203031,2,2024-02-25,C51996,P1036,1,86.88,0.0,53.87,completed
O200127,3,"Jun 22, 2023",C50092,P1015,1,234.42,0.0,182.85,completed
O200009,3,09/08/2024,C50004,P1017,1,210.93,5.0,173.18,completed
O203050,4,28/04/2023,C52008,P1074,1,71.39,10.0,51.56,completed
O201187,2,08/05/2023,C50785,P1044,3,55.48,0.0,34.4,completed
O202492,2,2024-11-22,C51660,P1086,1,63.1,20.0,51.27,completed
O203489,1,"Oct 26, 2024",C52316,P1048,1,36.62,0.0,17.58,returned
O201455,2,"Apr 17, 2024",C50955,P1101,3,14.84,5.0,6.25,completed
O202602,3,2024-10-27,C51741,P1075,3,62.0,5.0,42.42,completed
O202100,3,2024-12-15,C51402,P1065,2,36.49,20.0,21.89,completed
O201049,1,18/02/2024,C50708,P1012,1,278.05,0.0,216.88,completed
O202287,2,25/11/2024,C51525,P1045,2,36.66,30.0,32.47,completed
O201800,5,2023-11-25,C51200,P1010,1,79.37,30.0,88.44,completed
O203774,2,2023-08-25,C52504,P1050,1,34.14,0.0,16.39,completed
O201651,3,2024-12-19,C51067,P1002,2,92.08,10.0,79.8,completed
O203973,2,2023-04-15,C52641,P1081,1,77.57,0.0,50.42,completed
O200988,2,2024-09-24,C50675,P1009,2,179.6,,140.09,completed
O202101,1,2024-10-01,C51403,P1031,1,122.53,15.0,89.37,returned
O205007,2,"Dec 18, 2023",C53381,P1104,5,19.53,20.0,9.76,completed
O203491,1,2024-05-22,C52320,P1114,1,11.91,0.0,6.67,completed
O200051,3,2024-09-05,C50032,P1049,1,44.95,0.0,21.58,completed
O200708,1,"Sep 30, 2023",C50493,P1109,1,33.61,10.0,20.91,completed
O204362,1,14/12/2023,C52911,P1031,1,100.9,30.0,89.37,completed
O200182,3,2024-12-03,C50135,P1099,2,19.2,10.0,8.53,completed
O202736,3,2024-11-24,C51826,P1044,1,38.84,30.0,34.4,completed
O204740,2,2024-12-12,C53184,P1041,1,64.48,10.0,44.42,completed
O205362,1,2023-08-13,C53645,P1091,1,23.72,0.0,9.49,completed
O203299,4,"Aug 23, 2024",C52182,P1070,1,30.38,0.0,14.58,completed
O203149,4,2024-09-10,C52074,P1118,1,24.8,0.0,13.89,completed
O204529,1,2023-11-26,C53038,P1114,4,10.72,10.0,6.67,completed
O204514,3,17/12/2024,C53025,P1034,2,23.02,30.0,20.39,completed
O202888,4,2024-08-03,C51910,P1089,1,78.6,0.0,51.09,completed
O203799,1,"Mar 09, 2024",C52516,P1015,1,234.42,0.0,182.85,completed
O203902,1,2024-06-29,C52577,P1037,1,39.67,15.0,28.94,completed
O200654,2,2023-03-22,C50460,P1079,1,80.86,5.0,55.33,completed
O203704,1,"May 05, 2024",C52458,P1007,1,194.48,0.0,151.69,completed
O205014,1,2024-09-17,C53384,P1114,1,11.91,0.0,6.67,completed
O200359,2,2023-12-01,C50265,P1090,1,54.0,30.0,50.14,completed
O200866,1,2024-02-26,C50583,P1025,2,39.88,0.0,24.73,completed
O200092,1,11/12/2024,C50065,P1063,1,21.38,40.0,17.1,completed
O204395,1,2024-05-03,C52941,P1029,1,51.62,15.0,37.65,completed
O202870,2,2023-06-01,C51905,P1114,2,11.91,0.0,6.67,completed
O201694,1,2024-03-05,C51101,P1081,1,77.57,0.0,50.42,completed
O205322,1,2023-11-07,C53615,P1008,1,152.33,0.0,118.82,completed
O204008,2,2024-01-13,C52661,P1085,1,28.13,10.0,20.32,completed
O200086,1,30/06/2024,C50063,P1008,1,152.33,0.0,118.82,completed
O201597,3,2024-02-10,C51048,P1060,1,51.2,0.0,24.58,completed
O200400,3,24/05/2023,C50290,P1033,1,38.24,0.0,23.71,completed
O205110,3,2024-09-28,C53471,P1119,1,49.18,10.0,30.6,completed
O203932,1,04/12/2024,C52611,P1016,1,101.7,10.0,88.14,completed
O204425,1,2024-06-03,C52956,P1055,1,26.8,0.0,12.86,completed
O201429,4,2023-05-02,C50944,P1074,3,79.32,0.0,51.56,completed
O203276,1,2024-05-05,C52171,P1109,2,37.34,0.0,20.91,completed
O204493,4,2023-10-25,C53008,P1098,2,12.2,0.0,4.88,completed
O204417,1,2024-09-22,C52953,P1118,1,23.56,5.0,13.89,completed
O201159,1,2024-04-13,C50770,P1045,1,52.37,0.0,32.47,completed
O204750,2,2024-12-11,C53196,P1037,-1,32.67,30.0,28.94,returned
O201187,1,2023-05-08,C50785,P1115,1,25.43,0.0,14.24,completed
O201494,3,2024-02-14,C50979,P1015,1,234.42,0.0,182.85,completed
O203312,6,2024-07-13,C52184,P1027,2,64.47,0.0,39.97,completed
O204153,2,2023-09-18,C52749,P1097,1,10.71,0.0,4.28,completed
O203556,1,2024-10-19,C52363,P1067,1,28.31,0.0,13.59,completed
O202493,1,2024-11-30,C51660,P1040,1,47.87,30.0,42.4,completed
O204585,2,2023-11-06,C53075,P1061,-1,15.53,0.0,7.45,returned
O204571,1,06/11/2024,C53066,P1065,1,38.77,15.0,21.89,completed
O203324,2,2023-06-07,C52194,P1048,3,36.62,0.0,17.58,completed
O205291,1,2024-06-22,C53597,P1091,1,22.53,5.0,9.49,completed
O202522,3,2024-12-23,C51678,P1092,3,17.47,0.0,6.99,completed
O200928,3,2023-03-13,C50624,P1022,2,124.65,0.0,97.23,completed
O200716,2,24/08/2024,C50496,P1073,1,36.39,0.0,23.65,completed
O203440,1,2024-12-17,C52284,P1015,1,210.98,10.0,182.85,completed
O204226,1,2024-12-03,C52803,P1040,2,61.55,10.0,42.4,completed
O202375,4,2024-11-26,C51578,P1046,1,49.6,10.0,34.17,completed
O201862,4,28/11/2024,C51224,P1015,2,210.98,10.0,182.85,completed
O203804,2,"Jun 01, 2023",C52518,P1017,4,222.03,0.0,173.18,completed
O201323,3,2024-08-07,C50866,P1107,1,12.43,0.0,4.97,completed
O201445,3,2024-12-16,C50949,P1019,1,235.1,20.0,229.22,completed
O205329,5,2024-08-03,C53622,P1015,1,234.42,0.0,182.85,completed
O200798,1,2024-12-19,C50540,P1061,1,13.98,10.0,7.45,completed
O205036,4,07/05/2024,C53401,P1015,1,210.98,10.0,182.85,completed
O204852,1,2024-12-08,C53269,P1078,1,52.67,20.0,42.8,completed
O204356,2,2024-06-13,C52907,P1015,2,234.42,0.0,182.85,completed
O201306,2,2024-10-10,C50854,P1112,3,27.63,,15.47,completed
O205728,5,10/12/2024,C53904,P1010,1,68.03,40.0,88.44,completed
O202690,1,2024-11-24,C51802,P1110,1,8.27,20.0,5.79,completed
O200619,1,28/05/2023,C50436,P1065,1,45.61,0.0,21.89,completed
O202259,1,2024-11-06,C51508,P1102,2,30.56,0.0,12.22,completed
O205684,3,07/06/2024,C53871,P1056,2,24.84,0.0,11.92,
O202597,4,2024-11-24,C51733,P1054,1,25.81,10.0,13.77,completed
O202465,2,2024-07-29,C51641,P1112,1,26.25,5.0,15.47,completed
O202464,1,2024-10-26,C51641,P1032,3,40.32,0.0,25.0,completed
O200992,2,2024-12-17,C50676,P1105,1,11.26,10.0,5.0,completed
O203579,3,21/12/2024,C52373,P1044,3,55.48,0.0,34.4,completed
O201478,1,2023-11-12,C50968,P1061,4,13.98,10.0,7.45,completed
O203010,1,2023-02-21,C51983,P1058,1,61.65,5.0,31.15,completed
O203404,2,19/08/2024,C52248,P1107,1,12.43,0.0,4.97,completed
O202386,1,14/01/2024,C51583,P1090,2,46.28,40.0,50.14,completed
O203170,2,2023-01-11,C52089,P1032,3,28.22,30.0,25.0,completed
O200499,2,"Nov 30, 2024",C50362,P1047,2,44.12,10.0,23.53,completed
O202869,1,2024-12-31,C51903,P1051,1,37.72,0.0,18.11,completed
O203456,3,2023-11-30,C52291,P1080,2,45.81,10.0,33.09,completed
O201783,5,"Dec 14, 2024",C51178,P1114,1,9.53,20.0,6.67,completed
O200099,3,13/04/2023,C50069,P1098,1,11.59,5.0,4.88,completed
O203579,2,"Dec 21, 2024",C52373,P1008,2,152.33,,118.82,completed
O204754,1,2024-10-06,C53199,P1109,1,37.34,,20.91,completed
O204292,1,2024-12-04,C52856,P1056,3,19.87,20.0,11.92,completed
O203418,2,"Nov 25, 2024",C52263,P1029,1,48.58,20.0,37.65,completed
O204035,2,2024-12-31,C52676,P1114,1,11.91,0.0,6.67,completed
O202647,1,2024-02-02,C51772,P1092,3,15.72,10.0,6.99,completed
O201675,2,2024-07-04,C51083,P1023,2,355.1,0.0,276.98,completed
O202964,3,"Sep 27, 2023",C51954,P1114,1,11.91,0.0,6.67,completed
O203888,1,2024-09-18,C52568,P1107,4,11.19,10.0,4.97,completed
O205454,1,2024-12-03,C53708,P1061,2,9.32,40.0,7.45,completed
O203801,3,2024-05-11,C52516,P1114,4,11.91,0.0,6.67,completed
O205525,3,2024-10-07,C53756,P1119,1,54.65,0.0,30.6,completed
O205031,2,25/11/2024,C53401,P1003,3,219.12,20.0,213.64,completed
O202121,1,2024-12-03,C51419,P1013,1,112.79,40.0,146.62,completed
O200787,2,13/10/2024,C50538,P1043,1,35.42,0.0,21.96,completed
O200471,1,2023-11-09,C50344,P1019,1,293.87,0.0,229.22,completed
O203467,1,2024-04-02,C52301,P1097,1,10.71,0.0,4.28,completed
O202608,2,2024-09-04,C51747,P1047,1,49.02,0.0,23.53,completed
O201883,1,30/09/2024,C51240,P1057,3,29.26,0.0,14.04,completed
O200171,3,18/05/2023,C50127,P1109,1,37.34,0.0,20.91,completed
O202194,3,2024-12-01,C51464,P1011,4,235.22,20.0,229.34,completed
O204998,4,2023-08-06,C53378,P1091,1,23.72,0.0,9.49,completed
O202269,1,2024-06-29,C51512,P1109,2,33.61,10.0,20.91,completed
O204181,1,2023-08-19,C52770,P1008,-1,152.33,0.0,118.82,returned
O200193,2,2024-06-05,C50138,P1015,3,210.98,10.0,182.85,completed
O205450,1,2024-02-05,C53706,P1064,1,43.11,0.0,20.69,completed
O205642,1,2024-09-16,C53852,P1070,1,28.86,5.0,14.58,completed
O202772,4,2024-12-27,C51850,P1048,1,36.62,0.0,17.58,completed
O200222,3,18/02/2024,C50153,P1114,1,10.12,15.0,6.67,completed
O203019,1,2024-10-11,C51990,P1117,1,27.56,0.0,15.43,returned
O200550,5,2024-07-14,C50397,P1010,2,107.72,5.0,88.44,completed
O205292,3,2024-12-04,C53597,P1015,1,187.54,20.0,182.85,completed
O204053,4,17/05/2023,C52695,P1077,1,477.0,0.0,31.01,completed
O205840,2,2024-12-14,C53983,P1008,2,137.1,10.0,118.82,completed
O202806,1,22/02/2024,C51874,P1091,1,23.72,0.0,9.49,completed
O202623,4,2024-04-19,C51759,P1109,2,37.34,0.0,20.91,completed
O204426,3,27/12/2024,C52956,P1097,1,10.71,0.0,4.28,returned
O203840,3,2024-10-19,C52543,P1025,1,39.88,0.0,24.73,completed
O201117,3,2024-05-29,C50751,P1092,1,17.47,0.0,6.99,completed
O200204,2,2024-11-23,C50142,P1045,1,41.9,20.0,32.47,completed
O201862,1,2024-11-28,C51224,P1002,1,71.62,30.0,79.8,completed
O201343,2,2024-11-23,C50880,P1060,2,40.96,20.0,24.58,completed
O201514,1,2023-04-12,C50985,P1050,1,34.14,0.0,16.39,completed
O200048,2,16/02/2024,C50030,P1029,1,60.73,0.0,37.65,completed
O201656,2,2023-06-26,C51069,P1112,1,23.49,15.0,15.47,completed
O203249,5,2024-12-26,C52151,P1115,1,25.43,0.0,14.24,completed
O205458,2,2023-03-03,C53710,P1032,1,40.32,0.0,25.0,completed
O202078,2,2023-08-19,C51382,P1027,1,64.47,0.0,39.97,completed
O203363,1,2024-06-01,C52220,P1109,1,37.34,0.0,20.91,completed
O202340,3,"Sep 29, 2023",C51567,P1074,3,75.35,5.0,51.56,completed
O205503,2,2024-10-25,C53743,P1015,1,234.42,0.0,182.85,completed
O203949,6,2024-04-03,C52623,P1032,2,36.29,10.0,25.0,completed
O201466,1,11/03/2024,C50965,P1018,1,90.93,15.0,83.44,completed
O200551,4,28/06/2024,C50399,P1074,1,79.32,0.0,51.56,completed
O201000,1,2024-02-04,C50687,P1084,2,48.91,0.0,31.79,completed
O205569,3,2023-06-02,C53791,P1090,1,69.43,10.0,50.14,completed
O204116,1,26/07/2024,C52732,P1001,1,214.35,,167.19,completed
O200182,2,03/12/2024,C50135,P1083,-1,34.59,,32.12,returned
O203617,4,2024-12-21,C52397,P1051,1,35.83,5.0,18.11,completed
O200782,1,02/09/2024,C50536,P1120,1,21.77,0.0,12.19,completed
O202611,2,2024-10-15,C51750,P1051,1,37.72,0.0,18.11,completed
O205571,1,2024-02-25,C53792,P1114,1,11.91,0.0,6.67,completed
O205145,3,2024-09-13,C53493,P1074,1,71.39,10.0,51.56,completed
O203161,1,2023-01-13,C52082,P1038,1,22.72,30.0,20.13,completed
O203989,1,"Sep 22, 2023",C52646,P1009,3,170.62,5.0,140.09,completed
O202683,3,09/11/2024,C51799,P1069,1,48.72,0.0,23.39,completed
O200257,2,2024-11-26,C50186,P1112,3,22.1,20.0,15.47,completed
O201614,1,"Jul 24, 2024",C51058,P1030,1,52.09,15.0,37.99,completed
O205555,2,2024-11-28,C53780,P1008,2,121.86,,118.82,completed
O205108,1,2024-12-24,C53471,P1065,1,45.61,0.0,21.89,completed
O205115,5,2024-12-08,C53472,P1061,1,10.87,30.0,7.45,completed
O204296,1,07/12/2024,C52859,P1111,2,24.38,20.0,,completed
O203502,1,2023-12-04,C52330,P1027,1,38.68,40.0,39.97,completed
O203732,2,10/10/2024,C52470,P1078,2,55.96,15.0,42.8,completed
O205100,2,26/08/2024,C53466,P1019,1,293.87,0.0,229.22,completed
O204815,1,2024-05-28,C53245,P1087,1,46.61,0.0,30.3,completed
O201161,1,2023-11-02,C50774,P1052,1,44.0,0.0,21.12,completed
O203007,5,2024-11-23,C51981,P1112,1,22.1,20.0,15.47,completed
O201333,2,2024-11-03,C50877,P1032,1,34.27,15.0,25.0,completed
O205536,1,2023-04-17,C53763,P1105,1,12.51,0.0,5.0,completed
O205662,2,2024-10-13,C53860,P1025,1,39.88,0.0,24.73,completed
O202887,5,03/08/2024,C51909,P1076,1,88.21,0.0,57.34,completed
O201488,2,2024-10-02,C50978,P1119,1,51.92,5.0,30.6,completed
O205625,3,2024-04-08,C53839,P1067,2,28.31,0.0,13.59,completed
O200809,3,2024-12-28,C50542,P1040,5,68.39,0.0,42.4,completed
O200063,1,2023-01-20,C50038,P1093,2,15.34,0.0,6.14,completed
O202034,1,2024-11-28,C51356,P1050,1,23.9,30.0,16.39,completed
O205503,3,25/10/2024,C53743,P1109,1,37.34,0.0,20.91,completed
O201898,1,03/03/2024,C51255,P1084,1,48.91,0.0,31.79,completed
O201277,1,2024-07-25,C50835,P1040,1,68.39,0.0,42.4,completed
O204125,1,2024-07-11,C52736,P1117,1,27.56,0.0,15.43,completed
O202876,2,06/11/2023,C51907,P1032,1,40.32,0.0,25.0,completed
O200279,2,2024-12-14,C50202,P1111,1,27.43,10.0,17.07,
O205640,6,2023-06-18,C53851,P1075,1,65.26,0.0,42.42,completed
O204695,2,2024-10-29,C53160,P1012,1,278.05,0.0,216.88,completed
O201319,4,30/12/2024,C50864,P1117,1,27.56,0.0,15.43,completed
O203276,2,05/05/2024,C52171,P1016,1,113.0,0.0,88.14,completed
O203452,3,2024-03-08,C52291,P1092,1,17.47,0.0,6.99,completed
O200141,1,2024-12-27,C50097,P1032,1,40.32,0.0,25.0,completed
O204263,2,2023-06-12,C52843,P1021,1,155.56,5.0,127.73,completed
O202488,1,2024-06-28,C51656,P1009,1,179.6,0.0,140.09,completed
O201118,4,2023-06-28,C50751,P1092,2,17.47,0.0,6.99,completed
O202873,1,2024-05-21,C51906,P1015,1,222.7,5.0,182.85,completed
O205756,5,2024-12-28,C53928,P1055,1,26.8,0.0,12.86,completed
O200673,2,2024-09-14,C50476,P1066,1,47.32,0.0,22.71,completed
O205562,1,01/07/2024,C53788,P1032,2,40.32,0.0,25.0,completed
O203797,3,2024-06-26,C52515,P1086,2,78.87,0.0,51.27,completed
O200581,2,"Dec 30, 2023",C50414,P1115,1,24.16,5.0,,completed
O204984,2,2024-08-11,C53368,P1062,2,28.48,0.0,13.67,completed
O203101,1,01/02/2023,C52044,P1036,4,73.85,15.0,53.87,completed
O201827,2,2024-11-23,C51209,P1070,3,27.34,10.0,14.58,completed
O204414,3,2024-06-22,C52952,P1108,1,15.87,0.0,6.35,completed
O204893,4,"Mar 28, 2024",C53302,P1026,1,41.43,,25.69,completed
O201208,4,2024-06-26,C50792,P1096,1,10.19,0.0,4.08,completed
O201059,3,2024-12-02,C50712,P1015,3,140.65,40.0,182.85,completed
O200751,2,19/09/2023,C50514,P1100,1,12.65,0.0,5.06,completed
O204253,4,2024-04-21,C52838,P1029,2,51.62,15.0,37.65,
O203658,1,2024-04-16,C52426,P1032,1,36.29,10.0,25.0,completed
O203190,2,2024-08-22,C52102,P1075,2,65.26,0.0,42.42,completed
O205614,1,27/05/2024,C53827,P1052,1,41.8,5.0,21.12,completed
O203970,1,2024-12-24,C52639,P1117,3,24.8,10.0,15.43,completed
O205699,2,2024-06-10,C53886,P1013,3,187.98,0.0,146.62,completed
O205414,1,"Nov 22, 2024",C53683,P1015,2,164.09,30.0,182.85,completed
O201666,1,2024-11-02,C51071,P1036,1,82.54,5.0,53.87,completed
O203463,1,2023-06-25,C52299,P1115,2,21.62,15.0,14.24,completed
O205066,1,2023-12-15,C53428,P1031,1,100.9,30.0,89.37,completed
O201036,1,30/12/2023,C50707,P1061,1,15.53,0.0,7.45,completed
O203505,1,"Oct 21, 2024",C52330,P1025,2,39.88,0.0,24.73,completed
O200379,2,02/12/2024,C50274,P1015,2,210.98,10.0,182.85,completed
O202214,1,2024-11-25,C51480,P1117,4,19.29,30.0,15.43,completed
O204001,2,2024-12-14,C52653,P1069,1,38.98,20.0,23.39,completed
O200588,1,2024-07-30,C50420,P1037,2,46.67,0.0,28.94,completed
O202284,1,2024-08-03,C51523,P1015,1,234.42,0.0,182.85,completed
O201355,2,06/06/2023,C50888,P1079,1,85.12,0.0,55.33,completed
O201184,3,2024-09-04,C50784,P1114,1,11.91,0.0,6.67,completed
O205625,1,2024-04-08,C53839,P1015,1,210.98,10.0,,completed
O201715,3,"Dec 04, 2023",C51125,P1046,1,49.6,,34.17,completed
O202758,2,09/09/2023,C51835,P1062,1,28.48,0.0,13.67,completed
O202677,1,24/07/2024,C51795,P1063,1,32.07,10.0,17.1,completed
O203971,4,2024-09-23,C52640,P1112,2,27.63,0.0,15.47,completed
O202573,2,2024-12-15,C51718,P1119,1,49.18,10.0,30.6,completed
O201911,2,2024-03-13,C51268,P1027,1,64.47,0.0,39.97,completed
O203275,1,"May 26, 2024",C52171,P1104,2,24.41,0.0,9.76,completed
O205748,1,2024-11-29,C53923,P1016,1,90.4,20.0,88.14,completed
O205238,4,2024-10-14,C53556,P1070,1,30.38,0.0,14.58,completed
O200250,2,2024-10-02,C50181,P1083,1,49.42,0.0,32.12,returned
O200899,3,2024-12-10,C50605,P1067,1,16.99,40.0,13.59,completed
O204675,3,25/11/2024,C53143,P1019,2,235.1,20.0,229.22,completed
O203987,5,2024-03-24,C52646,P1045,2,52.37,0.0,32.47,completed
O200037,1,2024-09-09,C50022,P1015,1,210.98,10.0,182.85,completed
O204039,1,2024-02-15,C52680,P1031,1,144.15,0.0,89.37,completed
O203904,2,2024-12-24,C52580,P1074,1,79.32,0.0,51.56,completed
O203932,3,2024-12-04,C52611,P1074,2,55.52,30.0,51.56,completed
O202978,1,2024-11-17,C51959,P1023,2,319.59,10.0,276.98,completed
O200694,2,"Aug 16, 2024",C50486,P1112,2,26.25,5.0,15.47,completed
O202387,1,2024-11-29,C51584,P1101,1,12.5,20.0,6.25,completed
O202834,2,12/12/2023,C51886,P1061,1,12.42,20.0,7.45,completed
O203114,3,2023-12-23,C52051,P1109,1,37.34,0.0,20.91,completed
O202358,1,2023-08-15,C51574,P1092,-1,15.72,10.0,,returned
O202739,2,2024-09-29,C51826,P1048,1,36.62,0.0,17.58,completed
O205324,1,2024-04-24,C53617,P1012,3,278.05,0.0,216.88,completed
O205238,3,2024-10-14,C53556,P1041,2,71.64,0.0,44.42,completed
O200108,1,2023-12-24,C50074,P1096,1,10.19,0.0,4.08,completed
O200402,3,27/07/2023,C50290,P1074,3,79.32,0.0,51.56,completed
O201469,1,2023-09-02,C50965,P1051,1,37.72,0.0,18.11,completed
O204131,2,2024-02-11,C52737,P1108,1,15.08,5.0,6.35,completed
O200158,2,05/02/2024,C50118,P1082,2,39.83,5.0,27.25,completed
O200258,2,2024-12-26,C50187,P1033,1,32.5,15.0,23.71,completed
O203036,1,2024-10-26,C51997,P1074,1,79.32,0.0,51.56,completed
O202370,1,"Aug 19, 2023",C51577,P1062,1,28.48,0.0,13.67,completed
O200016,2,26/11/2023,C50010,P1087,1,37.29,20.0,30.3,completed
O203946,1,"Sep 05, 2023",C52616,P1030,2,61.28,0.0,37.99,completed
O203235,5,"Mar 25, 2024",C52139,P1049,2,42.7,5.0,21.58,completed
O201808,2,2024-11-20,C51202,P1114,1,119.1,0.0,6.67,completed
O204581,1,2024-06-26,C53068,P1061,2,13.98,10.0,,completed
O203106,1,"Jan 04, 2024",C52048,P1071,1,13.05,30.0,8.95,completed
O202431,1,2024-12-26,C51618,P1098,2,12.2,0.0,4.88,completed
O201160,3,2023-01-26,C50774,P1010,3,96.38,15.0,88.44,completed
O205271,1,2024-12-15,C53584,P1015,1,140.65,40.0,182.85,completed
O203143,1,2024-07-11,C52070,P1045,1,52.37,0.0,32.47,completed
O202102,3,2024-10-15,C51405,P1083,1,44.48,10.0,32.12,completed
O200254,2,12/10/2024,C50185,P1110,3,9.31,10.0,5.79,completed
O205848,5,2023-06-13,C53987,P1024,1,149.85,10.0,129.87,completed
O202816,2,2023-08-25,C51876,P1074,1,67.42,15.0,51.56,completed
O204554,3,2023-03-29,C53055,P1033,1,38.24,0.0,23.71,completed
O204223,4,2024-06-30,C52803,P1114,1,11.91,0.0,6.67,completed
O202817,2,"May 14, 2023",C51876,P1072,2,19.89,0.0,9.55,completed
O200581,1,30/12/2023,C50414,P1092,3,15.72,10.0,6.99,completed
O205557,4,2024-09-26,C53780,P1102,1,30.56,0.0,12.22,completed
O200052,2,2024-08-08,C50032,P1074,2,71.39,10.0,51.56,completed
O200896,1,2023-04-28,C50602,P1074,1,67.42,15.0,51.56,completed
O201256,1,2023-05-17,C50818,P1113,1,16.41,10.0,,completed
O200713,2,2024-12-28,C50495,P1048,1,36.62,0.0,,completed
O200225,1,15/11/2024,C50155,P1112,1,26.25,5.0,15.47,completed
O202435,1,2024-12-02,C51622,P1038,1,25.97,20.0,20.13,completed
O205167,4,2024-08-31,C53509,P1035,1,67.22,0.0,41.68,completed
O201662,2,2024-08-24,C51070,P1108,2,13.49,15.0,6.35,completed
O201021,1,2024-12-09,C50699,P1015,1,140.65,40.0,182.85,completed
O204761,1,2024-10-18,C53203,P1015,1,234.42,,182.85,completed
O202539,1,2023-03-06,C51691,P1096,1,10.19,0.0,4.08,returned
O205585,1,2024-12-13,C53810,P1012,3,222.44,20.0,216.88,completed
O205537,3,2024-11-21,C53765,P1009,1,179.6,0.0,140.09,completed
O202503,2,2024-03-05,C51669,P1046,-1,55.11,0.0,34.17,returned
O205261,1,2024-05-26,C53574,P1031,4,122.53,15.0,89.37,completed
O201962,2,2024-06-06,C51303,P1074,1,79.32,0.0,51.56,completed
O203357,4,2024-05-11,C52215,P1030,1,58.22,5.0,37.99,completed
O202406,3,2023-12-13,C51600,P1077,1,42.93,10.0,31.01,completed
O203865,1,2023-09-23,C52560,P1015,1,222.7,5.0,182.85,completed
O205624,1,2024-11-28,C53838,P1015,1,164.09,30.0,182.85,completed
O203694,1,2024-02-18,C52454,P1073,2,36.39,0.0,23.65,completed
O201426,1,2024-11-27,C50941,P1107,2,8.7,30.0,4.97,completed
O204303,2,2023-03-08,C52864,P1043,1,35.42,0.0,21.96,completed
O201426,2,2024-11-27,C50941,P1120,4,19.59,10.0,12.19,
O202487,3,2024-12-03,C51655,P1065,1,41.05,10.0,21.89,completed
O203680,1,24/10/2024,C52444,P1012,1,278.05,0.0,216.88,completed
O204862,1,2023-12-07,C53276,P1008,1,121.86,20.0,118.82,completed
O201719,1,2024-03-31,C51128,P1024,2,166.5,0.0,129.87,completed
O200008,2,2024-06-23,C50003,P1037,1,46.67,0.0,28.94,completed
O203707,2,2024-10-06,C52459,P1002,3,102.31,0.0,79.8,completed
O202318,1,2024-01-11,C51556,P1062,1,22.78,20.0,13.67,completed
O203896,2,2024-12-16,C52575,P1088,1,54.68,10.0,39.49,completed
O205787,2,2024-01-03,C53944,P1074,3,71.39,10.0,51.56,completed
O200026,1,2023-03-03,C50016,P1032,1,38.3,5.0,25.0,completed
O204229,4,2024-10-16,C52806,P1029,1,54.66,10.0,37.65,completed
O202273,2,2024-11-08,C51515,P1113,1,18.23,0.0,10.21,completed
O200741,1,13/03/2023,C50508,P1002,1,102.31,0.0,79.8,completed
O205784,1,2024-05-29,C53944,P1075,2,65.26,0.0,42.42,completed
O204149,4,2024-12-10,C52747,P1035,5,53.78,20.0,41.68,completed
O205011,3,"Jul 22, 2024",C53383,P1056,2,24.84,0.0,11.92,completed
O202200,2,2024-12-25,C51469,P1053,1,15.47,10.0,8.25,completed
O203987,2,"Mar 24, 2024",C52646,P1006,1,84.14,,69.08,returned
O204865,1,2024-08-29,C53277,P1058,2,61.65,5.0,31.15,completed
O204293,1,2024-12-15,C52856,P1055,1,21.44,20.0,12.86,completed
O205438,1,2024-07-04,C53695,P1032,2,40.32,0.0,25.0,completed
O201433,2,2024-11-30,C50945,P1112,2,19.34,30.0,15.47,completed
O202297,2,2024-11-05,C51541,P1114,2,11.91,0.0,6.67,completed
O202348,2,2024-11-30,C51570,P1050,1,23.9,30.0,16.39,completed
O200846,1,2024-10-14,C50572,P1026,2,37.29,10.0,25.69,completed
O201349,2,2023-08-14,C50882,P1019,2,293.87,0.0,229.22,completed
O204962,2,"Aug 04, 2024",C53346,P1080,1,50.9,0.0,33.09,completed
O201412,3,"May 16, 2024",C50927,P1064,1,43.11,0.0,20.69,completed
O200270,2,"Jan 08, 2023",C50197,P1065,4,31.93,30.0,21.89,completed
O200566,2,10/10/2024,C50404,P1058,1,64.89,0.0,31.15,completed
O202403,2,2024-06-12,C51597,P1034,-1,32.89,0.0,20.39,returned
O202765,1,2023-07-17,C51841,P1030,1,61.28,0.0,37.99,completed
O201990,1,2024-10-06,C51320,P1044,2,55.48,0.0,34.4,completed
O205008,5,2024-10-21,C53381,P1058,1,64.89,0.0,31.15,completed
O203966,1,2023-08-16,C52633,P1114,1,11.91,0.0,6.67,completed
O202902,3,2023-08-05,C51919,P1015,1,234.42,0.0,182.85,completed
O204382,1,2024-11-19,C52936,P1015,1,210.98,,182.85,completed
O201570,1,17/03/2024,C51032,P1009,1,179.6,0.0,140.09,completed
O204942,2,2023-08-10,C53335,P1083,1,44.48,10.0,32.12,completed
O201125,4,04/12/2024,C50755,P1064,2,38.8,10.0,20.69,completed
O201887,2,2023-09-10,C51243,P1098,2,12.2,0.0,4.88,completed
O201182,2,2024-04-26,C50783,P1085,1,31.26,0.0,20.32,completed
O203486,2,13/05/2024,C52314,P1037,2,46.67,0.0,28.94,completed
O202239,1,2024-12-11,C51499,P1098,3,9.76,20.0,4.88,completed
O202582,1,2024-10-16,C51722,P1049,1,382.1,15.0,21.58,completed
O205831,1,2024-09-24,C53976,P1102,3,29.03,5.0,12.22,completed
O201125,2,04/12/2024,C50755,P1062,1,25.63,10.0,13.67,completed
O204908,3,2024-10-24,C53312,P1060,4,51.2,0.0,24.58,completed
O201659,3,"Feb 02, 2023",C51069,P1045,1,52.37,0.0,32.47,completed
O200597,3,16/05/2024,C50426,P1109,1,37.34,0.0,20.91,completed
O205295,2,2024-07-20,C53599,P1015,1,234.42,0.0,182.85,completed
O202286,2,2024-12-19,C51523,P1058,1,45.42,30.0,31.15,completed
O200603,1,2024-12-29,C50428,P1072,1,19.89,0.0,9.55,completed
O202225,1,2024-06-25,C51485,P1107,1,10.57,15.0,4.97,returned
O202924,1,2023-06-24,C51932,P1008,3,152.33,0.0,118.82,completed
O201892,4,2024-10-28,C51248,P1021,1,163.75,0.0,127.73,completed
O201345,1,15/02/2024,C50880,P1072,1,18.9,5.0,9.55,completed
O205514,3,2023-03-24,C53752,P1080,1,45.81,10.0,33.09,completed
O201746,1,12/05/2023,C51151,P1114,1,11.91,0.0,6.67,completed
O201175,3,02/05/2024,C50781,P1014,1,303.27,10.0,262.84,completed
O204372,1,2024-12-10,C52925,P1118,1,22.32,10.0,13.89,completed
O200207,3,2024-11-25,C50144,P1050,1,27.31,20.0,16.39,completed
O204977,2,09/11/2023,C53356,P1112,1,27.63,0.0,15.47,completed
O205424,2,11/12/2023,C53688,P1120,1,13.06,40.0,12.19,completed
O202147,2,2024-08-08,C51432,P1015,1,234.42,0.0,182.85,completed
O201573,5,2024-04-09,C51037,P1066,1,42.59,10.0,22.71,returned
O200476,4,2024-07-10,C50345,P1078,3,65.84,0.0,42.8,completed
O203504,2,"Jun 04, 2024",C52330,P1020,1,176.36,0.0,137.56,completed
O204636,1,2023-10-11,C53111,P1101,1,15.62,0.0,6.25,completed
O205425,4,2024-05-13,C53688,P1080,1,45.81,10.0,33.09,completed
O203858,2,2024-11-28,C52554,P1029,2,54.66,10.0,37.65,completed
O204524,4,2024-04-25,C53032,P1043,2,35.42,0.0,21.96,completed
O203780,2,2024-12-04,C52507,P1087,1,27.97,40.0,30.3,completed
O205627,1,2024-11-24,C53841,P1099,1,19.2,10.0,8.53,completed
O204887,3,2024-12-02,C53298,P1009,1,143.68,20.0,140.09,completed
O200678,4,2023-05-04,C50478,P1086,3,78.87,0.0,51.27,completed
O204191,6,2024-09-02,C52777,P1070,2,25.82,15.0,14.58,completed
O202355,3,2024-12-20,C51572,P1066,3,37.86,20.0,22.71,completed
O204160,2,"Jun 14, 2024",C52753,P1015,4,222.7,5.0,182.85,completed
O205375,1,2024-04-17,C53654,P1080,1,50.9,0.0,33.09,completed
O201398,3,2024-12-09,C50921,P1015,1,187.54,20.0,182.85,returned
O204427,2,"Sep 28, 2024",C52956,P1117,1,27.56,0.0,15.43,completed
O205337,3,2024-12-24,C53629,P1044,1,52.71,5.0,34.4,completed
O200175,2,2024-11-01,C50131,P1039,2,32.71,0.0,20.28,completed
O204986,1,2023-12-13,C53368,P1088,1,36.46,40.0,39.49,completed
O202792,2,04/12/2024,C51859,P1034,1,23.02,30.0,20.39,completed
O201135,2,12/05/2024,C50759,P1017,1,222.03,0.0,173.18,completed
O202953,3,2023-12-16,C51949,P1100,2,10.12,20.0,5.06,completed
O202006,1,"Dec 02, 2024",C51336,P1117,1,24.8,10.0,15.43,completed
O201463,1,2024-08-03,C50960,P1012,1,264.15,5.0,216.88,completed
O204361,2,2024-11-27,C52911,P1015,2,140.65,40.0,182.85,completed
O200320,2,18/12/2023,C50233,P1016,1,90.4,20.0,88.14,completed
O202650,1,2024-11-23,C51775,P1019,1,264.48,10.0,229.22,completed
O202825,2,29/06/2023,C51883,P1104,2,20.75,15.0,9.76,completed
O204054,3,2024-12-25,C52696,P1030,1,61.28,0.0,37.99,completed
O203492,1,2024-12-26,C52320,P1028,2,59.31,0.0,36.77,completed
O201015,4,2024-12-03,C50697,P1026,1,24.86,40.0,25.69,completed
O202887,2,2024-08-03,C51909,P1078,1,62.55,5.0,42.8,completed
O205636,1,2023-09-09,C53849,P1055,1,26.8,0.0,12.86,completed
O203254,2,05/12/2024,C52155,P1064,1,30.18,30.0,20.69,completed
O200938,2,2024-10-11,C50632,P1032,2,40.32,0.0,25.0,completed
O200653,1,2024-05-12,C50460,P1060,1,48.64,5.0,24.58,completed
O202660,1,2023-10-10,C51783,P1033,3,36.33,5.0,23.71,returned
O201789,1,2024-02-29,C51187,P1091,1,22.53,5.0,9.49,completed
O204831,4,04/06/2023,C53258,P1114,1,11.91,0.0,6.67,completed
O201700,1,2024-09-17,C51108,P1050,1,34.14,0.0,16.39,completed
O202319,1,2024-12-26,C51556,P1067,1,28.31,0.0,13.59,completed
O203471,1,29/02/2024,C52304,P1062,4,28.48,0.0,13.67,completed
O205798,1,2023-04-21,C53955,P1048,1,36.62,0.0,17.58,completed
O201217,1,2024-10-01,C50799,P1064,1,43.11,0.0,20.69,completed
O203385,3,2024-06-29,C52232,P1021,1,163.75,0.0,127.73,completed
O205308,1,2023-05-13,C53608,P1099,1,21.33,0.0,8.53,completed
O204642,1,2024-09-26,C53118,P1057,2,27.8,5.0,14.04,completed
O201885,3,2023-02-02,C51241,P1081,3,77.57,0.0,50.42,completed
O200168,1,2024-08-31,C50126,P1109,1,37.34,0.0,20.91,completed
O200105,3,2024-06-02,C50073,P1076,2,88.21,0.0,57.34,completed
O200674,4,2023-09-17,C50476,P1020,1,176.36,0.0,137.56,completed
O204881,1,2024-03-13,C53289,P1120,1,20.68,5.0,12.19,completed
O205254,2,2024-12-11,C53571,P1015,1,187.54,20.0,182.85,completed
O202515,4,2024-09-15,C51673,P1015,3,222.7,5.0,182.85,completed
O204120,1,2024-08-19,C52732,P1080,1,45.81,10.0,33.09,completed
O200147,1,2024-04-24,C50104,P1088,2,60.76,0.0,39.49,completed
O201069,2,2024-11-22,C50720,P1089,1,62.88,20.0,51.09,completed
O204693,5,2024-11-19,C53159,P1106,1,14.23,15.0,6.7,completed
O202907,2,2023-11-29,C51921,P1075,4,39.16,40.0,42.42,completed
O201303,4,2024-03-01,C50852,P1061,2,14.75,5.0,7.45,completed
O204296,3,2024-12-07,C52859,P1098,2,8.54,30.0,4.88,completed
O201944,1,2023-11-24,C51287,P1037,1,32.67,30.0,28.94,completed
O205820,3,2023-11-06,C53969,P1064,1,43.11,0.0,20.69,completed
O204143,2,12/06/2023,C52742,P1054,1,28.68,0.0,13.77,completed
O203148,1,2024-06-03,C52073,P1114,1,11.31,5.0,6.67,completed
O200955,2,01/08/2023,C50644,P1097,1,10.71,0.0,4.28,completed
O204281,5,2024-03-29,C52852,P1035,1,67.22,0.0,41.68,completed
O202366,2,2024-06-02,C51575,P1080,1,50.9,0.0,33.09,completed
O202582,3,2024-10-16,C51722,P1086,1,78.87,0.0,51.27,completed
O201136,2,09/07/2024,C50760,P1112,1,27.63,0.0,15.47,completed
O203642,2,2023-12-13,C52412,P1088,1,48.61,20.0,39.49,completed
O200647,1,2024-02-11,C50457,P1081,2,77.57,0.0,50.42,completed
O204888,1,2024-12-18,C53298,P1089,3,55.02,30.0,51.09,completed
O201178,3,2024-06-18,C50781,P1114,3,11.91,0.0,6.67,completed
O205274,2,2024-02-05,C53585,P1088,1,60.76,0.0,39.49,completed
O202291,1,2024-12-09,C51532,P1018,1,85.58,20.0,83.44,completed
O200590,4,08/10/2024,C50421,P1062,1,27.06,5.0,13.67,completed
O200335,2,2024-07-31,C50249,P1008,1,152.33,0.0,118.82,completed
O200975,1,01/07/2024,C50659,P1020,3,176.36,,137.56,completed
O204149,1,2024-12-10,C52747,P1038,1,22.72,30.0,20.13,completed
O202117,2,26/03/2023,C51415,P1100,5,12.65,0.0,5.06,completed
O200760,2,2023-06-26,C50518,P1078,2,65.84,0.0,42.8,completed
O203364,1,22/10/2023,C52220,P1015,1,210.98,10.0,182.85,completed
O205856,1,18/05/2024,C53988,P1111,1,30.48,0.0,17.07,completed
O203521,3,2024-12-29,C52347,P1057,1,29.26,0.0,14.04,completed
O200977,1,2024-06-11,C50661,P1100,1,12.65,0.0,5.06,completed
O202391,4,29/07/2024,C51586,P1114,4,11.91,0.0,6.67,completed
O203135,1,2024-11-01,C52063,P1021,4,163.75,0.0,127.73,completed
O203624,2,2024-12-01,C52401,P1107,1,11.19,10.0,4.97,completed
O200628,2,2023-06-27,C50442,P1056,2,24.84,0.0,11.92,completed
O205275,1,2024-12-14,C53587,P1034,2,26.31,20.0,20.39,completed
O205276,1,2024-07-21,C53587,P1069,1,43.85,10.0,23.39,completed
O202753,1,25/05/2023,C51833,P1090,1,77.14,0.0,50.14,completed
O202665,1,2024-11-26,C51787,P1096,1,8.15,20.0,4.08,completed
O201218,1,2024-05-27,C50799,P1028,2,50.41,15.0,36.77,completed
O203558,2,2024-09-27,C52364,P1095,4,9.25,0.0,3.7,completed
O200394,1,"Jun 25, 2024",C50286,P1112,2,23.49,15.0,15.47,completed
O205518,1,2023-11-05,C53753,P1071,1,17.72,5.0,8.95,completed
O202283,2,2024-12-30,C51522,P1015,3,234.42,0.0,182.85,completed
O202809,4,23/04/2024,C51875,P1019,1,293.87,0.0,229.22,completed
O200293,3,2024-07-18,C50209,P1108,1,15.87,0.0,6.35,completed
O201329,2,2024-12-03,C50874,P1112,2,24.87,10.0,15.47,completed
O204329,1,2024-02-12,C52880,P1059,1,22.43,0.0,10.77,completed
O205086,1,02/06/2024,C53450,P1015,1,222.7,5.0,182.85,completed
O200889,2,2024-12-16,C50593,P1015,1,164.09,30.0,182.85,completed
O200355,2,2024-11-13,C50257,P1100,1,10.75,15.0,5.06,completed
O205391,2,2024-02-11,C53666,P1015,1,222.7,5.0,182.85,completed
O205355,1,29/11/2023,C53639,P1016,2,79.1,30.0,88.14,completed
O204241,2,2024-09-27,C52819,P1083,1,49.42,0.0,32.12,completed
O203180,2,2024-12-12,C52098,P1034,3,29.6,10.0,20.39,completed
O201521,2,"Sep 07, 2023",C50986,P1105,1,12.51,0.0,5.0,completed
O204288,3,08/12/2024,C52855,P1034,1,23.02,30.0,20.39,completed
O204637,3,2024-02-27,C53114,P1112,1,27.63,0.0,15.47,completed
O203336,1,2024-05-02,C52206,P1096,1,9.68,5.0,4.08,completed
O201078,1,2024-08-30,C50724,P1015,4,234.42,0.0,182.85,completed
O204373,1,2023-12-20,C52925,P1009,2,143.68,20.0,140.09,completed
O204451,1,2024-07-25,C52977,P1082,1,39.83,5.0,27.25,completed
O205739,3,2023-11-25,C53910,P1092,1,13.98,20.0,6.99,completed
O202679,1,2024-07-29,C51796,P1004,1,3040.8999999999996,0.0,237.19,completed
O200608,2,01/04/2024,C50429,P1065,2,45.61,0.0,21.89,completed
O202377,1,2024-11-21,C51579,P1031,1,136.94,5.0,89.37,completed
O203041,2,2023-07-04,C52001,P1100,-3,12.02,5.0,5.06,returned
O204296,4,2024-12-07,C52859,P1015,1,210.98,10.0,182.85,completed
O203145,4,30/01/2023,C52071,P1059,1,22.43,0.0,10.77,completed
O201422,1,2024-04-30,C50934,P1078,3,65.84,0.0,42.8,completed
O200790,2,2024-11-11,C50538,P1026,3,41.43,0.0,25.69,completed
O202926,3,2024-10-23,C51933,P1017,1,222.03,0.0,173.18,completed
O202527,1,2023-06-15,C51682,P1063,1,35.63,0.0,17.1,completed
O201781,1,2024-03-26,C51176,P1008,1,137.1,10.0,118.82,completed
O200237,4,2024-01-08,C50171,P1034,2,29.6,10.0,20.39,completed
O200855,1,2024-04-08,C50578,P1024,1,158.17,5.0,129.87,completed
O205638,2,"Jul 16, 2024",C53849,P1053,1,14.61,15.0,8.25,completed
O200508,6,2024-10-09,C50366,P1060,1,51.2,0.0,24.58,completed
O203493,2,2023-07-09,C52321,P1080,1,50.9,0.0,33.09,completed
O201495,1,15/06/2024,C50979,P1062,1,25.63,10.0,13.67,completed
O202154,2,2024-11-13,C51435,P1057,1,29.26,0.0,14.04,completed
O201841,5,2024-07-10,C51215,P1032,2,40.32,0.0,25.0,completed
O205448,1,2024-12-05,C53704,P1067,1,19.82,30.0,13.59,completed
O200080,2,2023-11-18,C50058,P1034,1,32.89,,20.39,completed
O201128,2,2023-12-04,C50758,P1067,1,25.48,10.0,13.59,completed
O205336,1,2023-04-08,C53629,P1112,1,27.63,0.0,15.47,completed
O202223,2,2023-07-18,C51484,P1118,5,24.8,0.0,13.89,completed
O205440,2,2024-01-03,C53695,P1085,1,21.88,30.0,20.32,completed
O201276,3,2024-11-29,C50835,P1105,3,11.26,10.0,5.0,completed
O205723,2,2024-11-06,C53902,P1096,1,10.19,0.0,4.08,completed
O204775,2,2024-10-01,C53215,P1015,1,234.42,0.0,182.85,completed
O205356,3,2024-11-27,C53639,P1029,5,42.51,30.0,37.65,completed
O205124,2,2024-07-03,C53476,P1053,2,17.19,0.0,8.25,completed
O200797,1,"Dec 19, 2023",C50539,P1015,4,187.54,20.0,182.85,completed
O204162,4,2024-12-30,C52753,P1084,1,48.91,0.0,31.79,completed
O204007,1,2024-03-16,C52661,P1118,1,24.8,0.0,13.89,completed
O200950,2,2024-09-30,C50639,P1061,1,15.53,0.0,7.45,completed
O204927,3,2024-08-15,C53324,P1031,1,129.74,10.0,89.37,completed
O204079,2,2024-01-10,C52713,P1114,1,8.34,30.0,6.67,completed
O204340,3,2024-11-01,C52894,P1009,1,161.64,10.0,140.09,completed
O200971,1,2024-12-14,C50655,P1062,1,25.63,10.0,13.67,completed
O204315,1,2023-11-30,C52874,P1047,1,29.41,40.0,23.53,completed
O205310,2,2024-05-24,C53609,P1015,3,234.42,0.0,182.85,returned
O202581,2,22/04/2024,C51722,P1015,1,234.42,0.0,182.85,completed
O202371,1,2023-07-06,C51577,P1100,5,12.65,0.0,5.06,completed
O200223,1,2023-12-21,C50153,P1102,1,30.56,0.0,12.22,completed
O204600,3,16/08/2024,C53085,P1080,3,50.9,0.0,33.09,completed
O203909,3,20/12/2024,C52580,P1005,1,37.19,40.0,48.35,completed
O205124,3,2024-07-03,C53476,P1102,4,27.5,10.0,12.22,
O203491,5,2024-05-22,C52320,P1052,1,44.0,0.0,21.12,completed
O205798,2,2023-04-21,C53955,P1060,2,51.2,0.0,24.58,completed
O203320,1,2024-06-02,C52185,P1101,2,14.84,5.0,6.25,completed
O203205,2,2023-10-22,C52112,P1117,3,27.56,0.0,15.43,completed
O203328,1,2024-05-08,C52200,P1033,1,34.42,10.0,23.71,completed
O203570,4,2024-12-09,C52366,P1100,2,7.59,40.0,5.06,completed
O204723,1,2024-07-16,C53173,P1092,1,17.47,0.0,6.99,returned
O203898,1,2024-11-25,C52575,P1069,5,29.23,40.0,23.39,completed
O202059,1,2024-01-09,C51372,P1039,5,29.44,10.0,20.28,completed
O204415,1,2024-11-22,C52952,P1109,2,22.4,40.0,20.91,completed
O202131,1,"Mar 24, 2024",C51423,P1114,4,11.91,0.0,6.67,completed
O204869,2,2024-05-19,C53279,P1117,1,27.56,0.0,15.43,returned
O200695,1,2023-01-11,C50487,P1016,1,90.4,20.0,88.14,completed
O203848,3,21/12/2024,C52550,P1007,1,194.48,,151.69,returned
O202949,1,27/11/2024,C51945,P1062,1,17.09,40.0,13.67,completed
O204546,1,2024-08-05,C53050,P1062,1,25.63,,13.67,completed
O200760,3,2023-06-26,C50518,P1050,3,29.02,15.0,16.39,completed
O201862,2,28/11/2024,C51224,P1063,1,28.5,20.0,17.1,completed
O205630,2,2024-12-05,C53841,P1075,1,45.68,30.0,42.42,completed
O200952,3,2023-05-30,C50641,P1106,2,16.74,0.0,6.7,completed
O200237,3,2024-01-08,C50171,P1051,1,30.18,20.0,,completed
O200212,2,"Aug 31, 2024",C50148,P1006,1,88.57,0.0,69.08,completed
O200953,1,2023-05-20,C50641,P1047,5,49.02,0.0,23.53,completed
O204188,1,2023-01-29,C52774,P1098,4,10.98,10.0,4.88,completed
O200461,2,"Dec 16, 2024",C50325,P1015,3,210.98,10.0,182.85,completed
O201754,4,2024-12-06,C51158,P1074,1,47.59,40.0,51.56,completed
O205021,2,27/09/2024,C53388,P1065,1,45.61,0.0,21.89,completed
O201753,2,2024-03-30,C51155,P1017,2,222.03,0.0,173.18,completed
O205273,1,2024-11-29,C53585,P1015,1,187.54,20.0,182.85,completed
O200614,3,2023-12-01,C50433,P1099,1,19.2,10.0,8.53,completed
O205839,1,11/11/2024,C53983,P1105,4,11.88,5.0,5.0,completed
O200021,3,2024-04-21,C50014,P1077,1,47.7,0.0,31.01,completed
O200241,1,2024-11-30,C50174,P1022,1,99.72,20.0,,completed
O202461,2,2024-03-23,C51636,P1097,1,9.64,10.0,4.28,completed
O203018,2,"Nov 21, 2024",C51989,P1072,1,17.9,10.0,9.55,completed
O204581,2,"Jun 26, 2024",C53068,P1045,1,52.37,0.0,32.47,completed
O201324,3,2024-10-02,C50866,P1118,1,24.8,0.0,13.89,completed
O204226,2,03/12/2024,C52803,P1105,1,7.51,40.0,5.0,completed
O201709,2,2024-09-05,C51114,P1008,1,152.33,0.0,118.82,completed
O202082,1,2023-11-27,C51386,P1112,1,19.34,30.0,15.47,completed
O201953,1,20/05/2024,C51293,P1010,4,113.39,0.0,88.44,completed
O203820,4,2024-04-21,C52526,P1082,1,41.93,0.0,27.25,completed
O205137,2,2024-12-14,C53482,P1090,1,54.0,30.0,50.14,completed
O201406,1,2023-11-05,C50925,P1100,1,12.65,0.0,5.06,completed
O203637,1,2024-10-25,C52410,P1117,3,26.18,5.0,15.43,completed
O205187,1,2024-03-02,C53519,P1018,1,106.98,0.0,83.44,completed
O205712,2,2024-08-23,C53893,P1067,1,28.31,0.0,13.59,completed
O202633,2,2024-11-28,C51764,P1051,3,26.4,30.0,18.11,completed
O204432,1,2023-10-07,C52961,P1095,1,8.79,5.0,3.7,completed
O202647,2,2024-02-02,C51772,P1097,3,10.71,0.0,4.28,completed
O205404,2,2024-11-25,C53678,P1062,1,22.78,20.0,13.67,returned
O200246,1,2023-09-05,C50179,P1107,1,11.81,5.0,4.97,completed
O205415,3,2024-11-28,C53683,P1115,1,17.8,30.0,14.24,completed
O202435,2,2024-12-02,C51622,P1115,1,17.8,30.0,14.24,completed
O204486,1,2024-05-21,C53000,P1091,1,22.53,5.0,9.49,completed
O203340,1,16/09/2024,C52207,P1022,1,112.18,10.0,97.23,completed
O200112,1,"Mar 25, 2024",C50078,P1097,2,10.71,0.0,,completed
O204143,1,12/06/2023,C52742,P1004,2,304.09,0.0,237.19,completed
O200755,1,2024-10-13,C50516,P1070,2,30.38,0.0,14.58,completed
O204630,3,2024-06-29,C53107,P1080,3,50.9,0.0,33.09,completed
O202615,1,06/11/2024,C51751,P1025,1,39.88,0.0,24.73,completed
O201979,1,22/09/2024,C51314,P1016,1,113.0,0.0,88.14,completed
O203683,2,28/01/2023,C52444,P1050,1,34.14,0.0,16.39,completed
O200483,2,2023-02-06,C50351,P1105,1,12.51,,5.0,completed
O203563,4,21/06/2024,C52364,P1052,1,44.0,0.0,21.12,completed
O205258,1,2024-02-16,C53571,P1095,2,8.79,5.0,3.7,completed
O200598,1,2024-04-19,C50426,P1002,1,92.08,10.0,79.8,completed
O204793,2,06/08/2024,C53226,P1045,5,52.37,0.0,32.47,completed
O205619,2,2023-06-23,C53831,P1114,2,11.91,0.0,6.67,completed
O202266,2,2024-09-28,C51508,P1092,1,17.47,0.0,6.99,completed
O201143,3,"Dec 09, 2023",C50763,P1008,2,91.4,40.0,,completed
O202936,2,"Aug 19, 2024",C51939,P1060,1,51.2,0.0,24.58,completed
O202089,1,2023-12-04,C51391,P1115,4,17.8,30.0,14.24,completed
O200461,1,2024-12-16,C50325,P1101,2,14.06,10.0,6.25,completed
O204760,3,08/03/2024,C53201,P1024,1,149.85,10.0,129.87,completed
O200792,3,2024-06-05,C50538,P1086,3,67.04,15.0,51.27,completed
O205605,3,09/06/2024,C53823,P1017,2,199.83,,173.18,completed
O201213,1,2023-11-27,C50794,P1043,1,24.79,30.0,21.96,completed
O204709,3,2024-03-10,C53166,P1002,4,102.31,0.0,79.8,completed
O205090,1,2024-03-13,C53457,P1043,1,35.42,0.0,21.96,returned
O204561,4,2023-03-18,C53061,P1033,1,38.24,0.0,23.71,completed
O200600,2,2024-08-02,C50427,P1088,1,60.76,0.0,39.49,completed
O201588,5,"Apr 16, 2024",C51044,P1073,1,30.93,15.0,23.65,completed
O203459,2,"May 13, 2023",C52294,P1083,1,49.42,0.0,32.12,completed
O201451,6,2023-03-15,C50954,P1089,1,70.74,,51.09,completed
O202453,1,2024-06-23,C51632,P1100,1,12.65,0.0,5.06,completed
O202705,2,"Nov 22, 2023",C51813,P1015,-2,210.98,10.0,182.85,returned
O204534,2,"Feb 05, 2024",C53041,P1067,5,26.89,5.0,13.59,completed
O204522,1,2024-05-11,C53030,P1055,3,26.8,0.0,12.86,completed
O204000,4,2024-12-31,C52653,P1054,1,28.68,0.0,13.77,completed
O200765,3,2024-12-01,C50520,P1034,2,23.02,30.0,20.39,completed
O202029,2,2024-07-05,C51351,P1112,1,27.63,0.0,15.47,completed
O202164,2,"Nov 23, 2024",C51442,P1114,1,10.72,10.0,6.67,completed
O205240,1,08/12/2024,C53557,P1096,1,8.15,20.0,4.08,completed
O200809,1,2024-12-28,C50542,P1106,2,16.74,0.0,6.7,completed
O202995,3,2024-05-30,C51967,P1112,1,23.49,15.0,15.47,completed
O204691,1,2023-04-16,C53156,P1015,1,210.98,10.0,182.85,completed
O204665,1,"Nov 22, 2023",C53132,P1014,1,235.88,30.0,262.84,completed
O201086,1,2023-01-08,C50730,P1087,2,37.29,20.0,30.3,returned
O200073,1,2024-11-04,C50051,P1004,1,304.09,0.0,237.19,completed
O204719,1,2023-12-26,C53171,P1064,4,40.95,5.0,20.69,completed
O203007,3,2024-11-23,C51981,P1066,4,33.12,30.0,22.71,completed
O205001,2,2024-12-15,C53378,P1109,2,26.14,30.0,20.91,completed
O200783,3,2024-11-24,C50536,P1026,1,37.29,10.0,,completed
O203392,3,2024-10-13,C52237,P1045,2,47.13,10.0,32.47,completed
O201874,4,28/05/2024,C51230,P1069,3,48.72,0.0,23.39,completed
O204325,1,24/11/2024,C52878,P1044,2,38.84,30.0,34.4,completed
O202720,1,"Sep 23, 2024",C51819,P1095,1,8.79,5.0,3.7,completed
O202197,3,2023-09-02,C51467,P1031,4,144.15,0.0,89.37,completed
O200952,2,30/05/2023,C50641,P1074,2,79.32,0.0,51.56,completed
O204429,4,2024-10-24,C52958,P1045,1,52.37,0.0,32.47,completed
O205263,1,2024-12-03,C53576,P1067,3,22.65,20.0,13.59,completed
O203867,1,2024-09-02,C52560,P1026,2,41.43,0.0,25.69,completed
O205686,1,2023-12-05,C53875,P1050,1,27.31,20.0,16.39,completed
O205861,4,2024-10-07,C53992,P1076,1,88.21,0.0,57.34,completed
O204327,6,14/12/2023,C52879,P1058,2,51.91,,31.15,completed
O202920,2,04/04/2024,C51928,P1074,1,79.32,0.0,51.56,
O201944,2,"Nov 24, 2023",C51287,P1032,2,28.22,30.0,25.0,completed
O201254,2,2024-01-17,C50817,P1026,3,39.36,5.0,25.69,completed
O202610,1,2024-08-28,C51749,P1004,4,288.89,5.0,237.19,completed
O204485,1,2024-08-16,C53000,P1041,1,71.64,0.0,44.42,completed
O202621,1,2024-11-28,C51756,P1079,1,76.61,10.0,55.33,completed
O200158,3,2024-02-05,C50118,P1003,3,232.81,15.0,213.64,completed
O200518,2,2024-12-27,C50376,P1037,2,46.67,0.0,28.94,completed
O205049,1,2024-01-04,C53411,P1033,1,30.59,,23.71,completed
O202726,5,2023-09-10,C51824,P1074,2,75.35,5.0,51.56,completed
O204820,1,2024-12-28,C53251,P1091,1,23.72,0.0,9.49,completed
O204886,3,2024-12-20,C53296,P1032,1,36.29,10.0,25.0,completed
O200029,3,2024-05-04,C50016,P1040,1,64.97,5.0,42.4,completed
O202440,3,2024-04-30,C51624,P1088,2,60.76,0.0,39.49,completed
O204424,1,2024-06-20,C52956,P1034,1,32.89,0.0,20.39,completed
O200438,1,2023-07-27,C50317,P1013,1,187.98,0.0,146.62,completed
O204748,1,2024-12-28,C53193,P1069,1,48.72,0.0,23.39,completed
O202494,1,2023-04-23,C51663,P1032,2,40.32,0.0,25.0,completed
O205525,1,2024-10-07,C53756,P1042,2,58.34,10.0,40.19,completed
O203664,6,2024-11-23,C52432,P1050,2,30.73,10.0,16.39,completed
O205485,1,18/05/2023,C53725,P1076,1,74.98,15.0,57.34,completed
O205522,1,"Dec 23, 2023",C53754,P1005,3,61.99,0.0,48.35,completed
O200571,5,2024-08-22,C50406,P1010,1,113.39,0.0,88.44,completed
O205130,1,11/06/2024,C53479,P1106,2,15.9,5.0,6.7,completed
O200406,2,2023-12-03,C50291,P1072,2,13.92,30.0,9.55,completed
O202514,1,2024-06-01,C51673,P1061,2,14.75,5.0,7.45,completed
O202468,2,2024-08-11,C51644,P1104,2,24.41,0.0,9.76,completed
O202267,2,2024-12-30,C51509,P1015,2,234.42,0.0,182.85,completed
O203379,3,15/12/2024,C52230,P1044,1,44.38,20.0,34.4,completed
O202106,2,2024-09-02,C51406,P1116,4,16.95,10.0,10.54,completed
O200905,1,2023-01-01,C50610,P1107,-3,8.7,30.0,4.97,returned
O204210,1,2024-12-05,C52791,P1095,2,5.55,40.0,3.7,completed
O204835,2,03/06/2024,C53261,P1047,1,49.02,,23.53,completed
O201733,2,2023-04-04,C51137,P1017,1,222.03,0.0,173.18,completed
O204817,3,"Dec 07, 2024",C53248,P1119,1,43.72,20.0,30.6,completed
O203129,6,2024-08-26,C52062,P1080,1,50.9,0.0,33.09,completed
O202032,4,"Dec 08, 2024",C51356,P1030,1,49.02,20.0,37.99,completed
O201450,1,21/06/2024,C50954,P1015,2,234.42,,182.85,completed
O202725,1,2024-12-27,C51821,P1072,1,18.9,5.0,9.55,completed
O200473,5,05/12/2024,C50344,P1095,1,7.4,20.0,3.7,completed
O200136,1,2024-09-21,C50096,P1037,1,46.67,0.0,28.94,completed
O200367,1,2024-01-03,C50268,P1082,3,37.74,10.0,27.25,completed
O200530,2,2024-06-01,C50384,P1037,2,44.34,,28.94,completed
O204357,4,14/06/2024,C52907,P1117,1,26.18,5.0,15.43,completed
O202518,2,2024-10-24,C51676,P1048,3,36.62,0.0,17.58,completed
O202835,1,22/11/2023,C51886,P1059,1,20.19,10.0,10.77,completed
O200383,2,2023-11-23,C50277,P1019,1,205.71,30.0,229.22,completed
O203531,1,2024-11-30,C52348,P1026,2,29.0,30.0,,completed
O200991,2,2024-09-02,C50676,P1097,3,10.71,0.0,4.28,completed
O204171,2,"Nov 23, 2023",C52758,P1086,2,70.98,10.0,51.27,completed
O205022,1,2024-10-28,C53392,P1104,2,20.75,15.0,,completed
O203534,1,2024-12-24,C52352,P1050,1,34.14,0.0,16.39,completed
O200058,1,2024-10-07,C50035,P1056,3,24.84,0.0,11.92,completed
O204432,2,07/10/2023,C52961,P1063,1,33.85,5.0,17.1,completed
O203078,1,2024-12-20,C52025,P1029,1,42.51,30.0,37.65,completed
O205865,3,2024-11-03,C53996,P1036,2,86.88,0.0,53.87,completed
O200934,3,2024-12-23,C50628,P1074,1,75.35,5.0,51.56,completed
O205164,1,21/04/2024,C53508,P1115,1,25.43,0.0,14.24,completed
O200267,2,22/11/2024,C50196,P1082,1,29.35,30.0,27.25,completed
O202579,1,2024-04-25,C51720,P1068,3,26.9,0.0,12.91,completed
O204197,1,"Apr 22, 2023",C52782,P1101,3,15.62,0.0,6.25,completed
O203384,1,19/03/2024,C52232,P1096,3,10.19,0.0,,completed
O205359,1,2024-12-24,C53642,P1090,1,77.14,0.0,50.14,completed
O203868,2,2024-02-06,C52561,P1020,2,176.36,0.0,137.56,completed
O200779,1,01/07/2024,C50534,P1110,1,9.82,5.0,5.79,completed
O203020,3,2024-12-12,C51990,P1103,1,11.03,30.0,6.3,completed
O200554,1,23/12/2024,C50401,P1106,1,16.74,0.0,6.7,completed
O202532,3,"Jul 23, 2024",C51688,P1050,1,30.73,10.0,16.39,completed
O200560,6,2024-02-14,C50402,P1076,5,74.98,15.0,57.34,completed
O200452,5,2024-12-21,C50322,P1032,1,40.32,0.0,25.0,completed
O204101,2,2024-10-01,C52726,P1101,1,15.62,0.0,6.25,completed
O202994,1,2024-07-02,C51967,P1047,1,49.02,0.0,23.53,completed
O201741,1,2024-12-31,C51144,P1062,4,27.06,5.0,13.67,completed
O202329,2,2024-10-04,C51562,P1046,3,55.11,0.0,34.17,completed
O205305,2,27/01/2024,C53607,P1107,1,12.43,0.0,4.97,completed
O200887,3,24/11/2024,C50591,P1071,4,16.78,10.0,8.95,completed
O205433,2,2023-08-30,C53692,P1015,2,222.7,5.0,182.85,completed
O203952,1,2024-12-20,C52624,P1023,3,213.06,40.0,276.98,completed
O203011,1,2024-06-14,C51985,P1043,1,318.8,10.0,21.96,completed
O203158,1,2024-01-22,C52078,P1019,1,249.79,15.0,229.22,completed
O203646,2,2023-08-29,C52417,P1053,1,15.47,10.0,8.25,completed
O201966,1,2023-02-03,C51306,P1032,1,38.3,5.0,25.0,completed
O205205,2,2024-09-23,C53532,P1015,2,234.42,0.0,182.85,completed
O203840,2,"Oct 19, 2024",C52543,P1004,1,288.89,5.0,237.19,completed
O204118,2,"Dec 07, 2024",C52732,P1006,1,62.0,30.0,69.08,completed
O202772,2,2024-12-27,C51850,P1070,2,30.38,0.0,14.58,completed
O200877,1,08/05/2024,C50587,P1088,3,60.76,0.0,39.49,completed
O200452,2,2024-12-21,C50322,P1061,1,15.53,0.0,7.45,returned
O200966,1,20/04/2024,C50655,P1090,1,77.14,0.0,50.14,completed
O204980,4,2023-11-25,C53363,P1032,1,24.19,40.0,25.0,completed
O204121,2,16/03/2024,C52733,P1043,1,35.42,0.0,21.96,completed
O203223,1,2024-04-18,C52127,P1051,1,37.72,0.0,18.11,completed
O204515,1,2024-05-15,C53025,P1080,3,50.9,0.0,33.09,completed
O205823,2,2024-11-25,C53970,P1101,1,12.5,20.0,6.25,completed
O204526,2,2023-02-12,C53034,P1100,1,12.65,0.0,5.06,completed
O200280,3,2024-12-20,C50202,P1022,1,99.72,20.0,97.23,completed
O203551,2,"Oct 19, 2024",C52360,P1060,1,51.2,0.0,24.58,completed
O204450,1,2024-07-07,C52977,P1117,1,27.56,0.0,15.43,completed
O202864,2,2024-12-19,C51901,P1053,1,15.47,10.0,8.25,completed
O201813,3,2023-10-23,C51203,P1051,2,37.72,0.0,18.11,completed
O204313,1,2024-09-27,C52872,P1088,1,60.76,0.0,39.49,completed
O202683,1,09/11/2024,C51799,P1047,1,49.02,,23.53,completed
O201695,1,2024-09-10,C51103,P1017,1,222.03,0.0,173.18,completed
O202067,6,27/04/2024,C51377,P1088,1,60.76,0.0,39.49,completed
O201795,1,2024-11-09,C51194,P1105,2,12.51,,5.0,completed
O203018,1,21/11/2024,C51989,P1055,1,26.8,0.0,12.86,returned
O205114,2,2024-12-30,C53472,P1032,3,34.27,15.0,25.0,completed
O200347,3,2024-01-11,C50253,P1029,2,48.58,20.0,37.65,completed
O203425,5,2024-03-15,C52268,P1112,1,27.63,0.0,15.47,completed
O201036,2,2023-12-30,C50707,P1048,5,32.96,10.0,17.58,completed
O202982,3,2024-08-31,C51962,P1029,1,60.73,0.0,37.65,completed
O205821,2,2024-05-18,C53969,P1117,2,27.56,0.0,15.43,completed
O204697,4,2024-08-11,C53161,P1075,1,65.26,0.0,42.42,completed
O205566,3,2024-05-24,C53790,P1041,2,60.89,15.0,44.42,completed
O201051,4,2024-03-25,C50708,P1092,1,15.72,10.0,6.99,returned
O204347,2,2024-12-30,C52898,P1058,1,58.4,10.0,31.15,completed
O200219,1,2023-01-27,C50150,P1013,3,169.18,10.0,146.62,completed
O205204,2,2024-11-16,C53531,P1106,4,16.74,0.0,6.7,completed
O202133,2,2023-10-26,C51424,P1078,1,55.96,15.0,42.8,completed
O202305,3,"Jul 20, 2024",C51546,P1072,1,19.89,0.0,9.55,completed
O203236,1,2024-12-26,C52142,P1003,1,273.9,0.0,213.64,completed
O202259,3,2024-11-06,C51508,P1062,1,27.06,5.0,13.67,completed
O203954,2,2024-12-24,C52625,P1034,3,32.89,0.0,20.39,completed
O201645,4,2024-12-02,C51065,P1053,1,15.47,10.0,8.25,completed
O205062,1,12/09/2024,C53425,P1088,3,54.68,10.0,39.49,completed
O204568,2,2024-07-16,C53065,P1047,1,49.02,0.0,23.53,completed
O204842,1,06/04/2024,C53264,P1036,1,86.88,0.0,53.87,completed
O203887,2,20/09/2024,C52568,P1109,1,31.74,15.0,20.91,completed
O204007,2,2024-03-16,C52661,P1034,1,32.89,0.0,20.39,completed
O200417,1,2024-10-20,C50303,P1021,1,163.75,0.0,127.73,completed
O204853,2,2024-12-17,C53270,P1075,1,58.73,10.0,42.42,completed
O201214,3,2024-11-25,C50796,P1015,1,187.54,20.0,182.85,completed
O204764,1,2024-03-26,C53206,P1029,3,51.62,,37.65,completed
O205783,2,2023-04-13,C53943,P1059,1,22.43,0.0,10.77,completed
O201229,4,2024-12-16,C50804,P1032,1,28.22,30.0,25.0,completed
O200640,2,2024-06-26,C50449,P1045,1,52.37,0.0,32.47,completed
O201869,1,2024-04-30,C51227,P1067,1,28.31,0.0,13.59,completed
O201629,2,2024-12-17,C51061,P1015,1,164.09,30.0,182.85,completed
O204136,4,2023-08-12,C52740,P1114,2,11.91,0.0,6.67,completed
O203740,3,2024-07-02,C52477,P1117,1,27.56,0.0,15.43,completed
O201052,2,2023-11-26,C50709,P1079,1,76.61,10.0,55.33,completed
O205172,2,2023-08-16,C53512,P1061,1,15.53,0.0,7.45,completed
O202483,1,2023-11-29,C51651,P1005,2,49.59,20.0,48.35,returned
O204254,1,2024-07-09,C52839,P1027,3,61.25,5.0,39.97,completed
O205520,1,2024-08-25,C53753,P1028,2,59.31,0.0,36.77,completed
O204858,2,10/06/2024,C53275,P1053,1,17.19,0.0,8.25,completed
O201744,3,2023-01-13,C51148,P1001,1,150.04,30.0,167.19,completed
O205353,3,"Nov 30, 2024",C53637,P1113,1,14.58,20.0,10.21,completed
O204105,2,2024-11-30,C52728,P1104,3,19.53,20.0,9.76,completed
O200019,1,10/12/2024,C50012,P1097,1,7.5,30.0,4.28,completed
O202030,3,2023-11-23,C51355,P1015,2,164.09,30.0,182.85,completed
O202948,2,2023-06-04,C51944,P1066,2,47.32,0.0,22.71,completed
O202805,2,2023-01-22,C51873,P1101,3,15.62,0.0,6.25,completed
O200476,2,2024-07-10,C50345,P1046,2,52.35,5.0,34.17,completed
O205774,4,2024-11-21,C53940,P1114,1,11.91,0.0,6.67,completed
O203408,1,2024-07-13,C52254,P1114,2,11.91,0.0,6.67,completed
O201304,3,01/12/2023,C50852,P1114,2,7.15,40.0,6.67,completed
O200623,2,21/06/2023,C50437,P1065,1,45.61,0.0,21.89,completed
O200382,3,06/06/2024,C50277,P1040,1,68.39,0.0,42.4,completed
O201053,3,"Sep 15, 2024",C50709,P1114,1,11.91,0.0,6.67,completed
O205455,2,2024-11-24,C53708,P1021,3,114.62,30.0,127.73,completed
O205768,4,2024-06-13,C53937,P1114,1,10.72,10.0,6.67,completed
O204201,1,15/02/2024,C52785,P1098,1,12.2,0.0,4.88,completed
O203066,1,2024-12-11,C52014,P1068,1,21.52,20.0,12.91,completed
O202608,1,2024-09-04,C51747,P1008,1,152.33,0.0,118.82,completed
O201678,5,2024-01-16,C51084,P1011,3,279.33,5.0,229.34,completed
O201987,3,13/12/2024,C51319,P1022,1,99.72,20.0,97.23,completed
O200411,2,2023-11-01,C50297,P1029,1,60.73,0.0,37.65,completed
O204326,5,14/10/2023,C52878,P1080,4,45.81,10.0,33.09,completed
O204504,3,2023-02-03,C53016,P1015,1,234.42,0.0,182.85,completed
O202801,1,2024-04-25,C51869,P1062,3,28.48,0.0,13.67,completed
O205430,3,2023-05-07,C53689,P1098,3,12.2,0.0,4.88,completed
O201800,2,2023-11-25,C51200,P1057,1,26.33,10.0,14.04,completed
O200173,2,2023-02-13,C50128,P1074,1,71.39,10.0,51.56,completed
O202051,1,2023-10-02,C51372,P1018,2,101.63,5.0,83.44,completed
O204475,1,2024-10-21,C52998,P1074,1,79.32,0.0,51.56,completed
O205646,3,2024-12-09,C53855,P1058,1,51.91,20.0,31.15,completed
O204020,1,21/04/2023,C52667,P1025,1,39.88,0.0,24.73,completed
O201919,1,2024-09-27,C51271,P1029,3,60.73,0.0,37.65,completed
O205547,1,2024-04-27,C53774,P1094,1,17.6,0.0,7.04,completed
O204318,3,2023-08-11,C52874,P1011,2,294.03,0.0,229.34,completed
O203342,2,2024-08-03,C52208,P1050,5,34.14,0.0,16.39,completed
O200579,3,2024-08-31,C50414,P1086,1,78.87,0.0,51.27,completed
O200460,4,2023-12-10,C50325,P1087,1,37.29,20.0,30.3,completed
O205858,1,2024-09-23,C53988,P1035,1,67.22,0.0,,completed
O200836,1,2024-07-25,C50564,P1061,-2,15.53,0.0,7.45,returned
O200849,1,22/12/2023,C50573,P1039,1,32.71,,20.28,
O200418,3,2024-08-21,C50303,P1088,1,54.68,10.0,39.49,completed
O200021,1,21/04/2024,C50014,P1116,1,18.83,0.0,10.54,completed
O201541,4,2024-11-03,C51004,P1015,2,222.7,5.0,182.85,completed
O202982,1,2024-08-31,C51962,P1055,1,26.8,0.0,12.86,completed
O201137,1,2024-07-08,C50760,P1034,3,31.25,5.0,20.39,completed
O200728,2,2024-10-28,C50500,P1074,1,79.32,0.0,51.56,completed
O201947,1,"Aug 15, 2024",C51289,P1024,3,166.5,0.0,129.87,returned
O202526,2,08/01/2023,C51682,P1066,1,37.86,20.0,22.71,completed
O201665,3,2024-11-27,C51071,P1109,1,33.61,10.0,20.91,completed
O204661,1,2024-11-27,C53131,P1045,5,31.42,40.0,32.47,completed
O203079,2,2024-12-20,C52025,P1074,1,63.46,20.0,51.56,completed
O204612,1,2024-11-13,C53095,P1111,1,30.48,0.0,17.07,completed
O201302,1,10/11/2024,C50850,P1057,1,29.26,0.0,14.04,completed
O204350,2,2023-04-23,C52899,P1111,3,28.96,5.0,17.07,completed
O200659,2,2023-09-28,C50461,P1040,-1,68.39,0.0,42.4,returned
O202195,1,2024-09-21,C51464,P1084,1,44.02,10.0,31.79,completed
O201233,1,"May 05, 2024",C50807,P1010,2,113.39,0.0,88.44,completed
O200609,1,2024-11-20,C50429,P1015,1,234.42,0.0,182.85,completed
O201611,2,2024-01-22,C51055,P1016,1,113.0,0.0,88.14,completed
O205677,1,10/12/2024,C53868,P1115,4,22.89,10.0,14.24,completed
O201509,3,2024-11-30,C50984,P1021,-1,147.38,10.0,127.73,returned
O204373,4,2023-12-20,C52925,P1112,1,19.34,30.0,15.47,completed
O202758,1,2023-09-09,C51835,P1096,1,10.19,0.0,4.08,completed
O205197,1,2024-04-07,C53525,P1117,-2,27.56,0.0,15.43,returned
O201715,2,2023-12-04,C51125,P1029,1,48.58,20.0,37.65,completed
O205649,2,2024-02-23,C53856,P1032,1,40.32,0.0,25.0,completed
O204993,1,12/05/2024,C53373,P1105,2,12.51,0.0,5.0,completed
O200126,2,2024-12-08,C50089,P1061,1,13.98,10.0,7.45,completed
O200571,3,2024-08-22,C50406,P1050,1,34.14,0.0,16.39,completed
O200336,3,13/08/2024,C50249,P1058,1,64.89,0.0,31.15,completed
O205755,1,2024-12-31,C53928,P1114,2,11.91,0.0,6.67,returned
O205383,1,2024-07-05,C53662,P1059,1,22.43,0.0,10.77,completed
O200311,1,2023-03-29,C50224,P1019,2,279.18,5.0,229.22,completed
O203884,3,2024-09-12,C52567,P1050,2,34.14,0.0,16.39,completed
O200405,1,"Apr 25, 2023",C50290,P1026,1,41.43,0.0,25.69,returned
O203128,2,2023-04-15,C52061,P1002,1,86.96,15.0,79.8,completed
O203410,1,2023-06-03,C52256,P1108,2,13.49,15.0,6.35,completed
O202817,1,2023-05-14,C51876,P1079,3,85.12,0.0,55.33,completed
O201364,1,2023-09-23,C50892,P1028,1,53.38,10.0,36.77,completed
O204724,1,2024-08-05,C53173,P1032,1,40.32,0.0,25.0,completed
O203812,4,2024-05-04,C52520,P1014,1,336.97,0.0,262.84,completed
O200886,1,2024-03-16,C50591,P1099,1,21.33,0.0,8.53,completed
O204252,3,09/07/2023,C52835,P1117,1,27.56,0.0,15.43,completed
O201346,1,2023-07-29,C50880,P1056,2,24.84,0.0,11.92,completed
O201684,3,2024-12-16,C51090,P1058,1,38.93,40.0,31.15,completed
O204942,1,2023-08-10,C53335,P1050,3,30.73,10.0,16.39,completed
O200540,1,2023-08-02,C50391,P1012,1,278.05,0.0,216.88,completed
O201384,1,2024-11-05,C50907,P1078,1,62.55,5.0,42.8,completed
O203521,4,2024-12-29,C52347,P1084,2,48.91,0.0,31.79,completed
O200098,3,2023-07-06,C50069,P1023,5,337.34,5.0,276.98,completed
O200560,3,2024-02-14,C50402,P1084,1,48.91,0.0,31.79,completed
O203181,2,2024-04-24,C52098,P1013,1,187.98,0.0,146.62,completed
O202901,2,2024-08-29,C51919,P1014,2,336.97,0.0,262.84,completed
O202154,4,2024-11-13,C51435,P1069,1,48.72,0.0,23.39,completed
O203162,3,2024-04-24,C52083,P1094,2,17.6,0.0,7.04,completed
O201161,6,2023-11-02,C50774,P1008,1,152.33,0.0,118.82,completed
O202290,2,"Dec 20, 2024",C51530,P1102,1,24.45,20.0,12.22,completed
O203626,6,2024-05-12,C52404,P1002,3,102.31,0.0,79.8,completed
O201682,4,2024-12-12,C51090,P1074,1,63.46,20.0,51.56,completed
O200440,1,"May 21, 2024",C50317,P1038,1,32.46,0.0,20.13,completed
O201148,1,2024-04-28,C50764,P1088,1,54.68,10.0,39.49,completed
O202440,2,2024-04-30,C51624,P1084,4,41.57,15.0,31.79,completed
O201961,4,2023-06-15,C51302,P1027,1,64.47,0.0,39.97,completed
O204938,3,2024-08-31,C53333,P1114,3,11.91,0.0,6.67,completed
O201875,4,2024-10-25,C51234,P1063,1,35.63,0.0,17.1,completed
O203225,1,2024-02-23,C52129,P1015,1,199.26,15.0,182.85,completed
O200227,2,2024-10-31,C50158,P1034,2,32.89,0.0,20.39,completed
O201577,1,2023-11-08,C51038,P1056,1,24.84,0.0,11.92,
O205493,1,2024-02-29,C53735,P1106,2,16.74,0.0,6.7,completed
O204737,1,2023-05-13,C53182,P1037,2,46.67,0.0,28.94,completed
O200725,1,2023-12-07,C50500,P1117,1,22.05,20.0,15.43,completed
O204349,5,2024-08-23,C52899,P1028,1,59.31,0.0,36.77,completed
O200499,1,2024-11-30,C50362,P1027,1,45.13,30.0,39.97,completed
O201542,2,2024-11-25,C51005,P1050,4,27.31,20.0,16.39,completed
O203560,3,2024-12-06,C52364,P1113,1,14.58,20.0,10.21,completed
O203490,4,2024-12-26,C52316,P1045,2,49.75,5.0,32.47,completed
O205365,1,2023-07-09,C53646,P1096,2,10.19,0.0,4.08,completed
O204038,2,11/12/2024,C52678,P1112,2,19.34,30.0,15.47,completed
O204628,1,2023-08-29,C53106,P1011,1,294.03,0.0,229.34,completed
O204908,4,2024-10-24,C53312,P1079,2,85.12,0.0,55.33,completed
O203699,4,2023-10-05,C52458,P1070,1,30.38,0.0,14.58,completed
O205832,2,2023-09-02,C53976,P1015,1,234.42,0.0,182.85,completed
O201451,5,2023-03-15,C50954,P1015,1,234.42,0.0,182.85,completed
O202623,2,2024-04-19,C51759,P1024,3,166.5,0.0,129.87,completed
O203812,6,2024-05-04,C52520,P1119,1,54.65,0.0,30.6,completed
O203612,1,2024-09-01,C52394,P1083,1,46.95,5.0,32.12,completed
O203889,2,2024-11-29,C52568,P1109,2,29.87,20.0,20.91,completed
O200854,1,2024-07-16,C50577,P1039,1,31.07,5.0,20.28,completed
O203433,2,2023-10-05,C52274,P1090,1,77.14,0.0,50.14,completed
O204083,4,2024-08-14,C52716,P1055,1,26.8,0.0,12.86,completed
O205789,1,2023-09-13,C53945,P1037,1,46.67,0.0,28.94,completed
O201409,1,2023-01-13,C50925,P1005,2,43.39,30.0,48.35,completed
O201150,1,2024-07-26,C50766,P1042,1,64.82,0.0,40.19,completed
O201377,2,2024-07-25,C50901,P1098,2,10.37,15.0,4.88,completed
O201437,1,2023-05-09,C50946,P1089,2,78.6,0.0,51.09,returned
O204074,1,"Dec 15, 2024",C52709,P1061,1,13.98,10.0,7.45,completed
O205005,2,2024-03-16,C53380,P1016,2,101.7,10.0,88.14,completed
O203714,2,2024-09-04,C52460,P1104,2,24.41,0.0,9.76,completed
O200464,1,2024-06-06,C50331,P1032,1,34.27,15.0,25.0,completed
O201730,1,2024-02-28,C51135,P1015,3,222.7,5.0,182.85,completed
O205552,1,2024-11-27,C53778,P1076,1,61.75,30.0,57.34,completed
O201762,1,12/12/2024,C51162,P1090,4,54.0,30.0,50.14,completed
O203943,1,"Sep 02, 2023",C52615,P1108,3,13.49,15.0,6.35,completed
O201118,2,28/06/2023,C50751,P1030,3,61.28,0.0,37.99,completed
O200516,2,2024-09-15,C50374,P1092,1,17.47,0.0,6.99,completed
O200527,2,2023-12-08,C50381,P1030,1,49.02,20.0,37.99,completed
O200525,2,2024-11-24,C50381,P1062,2,22.78,20.0,13.67,completed
O200545,1,18/06/2024,C50394,P1074,1,71.39,10.0,51.56,completed
O202498,1,2024-11-25,C51665,P1080,2,45.81,10.0,33.09,completed
O205343,2,24/11/2023,C53631,P1090,2,61.71,20.0,50.14,completed
O202787,1,2024-10-01,C51856,P1066,1,47.32,0.0,22.71,completed
O203637,2,2024-10-25,C52410,P1113,2,18.23,0.0,10.21,completed
O203153,5,2023-10-28,C52076,P1114,4,11.91,0.0,6.67,completed
O202643,1,2024-11-12,C51770,P1115,1,25.43,0.0,14.24,completed
O202821,1,2024-12-03,C51880,P1018,3,74.89,30.0,83.44,completed
O200363,1,05/03/2024,C50265,P1045,1,52.37,0.0,32.47,completed
O201139,1,2024-12-03,C50761,P1088,2,42.53,30.0,39.49,completed
O203937,2,2024-02-10,C52613,P1058,1,64.89,0.0,31.15,completed
O205767,2,2024-12-31,C53935,P1001,2,214.35,,167.19,completed
O205263,2,2024-12-03,C53576,P1045,2,41.9,20.0,32.47,completed
O203069,2,2024-12-27,C52017,P1087,-1,46.61,0.0,,returned
O201301,1,2024-01-11,C50850,P1098,1,7.32,40.0,4.88,completed
O202546,3,15/10/2023,C51692,P1112,1,27.63,0.0,15.47,completed
O202837,3,2023-11-23,C51886,P1074,2,55.52,30.0,51.56,completed
O204854,2,2024-06-07,C53272,P1034,1,31.25,5.0,20.39,returned
O205573,1,2023-07-28,C53794,P1119,2,54.65,0.0,30.6,completed
O201454,3,2024-10-31,C50955,P1005,1,58.89,5.0,48.35,completed
O205647,3,14/11/2024,C53855,P1041,1,71.64,0.0,44.42,completed
O202280,1,2024-06-14,C51520,P1114,2,11.91,,6.67,completed
O200515,1,2024-05-24,C50372,P1114,1,11.91,0.0,6.67,completed
O205856,4,18/05/2024,C53988,P1114,5,11.91,0.0,6.67,completed
O202124,1,2024-09-02,C51422,P1090,2,65.57,15.0,50.14,completed
O203544,2,2024-12-20,C52357,P1117,1,22.05,20.0,15.43,completed
O203784,2,"Jul 19, 2024",C52509,P1045,2,49.75,5.0,32.47,completed
O201085,4,2024-11-23,C50729,P1104,4,21.97,10.0,9.76,completed
O203604,3,2024-12-04,C52389,P1026,1,33.14,20.0,25.69,completed
O200011,1,2023-09-23,C50004,P1070,1,28.86,5.0,14.58,completed
O201306,1,"Oct 10, 2024",C50854,P1015,2,234.42,0.0,182.85,completed
O205763,1,10/08/2024,C53931,P1078,4,62.55,5.0,42.8,completed
O203985,1,2023-04-03,C52646,P1012,3,236.34,15.0,216.88,completed
O204582,1,2024-06-07,C53070,P1071,2,18.65,0.0,8.95,completed
O202268,4,2024-11-28,C51512,P1057,1,26.33,10.0,14.04,completed
O200762,2,2024-12-16,C50520,P1065,3,41.05,10.0,21.89,completed
O201370,2,29/11/2024,C50898,P1099,1,19.2,10.0,8.53,completed
O202683,2,"Nov 09, 2024",C51799,P1096,2,10.19,0.0,4.08,completed
O201457,2,2024-10-13,C50955,P1057,2,29.26,0.0,14.04,completed
O200022,1,23/03/2024,C50015,P1009,1,152.66,15.0,140.09,completed
O202644,3,2023-11-28,C51770,P1016,1,67.8,40.0,88.14,completed
O203563,2,21/06/2024,C52364,P1053,1,17.19,0.0,8.25,completed
O203310,1,29/05/2024,C52184,P1005,2,61.99,0.0,48.35,completed
O202027,1,2024-12-15,C51348,P1109,1,29.87,20.0,20.91,completed
O204174,4,2024-06-23,C52759,P1113,1,18.23,0.0,10.21,completed
O200989,1,"Apr 14, 2024",C50676,P1104,3,24.41,0.0,9.76,completed
O203873,1,2024-08-06,C52564,P1106,1,16.74,0.0,6.7,completed
O200873,3,2024-12-12,C50584,P1085,1,21.88,30.0,20.32,completed
O203521,1,2024-12-29,C52347,P1044,1,55.48,0.0,34.4,
O205302,1,2024-06-15,C53607,P1095,1,9.25,0.0,3.7,completed
O201496,1,2024-10-17,C50982,P1084,3,46.46,5.0,31.79,completed
O204464,3,2023-11-09,C52987,P1083,1,46.95,5.0,32.12,completed
O202896,2,"Feb 02, 2024",C51915,P1030,1,58.22,5.0,37.99,completed
O202944,1,2024-06-18,C51943,P1060,2,48.64,5.0,24.58,completed
O203149,3,"Sep 10, 2024",C52074,P1061,1,15.53,0.0,7.45,completed
O205217,1,2024-08-15,C53539,P1082,1,41.93,0.0,27.25,completed
O200378,1,2024-12-08,C50273,P1047,1,34.31,30.0,23.53,completed
O201821,1,2024-10-15,C51204,P1014,1,336.97,0.0,262.84,completed
O202152,2,"Dec 14, 2024",C51434,P1017,3,199.83,10.0,173.18,
O201958,2,2024-06-15,C51300,P1060,4,51.2,0.0,24.58,completed
O200757,4,2024-04-13,C50516,P1095,1,9.25,0.0,3.7,completed
O201130,1,2023-01-04,C50758,P1004,2,212.86,30.0,237.19,completed
O202960,2,11/01/2024,C51953,P1100,1,10.12,20.0,5.06,completed
O202294,3,2024-02-17,C51538,P1009,1,179.6,0.0,140.09,completed
O205306,1,2023-01-07,C53607,P1056,1,17.39,30.0,11.92,completed
O203265,1,30/12/2024,C52162,P1090,2,77.14,0.0,50.14,completed
O204053,1,17/05/2023,C52695,P1054,1,28.68,0.0,13.77,completed
O202250,3,2024-06-12,C51506,P1094,2,17.6,0.0,7.04,completed
O204523,1,2024-07-22,C53031,P1114,1,11.91,0.0,6.67,completed
O203515,1,2024-07-10,C52338,P1112,1,27.63,0.0,15.47,completed
O203613,2,2024-06-02,C52395,P1111,4,28.96,5.0,17.07,completed
O201330,1,"Sep 13, 2024",C50875,P1048,1,36.62,0.0,17.58,completed
O204362,5,14/12/2023,C52911,P1056,1,19.87,20.0,11.92,completed
O202156,1,2023-12-06,C51435,P1103,2,11.03,30.0,6.3,completed
O202216,2,15/07/2023,C51481,P1016,5,113.0,0.0,88.14,completed
O204022,2,2023-01-24,C52667,P1015,2,234.42,0.0,182.85,completed
O204834,1,2023-12-17,C53261,P1068,2,18.83,30.0,12.91,completed
O202831,2,2024-04-28,C51885,P1069,2,48.72,0.0,23.39,completed
O202336,4,2023-01-15,C51566,P1056,1,22.36,10.0,11.92,completed
O200220,1,2024-08-26,C50152,P1095,1,9.25,0.0,3.7,completed
O205215,1,2024-12-08,C53538,P1030,5,42.9,30.0,37.99,completed
O202843,3,2024-03-28,C51892,P1026,3,41.43,0.0,25.69,completed
O201753,3,2024-03-30,C51155,P1068,1,26.9,0.0,12.91,completed
O204749,1,2024-04-04,C53193,P1072,1,19.89,0.0,9.55,completed
O202343,1,2024-08-19,C51569,P1060,1,51.2,0.0,24.58,completed
O202348,4,2024-11-30,C51570,P1114,1,8.34,30.0,6.67,completed
O204100,2,2023-12-21,C52725,P1088,1,54.68,10.0,39.49,completed
O200935,2,2024-02-26,C50629,P1078,1,65.84,0.0,42.8,completed
O204926,2,17/03/2024,C53323,P1050,1,34.14,0.0,16.39,completed
O203583,2,2024-11-02,C52376,P1062,1,28.48,0.0,13.67,completed
O201149,1,2024-12-07,C50764,P1005,1,49.59,20.0,48.35,completed
O204907,1,2024-10-16,C53312,P1059,4,21.31,5.0,10.77,completed
O205836,2,"Mar 24, 2023",C53980,P1015,2,234.42,0.0,182.85,completed
O202532,5,23/07/2024,C51688,P1055,4,26.8,0.0,12.86,completed
O205535,1,30/01/2024,C53763,P1065,1,43.33,5.0,21.89,completed
O201794,1,2024-07-23,C51193,P1034,1,27.96,15.0,,completed
O200279,4,"Dec 14, 2024",C50202,P1032,3,28.22,30.0,25.0,completed
O203820,2,2024-04-21,C52526,P1011,1,294.03,0.0,229.34,completed
O202167,1,2024-01-25,C51444,P1052,5,44.0,0.0,21.12,completed
O204494,1,2023-11-28,C53009,P1113,2,12.76,30.0,10.21,completed
O205014,2,2024-09-17,C53384,P1038,1,32.46,0.0,20.13,completed
O204045,1,15/12/2024,C52690,P1039,1,26.17,20.0,20.28,completed
O205255,1,"Sep 06, 2023",C53571,P1088,2,60.76,0.0,39.49,completed
O205377,1,2023-05-31,C53656,P1049,1,44.95,0.0,21.58,completed
O201387,2,2023-03-19,C50911,P1099,1,19.2,10.0,8.53,completed
O202251,2,2024-06-18,C51506,P1028,1,59.31,0.0,36.77,completed
O202236,1,22/07/2023,C51497,P1015,1,234.42,0.0,182.85,completed
O200718,3,2023-10-20,C50496,P1030,1,61.28,0.0,37.99,completed
O201475,2,2024-12-17,C50967,P1071,1,16.78,10.0,8.95,completed
O200239,1,2024-08-25,C50172,P1022,1,124.65,0.0,97.23,completed
O200952,4,2023-05-30,C50641,P1024,4,166.5,0.0,129.87,completed
O200550,1,2024-07-14,C50397,P1079,1,85.12,0.0,55.33,completed
O202581,3,"Apr 22, 2024",C51722,P1050,1,34.14,,,completed
O201704,4,15/02/2024,C51108,P1060,3,48.64,,24.58,completed
O203294,2,07/12/2023,C52179,P1015,2,187.54,20.0,182.85,completed
O203222,2,06/07/2024,C52127,P1047,1,46.57,5.0,23.53,completed
O201085,2,2024-11-23,C50729,P1034,2,29.6,10.0,20.39,completed
O201155,3,2024-04-09,C50766,P1005,1,61.99,0.0,48.35,completed
O205570,1,29/06/2023,C53791,P1117,1,27.56,,15.43,completed
O205187,2,02/03/2024,C53519,P1030,1,55.15,10.0,37.99,completed
O203698,1,2023-11-20,C52457,P1071,4,18.65,0.0,8.95,completed
O201271,1,17/12/2024,C50829,P1074,2,55.52,30.0,51.56,completed
O204503,1,2023-09-12,C53016,P1105,1,11.88,5.0,5.0,completed
O200910,3,02/12/2024,C50614,P1114,1,10.72,10.0,6.67,completed
O205337,2,2024-12-24,C53629,P1074,2,79.32,0.0,51.56,completed
O204618,3,2024-09-07,C53102,P1100,1,12.02,5.0,5.06,completed
O202366,1,2024-06-02,C51575,P1055,1,26.8,0.0,12.86,completed
O201156,1,2024-08-06,C50767,P1015,1,234.42,0.0,182.85,completed
O205500,3,2023-06-16,C53742,P1061,1,15.53,0.0,7.45,completed
O200745,5,2023-08-05,C50509,P1056,2,22.36,10.0,11.92,completed
O205483,1,14/12/2023,C53723,P1052,1,39.6,10.0,21.12,completed
O204300,2,2024-10-15,C52862,P1032,4,34.27,15.0,25.0,completed
O203166,3,17/07/2024,C52087,P1118,1,24.8,0.0,13.89,completed
O200973,4,2024-03-02,C50655,P1015,1,222.7,5.0,182.85,completed
O204096,1,2024-03-10,C52722,P1071,1,18.65,0.0,8.95,completed
O200839,1,18/10/2023,C50564,P1037,1,46.67,0.0,28.94,completed
O205288,4,2023-01-30,C53595,P1109,3,37.34,0.0,20.91,completed
O200768,1,2023-09-12,C50524,P1054,3,25.81,10.0,13.77,completed
O204775,3,2024-10-01,C53215,P1066,1,47.32,0.0,22.71,completed
O200963,1,"Sep 15, 2024",C50651,P1094,1,14.96,15.0,7.04,completed
O204599,1,2024-11-23,C53083,P1095,1,6.48,30.0,,returned
O201784,1,2024-01-03,C51179,P1007,4,155.58,20.0,151.69,completed
O205055,2,2023-07-30,C53420,P1032,4,38.3,5.0,25.0,completed
O200804,4,2023-10-26,C50541,P1008,1,152.33,0.0,118.82,completed
O203790,3,2024-10-09,C52510,P1097,1,10.71,0.0,4.28,completed
O204252,5,2023-07-09,C52835,P1074,1,79.32,,51.56,completed
O200841,1,2024-03-15,C50566,P1104,1,21.97,10.0,9.76,completed
O202040,1,2024-05-04,C51361,P1016,1,113.0,0.0,88.14,completed
O204054,2,2024-12-25,C52696,P1062,1,25.63,10.0,13.67,completed
O203745,1,2024-11-23,C52478,P1037,1,37.34,20.0,28.94,completed
O204350,3,23/04/2023,C52899,P1063,1,35.63,0.0,17.1,completed
O200883,2,2024-11-27,C50589,P1120,2,19.59,10.0,12.19,completed
O202524,1,2024-01-25,C51681,P1112,2,27.63,0.0,15.47,completed
O201134,1,2023-08-14,C50759,P1044,2,55.48,0.0,34.4,completed
O204684,1,2023-04-01,C53149,P1114,1,11.91,0.0,6.67,completed
O203145,1,2023-01-30,C52071,P1075,2,65.26,0.0,42.42,completed
O200310,2,2024-12-02,C50223,P1095,5,8.33,10.0,3.7,completed
O200229,1,2024-09-29,C50158,P1046,4,551.1,0.0,34.17,completed
O200038,1,2024-12-03,C50025,P1079,1,68.1,20.0,55.33,completed
O205120,3,2024-07-27,C53475,P1100,1,10.75,15.0,5.06,completed
O205788,5,2023-09-12,C53945,P1037,3,39.67,15.0,28.94,completed
O203488,1,2024-07-23,C52316,P1114,1,11.91,0.0,6.67,completed
O204269,3,2024-12-28,C52845,P1072,4,19.89,,9.55,completed
O204347,3,2024-12-30,C52898,P1105,1,12.51,0.0,5.0,completed
O204741,1,2024-07-27,C53186,P1078,1,65.84,0.0,42.8,completed
O203070,1,2023-06-13,C52018,P1023,1,355.1,0.0,276.98,completed
O201017,3,26/11/2024,C50697,P1015,1,187.54,20.0,182.85,completed
O204631,1,2024-10-24,C53110,P1067,3,28.31,0.0,13.59,completed
O201792,3,2024-05-05,C51190,P1029,1,60.73,0.0,37.65,completed
O204789,1,"Dec 09, 2024",C53223,P1023,2,213.06,40.0,276.98,completed
O205376,3,2024-05-23,C53654,P1081,3,77.57,0.0,50.42,completed
O203756,2,2023-01-27,C52489,P1066,1,47.32,0.0,22.71,completed
O203387,1,2024-11-27,C52233,P1028,1,41.52,30.0,36.77,completed
O203748,5,2024-05-20,C52480,P1060,1,51.2,0.0,24.58,completed
O201359,3,2024-12-17,C50890,P1047,1,39.22,20.0,23.53,completed
O200347,2,2024-01-11,C50253,P1010,2,79.37,30.0,88.44,returned
O205216,2,2024-01-29,C53539,P1085,2,31.26,0.0,20.32,completed
O203779,3,2024-08-25,C52507,P1009,4,179.6,0.0,140.09,completed
O201780,4,2024-12-06,C51174,P1022,2,74.79,40.0,97.23,
O202188,3,26/03/2024,C51460,P1059,2,22.43,0.0,10.77,completed
O204616,3,2024-11-20,C53097,P1059,1,22.43,0.0,10.77,completed
O201184,2,2024-09-04,C50784,P1079,1,85.12,0.0,55.33,completed
O200680,1,2023-09-23,C50478,P1090,2,77.14,0.0,50.14,completed
O200265,4,2024-12-11,C50194,P1016,1,90.4,20.0,88.14,completed
O203023,1,2024-09-05,C51991,P1015,1,234.42,0.0,182.85,completed
O201111,2,2024-04-29,C50746,P1082,1,41.93,0.0,27.25,returned
O203264,1,2024-02-06,C52162,P1089,2,78.6,0.0,51.09,completed
O201924,2,2024-12-09,C51273,P1031,2,100.9,30.0,89.37,completed
O204324,1,2024-01-05,C52878,P1023,1,213.06,40.0,276.98,completed
O204505,2,2024-03-29,C53017,P1071,2,18.65,0.0,8.95,completed
O204116,6,26/07/2024,C52732,P1114,2,11.91,0.0,6.67,completed
O203298,2,2023-02-06,C52182,P1005,1,52.69,15.0,48.35,completed
O204687,4,2024-10-02,C53154,P1014,1,320.12,5.0,262.84,completed
O200375,2,2024-06-29,C50269,P1082,2,41.93,0.0,27.25,completed
O205730,1,"Nov 27, 2023",C53905,P1015,2,164.09,30.0,182.85,completed
O202858,3,"Sep 05, 2024",C51899,P1015,1,234.42,0.0,,completed
O200119,1,2023-09-06,C50085,P1050,2,32.43,5.0,16.39,completed
O205098,3,2024-12-15,C53462,P1074,1,63.46,20.0,51.56,completed
O200723,1,2023-12-20,C50500,P1006,2,70.86,20.0,69.08,returned
O203287,2,2024-11-27,C52177,P1056,3,22.36,10.0,11.92,completed
O202362,2,2023-12-12,C51574,P1098,2,9.76,20.0,4.88,completed
O202640,1,2024-05-30,C51768,P1046,2,55.11,0.0,34.17,completed
O204204,5,2024-11-30,C52789,P1103,1,11.03,30.0,6.3,completed
O205259,1,2024-05-25,C53572,P1052,1,39.6,10.0,21.12,completed
O200563,2,2024-09-08,C50404,P1094,1,17.6,0.0,7.04,completed
O201147,1,2024-05-19,C50764,P1050,1,29.02,15.0,16.39,completed
O200541,1,2024-03-12,C50392,P1038,2,30.84,5.0,20.13,completed
O204232,1,2023-12-14,C52813,P1058,1,45.42,30.0,31.15,completed
O201774,1,2024-06-23,C51171,P1012,1,278.05,0.0,216.88,completed
O201629,1,17/12/2024,C51061,P1025,1,31.9,20.0,24.73,completed
O205805,1,2024-12-08,C53961,P1015,1,187.54,20.0,182.85,completed
O200672,3,2024-12-02,C50476,P1013,2,131.59,30.0,146.62,completed
O203067,2,2024-09-19,C52014,P1067,1,28.31,0.0,13.59,completed
O205533,3,2024-02-07,C53763,P1113,1,16.41,10.0,10.21,returned
O202176,4,09/12/2024,C51451,P1025,3,27.92,30.0,24.73,completed
O202589,2,09/04/2024,C51730,P1088,2,57.72,5.0,39.49,completed
O205272,1,2024-08-20,C53585,P1111,1,30.48,0.0,17.07,completed
O205637,2,09/03/2024,C53849,P1023,1,355.1,0.0,276.98,completed
O204347,1,2024-12-30,C52898,P1058,1,64.89,0.0,31.15,completed
O205777,1,2024-11-02,C53941,P1110,1,10.34,0.0,5.79,completed
O200522,1,2024-12-28,C50378,P1099,2,21.33,,8.53,completed
O202395,4,2023-02-25,C51592,P1102,1,27.5,10.0,12.22,completed
O200646,2,2024-07-01,C50455,P1021,1,163.75,0.0,127.73,completed
O201379,3,2024-07-30,C50902,P1084,1,48.91,,31.79,
O203831,2,2023-12-20,C52535,P1034,1,26.31,20.0,20.39,completed
O203562,3,2024-11-04,C52364,P1051,1,37.72,0.0,18.11,completed
O200497,2,2024-12-22,C50362,P1004,1,304.09,0.0,237.19,completed
O201888,1,2023-02-28,C51246,P1103,1,14.97,5.0,6.3,completed
O200913,1,2023-12-10,C50614,P1032,1,36.29,10.0,25.0,completed
O201474,1,2024-11-09,C50967,P1015,1,234.42,0.0,182.85,completed
O205616,3,11/10/2024,C53830,P1073,1,36.39,0.0,23.65,completed
O204728,1,2024-11-01,C53175,P1044,1,55.48,0.0,34.4,completed
O203785,1,2023-02-22,C52509,P1040,1,68.39,0.0,42.4,completed
O200213,2,29/03/2024,C50148,P1037,1,46.67,0.0,28.94,completed
O202557,3,"Dec 10, 2024",C51706,P1055,4,18.76,30.0,12.86,completed
O200160,1,2024-10-12,C50122,P1049,2,44.95,0.0,21.58,completed
O202603,4,2024-06-29,C51743,P1062,1,28.48,0.0,13.67,completed
O200304,4,2024-03-13,C50220,P1083,3,49.42,0.0,32.12,completed
O200960,2,2023-12-16,C50644,P1074,5,71.39,10.0,51.56,completed
O202054,4,2023-07-15,C51372,P1118,2,24.8,0.0,13.89,completed
O200255,3,2024-08-30,C50185,P1060,4,51.2,0.0,24.58,completed
O200020,4,2024-09-26,C50012,P1083,-1,49.42,0.0,32.12,returned
O200109,3,2024-11-27,C50075,P1097,5,7.5,30.0,4.28,completed
O202843,1,2024-03-28,C51892,P1120,1,21.77,0.0,12.19,completed
O203821,3,14/08/2024,C52527,P1081,2,77.57,0.0,50.42,completed
O200286,1,2024-06-14,C50205,P1060,1,51.2,0.0,24.58,completed
O201491,2,14/11/2024,C50979,P1027,3,64.47,0.0,39.97,completed
O204273,3,2024-12-29,C52849,P1109,2,37.34,0.0,20.91,completed
O201961,2,"Jun 15, 2023",C51302,P1106,1,16.74,0.0,6.7,completed
O205130,4,11/06/2024,C53479,P1014,2,336.97,0.0,262.84,completed
O203528,1,2024-11-23,C52347,P1078,5,59.26,10.0,42.8,returned
O203835,1,2024-12-21,C52536,P1116,1,18.83,0.0,10.54,completed
O204828,1,2024-07-30,C53254,P1062,1,28.48,0.0,13.67,completed
O201672,3,2024-11-24,C51078,P1012,3,222.44,20.0,216.88,completed
O202171,4,2024-11-07,C51445,P1017,4,222.03,0.0,173.18,completed
O200070,1,2024-05-14,C50049,P1024,1,166.5,0.0,129.87,completed
O201642,4,2024-10-06,C51064,P1035,1,67.22,0.0,41.68,completed
O201853,3,2024-12-09,C51220,P1069,1,38.98,20.0,23.39,completed
O202478,1,2024-11-22,C51646,P1010,1,102.05,10.0,88.44,completed
O205191,3,2024-09-30,C53522,P1032,1,36.29,10.0,25.0,completed
O201360,3,2024-02-04,C50892,P1119,1,51.92,5.0,30.6,returned
O202848,1,2024-11-20,C51895,P1068,1,26.9,0.0,12.91,completed
O205167,2,"Aug 31, 2024",C53509,P1008,1,152.33,0.0,118.82,completed
O205269,4,"Oct 12, 2023",C53581,P1085,3,28.13,10.0,20.32,completed
O201337,5,08/12/2023,C50880,P1032,2,28.22,30.0,25.0,completed
O203070,2,2023-06-13,C52018,P1004,1,258.48,15.0,237.19,completed
O205711,4,2024-11-16,C53893,P1034,1,32.89,0.0,20.39,completed
O200405,3,2023-04-25,C50290,P1067,1,28.31,0.0,13.59,completed
O203174,2,2024-04-20,C52093,P1015,1,234.42,0.0,182.85,completed
O200212,4,2024-08-31,C50148,P1084,3,48.91,0.0,31.79,completed
O200825,1,2024-03-16,C50551,P1061,2,15.53,0.0,7.45,
O204494,3,"Nov 28, 2023",C53009,P1030,4,42.9,30.0,37.99,completed
O204446,1,2024-02-15,C52976,P1063,1,35.63,0.0,17.1,completed
O200783,2,2024-11-24,C50536,P1094,2,12.32,30.0,7.04,completed
O204279,4,2024-12-31,C52849,P1017,1,222.03,0.0,173.18,completed
O205451,3,2024-08-12,C53706,P1061,1,15.53,0.0,7.45,completed
O202643,2,2024-11-12,C51770,P1015,1,234.42,0.0,182.85,completed
O205536,2,2023-04-17,C53763,P1063,2,35.63,0.0,17.1,completed
O202666,1,2023-11-11,C51788,P1052,1,44.0,0.0,21.12,completed
O203221,2,2024-11-04,C52127,P1087,3,46.61,0.0,30.3,completed
O201537,1,2024-02-07,C51001,P1050,1,34.14,0.0,16.39,returned
O202619,1,2024-12-14,C51754,P1029,2,54.66,10.0,37.65,completed
O205380,2,"Apr 24, 2024",C53658,P1062,1,28.48,0.0,13.67,completed
O202925,1,2024-01-31,C51932,P1088,3,60.76,0.0,39.49,completed
O201066,1,2023-10-14,C50716,P1029,1,60.73,0.0,37.65,completed
O202357,1,2024-06-29,C51572,P1037,4,46.67,0.0,28.94,completed
O202072,2,2024-09-18,C51378,P1062,5,28.48,0.0,13.67,completed
O202752,2,2023-12-25,C51833,P1034,1,32.89,0.0,20.39,completed
O203969,1,14/12/2024,C52639,P1105,1,8.76,30.0,5.0,completed
O204420,1,2024-10-14,C52956,P1001,1,214.35,0.0,167.19,completed
O200451,1,2024-07-31,C50322,P1056,2,22.36,10.0,11.92,completed
O204992,1,2023-11-29,C53372,P1091,2,18.98,20.0,9.49,completed
O200341,1,2023-06-21,C50252,P1113,1,18.23,0.0,10.21,completed
O203721,1,2023-08-14,C52461,P1092,1,17.47,,6.99,completed
O200990,4,2024-02-17,C50676,P1013,3,187.98,0.0,146.62,completed
O200754,4,2024-08-06,C50516,P1038,1,32.46,0.0,20.13,returned
O204182,3,2024-03-21,C52771,P1063,2,30.29,15.0,17.1,completed
O201298,5,2024-05-22,C50847,P1078,2,65.84,0.0,42.8,completed
O205328,1,2024-11-25,C53620,P1041,1,57.31,20.0,44.42,completed
O201249,2,"Dec 05, 2024",C50816,P1084,2,34.24,30.0,31.79,completed
O200138,1,2023-11-04,C50096,P1114,1,11.91,0.0,6.67,completed
O205211,1,2024-04-20,C53536,P1037,1,46.67,0.0,28.94,returned
O205482,1,2023-10-16,C53723,P1032,4,36.29,10.0,25.0,completed
O205685,2,2024-08-25,C53873,P1092,1,16.6,5.0,6.99,completed
O204363,2,2023-12-25,C52911,P1067,1,28.31,0.0,13.59,completed
O201868,1,2024-12-02,C51227,P1030,1,36.77,40.0,37.99,completed
O202386,4,2024-01-14,C51583,P1076,1,70.57,20.0,57.34,completed
O201318,4,2024-12-31,C50864,P1066,2,44.95,5.0,22.71,completed
O204279,5,2024-12-31,C52849,P1070,1,30.38,0.0,14.58,completed
O204225,5,18/01/2024,C52803,P1017,2,222.03,0.0,173.18,completed
O203105,2,2024-06-10,C52048,P1057,3,29.26,0.0,14.04,completed
O203089,1,2023-11-14,C52033,P1031,1,144.15,0.0,89.37,completed
O200255,5,2024-08-30,C50185,P1030,1,61.28,0.0,37.99,completed
O205658,1,04/12/2024,C53860,P1102,2,18.34,,12.22,completed
O202364,2,2024-05-31,C51575,P1048,1,32.96,10.0,17.58,completed
O202770,3,2024-01-25,C51848,P1001,1,214.35,0.0,167.19,completed
O201024,2,2024-04-30,C50700,P1066,1,47.32,0.0,22.71,returned
O202162,2,2024-08-05,C51440,P1005,2,61.99,0.0,48.35,completed
O201368,1,10/07/2024,C50895,P1070,2,30.38,0.0,14.58,completed
O201260,3,"Jan 04, 2024",C50820,P1090,-2,61.71,20.0,50.14,returned
O200734,1,2024-08-27,C50505,P1047,1,44.12,10.0,23.53,completed
O205820,1,2023-11-06,C53969,P1027,1,64.47,0.0,39.97,completed
O202973,3,2023-12-18,C51956,P1029,2,54.66,10.0,37.65,completed
O203560,1,06/12/2024,C52364,P1039,1,19.63,40.0,20.28,completed
O205036,2,2024-05-07,C53401,P1030,1,61.28,0.0,37.99,completed
O203208,1,27/11/2024,C52116,P1091,2,16.6,30.0,9.49,completed
O204623,1,2024-06-25,C53102,P1080,3,50.9,0.0,33.09,completed
O202717,1,2023-12-03,C51817,P1001,1,171.48,20.0,167.19,completed
O205646,2,2024-12-09,C53855,P1069,1,34.1,30.0,23.39,completed
O204202,3,18/12/2024,C52787,P1057,1,23.41,20.0,14.04,completed
O202314,1,2024-01-22,C51554,P1114,3,11.91,0.0,6.67,completed
O200719,1,2024-11-23,C50497,P1088,3,42.53,30.0,39.49,completed
O202842,1,2024-11-16,C51890,P1032,1,40.32,0.0,25.0,completed
O205176,2,2024-12-03,C53514,P1045,-1,47.13,10.0,32.47,returned
O205525,5,2024-10-07,C53756,P1044,1,55.48,0.0,34.4,completed
O204513,1,2024-12-07,C53023,P1112,2,19.34,30.0,15.47,completed
O205770,4,25/09/2024,C53938,P1003,2,273.9,0.0,213.64,completed
O203521,5,2024-12-29,C52347,P1010,1,113.39,0.0,88.44,completed
O201385,1,2024-12-14,C50907,P1061,1,9.32,40.0,7.45,completed
O202871,1,2024-09-07,C51905,P1002,2,86.96,15.0,79.8,completed
O204678,2,2023-11-03,C53145,P1019,2,279.18,5.0,229.22,completed
O203753,3,2024-05-11,C52487,P1039,3,32.71,0.0,20.28,completed
O203442,2,2024-07-19,C52286,P1051,1,33.95,10.0,18.11,completed
O203771,1,2024-08-16,C52503,P1068,1,25.55,5.0,12.91,completed
O203750,1,2023-11-27,C52484,P1079,1,68.1,20.0,55.33,completed
O202207,5,2024-04-28,C51476,P1094,2,16.72,5.0,7.04,completed
O205775,1,2024-10-30,C53940,P1092,1,14.85,15.0,6.99,completed
O202516,2,2024-10-19,C51674,P1032,4,40.32,0.0,25.0,completed
O204312,1,"Apr 20, 2024",C52871,P1034,2,32.89,0.0,20.39,completed
O200765,4,2024-12-01,C50520,P1078,2,46.09,30.0,42.8,completed
O201032,2,"Jun 21, 2024",C50706,P1102,1,30.56,0.0,12.22,completed
O202380,2,2024-08-17,C51582,P1067,1,25.48,10.0,13.59,completed
O205672,2,2024-09-16,C53867,P1003,1,273.9,0.0,213.64,completed
O200416,2,"Mar 29, 2023",C50303,P1081,-3,77.57,0.0,50.42,returned
O205848,4,"Jun 13, 2023",C53987,P1042,2,64.82,0.0,40.19,completed
O201867,3,2024-05-19,C51227,P1114,3,11.91,0.0,6.67,completed
O203506,2,2024-12-10,C52332,P1112,1,22.1,20.0,15.47,completed
O201766,2,29/12/2024,C51167,P1037,5,46.67,0.0,28.94,completed
O205198,1,2024-11-18,C53526,P1099,4,21.33,0.0,8.53,completed
O204430,1,07/12/2024,C52959,P1074,1,63.46,20.0,51.56,completed
O202231,2,2024-06-25,C51493,P1010,4,113.39,0.0,88.44,completed
O205271,2,2024-12-15,C53584,P1030,1,49.02,20.0,37.99,completed
O204647,2,03/08/2024,C53119,P1041,1,71.64,0.0,44.42,completed
O202778,1,2024-11-28,C51851,P1070,1,24.3,20.0,14.58,completed
O203787,1,2024-05-03,C52509,P1004,1,304.09,0.0,237.19,completed
O202286,1,19/12/2024,C51523,P1039,3,26.17,20.0,20.28,completed
O203830,1,"Nov 29, 2023",C52534,P1100,1,10.12,20.0,,completed
O204573,2,15/11/2024,C53066,P1046,1,52.35,5.0,34.17,completed
O203966,2,2023-08-16,C52633,P1110,1,10.34,0.0,5.79,completed
O204735,2,2024-05-20,C53180,P1096,1,10.19,0.0,4.08,completed
O204685,1,2023-10-27,C53149,P1117,-1,27.56,0.0,15.43,returned
O202784,2,"May 30, 2024",C51852,P1081,-1,69.81,10.0,,returned
O202144,2,"Aug 12, 2024",C51430,P1034,1,32.89,0.0,20.39,completed
O201401,1,26/10/2024,C50921,P1096,3,10.19,0.0,4.08,completed
O201921,1,2023-12-25,C51271,P1040,1,68.39,,42.4,completed
O200233,3,2024-04-10,C50162,P1079,1,85.12,0.0,55.33,completed
O200101,2,2024-09-01,C50071,P1117,2,26.18,5.0,15.43,completed
O204651,1,2024-11-20,C53122,P1046,1,55.11,0.0,34.17,completed
O205129,1,2024-10-18,C53478,P1098,2,12.2,0.0,4.88,completed
O203184,1,"Oct 23, 2024",C52099,P1112,2,248.70000000000002,10.0,15.47,completed
O204541,2,2024-08-05,C53045,P1052,1,44.0,0.0,21.12,completed
O205531,6,2023-02-06,C53763,P1015,3,222.7,5.0,182.85,completed
O203362,5,2024-06-29,C52220,P1079,2,85.12,0.0,55.33,completed
O202508,1,01/12/2024,C51670,P1015,2,187.54,,182.85,completed
O202482,1,2024-09-12,C51650,P1023,1,355.1,0.0,276.98,completed
O201359,1,2024-12-17,C50890,P1026,1,33.14,20.0,25.69,completed
O201903,3,07/01/2024,C51259,P1018,2,74.89,30.0,83.44,completed
O203927,3,12/07/2024,C52608,P1106,1,16.74,0.0,6.7,completed
O204484,2,2024-04-27,C53000,P1027,1,64.47,0.0,39.97,completed
O200911,1,26/06/2024,C50614,P1083,3,49.42,0.0,32.12,completed
O202896,1,2024-02-02,C51915,P1105,3,12.51,0.0,5.0,completed
O203286,1,2024-11-27,C52177,P1056,1,19.87,20.0,11.92,completed
O200545,2,2024-06-18,C50394,P1118,1,24.8,0.0,13.89,completed
O202684,2,2024-11-23,C51799,P1084,1,34.24,30.0,31.79,completed
O204316,1,"Jan 04, 2023",C52874,P1010,2,79.37,30.0,88.44,completed
O201323,4,2024-08-07,C50866,P1084,2,48.91,0.0,31.79,completed
O202291,4,2024-12-09,C51532,P1024,1,99.9,40.0,129.87,completed
O203238,1,17/10/2024,C52145,P1106,2,16.74,0.0,6.7,
O203588,2,2024-12-18,C52379,P1017,3,133.22,40.0,173.18,returned
O204517,5,2024-12-07,C53026,P1104,1,17.09,30.0,9.76,completed
O201501,2,2024-06-29,C50982,P1062,4,28.48,0.0,13.67,completed
O202886,3,"Sep 28, 2024",C51909,P1032,2,40.32,0.0,25.0,completed
O200593,1,2024-10-29,C50422,P1077,2,42.93,10.0,31.01,completed
O200663,1,2024-12-18,C50468,P1015,1,187.54,20.0,182.85,completed
O202245,1,08/09/2024,C51502,P1032,1,40.32,0.0,25.0,completed
O201043,2,"Nov 25, 2024",C50708,P1068,1,21.52,20.0,12.91,completed
O202641,2,2024-12-07,C51769,P1058,1,58.4,10.0,31.15,completed
O205718,1,2024-12-13,C53901,P1041,-3,64.48,10.0,,returned
O205756,3,2024-12-28,C53928,P1070,-2,28.86,5.0,14.58,returned
O202182,2,2024-12-28,C51454,P1015,1,234.42,0.0,182.85,completed
O204611,6,2023-06-12,C53094,P1110,1,9.82,5.0,5.79,completed
O204100,1,2023-12-21,C52725,P1016,2,113.0,,88.14,completed
O205596,3,2024-05-06,C53817,P1021,4,163.75,0.0,127.73,completed
O200242,2,2024-12-16,C50175,P1092,2,15.72,10.0,6.99,completed
O205444,1,2024-12-10,C53701,P1032,1,36.29,,25.0,
O200991,3,02/09/2024,C50676,P1073,1,34.57,5.0,23.65,completed
O204106,2,2024-09-17,C52728,P1110,1,9.82,5.0,5.79,completed
O200325,1,2024-11-11,C50236,P1015,3,234.42,0.0,182.85,returned
O200994,2,"Sep 16, 2024",C50680,P1081,1,69.81,10.0,50.42,completed
O204180,4,2023-10-15,C52770,P1088,1,60.76,0.0,39.49,completed
O200065,1,2024-03-28,C50039,P1088,1,51.65,15.0,39.49,completed
O205235,2,16/03/2024,C53552,P1062,2,28.48,0.0,13.67,completed
O203988,1,2024-07-29,C52646,P1056,1,24.84,0.0,11.92,completed
O204483,2,2024-01-29,C53000,P1085,1,29.7,5.0,20.32,completed
O205435,2,24/05/2023,C53695,P1064,1,36.64,15.0,20.69,completed
O202800,1,29/03/2024,C51868,P1072,5,19.89,,9.55,completed
O204622,2,2024-06-22,C53102,P1089,1,78.6,0.0,51.09,completed
O203464,2,2023-04-27,C52299,P1099,1,19.2,10.0,8.53,completed
O202354,2,07/06/2024,C51572,P1061,1,13.2,15.0,7.45,completed
O202459,1,2024-06-18,C51636,P1092,1,14.85,15.0,6.99,completed
O200364,2,2023-11-30,C50265,P1034,1,26.31,20.0,20.39,completed
O202835,2,22/11/2023,C51886,P1015,1,187.54,,182.85,completed
O205543,4,23/02/2024,C53772,P1008,1,152.33,0.0,118.82,completed
O204459,2,2024-06-09,C52982,P1006,1,88.57,0.0,69.08,completed
O200142,1,2024-08-28,C50098,P1110,2,8.79,15.0,5.79,completed
O203469,2,2024-12-11,C52302,P1040,1,47.87,30.0,42.4,completed
O200805,3,2024-02-26,C50541,P1021,1,147.38,10.0,127.73,completed
O203164,5,22/10/2024,C52084,P1074,1,79.32,0.0,51.56,completed
O205735,1,2023-11-29,C53909,P1024,2,116.55,30.0,129.87,completed
O205482,6,16/10/2023,C53723,P1051,1,37.72,0.0,18.11,completed
O201639,1,2024-05-26,C51064,P1074,2,75.35,5.0,51.56,completed
O203794,4,11/02/2024,C52514,P1001,2,192.92,10.0,167.19,completed
O202683,4,"Nov 09, 2024",C51799,P1088,1,60.76,0.0,39.49,completed
O203789,1,08/12/2024,C52510,P1010,1,90.71,20.0,88.44,completed
O200797,2,19/12/2023,C50539,P1094,1,10.56,40.0,7.04,completed
O202463,3,2024-03-06,C51640,P1004,5,304.09,0.0,237.19,completed
O203165,1,2024-02-15,C52086,P1117,1,27.56,0.0,15.43,completed
O203018,5,21/11/2024,C51989,P1080,1,45.81,10.0,33.09,completed
O203424,4,2023-07-13,C52266,P1059,4,22.43,0.0,10.77,completed
O200376,1,2024-09-21,C50270,P1115,1,22.89,10.0,14.24,completed
O200203,2,"Aug 09, 2024",C50142,P1063,1,30.29,15.0,17.1,completed
O202604,2,2024-04-21,C51743,P1110,1,10.34,0.0,5.79,completed
O203831,3,2023-12-20,C52535,P1107,1,9.94,20.0,4.97,completed
O205369,3,2024-12-07,C53649,P1032,2,32.26,20.0,25.0,returned
O201041,1,2023-11-25,C50708,P1050,2,27.31,20.0,16.39,completed
O205269,1,2023-10-12,C53581,P1092,1,15.72,10.0,6.99,completed
O200893,2,08/09/2024,C50599,P1013,3,187.98,0.0,146.62,completed
O204349,4,2024-08-23,C52899,P1027,1,644.7,0.0,39.97,completed
O203253,2,2023-04-23,C52154,P1112,2,27.63,0.0,15.47,completed
O204910,3,2024-11-23,C53312,P1034,1,23.02,30.0,20.39,completed
O200489,2,2024-07-13,C50357,P1021,3,163.75,0.0,127.73,completed
O202301,1,15/11/2024,C51544,P1075,1,65.26,0.0,42.42,completed
O202889,2,"Nov 03, 2024",C51910,P1030,2,61.28,0.0,37.99,completed
O200226,1,09/02/2024,C50156,P1070,1,28.86,5.0,14.58,completed
O204671,1,2023-09-02,C53140,P1119,1,46.45,15.0,30.6,completed
O204194,4,2024-12-02,C52779,P1055,1,16.08,40.0,12.86,completed
O205265,1,2024-12-31,C53576,P1110,1,10.34,0.0,5.79,completed
O203699,3,2023-10-05,C52458,P1113,1,18.23,,10.21,completed
O200562,3,2024-12-11,C50402,P1030,3,42.9,30.0,37.99,completed
O203362,6,2024-06-29,C52220,P1061,1,15.53,0.0,7.45,completed
O202586,3,14/08/2023,C51724,P1058,1,64.89,0.0,31.15,completed
O201723,4,2024-11-06,C51131,P1029,3,60.73,0.0,37.65,completed
O202463,2,06/03/2024,C51640,P1044,1,55.48,0.0,34.4,completed
O201056,5,2024-11-23,C50710,P1008,1,137.1,10.0,118.82,
O205661,5,"Nov 11, 2024",C53860,P1120,1,21.77,0.0,12.19,completed
O203203,1,2023-08-01,C52112,P1109,1,33.61,10.0,20.91,completed
O204298,2,2024-12-20,C52861,P1084,2,34.24,30.0,31.79,completed
O201065,3,2024-09-07,C50716,P1078,2,59.26,10.0,42.8,completed
O204439,3,01/05/2024,C52965,P1111,1,30.48,0.0,17.07,completed
O204438,2,2023-07-20,C52965,P1119,2,54.65,0.0,30.6,completed
O205350,1,2024-12-21,C53636,P1029,1,60.73,0.0,37.65,completed
O205203,2,2023-12-18,C53531,P1039,2,22.9,30.0,20.28,completed
O203620,2,2024-12-04,C52398,P1116,2,16.95,10.0,10.54,completed
O204514,2,2024-12-17,C53025,P1086,1,55.21,30.0,51.27,completed
O201238,1,2024-07-20,C50809,P1117,2,23.43,15.0,15.43,completed
O200335,1,2024-07-31,C50249,P1038,4,29.21,10.0,20.13,completed
O203249,3,2024-12-26,C52151,P1100,1,12.65,0.0,5.06,completed
O203662,1,2023-08-24,C52428,P1045,1,49.75,5.0,32.47,completed
O204928,1,19/02/2024,C53325,P1087,2,46.61,0.0,30.3,completed
O200420,2,01/09/2024,C50304,P1116,1,18.83,0.0,10.54,completed
O200596,1,2023-08-28,C50426,P1084,1,48.91,0.0,31.79,completed
O204134,1,"Oct 05, 2024",C52738,P1047,1,49.02,0.0,23.53,completed
O200735,2,30/10/2024,C50505,P1008,1,144.71,5.0,118.82,completed
O202585,3,"Sep 25, 2023",C51724,P1112,1,27.63,0.0,15.47,completed
O203572,1,24/09/2023,C52370,P1042,4,64.82,0.0,,completed
O202249,1,13/02/2024,C51505,P1079,1,85.12,,55.33,completed
O203674,1,2023-12-19,C52439,P1040,1,41.03,40.0,42.4,completed
O201091,2,2024-03-19,C50733,P1049,1,44.95,0.0,21.58,completed
O204743,2,2024-11-05,C53187,P1045,1,44.51,15.0,32.47,completed
O202731,2,2024-09-08,C51826,P1070,1,28.86,5.0,14.58,completed
O203205,1,2023-10-22,C52112,P1032,1,362.9,10.0,25.0,completed
O201353,1,26/02/2024,C50888,P1049,1,44.95,0.0,21.58,completed
O202240,1,2024-05-16,C51501,P1120,1,21.77,0.0,12.19,completed
O203185,4,2024-09-26,C52099,P1005,2,61.99,0.0,48.35,completed
O203195,1,"Dec 25, 2024",C52107,P1019,2,279.18,5.0,229.22,completed
O201477,1,2024-05-07,C50968,P1111,1,30.48,0.0,17.07,completed
O204246,1,02/09/2024,C52830,P1083,1,49.42,0.0,32.12,completed
O203504,1,2024-06-04,C52330,P1097,1,9.64,10.0,4.28,completed
O200221,4,2024-08-19,C50152,P1065,1,45.61,0.0,21.89,completed
O203627,2,29/11/2024,C52404,P1105,1,10.01,20.0,5.0,completed
O205771,1,28/07/2023,C53939,P1048,-1,36.62,0.0,17.58,returned
O205286,2,2024-12-07,C53592,P1086,1,63.1,20.0,51.27,completed
O205060,2,2023-07-10,C53424,P1001,1,214.35,0.0,167.19,completed
O203085,1,2024-05-20,C52028,P1013,1,187.98,0.0,146.62,completed
O204214,1,2024-09-29,C52793,P1058,1,61.65,5.0,31.15,completed
O200667,1,2023-11-23,C50472,P1049,4,35.96,20.0,21.58,completed
O200594,1,2024-12-31,C50423,P1023,1,301.84,15.0,276.98,completed
O203891,1,2024-05-18,C52571,P1039,3,32.71,0.0,20.28,completed
O200162,2,2024-11-27,C50122,P1098,1,8.54,30.0,4.88,completed
O202436,3,2024-12-01,C51622,P1118,1,14.88,40.0,,completed
O204456,2,2024-05-26,C52980,P1032,1,40.32,0.0,25.0,completed
O205769,2,2024-07-17,C53938,P1022,3,124.65,0.0,97.23,completed
O203275,2,2024-05-26,C52171,P1015,1,234.42,0.0,182.85,completed
O204249,3,2024-10-19,C52833,P1045,1,52.37,0.0,32.47,completed
O201846,2,2024-04-16,C51217,P1032,1,36.29,10.0,25.0,completed
O202153,4,2024-05-29,C51435,P1091,1,23.72,,9.49,completed
O205236,3,2023-04-03,C53555,P1015,1,222.7,5.0,182.85,completed
O204023,2,2024-08-22,C52668,P1022,1,124.65,0.0,97.23,completed
O202092,1,2024-01-16,C51394,P1019,1,264.48,10.0,229.22,completed
O201946,1,2024-09-27,C51289,P1066,1,44.95,5.0,22.71,completed
O202292,1,2023-02-12,C51534,P1055,1,26.8,0.0,12.86,completed
O203430,1,05/02/2024,C52269,P1050,3,34.14,0.0,16.39,completed
O204102,1,2024-06-14,C52726,P1084,1,48.91,0.0,31.79,completed
O200415,4,2024-07-17,C50301,P1074,1,79.32,0.0,51.56,completed
O203724,1,03/11/2024,C52465,P1037,1,46.67,0.0,28.94,completed
O202036,2,2023-09-17,C51360,P1050,1,34.14,0.0,16.39,completed
O200484,1,2024-06-16,C50352,P1048,1,36.62,0.0,17.58,completed
O200497,3,2024-12-22,C50362,P1032,1,40.32,0.0,25.0,completed
O202352,3,2024-06-04,C51571,P1072,2,19.89,0.0,9.55,completed
O201004,4,2024-12-16,C50689,P1062,4,17.09,40.0,13.67,completed
O204187,2,17/10/2023,C52773,P1119,1,54.65,0.0,30.6,returned
O200165,1,2024-10-02,C50125,P1066,3,44.95,5.0,22.71,completed
O205147,1,2024-09-23,C53495,P1010,2,113.39,0.0,88.44,completed
O201412,4,2024-05-16,C50927,P1061,1,13.98,10.0,7.45,completed
O205509,2,2024-03-25,C53748,P1097,1,10.71,0.0,4.28,
O205855,1,2024-05-24,C53988,P1062,1,28.48,0.0,13.67,returned
O204211,2,2024-12-10,C52793,P1079,1,76.61,10.0,55.33,completed
O203491,2,2024-05-22,C52320,P1032,5,40.32,0.0,25.0,completed
O203465,3,24/11/2023,C52299,P1117,1,22.05,20.0,15.43,completed
O201973,1,2024-04-06,C51309,P1040,1,68.39,0.0,42.4,completed
O204461,1,2024-08-14,C52983,P1099,1,21.33,0.0,8.53,completed
O202072,3,2024-09-18,C51378,P1027,1,64.47,0.0,39.97,completed
O204360,3,19/03/2023,C52911,P1119,1,54.65,,30.6,completed
O204830,2,2024-12-16,C53257,P1099,4,17.06,20.0,8.53,completed
O203185,1,2024-09-26,C52099,P1015,1,234.42,0.0,182.85,completed
O202863,1,20/11/2024,C51901,P1044,2,55.48,0.0,34.4,completed
O204464,2,2023-11-09,C52987,P1065,1,43.33,5.0,21.89,completed
O205174,1,"Jun 02, 2024",C53513,P1074,1,71.39,10.0,51.56,completed
O204818,1,2024-09-23,C53249,P1074,4,79.32,0.0,51.56,completed
O204264,1,"Jun 15, 2024",C52844,P1103,1,14.97,5.0,6.3,completed
O204362,4,2023-12-14,C52911,P1045,1,47.13,10.0,32.47,completed
O201469,4,2023-09-02,C50965,P1055,1,25.46,5.0,12.86,completed
O202420,3,2024-12-09,C51609,P1109,4,29.87,20.0,20.91,completed
O203784,1,19/07/2024,C52509,P1088,5,60.76,0.0,39.49,completed
O203581,1,2024-10-07,C52375,P1015,3,234.42,0.0,182.85,completed
O204670,2,2024-04-26,C53140,P1025,1,39.88,0.0,24.73,completed
O205214,2,2024-12-10,C53538,P1051,1,33.95,10.0,18.11,completed
O201342,2,2024-07-13,C50880,P1036,2,73.85,15.0,53.87,completed
O205390,1,2024-11-25,C53665,P1016,2,90.4,20.0,88.14,completed
O203725,2,2024-04-19,C52465,P1119,1,51.92,5.0,30.6,completed
O203796,2,"Jun 02, 2024",C52515,P1075,1,62.0,5.0,42.42,completed
O204292,3,"Dec 04, 2024",C52856,P1114,2,9.53,20.0,6.67,completed
O205072,1,2024-12-19,C53432,P1053,1,13.75,20.0,8.25,completed
O201546,2,2024-07-08,C51012,P1120,1,21.77,0.0,12.19,completed
O202411,1,17/05/2024,C51605,P1004,1,304.09,0.0,237.19,completed
O203097,2,2024-07-22,C52043,P1098,1,11.59,5.0,4.88,completed
O202777,2,"Jun 23, 2023",C51851,P1057,1,27.8,5.0,14.04,completed
O200259,1,2024-11-26,C50188,P1068,4,21.52,20.0,12.91,completed
O201675,3,2024-07-04,C51083,P1015,1,234.42,0.0,182.85,completed
O200922,1,2024-08-29,C50618,P1059,1,20.19,10.0,10.77,completed
O201749,3,2024-11-25,C51153,P1048,1,25.63,30.0,17.58,returned
O201421,1,2024-06-24,C50934,P1089,1,78.6,0.0,51.09,completed
O203683,1,2023-01-28,C52444,P1012,2,264.15,,216.88,completed
O205015,1,2024-09-17,C53384,P1015,1,222.7,5.0,182.85,completed
O202454,5,18/10/2024,C51634,P1118,2,23.56,5.0,13.89,completed
O204998,6,2023-08-06,C53378,P1094,1,17.6,0.0,7.04,completed
O205707,2,31/12/2024,C53893,P1006,1,88.57,0.0,69.08,completed
O204704,1,2024-12-24,C53162,P1108,1,15.87,0.0,6.35,completed
O203247,1,2024-12-24,C52151,P1072,2,19.89,0.0,9.55,completed
O205183,2,2024-12-20,C53516,P1090,3,54.0,30.0,50.14,completed
O202269,2,2024-06-29,C51512,P1077,1,47.7,0.0,31.01,completed
O200025,1,2024-12-21,C50015,P1091,1,23.72,0.0,9.49,completed
O203209,1,24/11/2024,C52116,P1057,1,23.41,20.0,14.04,completed
O202220,4,2024-11-27,C51483,P1096,1,7.13,30.0,4.08,completed
O205818,2,2024-08-01,C53969,P1105,1,11.26,,5.0,completed
O205704,2,2024-12-19,C53892,P1041,1,50.15,30.0,44.42,completed
O203423,1,2023-08-02,C52266,P1106,1,15.07,10.0,6.7,completed
O204315,2,30/11/2023,C52874,P1029,1,48.58,20.0,37.65,completed
O202609,5,2023-03-23,C51748,P1062,1,27.06,5.0,13.67,completed
O205602,4,2024-05-24,C53820,P1021,3,147.38,10.0,,completed
O202701,1,2024-11-30,C51810,P1015,3,140.65,40.0,182.85,completed
O204998,5,2023-08-06,C53378,P1114,1,11.91,0.0,6.67,completed
O204763,2,2024-07-29,C53205,P1104,1,24.41,0.0,9.76,completed
O203388,3,2023-11-29,C52234,P1089,1,70.74,10.0,51.09,completed
O202685,2,14/12/2024,C51799,P1025,2,31.9,20.0,24.73,completed
O202872,1,2024-09-30,C51905,P1013,-3,187.98,0.0,146.62,returned
O204735,3,2024-05-20,C53180,P1007,1,184.76,5.0,151.69,completed
O201232,2,2024-02-18,C50807,P1095,2,8.33,10.0,3.7,completed
O201649,1,2024-04-06,C51066,P1015,1,234.42,0.0,182.85,completed
O202266,1,2024-09-28,C51508,P1061,1,15.53,0.0,7.45,completed
O200993,3,2023-06-25,C50676,P1068,2,24.21,10.0,12.91,completed
O203169,1,2023-12-06,C52089,P1114,1,9.53,20.0,6.67,completed
O200355,1,2024-11-13,C50257,P1036,1,86.88,0.0,53.87,completed
O201275,1,2024-11-25,C50835,P1059,3,17.94,20.0,10.77,completed
O202793,1,18/12/2024,C51859,P1015,2,164.09,30.0,,completed
O204659,4,2023-07-25,C53130,P1025,4,39.88,0.0,24.73,completed
O205410,1,2024-06-20,C53681,P1084,1,44.02,10.0,31.79,completed
O204900,3,2024-07-26,C53309,P1112,2,27.63,0.0,15.47,completed
O201718,1,2024-08-15,C51128,P1084,2,48.91,0.0,31.79,completed
O202888,2,03/08/2024,C51910,P1049,1,44.95,0.0,21.58,completed
O200703,1,2024-08-18,C50491,P1036,4,82.54,5.0,53.87,returned
O203560,4,06/12/2024,C52364,P1113,1,14.58,20.0,10.21,completed
O204439,4,2024-05-01,C52965,P1037,1,46.67,0.0,28.94,completed
O203152,1,19/05/2024,C52076,P1021,1,163.75,0.0,127.73,completed
O200198,2,2024-12-22,C50141,P1056,1,24.84,0.0,11.92,completed
O203787,2,2024-05-03,C52509,P1019,1,293.87,0.0,229.22,completed
O204237,2,09/10/2023,C52813,P1006,1,88.57,0.0,69.08,completed
O203433,1,2023-10-05,C52274,P1015,1,222.7,5.0,182.85,completed
O201617,4,2024-05-09,C51058,P1062,1,27.06,5.0,13.67,completed
O204868,1,2024-11-03,C53279,P1033,1,34.42,10.0,23.71,completed
O201659,4,2023-02-02,C51069,P1049,1,44.95,0.0,21.58,completed
O200435,2,2024-12-11,C50314,P1073,1,29.11,20.0,23.65,completed
O200333,1,2024-08-19,C50244,P1092,1,17.47,0.0,6.99,completed
O201097,1,2024-01-23,C50739,P1117,1,27.56,0.0,15.43,completed
O201543,2,2024-01-04,C51006,P1012,1,222.44,20.0,216.88,completed
O202999,1,2024-11-24,C51974,P1092,1,10.48,40.0,6.99,completed
O200459,3,2023-07-11,C50324,P1045,1,52.37,0.0,32.47,
O204279,3,31/12/2024,C52849,P1033,1,36.33,5.0,23.71,
O204832,3,2024-09-08,C53258,P1016,2,101.7,10.0,88.14,
O205237,1,2024-07-30,C53555,P1021,2,163.75,0.0,127.73,completed
O203162,1,2024-04-24,C52083,P1114,1,11.91,0.0,6.67,completed
O205363,2,16/04/2024,C53645,P1067,3,28.31,0.0,13.59,completed
O202969,3,15/12/2023,C51956,P1114,1,8.34,30.0,6.67,completed
O205320,1,05/12/2024,C53614,P1055,4,21.44,20.0,12.86,completed
O201253,2,2024-11-28,C50816,P1021,2,114.62,30.0,127.73,completed
O201804,1,2024-09-03,C51201,P1064,2,43.11,,20.69,completed
O202592,1,2024-08-05,C51731,P1090,1,73.28,5.0,50.14,returned
O202220,3,2024-11-27,C51483,P1105,1,8.76,30.0,5.0,completed
O200240,3,2023-10-19,C50172,P1001,3,214.35,0.0,167.19,completed
O203299,3,2024-08-23,C52182,P1088,4,60.76,0.0,39.49,completed
O205155,1,25/10/2024,C53503,P1101,1,15.62,0.0,6.25,completed
O205592,1,07/03/2024,C53812,P1113,1,17.32,5.0,10.21,completed
O204693,2,2024-11-19,C53159,P1108,1,15.87,0.0,6.35,completed
O201688,3,2024-11-24,C51095,P1034,2,26.31,20.0,20.39,completed
O200565,2,2024-10-18,C50404,P1045,1,52.37,0.0,32.47,completed
O203855,5,2023-01-04,C52553,P1102,3,21.39,30.0,12.22,completed
O202404,2,2023-12-30,C51598,P1067,4,28.31,0.0,13.59,completed
O200821,1,2023-06-11,C50549,P1055,1,26.8,0.0,12.86,completed
O200838,4,2024-09-14,C50564,P1033,1,38.24,0.0,23.71,completed
O203279,5,2024-12-17,C52175,P1099,3,19.2,10.0,8.53,completed
O200078,1,2023-12-01,C50058,P1039,1,29.44,10.0,20.28,completed
O202086,6,2024-08-03,C51391,P1116,1,18.83,0.0,10.54,completed
O204787,2,"Aug 01, 2024",C53223,P1117,1,27.56,0.0,15.43,completed
O204208,4,2024-12-20,C52790,P1090,1,61.71,20.0,50.14,completed
O202911,1,2024-03-01,C51923,P1032,1,38.3,5.0,25.0,completed
O205695,2,2024-10-08,C53883,P1015,1,234.42,0.0,182.85,completed
O200869,1,2023-04-25,C50583,P1008,3,152.33,0.0,118.82,completed
O200778,2,2024-12-18,C50534,P1114,2,10.72,10.0,6.67,completed
O201495,2,2024-06-15,C50979,P1041,3,71.64,0.0,44.42,completed
O202777,1,2023-06-23,C51851,P1101,1,14.84,5.0,6.25,completed
O200317,1,2023-09-24,C50231,P1015,1,234.42,0.0,182.85,completed
O202395,2,"Feb 25, 2023",C51592,P1015,-1,234.42,0.0,182.85,returned
O202023,1,2024-05-30,C51345,P1104,2,24.41,0.0,9.76,completed
O203283,2,2023-12-06,C52176,P1024,3,133.2,20.0,129.87,returned
O205332,3,21/01/2024,C53625,P1014,1,336.97,0.0,262.84,completed
O201494,2,2024-02-14,C50979,P1093,1,15.34,0.0,6.14,completed
O204115,2,2024-04-09,C52732,P1019,2,264.48,10.0,229.22,completed
O204822,3,2024-05-26,C53252,P1015,2,234.42,0.0,182.85,
O204730,2,2024-12-29,C53175,P1024,1,166.5,0.0,129.87,completed
O201366,1,28/02/2024,C50893,P1015,1,210.98,10.0,182.85,completed
O200454,2,2023-06-16,C50323,P1114,5,11.91,0.0,6.67,completed
O205703,1,2023-11-28,C53889,P1008,1,106.63,30.0,118.82,completed
O204365,1,2024-08-26,C52913,P1037,4,46.67,0.0,28.94,completed
O204426,4,27/12/2024,C52956,P1037,1,46.67,0.0,28.94,completed
O201335,2,2024-08-07,C50878,P1098,1,12.2,0.0,4.88,completed
O203911,1,"Sep 27, 2024",C52584,P1048,1,36.62,0.0,17.58,completed
O200236,5,2024-11-26,C50169,P1052,1,26.4,40.0,21.12,completed
O201658,2,2023-11-16,C51069,P1061,2,15.53,0.0,7.45,completed
O203305,1,29/12/2024,C52183,P1020,2,176.36,0.0,137.56,completed
O202892,1,2024-08-11,C51915,P1117,1,27.56,0.0,15.43,completed
O200048,5,2024-02-16,C50030,P1120,1,217.7,0.0,12.19,completed
O203177,1,2023-11-05,C52095,P1058,-1,61.65,5.0,31.15,returned
O204982,5,2024-08-21,C53365,P1072,1,19.89,0.0,9.55,completed
O205075,1,2024-07-16,C53436,P1069,5,48.72,0.0,23.39,completed
O204989,2,16/01/2023,C53372,P1015,1,234.42,0.0,182.85,completed
O200526,3,2023-09-08,C50381,P1015,2,210.98,10.0,182.85,completed
O205163,2,12/12/2023,C53507,P1032,1,32.26,20.0,25.0,completed
O201873,2,2024-03-09,C51230,P1058,2,64.89,0.0,31.15,completed
O200799,1,19/12/2024,C50540,P1009,1,143.68,,140.09,completed
O205292,1,2024-12-04,C53597,P1114,1,8.34,30.0,6.67,completed
O203456,1,30/11/2023,C52291,P1026,1,33.14,20.0,25.69,completed
O200756,3,2024-11-24,C50516,P1017,1,177.62,20.0,173.18,completed
O203052,1,2024-11-22,C52009,P1074,1,55.52,30.0,51.56,completed
O201004,5,"Dec 16, 2024",C50689,P1025,1,27.92,30.0,24.73,completed
O201502,2,"Apr 05, 2024",C50983,P1119,2,54.65,0.0,30.6,completed
O204534,3,2024-02-05,C53041,P1032,1,40.32,0.0,25.0,completed
O203148,4,2024-06-03,C52073,P1006,1,79.71,10.0,69.08,completed
O200238,3,2024-01-10,C50172,P1050,1,23.9,30.0,16.39,completed
O201537,2,2024-02-07,C51001,P1042,1,64.82,0.0,40.19,completed
O200443,2,2024-06-28,C50320,P1033,3,38.24,0.0,23.71,completed
O202286,4,2024-12-19,C51523,P1120,2,17.42,20.0,12.19,completed
O200700,2,17/09/2023,C50489,P1042,2,55.1,15.0,40.19,completed
O203522,1,2024-12-09,C52347,P1063,1,32.07,10.0,17.1,completed
O200784,1,2024-11-24,C50537,P1090,1,46.28,40.0,50.14,completed
O205467,2,2024-12-02,C53713,P1015,1,187.54,20.0,182.85,returned
O202533,5,2024-10-19,C51688,P1085,4,31.26,0.0,20.32,completed
O205284,1,2024-07-23,C53592,P1011,2,294.03,0.0,229.34,completed
O205776,4,"Nov 25, 2024",C53941,P1084,2,39.13,20.0,31.79,completed
O205801,1,2024-08-18,C53957,P1106,3,16.74,0.0,6.7,completed
O200519,1,2024-07-20,C50376,P1055,1,25.46,5.0,12.86,completed
O202983,2,2024-07-09,C51962,P1001,1,214.35,0.0,167.19,completed
O201218,2,2024-05-27,C50799,P1070,2,28.86,5.0,14.58,completed
O203559,2,2024-04-08,C52364,P1114,1,11.91,0.0,6.67,completed
O203953,2,2024-11-10,C52625,P1102,2,30.56,0.0,12.22,completed
O203157,3,2023-05-16,C52078,P1120,1,20.68,5.0,12.19,completed
O200709,4,2023-04-07,C50493,P1044,3,55.48,0.0,34.4,completed
O205716,1,29/11/2024,C53899,P1053,1,13.75,20.0,8.25,completed
O205479,1,2023-06-21,C53721,P1033,1,38.24,0.0,23.71,completed
O203007,1,2024-11-23,C51981,P1090,1,54.0,30.0,50.14,completed
O200194,3,2024-08-08,C50138,P1074,1,79.32,0.0,51.56,completed
O201248,2,"Nov 25, 2024",C50816,P1119,3,38.25,30.0,30.6,completed
O201120,1,16/10/2024,C50753,P1024,1,141.52,15.0,129.87,completed
O201856,1,2024-06-23,C51221,P1062,1,28.48,0.0,13.67,completed
O204742,3,2024-11-13,C53187,P1020,5,176.36,0.0,137.56,completed
O202973,2,2023-12-18,C51956,P1047,1,39.22,20.0,,completed
O203077,1,2024-01-21,C52023,P1086,2,78.87,0.0,51.27,completed
O202177,3,2023-08-18,C51452,P1049,1,44.95,0.0,21.58,completed
O205105,1,2024-12-01,C53470,P1089,1,47.16,40.0,51.09,completed
O204871,1,03/09/2024,C53281,P1092,1,17.47,0.0,6.99,completed
O201527,1,"Jun 16, 2023",C50988,P1044,1,47.16,15.0,34.4,completed
O204327,5,2023-12-14,C52879,P1032,3,32.26,20.0,25.0,completed
O205605,6,2024-06-09,C53823,P1082,2,41.93,0.0,27.25,completed
O201683,1,04/12/2024,C51090,P1066,3,37.86,20.0,22.71,completed
O204990,1,2024-01-30,C53372,P1098,1,12.2,0.0,4.88,completed
O202881,1,31/10/2024,C51908,P1055,5,25.46,,12.86,completed
O201244,1,2024-11-25,C50813,P1060,3,40.96,20.0,24.58,completed
O200865,4,2023-11-25,C50582,P1113,1,14.58,20.0,10.21,completed
O204732,5,2024-09-17,C53176,P1060,1,51.2,0.0,24.58,completed
O205810,1,2023-07-01,C53964,P1106,1,16.74,0.0,6.7,completed
O202835,3,2023-11-22,C51886,P1097,1,8.57,20.0,4.28,completed
O205044,6,28/09/2024,C53404,P1056,1,24.84,0.0,11.92,completed
O204847,6,2023-11-30,C53265,P1114,1,10.72,10.0,6.67,completed
O202868,3,2024-12-27,C51903,P1096,1,10.19,0.0,4.08,completed
O203707,4,06/10/2024,C52459,P1050,1,32.43,5.0,16.39,completed
O205844,1,2023-10-10,C53984,P1009,2,1796.0,0.0,140.09,completed
O205776,1,2024-11-25,C53941,P1018,3,74.89,30.0,83.44,completed
O201294,3,2024-02-08,C50847,P1050,1,34.14,0.0,16.39,completed
O204273,4,2024-12-29,C52849,P1082,2,41.93,0.0,27.25,completed
O202773,1,2024-11-24,C51850,P1034,1,19.73,40.0,20.39,completed
O200675,1,2024-12-01,C50476,P1054,4,25.81,10.0,13.77,completed
O202173,3,"Nov 10, 2024",C51446,P1057,1,29.26,0.0,14.04,completed
O204687,3,2024-10-02,C53154,P1093,1,15.34,,6.14,completed
O204560,1,22/04/2024,C53060,P1015,1,234.42,0.0,182.85,completed
O205004,1,26/06/2024,C53380,P1015,3,234.42,0.0,182.85,completed
O203901,2,2024-10-08,C52577,P1038,1,32.46,0.0,20.13,completed
O204093,2,10/08/2023,C52722,P1006,1,88.57,0.0,69.08,completed
O202832,2,2024-12-22,C51886,P1114,1,10.72,10.0,6.67,completed
O203565,2,16/10/2024,C52364,P1030,1,61.28,0.0,37.99,completed
O203435,1,31/12/2024,C52277,P1107,1,12.43,0.0,4.97,completed
O201523,2,2023-03-14,C50986,P1118,1,24.8,0.0,13.89,completed
O204022,1,2023-01-24,C52667,P1092,2,17.47,0.0,6.99,completed
O201709,3,2024-09-05,C51114,P1065,4,41.05,10.0,21.89,completed
O203406,1,17/10/2024,C52252,P1061,1,15.53,0.0,7.45,completed
O204561,3,2023-03-18,C53061,P1012,1,278.05,0.0,216.88,completed
O201007,2,2024-11-23,C50692,P1067,1,25.48,10.0,13.59,completed
O202408,1,14/04/2024,C51602,P1040,3,68.39,0.0,42.4,completed
O203026,1,20/12/2024,C51991,P1022,2,74.79,40.0,97.23,completed
O205626,3,2023-07-16,C53839,P1016,2,113.0,0.0,88.14,completed
O201487,1,2024-10-11,C50978,P1119,1,49.18,10.0,30.6,completed
O203374,3,21/05/2023,C52225,P1016,2,113.0,0.0,88.14,completed
O200910,1,2024-12-02,C50614,P1015,1,187.54,20.0,182.85,completed
O202571,1,2024-05-13,C51717,P1106,1,15.07,10.0,6.7,completed
O205000,1,2024-04-17,C53378,P1115,1,25.43,0.0,14.24,completed
O204124,2,07/09/2024,C52735,P1029,4,54.66,10.0,37.65,completed
O200062,1,2023-09-16,C50037,P1028,1,59.31,0.0,36.77,completed
O200621,4,2023-11-03,C50436,P1047,1,49.02,0.0,23.53,completed
O203147,1,19/12/2023,C52072,P1041,5,64.48,10.0,44.42,completed
O203792,3,2024-10-08,C52512,P1025,5,39.88,0.0,24.73,completed
O205134,2,2024-12-01,C53481,P1068,4,18.83,30.0,12.91,completed
O205450,2,2024-02-05,C53706,P1053,1,17.19,0.0,8.25,completed
O203588,1,"Dec 18, 2024",C52379,P1032,-2,32.26,20.0,25.0,returned
O200062,5,16/09/2023,C50037,P1036,1,86.88,0.0,53.87,
O200984,3,13/12/2024,C50666,P1044,2,33.29,40.0,34.4,completed
O204500,1,2024-03-01,C53014,P1098,3,11.59,5.0,4.88,completed
O200668,1,23/09/2024,C50472,P1074,1,79.32,0.0,51.56,completed
O204393,1,2023-11-07,C52941,P1015,5,234.42,0.0,182.85,completed
O201803,1,24/11/2024,C51200,P1037,1,32.67,30.0,28.94,completed
O203557,2,2024-06-06,C52364,P1057,3,27.8,5.0,14.04,completed
O205154,5,05/05/2023,C53500,P1006,2,88.57,0.0,69.08,completed
O204441,3,2024-07-01,C52969,P1015,1,199.26,15.0,182.85,completed
O202874,3,2024-08-22,C51907,P1118,1,22.32,10.0,13.89,completed
O201104,1,2024-08-31,C50743,P1056,1,24.84,0.0,11.92,completed
O201287,4,2024-12-24,C50840,P1092,2,17.47,0.0,6.99,completed
O200573,5,2024-05-20,C50411,P1074,2,79.32,0.0,51.56,completed
O204166,2,2023-10-13,C52755,P1061,1,13.98,10.0,7.45,completed
O200958,2,2023-10-13,C50644,P1032,2,40.32,0.0,25.0,completed
O200908,1,27/06/2024,C50612,P1008,1,137.1,10.0,118.82,completed
O204203,3,22/02/2024,C52787,P1083,1,49.42,0.0,32.12,completed
O200224,2,2024-03-14,C50155,P1061,1,15.53,0.0,7.45,completed
O203754,1,2023-05-19,C52487,P1091,4,23.72,0.0,9.49,completed
O202497,3,2024-06-12,C51663,P1074,1,79.32,0.0,51.56,completed
O201815,3,2023-10-29,C51203,P1114,3,11.91,0.0,6.67,completed
O205746,1,2024-10-28,C53920,P1026,1,41.43,,25.69,completed
O201797,1,2024-10-07,C51196,P1028,1,59.31,0.0,,completed
O203343,2,2024-06-25,C52208,P1074,3,79.32,0.0,51.56,completed
O201726,2,"Mar 23, 2024",C51132,P1013,1,187.98,0.0,146.62,completed
O202162,5,2024-08-05,C51440,P1082,5,41.93,0.0,27.25,completed
O200039,1,2024-10-05,C50025,P1045,4,52.37,0.0,32.47,completed
O203690,3,24/11/2024,C52454,P1015,1,164.09,30.0,182.85,completed
O205189,1,2024-12-20,C53520,P1032,2,32.26,20.0,25.0,completed
O201724,2,2024-04-03,C51131,P1067,1,28.31,0.0,13.59,completed
O204858,1,2024-06-10,C53275,P1037,2,46.67,0.0,,completed
O202077,1,2023-03-24,C51382,P1005,1,55.79,10.0,48.35,completed
O205787,1,2024-01-03,C53944,P1003,1,191.73,30.0,213.64,completed
O203216,1,2024-10-12,C52125,P1083,1,46.95,5.0,,completed
O204941,1,"Dec 09, 2024",C53334,P1015,1,187.54,20.0,182.85,completed
O201329,5,"Dec 03, 2024",C50874,P1037,1,37.34,20.0,28.94,completed
O203692,4,2024-10-14,C52454,P1017,1,199.83,10.0,173.18,completed
O200510,5,2024-11-29,C50367,P1027,1,45.13,30.0,39.97,completed
O200277,1,2024-05-23,C50200,P1039,1,27.8,15.0,20.28,completed
O202649,2,06/06/2023,C51772,P1065,2,43.33,5.0,21.89,completed
O203084,1,09/12/2024,C52028,P1117,1,22.05,20.0,15.43,completed
O205305,1,27/01/2024,C53607,P1034,3,32.89,,20.39,completed
O202049,1,2023-05-20,C51371,P1111,2,28.96,5.0,17.07,completed
O200145,2,2024-06-21,C50099,P1049,1,44.95,0.0,21.58,completed
O202233,2,2024-09-15,C51494,P1101,2,14.84,5.0,6.25,completed
O205816,1,2023-09-03,C53968,P1083,1,49.42,0.0,32.12,completed
O201542,1,25/11/2024,C51005,P1062,1,22.78,20.0,13.67,completed
O201536,4,2024-12-12,C50999,P1030,2,42.9,30.0,,completed
O201729,1,25/09/2023,C51135,P1079,1,76.61,10.0,55.33,completed
O204161,2,2023-05-19,C52753,P1032,1,40.32,0.0,25.0,completed
O204837,1,2024-08-05,C53261,P1029,3,60.73,0.0,37.65,completed
O202194,4,"Dec 01, 2024",C51464,P1015,3,210.98,10.0,182.85,completed
O205581,1,24/11/2024,C53806,P1107,1,9.94,20.0,4.97,completed
O204171,1,2023-11-23,C52758,P1037,1,37.34,20.0,28.94,completed
O203472,1,2024-04-18,C52306,P1086,1,78.87,0.0,51.27,completed
O204761,2,"Oct 18, 2024",C53203,P1017,1,199.83,10.0,173.18,returned
O202635,1,2024-06-24,C51766,P1019,2,293.87,0.0,229.22,completed
O201462,1,2024-11-30,C50959,P1094,1,14.08,20.0,7.04,completed
O201896,1,2023-01-02,C51254,P1081,1,62.06,20.0,50.42,completed
O203231,1,2024-08-15,C52131,P1062,1,28.48,0.0,13.67,completed
O200857,1,25/06/2024,C50579,P1078,2,65.84,0.0,42.8,completed
O201782,1,2023-12-30,C51177,P1007,1,194.48,0.0,151.69,completed
O204575,1,01/11/2024,C53066,P1051,1,37.72,0.0,18.11,completed
O205404,1,2024-11-25,C53678,P1099,3,14.93,30.0,8.53,completed
O204318,1,2023-08-11,C52874,P1011,3,294.03,0.0,229.34,completed
O203758,1,16/06/2023,C52490,P1033,2,38.24,0.0,23.71,completed
O203269,5,2024-12-09,C52168,P1048,4,25.63,30.0,17.58,completed
O203808,1,14/03/2023,C52519,P1077,1,42.93,10.0,31.01,returned
O202915,1,2023-10-02,C51927,P1001,1,192.92,10.0,167.19,completed
O203642,1,13/12/2023,C52412,P1003,1,191.73,30.0,213.64,completed
O201024,4,2024-04-30,C50700,P1096,4,10.19,0.0,4.08,completed
O203769,1,2024-07-10,C52502,P1034,1,32.89,0.0,20.39,completed
O200723,4,2023-12-20,C50500,P1096,-1,8.15,20.0,4.08,returned
O204836,2,2023-10-20,C53261,P1023,3,355.1,0.0,276.98,completed
O200829,4,22/07/2023,C50557,P1118,2,24.8,0.0,13.89,completed
O204400,1,2024-01-06,C52945,P1060,1,40.96,20.0,24.58,completed
O203880,2,2024-10-30,C52567,P1076,2,83.8,5.0,57.34,completed
O205065,1,2023-12-20,C53428,P1090,2,54.0,30.0,50.14,completed
O205588,4,2024-11-03,C53811,P1096,1,9.17,10.0,4.08,completed
O203659,1,2024-02-23,C52426,P1088,1,60.76,0.0,,completed
O203469,1,"Dec 11, 2024",C52302,P1016,1,101.7,10.0,88.14,completed
O204947,3,2024-09-07,C53336,P1034,4,32.89,0.0,20.39,completed
O205419,2,2024-01-07,C53687,P1111,1,24.38,,17.07,completed
O200865,2,2023-11-25,C50582,P1081,3,62.06,20.0,50.42,completed
O204656,3,2024-12-04,C53126,P1109,2,29.87,20.0,20.91,completed
O201918,1,2023-06-15,C51271,P1016,1,113.0,0.0,88.14,completed
O200689,1,2024-12-31,C50479,P1071,1,18.65,0.0,8.95,completed
O200502,1,2023-09-03,C50363,P1092,1,17.47,0.0,6.99,completed
O201654,1,2024-08-01,C51069,P1015,1,234.42,0.0,182.85,completed
O203604,2,2024-12-04,C52389,P1053,1,13.75,20.0,8.25,returned
O200252,2,2024-11-26,C50183,P1008,1,106.63,30.0,118.82,completed
O202855,2,2024-11-30,C51899,P1096,1,9.17,10.0,4.08,completed
O204626,1,15/07/2024,C53105,P1015,1,222.7,5.0,182.85,completed
O200304,6,"Mar 13, 2024",C50220,P1001,2,214.35,0.0,167.19,completed
O202919,1,03/10/2024,C51928,P1102,1,30.56,0.0,12.22,completed
O204119,1,2024-04-03,C52732,P1062,1,24.21,15.0,13.67,completed
O203707,3,2024-10-06,C52459,P1088,3,60.76,0.0,39.49,completed
O202946,1,2024-05-12,C51943,P1084,1,44.02,10.0,31.79,completed
O205181,1,2024-12-31,C53516,P1032,2,40.32,0.0,25.0,completed
O202323,2,2024-12-10,C51557,P1116,1,16.95,10.0,10.54,completed
O201521,1,2023-09-07,C50986,P1081,2,73.69,5.0,50.42,completed
O204493,2,2023-10-25,C53008,P1015,1,234.42,0.0,182.85,completed
O201398,2,2024-12-09,C50921,P1083,2,34.59,30.0,32.12,completed
O204203,2,2024-02-22,C52787,P1047,1,49.02,0.0,23.53,completed
O204857,1,17/06/2024,C53275,P1092,2,17.47,0.0,6.99,completed
O201017,1,2024-11-26,C50697,P1061,1,12.42,20.0,7.45,completed
O201114,1,2024-12-20,C50750,P1010,1,68.03,40.0,88.44,completed
O205807,3,2023-03-18,C53963,P1104,1,24.41,0.0,9.76,completed
O204093,3,"Aug 10, 2023",C52722,P1015,1,234.42,0.0,182.85,completed
O205219,1,2024-12-04,C53543,P1051,1,33.95,10.0,18.11,completed
O203314,1,2024-12-04,C52185,P1078,3,59.26,10.0,42.8,completed
O204298,1,2024-12-20,C52861,P1119,3,38.25,30.0,30.6,completed
O202047,1,2024-08-10,C51370,P1016,2,113.0,0.0,88.14,completed
O203608,1,2024-11-24,C52392,P1004,-3,212.86,30.0,237.19,returned
O200409,1,2024-04-18,C50291,P1070,1,30.38,0.0,14.58,completed
O205557,1,2024-09-26,C53780,P1084,1,48.91,0.0,31.79,completed
O203672,1,2024-12-08,C52439,P1045,1,36.66,30.0,32.47,returned
O204695,1,2024-10-29,C53160,P1119,1,54.65,0.0,30.6,completed
O201204,1,05/09/2023,C50792,P1115,1,24.16,5.0,14.24,completed
O200965,1,2023-11-17,C50653,P1111,1,27.43,10.0,17.07,completed
O202511,1,2023-02-05,C51671,P1106,2,16.74,0.0,6.7,completed
O205555,1,2024-11-28,C53780,P1111,2,21.34,30.0,17.07,completed
O203961,2,2024-02-11,C52630,P1093,5,15.34,0.0,6.14,completed
O200040,4,2024-04-25,C50026,P1088,1,60.76,0.0,39.49,completed
O200327,1,2024-05-29,C50236,P1023,-1,355.1,0.0,276.98,returned
O201517,2,26/11/2023,C50985,P1115,3,20.34,20.0,14.24,completed
O202244,3,18/08/2024,C51501,P1061,1,15.53,0.0,7.45,completed
O204130,1,2023-03-08,C52737,P1084,2,46.46,5.0,31.79,completed
O205450,3,05/02/2024,C53706,P1037,3,46.67,0.0,28.94,completed
O205330,3,2023-05-20,C53623,P1105,3,12.51,0.0,5.0,completed
O201808,1,"Nov 20, 2024",C51202,P1096,3,10.19,0.0,4.08,completed
O200596,3,2023-08-28,C50426,P1008,1,129.48,15.0,118.82,completed
O204887,2,"Dec 02, 2024",C53298,P1031,1,100.9,30.0,89.37,completed
O205378,2,"Sep 08, 2024",C53657,P1065,1,45.61,0.0,21.89,completed
O201988,1,2024-12-17,C51319,P1058,1,45.42,30.0,31.15,completed
O200952,1,2023-05-30,C50641,P1051,1,37.72,0.0,18.11,completed
O203178,3,2024-05-11,C52096,P1028,-1,59.31,0.0,36.77,returned
O205171,2,2024-12-02,C53511,P1030,1,49.02,20.0,37.99,completed
O203576,1,2024-07-11,C52372,P1068,1,26.9,0.0,12.91,returned
O201780,6,2024-12-06,C51174,P1031,2,100.9,30.0,89.37,completed
O203763,4,25/05/2024,C52493,P1112,1,23.49,15.0,15.47,completed
O204222,2,2024-12-09,C52801,P1038,1,19.48,40.0,20.13,completed
O201924,1,2024-12-09,C51273,P1009,1,125.72,30.0,140.09,completed
O205578,1,2024-06-24,C53803,P1082,3,41.93,0.0,27.25,completed
O202384,1,2023-12-09,C51583,P1047,1,39.22,20.0,23.53,completed
O201100,1,2024-12-08,C50741,P1108,1,12.7,20.0,6.35,completed
O203229,4,2024-09-01,C52129,P1040,1,68.39,0.0,42.4,completed
O200876,2,31/03/2024,C50587,P1074,2,79.32,0.0,51.56,completed
O202752,5,2023-12-25,C51833,P1071,1,18.65,0.0,8.95,completed
O204336,3,2024-11-23,C52890,P1015,1,140.65,40.0,182.85,completed
O200777,1,"Jun 12, 2024",C50534,P1034,1,32.89,0.0,20.39,completed
O203980,2,2024-06-02,C52645,P1074,1,75.35,5.0,51.56,completed
O200339,1,2023-12-25,C50251,P1020,-2,176.36,0.0,137.56,returned
O204528,1,2024-11-25,C53036,P1040,1,41.03,40.0,42.4,completed
O202771,3,2024-11-26,C51850,P1080,5,35.63,30.0,33.09,completed
O202996,1,2024-12-30,C51967,P1067,1,28.31,0.0,13.59,completed
O201936,2,27/08/2024,C51280,P1048,4,34.79,5.0,17.58,completed
O202634,2,2024-01-21,C51766,P1114,1,11.91,0.0,6.67,completed
O201019,2,2024-12-12,C50697,P1008,1,121.86,20.0,118.82,completed
O203064,1,2024-11-09,C52013,P1027,1,64.47,,39.97,completed
O203968,3,08/07/2023,C52637,P1063,2,33.85,5.0,17.1,completed
O203743,1,2024-04-22,C52478,P1027,1,64.47,0.0,39.97,completed
O203417,2,2024-11-25,C52263,P1012,1,166.83,40.0,,completed
O202234,1,26/05/2024,C51496,P1074,1,75.35,5.0,51.56,completed
O202446,1,2024-12-25,C51628,P1025,1,35.89,10.0,24.73,completed
O201953,2,20/05/2024,C51293,P1056,1,24.84,0.0,11.92,completed
O202834,1,2023-12-12,C51886,P1084,1,34.24,30.0,31.79,completed
O201099,1,"Feb 01, 2023",C50740,P1059,1,22.43,0.0,10.77,completed
O200867,4,2024-12-12,C50583,P1101,4,9.37,40.0,6.25,completed
O203257,1,2024-10-27,C52155,P1031,2,136.94,5.0,89.37,completed
O203325,4,2023-05-13,C52194,P1114,1,11.91,0.0,6.67,completed
O205221,5,2024-12-04,C53545,P1031,2,115.32,20.0,89.37,completed
O203476,3,"Apr 17, 2024",C52310,P1022,1,124.65,0.0,97.23,completed
O201754,1,2024-12-06,C51158,P1060,3,40.96,20.0,24.58,completed
O202760,3,2023-09-01,C51837,P1074,2,79.32,0.0,51.56,completed
O204075,1,19/12/2024,C52709,P1088,4,36.46,40.0,39.49,completed
O203479,1,"Nov 19, 2024",C52311,P1025,1,39.88,0.0,24.73,completed
O203626,3,2024-05-12,C52404,P1015,1,234.42,0.0,,completed
O205118,3,2024-12-02,C53474,P1114,1,8.34,30.0,6.67,returned
O202373,1,2023-09-21,C51578,P1078,2,62.55,,42.8,completed
O201352,1,27/12/2024,C50885,P1028,2,59.31,0.0,36.77,
O201513,1,2024-11-30,C50984,P1015,1,187.54,20.0,182.85,completed
O200344,2,2024-04-05,C50253,P1067,1,25.48,10.0,13.59,completed
O203820,3,21/04/2024,C52526,P1019,1,293.87,0.0,229.22,completed
O205278,2,"Apr 02, 2024",C53588,P1010,2,113.39,0.0,88.44,completed
O200569,5,2023-06-17,C50406,P1032,3,40.32,0.0,25.0,returned
O201642,1,2024-10-06,C51064,P1117,1,27.56,0.0,15.43,completed
O202128,1,2024-11-25,C51423,P1046,1,44.09,20.0,34.17,completed
O200956,1,2023-07-05,C50644,P1009,1,161.64,10.0,140.09,completed
O201567,1,2024-11-06,C51028,P1040,1,68.39,0.0,42.4,completed
O202673,1,26/11/2024,C51792,P1100,1,8.86,,5.06,completed
O200091,4,2024-04-11,C50063,P1117,1,27.56,0.0,15.43,completed
O204894,5,2024-07-01,C53302,P1119,2,54.65,0.0,30.6,completed
O204087,1,2024-05-25,C52721,P1008,3,152.33,0.0,118.82,completed
O203979,3,2024-12-05,C52645,P1011,2,264.63,,229.34,completed
O201507,5,2023-07-19,C50983,P1102,1,30.56,0.0,12.22,completed
O201622,1,2024-05-09,C51059,P1034,2,32.89,0.0,20.39,completed
O204080,2,2024-08-31,C52714,P1120,1,21.77,0.0,12.19,completed
O200217,1,30/11/2023,C50150,P1092,1,15.72,10.0,6.99,completed
O202356,2,2024-10-20,C51572,P1027,1,58.02,10.0,39.97,completed
O205524,1,2024-11-07,C53755,P1018,1,101.63,5.0,,completed
O200754,2,2024-08-06,C50516,P1071,1,18.65,0.0,8.95,completed
O200279,1,2024-12-14,C50202,P1024,1,116.55,30.0,129.87,completed
O204083,2,14/08/2024,C52716,P1008,1,152.33,0.0,118.82,completed
O203592,1,16/03/2024,C52382,P1112,1,23.49,15.0,15.47,completed
O200071,3,2024-09-21,C50050,P1101,2,15.62,0.0,6.25,completed
O205165,2,2024-11-27,C53508,P1112,4,22.1,20.0,15.47,completed
O204630,1,2024-06-29,C53107,P1111,3,30.48,0.0,17.07,completed
O204340,2,2024-11-01,C52894,P1076,1,88.21,0.0,57.34,completed
O205551,2,30/01/2024,C53778,P1118,1,24.8,0.0,13.89,completed
O201236,1,2023-10-23,C50809,P1034,2,32.89,0.0,20.39,completed
O200103,2,2024-07-31,C50071,P1114,3,11.91,0.0,6.67,completed
O201957,1,2024-02-22,C51298,P1030,1,61.28,0.0,37.99,completed
O200511,2,02/10/2024,C50367,P1007,1,194.48,0.0,151.69,completed
O202339,1,2024-12-14,C51567,P1060,4,35.84,30.0,24.58,completed
O202069,3,06/11/2023,C51377,P1107,1,12.43,0.0,4.97,completed
O205640,5,2023-06-18,C53851,P1061,1,15.53,,7.45,completed
O203572,3,2023-09-24,C52370,P1076,1,88.21,0.0,57.34,completed
O204504,1,2023-02-03,C53016,P1114,1,119.1,0.0,6.67,completed
O202233,5,2024-09-15,C51494,P1010,1,113.39,0.0,88.44,completed
O203150,3,2024-05-14,C52074,P1092,1,17.47,0.0,6.99,completed
O203179,4,2023-05-03,C52097,P1117,4,27.56,0.0,15.43,completed
O203543,2,2024-11-17,C52357,P1015,-1,199.26,15.0,182.85,returned
O202629,2,2023-07-22,C51762,P1041,4,71.64,0.0,44.42,completed
O202108,4,2023-09-05,C51407,P1066,1,47.32,0.0,22.71,completed
O200535,1,2024-01-31,C50388,P1093,1,15.34,0.0,6.14,completed
O201552,1,2024-12-31,C51015,P1056,4,24.84,0.0,11.92,completed
O202166,1,2024-08-20,C51444,P1119,2,54.65,0.0,30.6,completed
O205693,2,2023-03-19,C53881,P1008,1,152.33,0.0,118.82,completed
O203249,2,2024-12-26,C52151,P1015,3,234.42,0.0,182.85,completed
O203931,4,2024-11-05,C52611,P1064,2,36.64,15.0,20.69,completed
O201454,2,"Oct 31, 2024",C50955,P1023,1,355.1,0.0,276.98,completed
O202681,1,06/12/2024,C51798,P1088,2,42.53,30.0,39.49,completed
O203647,2,2024-06-14,C52418,P1106,2,15.9,5.0,6.7,completed
O205715,3,24/06/2024,C53897,P1089,1,78.6,0.0,51.09,completed
O205749,3,16/11/2024,C53927,P1053,1,17.19,0.0,8.25,completed
O202223,1,2023-07-18,C51484,P1069,1,48.72,0.0,23.39,completed
O201701,1,2023-03-12,C51108,P1066,2,47.32,0.0,22.71,completed
O203977,1,"Aug 01, 2024",C52644,P1096,2,10.19,0.0,4.08,completed
O200231,2,22/11/2024,C50159,P1114,2,8.34,30.0,6.67,completed
O204284,1,2023-04-29,C52854,P1035,2,63.86,5.0,41.68,completed
O201835,5,"Mar 29, 2024",C51212,P1037,4,46.67,0.0,28.94,completed
O202266,4,2024-09-28,C51508,P1102,1,27.5,10.0,12.22,completed
O204227,1,2024-09-30,C52806,P1015,1,234.42,0.0,182.85,completed
O203962,3,08/01/2024,C52630,P1103,1,12.61,20.0,6.3,completed
O204740,5,12/12/2024,C53184,P1015,1,140.65,40.0,182.85,completed
O201290,6,29/11/2024,C50842,P1099,1,17.06,20.0,8.53,completed
O202241,1,2024-07-19,C51501,P1030,2,61.28,0.0,37.99,completed
O201669,1,2024-08-16,C51075,P1008,3,152.33,0.0,118.82,completed
O205777,4,2024-11-02,C53941,P1119,1,54.65,0.0,,completed
O203792,1,2024-10-08,C52512,P1111,2,30.48,0.0,17.07,completed
O205319,1,2023-07-07,C53613,P1074,1,79.32,0.0,51.56,completed
O205158,1,2023-04-22,C53504,P1023,2,301.84,15.0,276.98,completed
O201194,2,2023-07-25,C50788,P1071,1,18.65,0.0,8.95,returned
O202996,2,2024-12-30,C51967,P1034,4,32.89,0.0,20.39,completed
O201050,1,2024-12-06,C50708,P1097,1,8.57,20.0,4.28,completed
O200043,1,2024-04-30,C50028,P1032,1,40.32,0.0,25.0,completed
O200139,1,2024-11-15,C50096,P1088,1,60.76,0.0,39.49,completed
O203164,1,2024-10-22,C52084,P1117,1,27.56,0.0,15.43,completed
O204268,1,2024-12-27,C52845,P1067,1,28.31,0.0,13.59,completed
O201710,1,2024-10-01,C51114,P1032,1,40.32,0.0,25.0,
O202426,4,2023-11-19,C51612,P1008,5,137.1,10.0,118.82,completed
O202393,1,2024-12-24,C51587,P1099,1,21.33,0.0,8.53,completed
O200186,2,05/12/2024,C50137,P1007,1,116.69,40.0,151.69,completed
O200150,1,"May 08, 2024",C50105,P1015,3,222.7,5.0,182.85,completed
O200320,1,18/12/2023,C50233,P1088,1,54.68,10.0,39.49,completed
O200342,3,2024-05-22,C50253,P1015,3,234.42,0.0,182.85,completed
O205687,1,2024-11-23,C53876,P1029,2,48.58,20.0,37.65,completed
O201684,2,2024-12-16,C51090,P1056,3,19.87,20.0,11.92,completed
O201013,2,"Dec 01, 2024",C50695,P1106,1,10.04,40.0,6.7,completed
O204145,1,2024-08-29,C52742,P1015,1,234.42,0.0,182.85,completed
O200140,2,2024-11-29,C50097,P1040,1,47.87,30.0,42.4,completed
O205550,3,05/01/2023,C53778,P1087,1,37.29,20.0,30.3,completed
O200465,3,13/11/2024,C50334,P1017,1,222.03,,173.18,completed
O204025,1,03/12/2024,C52669,P1083,3,34.59,30.0,32.12,completed
O204038,5,2024-12-11,C52678,P1109,1,33.61,10.0,20.91,completed
O203740,4,2024-07-02,C52477,P1021,1,163.75,0.0,127.73,completed
O204495,1,2024-11-16,C53011,P1027,1,64.47,0.0,39.97,completed
O204905,1,2024-11-30,C53311,P1090,1,54.0,30.0,50.14,completed
O205037,1,2024-12-06,C53401,P1055,1,24.12,10.0,12.86,completed
O204707,1,21/11/2024,C53164,P1050,2,34.14,0.0,16.39,completed
O205584,1,2023-11-26,C53808,P1019,2,235.1,20.0,229.22,completed
O200485,2,2024-12-19,C50354,P1037,2,32.67,30.0,28.94,completed
O204976,5,2024-12-06,C53354,P1067,1,19.82,30.0,13.59,completed
O202081,1,2024-10-03,C51386,P1070,3,30.38,0.0,14.58,completed
O203727,1,"Dec 30, 2024",C52467,P1015,4,234.42,,182.85,completed
O201568,1,2024-07-19,C51028,P1114,1,11.91,0.0,6.67,completed
O203510,2,2024-11-24,C52337,P1055,1,18.76,30.0,12.86,completed
O205507,1,18/12/2024,C53746,P1061,1,12.42,20.0,7.45,completed
O203213,4,2024-07-22,C52120,P1014,2,336.97,0.0,262.84,completed
O203316,6,"Nov 11, 2024",C52185,P1021,1,163.75,0.0,127.73,completed
O201182,3,2024-04-26,C50783,P1099,1,21.33,0.0,8.53,completed
O202537,2,2024-11-15,C51688,P1088,1,60.76,0.0,39.49,completed
O200730,1,2024-08-17,C50500,P1031,1,144.15,0.0,89.37,completed
O202560,1,2024-05-08,C51707,P1012,2,278.05,0.0,216.88,completed
O201986,2,2024-10-14,C51319,P1078,1,59.26,10.0,42.8,completed
O203861,2,2024-12-30,C52556,P1065,1,45.61,0.0,21.89,completed
O202457,2,2024-08-13,C51636,P1060,1,51.2,0.0,24.58,completed
O205506,5,20/12/2024,C53746,P1102,1,24.45,20.0,12.22,completed
O202016,4,2024-02-27,C51343,P1111,3,30.48,0.0,17.07,completed
O205281,1,"Sep 20, 2023",C53589,P1100,2,12.65,0.0,5.06,completed
O203969,3,2024-12-14,C52639,P1083,1,29.65,40.0,32.12,returned
O200265,2,2024-12-11,C50194,P1013,3,112.79,40.0,146.62,completed
O205462,4,2024-12-27,C53713,P1031,1,144.15,0.0,89.37,completed
O202385,1,2024-07-12,C51583,P1046,2,55.11,0.0,34.17,completed
O200654,3,2023-03-22,C50460,P1017,5,222.03,0.0,173.18,completed
O200629,2,2024-12-20,C50443,P1054,4,22.94,20.0,13.77,completed
O202689,3,31/10/2024,C51802,P1003,2,273.9,0.0,213.64,returned
O202833,2,2024-12-25,C51886,P1074,1,79.32,0.0,51.56,completed
O205037,3,2024-12-06,C53401,P1078,1,46.09,30.0,42.8,completed
O200066,1,2024-06-07,C50041,P1105,2,11.26,10.0,5.0,returned
O205079,1,2024-05-19,C53441,P1024,1,166.5,0.0,129.87,completed
O203983,3,2024-09-24,C52646,P1044,4,52.71,5.0,34.4,completed
O201753,4,30/03/2024,C51155,P1114,1,11.91,0.0,6.67,completed
O200865,3,25/11/2023,C50582,P1012,2,222.44,20.0,216.88,completed
O201160,2,"Jan 26, 2023",C50774,P1096,1,10.19,0.0,4.08,completed
O202712,1,2023-11-23,C51817,P1102,1,24.45,20.0,12.22,completed
O203318,2,"Jun 29, 2024",C52185,P1030,1,61.28,0.0,37.99,completed
O205060,1,10/07/2023,C53424,P1025,2,39.88,0.0,24.73,completed
O201593,4,2024-01-26,C51046,P1096,1,10.19,,4.08,completed
O205238,5,"Oct 14, 2024",C53556,P1082,1,41.93,0.0,27.25,completed
O201323,1,2024-08-07,C50866,P1114,2,11.31,5.0,6.67,completed
O200484,2,2024-06-16,C50352,P1035,4,67.22,0.0,,completed
O203617,3,2024-12-21,C52397,P1066,1,42.59,10.0,22.71,completed
O201274,3,2024-04-07,C50832,P1090,2,77.14,0.0,50.14,completed
O201316,1,16/06/2023,C50862,P1114,1,10.72,10.0,6.67,completed
O204224,2,2024-11-12,C52803,P1088,1,60.76,0.0,39.49,completed
O202349,1,2024-07-28,C51570,P1084,1,48.91,0.0,31.79,completed
O205433,1,2023-08-30,C53692,P1032,1,40.32,0.0,25.0,completed
O205415,2,28/11/2024,C53683,P1084,1,39.13,20.0,,completed
O203436,1,2024-04-02,C52278,P1060,1,51.2,0.0,24.58,completed
O201348,1,2024-08-04,C50881,P1015,1,234.42,0.0,182.85,completed
O205311,1,2023-03-25,C53609,P1071,1,18.65,,8.95,completed
O202053,2,"Jun 05, 2024",C51372,P1112,2,27.63,0.0,15.47,completed
O203129,4,26/08/2024,C52062,P1013,1,187.98,0.0,146.62,completed
O205338,2,2023-05-22,C53629,P1066,1,47.32,0.0,22.71,completed
O200566,1,2024-10-10,C50404,P1094,2,17.6,0.0,7.04,completed
O202010,1,2024-06-16,C51338,P1090,1,73.28,5.0,50.14,completed
O200608,3,2024-04-01,C50429,P1087,1,41.95,10.0,30.3,completed
O200740,1,2024-07-27,C50507,P1004,1,258.48,15.0,237.19,completed
O201190,1,2024-05-30,C50788,P1035,2,67.22,0.0,41.68,completed
O203320,2,2024-06-02,C52185,P1116,2,18.83,0.0,10.54,completed
O201796,5,24/03/2023,C51196,P1073,1,36.39,0.0,23.65,completed
O202598,1,"Jun 28, 2024",C51734,P1079,1,85.12,0.0,55.33,completed
O202449,1,2024-10-19,C51630,P1030,3,58.22,5.0,37.99,completed
O200475,3,2024-11-12,C50344,P1015,2,234.42,0.0,182.85,completed
O203232,3,2024-09-17,C52136,P1019,1,293.87,0.0,229.22,completed
O201626,2,2024-09-25,C51060,P1095,1,9.25,0.0,3.7,completed
O205533,1,2024-02-07,C53763,P1117,4,27.56,0.0,15.43,completed
O200486,1,2024-12-22,C50354,P1065,1,43.33,5.0,21.89,completed
O200066,3,"Jun 07, 2024",C50041,P1015,1,222.7,5.0,182.85,completed
O204520,2,2024-12-15,C53030,P1114,1,9.53,20.0,6.67,completed
O201958,6,2024-06-15,C51300,P1119,2,54.65,0.0,30.6,completed
O201059,2,2024-12-02,C50712,P1105,-1,11.26,10.0,5.0,returned
O205516,1,2023-09-18,C53753,P1055,1,26.8,0.0,12.86,completed
O205370,5,2024-09-30,C53649,P1098,2,12.2,0.0,4.88,completed
O203756,5,2023-01-27,C52489,P1015,4,234.42,0.0,182.85,completed
O205372,2,13/11/2024,C53650,P1104,1,24.41,0.0,9.76,completed
O200632,1,2024-11-28,C50447,P1015,1,210.98,10.0,182.85,completed
O202642,1,2024-03-29,C51769,P1063,1,35.63,0.0,17.1,completed
O205132,1,2023-06-11,C53479,P1086,1,78.87,0.0,51.27,completed
O204419,1,2024-06-02,C52956,P1014,4,336.97,0.0,262.84,completed
O204337,1,2024-12-17,C52890,P1037,1,37.34,20.0,28.94,completed
O202353,1,2024-09-27,C51572,P1101,1,15.62,0.0,6.25,completed
O202146,3,2024-08-19,C51430,P1044,-1,55.48,0.0,34.4,returned
O202586,4,14/08/2023,C51724,P1036,2,86.88,,53.87,completed
O204978,4,2024-06-30,C53358,P1102,1,30.56,0.0,12.22,completed
O202775,4,03/12/2024,C51850,P1026,1,24.86,40.0,25.69,completed
O200974,5,"Jun 18, 2024",C50657,P1104,1,24.41,0.0,9.76,completed
O202601,3,27/12/2024,C51741,P1032,1,40.32,,25.0,completed
O204024,1,2023-10-31,C52668,P1025,2,39.88,0.0,24.73,completed
O201967,2,2024-07-17,C51306,P1093,1,15.34,0.0,6.14,completed
O201512,1,2024-12-07,C50984,P1008,5,137.1,10.0,118.82,completed
O200148,2,2024-12-01,C50104,P1097,3,8.57,20.0,4.28,completed
O200183,1,2024-06-20,C50135,P1030,1,58.22,5.0,37.99,completed
O202290,1,2024-12-20,C51530,P1036,1,60.82,30.0,53.87,completed
O202078,1,2023-08-19,C51382,P1015,1,234.42,0.0,182.85,completed
O203164,6,2024-10-22,C52084,P1095,3,9.25,0.0,3.7,completed
O202929,1,28/09/2024,C51933,P1092,1,17.47,0.0,6.99,completed
O200732,1,"Sep 02, 2024",C50504,P1060,2,51.2,0.0,24.58,completed
O203839,3,2024-10-06,C52543,P1084,5,48.91,0.0,31.79,completed
O205533,2,07/02/2024,C53763,P1036,1,86.88,0.0,53.87,completed
O200286,3,14/06/2024,C50205,P1009,3,179.6,0.0,140.09,completed
O200005,5,28/12/2023,C50003,P1062,3,28.48,0.0,13.67,completed
O200191,1,2024-12-26,C50138,P1092,2,17.47,0.0,6.99,completed
O203767,2,28/09/2024,C52497,P1119,1,54.65,0.0,30.6,
O203843,4,2024-10-27,C52547,P1103,3,15.76,0.0,6.3,completed
O200099,1,2023-04-13,C50069,P1106,1,16.74,0.0,6.7,completed
O203218,2,03/10/2024,C52126,P1111,1,30.48,0.0,17.07,returned
O201672,4,2024-11-24,C51078,P1029,2,42.51,30.0,37.65,completed
O201095,1,2024-12-26,C50736,P1106,2,16.74,0.0,6.7,completed
O202298,1,2024-10-31,C51541,P1047,1,46.57,5.0,23.53,completed
O205431,3,07/12/2023,C53690,P1090,1,69.43,10.0,50.14,completed
O201859,5,2024-12-20,C51222,P1015,1,140.65,40.0,182.85,completed
O200671,1,2024-11-27,C50475,P1097,1,6.43,40.0,4.28,completed
O202110,1,12/12/2024,C51407,P1033,1,30.59,20.0,23.71,completed
O201971,1,2024-10-12,C51307,P1015,1,234.42,0.0,182.85,completed
O205593,3,"Feb 19, 2023",C53812,P1001,1,214.35,0.0,167.19,completed
O205697,1,2024-12-07,C53885,P1050,3,20.48,40.0,16.39,completed
O204441,2,2024-07-01,C52969,P1068,2,22.86,15.0,12.91,completed
O205448,2,2024-12-05,C53704,P1081,2,62.06,20.0,50.42,completed
O204340,5,01/11/2024,C52894,P1012,2,278.05,0.0,216.88,completed
O203794,2,2024-02-11,C52514,P1075,2,58.73,10.0,42.42,completed
O201245,2,2024-11-12,C50814,P1021,3,163.75,0.0,127.73,completed
O204259,1,2024-11-17,C52841,P1051,1,35.83,5.0,18.11,completed
O205092,2,2024-06-12,C53458,P1118,1,24.8,0.0,13.89,completed
O205240,3,2024-12-08,C53557,P1064,1,38.8,10.0,20.69,completed
O202423,2,31/12/2024,C51611,P1040,1,68.39,0.0,42.4,completed
O205664,4,"Jan 28, 2024",C53861,P1029,1,60.73,0.0,37.65,completed
O200528,5,2024-09-03,C50383,P1110,3,10.34,0.0,5.79,completed
O200937,2,2024-10-19,C50631,P1045,1,49.75,5.0,32.47,completed
O200356,1,2023-07-30,C50259,P1112,1,26.25,5.0,15.47,completed
O200041,1,01/12/2024,C50026,P1054,4,20.08,30.0,13.77,completed
O201647,1,2023-05-20,C51066,P1088,1,57.72,5.0,39.49,completed
O201907,3,2024-11-26,C51260,P1036,1,69.5,20.0,53.87,completed
O200371,4,2024-07-26,C50268,P1117,2,27.56,0.0,15.43,completed
O203425,4,2024-03-15,C52268,P1104,1,24.41,,9.76,returned
O202331,2,2023-04-23,C51562,P1060,4,48.64,5.0,24.58,completed
O201678,3,2024-01-16,C51084,P1057,1,29.26,0.0,14.04,completed
O200463,3,2024-04-28,C50331,P1065,2,45.61,0.0,21.89,completed
O203477,1,2024-10-31,C52311,P1071,1,18.65,0.0,8.95,returned
O205840,4,2024-12-14,C53983,P1088,2,48.61,20.0,39.49,completed
O204643,4,"May 03, 2024",C53118,P1009,3,179.6,0.0,140.09,completed
O205264,2,2024-07-20,C53576,P1104,4,21.97,10.0,9.76,completed
O204339,1,2024-11-23,C52891,P1008,2,106.63,30.0,118.82,completed
O200995,4,2023-11-23,C50680,P1063,3,21.38,40.0,17.1,completed
O203017,1,2024-05-29,C51988,P1073,1,36.39,0.0,23.65,completed
O201734,2,"Oct 26, 2024",C51137,P1034,2,32.89,0.0,20.39,completed
O204255,1,2024-06-22,C52840,P1100,2,10.75,15.0,5.06,completed
O202654,3,"Jul 18, 2024",C51778,P1112,1,24.87,10.0,15.47,completed
O201815,1,2023-10-29,C51203,P1046,2,55.11,0.0,34.17,completed
O204946,3,2024-09-16,C53336,P1109,1,37.34,0.0,20.91,completed
O203393,2,2024-01-27,C52238,P1034,1,32.89,0.0,20.39,completed
O203381,1,2023-04-24,C52230,P1067,3,28.31,0.0,13.59,completed
O201673,5,"Apr 16, 2023",C51080,P1114,1,11.91,0.0,6.67,completed
O200577,1,2024-07-20,C50414,P1017,-1,222.03,0.0,173.18,returned
O200260,1,2024-11-27,C50189,P1114,1,9.53,20.0,6.67,completed
O200320,3,2023-12-18,C50233,P1065,3,41.05,10.0,21.89,completed
O200465,1,2024-11-13,C50334,P1046,1,46.84,15.0,34.17,completed
O200908,2,2024-06-27,C50612,P1036,1,73.85,,53.87,completed
O203471,2,2024-02-29,C52304,P1021,1,163.75,0.0,127.73,completed
O202361,1,11/09/2023,C51574,P1064,3,43.11,0.0,20.69,completed
O200331,2,2023-02-26,C50240,P1096,2,10.19,0.0,4.08,completed
O202655,3,2023-02-17,C51779,P1090,2,77.14,0.0,50.14,completed
O200554,4,"Dec 23, 2024",C50401,P1116,2,18.83,0.0,10.54,completed
O202668,2,2024-04-19,C51790,P1059,3,22.43,0.0,10.77,completed
O203456,4,2023-11-30,C52291,P1070,1,24.3,20.0,14.58,completed
O204507,3,2024-01-09,C53020,P1004,1,212.86,30.0,237.19,completed
O201168,2,29/12/2024,C50778,P1015,1,234.42,0.0,182.85,completed
O200919,5,03/05/2024,C50617,P1120,3,18.5,15.0,12.19,completed
O204493,5,2023-10-25,C53008,P1026,1,41.43,0.0,25.69,completed
O201790,2,2024-06-03,C51189,P1098,-2,12.2,0.0,4.88,returned
O203773,3,2024-08-23,C52503,P1027,2,64.47,0.0,39.97,returned
O201826,1,2024-04-03,C51207,P1116,1,18.83,0.0,10.54,completed
O203495,3,2024-04-22,C52322,P1015,2,234.42,0.0,182.85,completed
O203385,2,29/06/2024,C52232,P1030,4,61.28,0.0,37.99,completed
O204886,5,2024-12-20,C53296,P1071,5,14.92,20.0,8.95,completed
O200153,1,12/09/2024,C50112,P1026,1,41.43,0.0,25.69,completed
O200790,3,2024-11-11,C50538,P1062,1,27.06,5.0,13.67,completed
O203335,4,2024-05-09,C52206,P1008,1,152.33,0.0,118.82,completed
O204334,1,2023-03-27,C52888,P1073,4,36.39,0.0,23.65,completed
O201560,4,"Nov 22, 2023",C51017,P1032,1,36.29,10.0,25.0,completed
O204349,3,2024-08-23,C52899,P1061,2,13.2,15.0,7.45,completed
O201896,2,02/01/2023,C51254,P1114,1,9.53,20.0,6.67,completed
O200545,3,2024-06-18,C50394,P1037,1,46.67,0.0,28.94,completed
O204653,1,"Dec 17, 2024",C53124,P1099,3,12.8,40.0,8.53,completed
O202307,1,2024-12-13,C51549,P1059,2,13.46,40.0,10.77,completed
O202037,1,2024-05-15,C51361,P1113,2,17.32,5.0,10.21,completed
O201577,3,2023-11-08,C51038,P1041,1,71.64,0.0,44.42,completed
O203230,2,2024-06-30,C52130,P1067,3,28.31,,13.59,completed
O203654,2,2024-10-27,C52423,P1098,1,12.2,0.0,4.88,completed
O203365,1,"Dec 28, 2024",C52220,P1049,1,42.7,5.0,21.58,completed
O203832,3,24/10/2023,C52535,P1056,1,22.36,10.0,11.92,completed
O202658,1,29/09/2024,C51781,P1090,1,65.57,15.0,50.14,completed
O205565,2,05/08/2023,C53790,P1109,2,35.47,5.0,20.91,completed
O203488,2,2024-07-23,C52316,P1070,1,28.86,5.0,14.58,completed
O205370,2,2024-09-30,C53649,P1031,1,144.15,0.0,89.37,completed
O201107,2,2024-11-03,C50746,P1010,1,113.39,0.0,88.44,completed
O203746,1,2024-02-18,C52478,P1032,1,40.32,0.0,25.0,completed
O202730,2,2024-05-28,C51825,P1075,4,65.26,0.0,42.42,completed
O202388,1,2024-12-04,C51584,P1062,1,256.3,10.0,13.67,completed
O205087,4,2024-12-20,C53450,P1063,4,24.94,30.0,17.1,completed
O200969,2,2024-07-21,C50655,P1096,2,10.19,0.0,4.08,completed
O203961,1,2024-02-11,C52630,P1006,1,88.57,0.0,69.08,completed
O204205,1,2024-12-22,C52789,P1015,1,234.42,0.0,182.85,completed
O200424,1,2024-07-03,C50305,P1039,1,32.71,0.0,20.28,returned
O202888,3,2024-08-03,C51910,P1077,1,42.93,10.0,31.01,completed
O205154,1,"May 05, 2023",C53500,P1087,1,46.61,0.0,30.3,completed
O205757,1,2024-12-31,C53928,P1113,3,18.23,0.0,10.21,completed
O204549,3,2023-08-23,C53053,P1016,1,101.7,10.0,88.14,completed
O202736,2,2024-11-24,C51826,P1094,1,15.84,10.0,7.04,completed
O204772,2,2024-06-22,C53214,P1116,1,18.83,0.0,10.54,completed
O204501,4,2024-05-24,C53014,P1082,2,41.93,0.0,27.25,completed
O202900,2,2024-10-01,C51918,P1062,1,28.48,0.0,13.67,completed
O205126,2,2024-10-04,C53478,P1052,1,44.0,0.0,21.12,completed
O203877,1,31/10/2023,C52565,P1085,1,28.13,10.0,20.32,completed
O204743,3,05/11/2024,C53187,P1063,2,35.63,0.0,17.1,completed
O202500,1,25/04/2024,C51667,P1111,1,30.48,0.0,17.07,completed
O201007,3,"Nov 23, 2024",C50692,P1117,2,24.8,10.0,15.43,completed
O201132,1,2024-12-15,C50758,P1007,1,116.69,40.0,151.69,completed
O204612,4,2024-11-13,C53095,P1101,2,15.62,0.0,6.25,completed
O202962,4,20/08/2023,C51954,P1010,1,107.72,5.0,88.44,completed
O201673,3,2023-04-16,C51080,P1114,1,11.91,0.0,6.67,completed
O203949,4,2024-04-03,C52623,P1039,2,32.71,0.0,20.28,completed
O203335,1,2024-05-09,C52206,P1052,2,44.0,0.0,21.12,completed
O202243,1,2024-08-24,C51501,P1009,1,179.6,0.0,140.09,completed
O203034,2,2024-08-26,C51996,P1045,1,47.13,10.0,32.47,completed
O205127,1,2024-09-06,C53478,P1051,1,37.72,0.0,18.11,completed
O204884,1,2024-01-31,C53295,P1008,2,137.1,10.0,118.82,completed
O203252,2,2023-01-14,C52154,P1065,1,31.93,30.0,21.89,completed
O202095,2,10/07/2024,C51397,P1032,1,40.32,0.0,25.0,completed
O204986,2,2023-12-13,C53368,P1091,2,16.6,30.0,9.49,completed
O205055,1,2023-07-30,C53420,P1052,3,37.4,15.0,21.12,completed
O203158,4,2024-01-22,C52078,P1011,1,294.03,0.0,229.34,completed
O203881,1,12/12/2024,C52567,P1104,1,21.97,10.0,9.76,completed
O205063,2,2023-07-28,C53426,P1082,2,37.74,10.0,27.25,completed
O201839,2,21/12/2024,C51214,P1114,1,11.91,0.0,6.67,completed
O200234,2,2024-04-01,C50162,P1113,1,18.23,0.0,10.21,completed
O202635,3,24/06/2024,C51766,P1088,2,60.76,0.0,39.49,completed
O203090,1,05/10/2023,C52036,P1074,1,79.32,0.0,51.56,completed
O201967,3,2024-07-17,C51306,P1010,5,113.39,0.0,88.44,completed
O205684,5,2024-06-07,C53871,P1003,1,273.9,0.0,213.64,completed
O200957,2,2024-08-03,C50644,P1047,1,49.02,0.0,23.53,completed
O205336,3,08/04/2023,C53629,P1031,1,144.15,0.0,89.37,completed
O204431,2,2024-12-25,C52960,P1006,2,84.14,5.0,69.08,completed
O200202,1,2024-12-16,C50142,P1015,1,187.54,20.0,182.85,completed
O203462,5,09/12/2023,C52299,P1056,2,17.39,30.0,11.92,completed
O201993,1,2023-04-14,C51322,P1106,2,15.9,5.0,6.7,completed
O202035,1,2024-06-27,C51358,P1047,2,49.02,0.0,23.53,
O200934,2,2024-12-23,C50628,P1038,1,32.46,0.0,20.13,completed
O204600,2,2024-08-16,C53085,P1070,2,30.38,0.0,14.58,completed
O202565,5,26/07/2024,C51712,P1031,1,144.15,0.0,89.37,completed
O200863,3,2024-06-14,C50581,P1109,1,37.34,0.0,20.91,completed
O205415,1,2024-11-28,C53683,P1014,1,202.18,40.0,262.84,completed
O203736,1,2024-12-23,C52473,P1023,1,355.1,0.0,276.98,completed
O203531,2,2024-11-30,C52348,P1017,4,177.62,20.0,173.18,completed
O203776,1,2024-05-31,C52506,P1076,1,88.21,0.0,57.34,completed
O204747,1,2024-09-07,C53192,P1078,1,65.84,0.0,42.8,completed
O201845,1,16/09/2023,C51217,P1089,3,78.6,0.0,51.09,completed
O205608,2,2024-12-03,C53824,P1067,1,22.65,20.0,13.59,completed
O201408,4,2024-08-24,C50925,P1023,3,355.1,0.0,276.98,completed
O200094,1,2023-08-25,C50066,P1117,1,27.56,0.0,15.43,returned
O205260,3,2024-01-25,C53573,P1047,2,49.02,0.0,23.53,completed
O205624,2,2024-11-28,C53838,P1057,1,17.56,40.0,14.04,completed
O202913,3,2023-11-03,C51926,P1037,3,46.67,0.0,28.94,completed
O202057,1,2024-03-09,C51372,P1111,2,30.48,0.0,17.07,completed
O201777,4,2024-05-10,C51173,P1015,1,234.42,0.0,182.85,completed
O202952,5,2024-06-13,C51948,P1087,1,46.61,0.0,30.3,completed
O203483,3,2024-11-26,C52314,P1084,2,39.13,20.0,31.79,completed
O202774,2,2024-12-24,C51850,P1040,1,64.97,5.0,42.4,completed
O201017,1,2024-11-26,C50697,P1061,1,12.42,20.0,7.45,completed
O203349,2,2024-12-06,C52210,P1099,1,192.0,10.0,8.53,completed
O200910,2,2024-12-02,C50614,P1060,2,40.96,20.0,24.58,completed
O202411,2,17/05/2024,C51605,P1084,1,48.91,0.0,31.79,completed
O204218,1,2023-06-17,C52796,P1005,1,52.69,15.0,48.35,completed
O203713,1,2024-08-18,C52460,P1034,1,32.89,0.0,20.39,completed
O200426,1,2024-12-11,C50309,P1084,1,44.02,10.0,31.79,completed
O203574,1,2024-10-13,C52370,P1028,3,59.31,0.0,36.77,completed
O201839,3,"Dec 21, 2024",C51214,P1060,1,51.2,0.0,24.58,completed
O202624,4,29/11/2024,C51761,P1116,1,15.06,20.0,10.54,completed
O204576,2,2024-12-17,C53066,P1105,4,8.76,30.0,5.0,completed
O203671,1,15/05/2023,C52438,P1066,1,47.32,0.0,22.71,completed
O200003,2,2023-10-28,C50003,P1060,3,51.2,0.0,24.58,completed
O203544,1,2024-12-20,C52357,P1105,1,7.51,40.0,5.0,completed
O205402,1,2023-11-24,C53675,P1084,2,44.02,10.0,31.79,completed
O200801,1,2024-12-20,C50540,P1062,1,22.78,20.0,13.67,completed
O200114,2,2024-05-07,C50079,P1049,5,44.95,0.0,21.58,completed
O203983,4,2024-09-24,C52646,P1015,1,210.98,10.0,182.85,completed
O205576,2,2023-05-16,C53802,P1040,1,68.39,0.0,42.4,completed
O204896,1,2023-04-10,C53304,P1030,4,61.28,0.0,37.99,completed
O203298,1,2023-02-06,C52182,P1076,2,88.21,0.0,57.34,completed
O202529,6,2024-08-17,C51684,P1002,1,102.31,0.0,79.8,completed
O202085,3,2024-10-20,C51391,P1034,1,31.25,,20.39,completed
O202585,1,2023-09-25,C51724,P1065,1,43.33,5.0,21.89,completed
O201641,1,2023-05-19,C51064,P1099,1,21.33,0.0,8.53,completed
O205536,5,2023-04-17,C53763,P1089,1,78.6,0.0,51.09,completed
O200514,1,2024-09-04,C50372,P1015,1,234.42,0.0,182.85,
O205467,1,"Dec 02, 2024",C53713,P1042,1,38.89,40.0,40.19,completed
O200401,3,2023-09-22,C50290,P1008,4,152.33,0.0,118.82,completed
O202338,1,"Jan 29, 2023",C51566,P1088,1,607.6,0.0,39.49,completed
O203495,1,2024-04-22,C52322,P1083,1,44.48,10.0,32.12,completed
O202639,4,2024-12-01,C51767,P1044,1,33.29,40.0,34.4,completed
O205081,1,2024-10-10,C53444,P1042,1,64.82,0.0,40.19,completed
O200154,1,2024-12-10,C50113,P1104,2,14.65,40.0,9.76,completed
O202974,5,2024-04-05,C51959,P1097,1,10.71,0.0,4.28,completed
O200020,6,2024-09-26,C50012,P1050,1,34.14,0.0,16.39,completed
O200315,4,2023-07-16,C50230,P1109,1,37.34,0.0,20.91,completed
O202845,2,2024-07-06,C51892,P1037,2,46.67,0.0,28.94,completed
O201369,1,2024-12-17,C50897,P1039,2,26.17,20.0,20.28,completed
O201231,1,2024-08-09,C50806,P1061,1,15.53,0.0,7.45,completed
O205148,1,2024-08-10,C53496,P1065,3,45.61,,21.89,completed
O203245,3,2024-03-10,C52150,P1032,1,40.32,0.0,25.0,completed
O201997,2,2024-08-03,C51329,P1091,1,21.35,10.0,9.49,completed
O205476,1,2024-11-27,C53716,P1105,1,10.01,20.0,5.0,completed
O205604,2,"Nov 24, 2024",C53823,P1104,2,170.9,30.0,9.76,completed
O203795,3,2024-10-29,C52515,P1094,1,14.96,15.0,7.04,completed
O202238,2,23/11/2024,C51499,P1031,1,129.74,10.0,89.37,completed
O201636,5,2023-12-31,C51064,P1050,1,34.14,0.0,16.39,returned
O202749,2,2024-12-27,C51832,P1026,1,41.43,0.0,25.69,completed
O202027,5,15/12/2024,C51348,P1050,1,27.31,,16.39,completed
O205171,1,2024-12-02,C53511,P1008,1,137.1,10.0,118.82,completed
O201654,2,2024-08-01,C51069,P1017,1,210.93,5.0,173.18,completed
O200403,1,2023-12-26,C50290,P1095,2,9.25,0.0,3.7,completed
O203249,1,2024-12-26,C52151,P1095,3,8.79,5.0,3.7,completed
O204912,1,2024-11-17,C53313,P1116,1,18.83,0.0,10.54,completed
O200268,1,18/06/2024,C50197,P1098,3,12.2,0.0,4.88,completed
O204457,2,2024-09-19,C52981,P1069,2,48.72,0.0,23.39,completed
O203587,3,2023-10-05,C52378,P1010,1,113.39,0.0,88.44,completed
O201954,1,03/11/2024,C51296,P1053,1,17.19,0.0,8.25,completed
O200012,1,2024-12-04,C50004,P1030,5,49.02,20.0,37.99,completed
O205272,3,2024-08-20,C53585,P1075,2,65.26,0.0,42.42,completed
O202293,1,2024-04-23,C51538,P1032,1,40.32,0.0,25.0,completed
O203344,3,14/09/2024,C52208,P1114,1,11.91,0.0,6.67,completed
O202223,3,2023-07-18,C51484,P1072,1,17.9,10.0,9.55,completed
O203133,1,2024-07-07,C52063,P1040,2,58.13,15.0,42.4,completed
O204950,2,2023-11-23,C53338,P1030,1,49.02,20.0,37.99,completed
O200179,2,2023-09-12,C50134,P1012,1,278.05,0.0,216.88,completed
O205100,3,2024-08-26,C53466,P1104,1,24.41,0.0,9.76,completed
O201704,2,2024-02-15,C51108,P1050,2,34.14,0.0,16.39,completed
O202315,2,"Nov 28, 2023",C51554,P1034,2,29.6,10.0,20.39,completed
O204521,1,17/06/2024,C53030,P1092,-1,17.47,0.0,6.99,returned
O203048,2,2024-10-30,C52007,P1050,1,34.14,0.0,16.39,completed
O204278,1,2024-12-08,C52849,P1112,1,16.58,40.0,15.47,completed
O203587,4,2023-10-05,C52378,P1049,1,44.95,0.0,21.58,completed
O202982,4,"Aug 31, 2024",C51962,P1066,1,47.32,0.0,22.71,completed
O204016,2,23/12/2024,C52665,P1037,2,46.67,0.0,28.94,completed
O204341,1,2024-05-18,C52895,P1119,1,54.65,0.0,30.6,completed
O203655,2,2024-09-24,C52424,P1087,2,46.61,0.0,30.3,completed
O204645,1,2024-01-06,C53119,P1076,1,70.57,20.0,57.34,completed
O205173,2,2024-08-29,C53513,P1102,3,30.56,0.0,12.22,completed
O204166,1,2023-10-13,C52755,P1032,1,40.32,0.0,25.0,completed
O200987,1,2024-12-19,C50669,P1090,1,54.0,30.0,50.14,completed
O201381,1,"Dec 18, 2024",C50905,P1027,4,38.68,40.0,39.97,completed
O203599,2,2024-09-08,C52389,P1006,1,88.57,0.0,69.08,completed
O205532,1,2023-09-24,C53763,P1041,1,71.64,0.0,44.42,completed
O201584,1,2024-12-31,C51040,P1034,2,32.89,0.0,20.39,completed
O205213,1,2023-06-28,C53536,P1083,1,49.42,0.0,32.12,completed
O200330,4,2024-12-17,C50238,P1059,2,15.7,30.0,10.77,completed
O202734,1,"Oct 28, 2024",C51826,P1067,1,28.31,0.0,13.59,completed
O200972,1,2024-12-28,C50655,P1112,2,27.63,0.0,15.47,completed
O200982,3,2023-06-04,C50665,P1071,1,18.65,0.0,8.95,completed
O202776,1,2024-10-09,C51851,P1082,1,41.93,0.0,27.25,completed
O203405,2,2024-11-24,C52249,P1008,2,91.4,40.0,118.82,completed
O204466,2,2024-09-11,C52987,P1038,2,32.46,0.0,20.13,completed
O201519,3,30/11/2023,C50985,P1103,1,14.18,10.0,6.3,completed
O205369,4,2024-12-07,C53649,P1032,1,24.19,40.0,25.0,completed
O201785,1,2023-08-13,C51179,P1108,4,15.87,0.0,6.35,completed
O202182,3,2024-12-28,C51454,P1056,1,22.36,10.0,11.92,completed
O202345,2,2023-06-17,C51569,P1074,1,79.32,0.0,51.56,completed
O200267,1,2024-11-22,C50196,P1107,3,7.46,40.0,4.97,completed
O200574,1,2024-10-06,C50412,P1115,1,25.43,0.0,14.24,completed
O201562,4,2024-06-12,C51020,P1107,5,12.43,0.0,4.97,completed
O201540,5,2024-05-12,C51003,P1114,1,10.12,15.0,6.67,completed
O203570,3,2024-12-09,C52366,P1015,1,187.54,20.0,182.85,completed
O202308,4,2024-11-05,C51553,P1041,1,71.64,,44.42,completed
O201893,1,2023-05-14,C51250,P1090,1,73.28,5.0,50.14,completed
O204943,1,2024-11-25,C53335,P1009,2,125.72,30.0,140.09,returned
O202067,2,27/04/2024,C51377,P1109,2,37.34,0.0,20.91,completed
O204295,1,2024-05-10,C52859,P1053,1,17.19,0.0,8.25,completed
O205344,1,2023-04-05,C53631,P1109,1,37.34,0.0,20.91,completed
O204687,1,2024-10-02,C53154,P1114,2,11.31,,6.67,completed
O205181,2,2024-12-31,C53516,P1055,2,26.8,0.0,12.86,completed
O204470,1,2024-06-15,C52993,P1112,1,27.63,0.0,15.47,completed
O205506,2,2024-12-20,C53746,P1034,1,23.02,30.0,20.39,returned
O200429,1,2024-01-01,C50311,P1120,1,19.59,,12.19,completed
O204528,3,25/11/2024,C53036,P1015,2,164.09,30.0,182.85,completed
O200132,2,2024-11-29,C50093,P1074,1,63.46,20.0,51.56,completed
O201148,2,2024-04-28,C50764,P1004,2,304.09,0.0,237.19,completed
O204479,1,2024-11-22,C52998,P1111,4,24.38,20.0,17.07,completed
O203416,2,2024-11-24,C52263,P1033,2,34.42,10.0,23.71,completed
O200222,1,2024-02-18,C50153,P1117,1,27.56,0.0,15.43,completed
O200978,1,2024-12-20,C50662,P1078,2,52.67,20.0,42.8,completed
O200551,1,28/06/2024,C50399,P1055,3,22.78,15.0,12.86,completed
O205124,6,2024-07-03,C53476,P1040,1,68.39,0.0,42.4,completed
O205587,1,01/12/2024,C53811,P1092,4,15.72,10.0,6.99,completed
O204184,1,2024-01-14,C52773,P1015,1,187.54,20.0,182.85,completed
O201619,1,"Nov 29, 2024",C51058,P1099,1,17.06,20.0,8.53,completed
O202705,4,2023-11-22,C51813,P1047,1,44.12,10.0,23.53,completed
O201427,3,2024-11-23,C50941,P1021,1,131.0,20.0,127.73,completed
O205001,4,2024-12-15,C53378,P1023,1,248.57,30.0,276.98,completed
O201866,2,24/04/2024,C51227,P1061,1,14.75,5.0,7.45,completed
O200879,1,2023-06-09,C50588,P1084,1,48.91,0.0,31.79,completed
O200327,3,2024-05-29,C50236,P1047,2,46.57,5.0,23.53,completed
O205051,1,"Nov 05, 2024",C53414,P1052,3,44.0,0.0,21.12,completed
O200609,3,2024-11-20,C50429,P1064,1,43.11,0.0,20.69,completed
O205192,2,2024-04-20,C53522,P1044,2,55.48,0.0,34.4,completed
O200230,3,2023-09-27,C50159,P1072,2,16.91,15.0,9.55,completed
O203905,4,2024-12-14,C52580,P1050,1,30.73,10.0,16.39,completed
O205496,1,2024-08-17,C53738,P1112,1,27.63,0.0,15.47,returned
O203269,4,2024-12-09,C52168,P1046,1,49.6,10.0,34.17,completed
O203614,1,2024-07-25,C52395,P1074,2,79.32,0.0,51.56,completed
O202330,1,2023-02-11,C51562,P1009,1,161.64,10.0,140.09,completed
O202667,1,2023-06-03,C51790,P1120,1,21.77,0.0,12.19,completed
O203653,3,14/09/2023,C52423,P1080,3,48.36,5.0,33.09,completed
O203025,3,03/12/2024,C51991,P1078,1,46.09,30.0,42.8,completed
O205179,1,2024-05-03,C53515,P1114,2,11.91,0.0,6.67,completed
O204097,3,2024-10-12,C52723,P1099,2,21.33,0.0,8.53,completed
O201066,4,2023-10-14,C50716,P1056,3,24.84,0.0,11.92,completed
O200869,3,2023-04-25,C50583,P1054,1,28.68,0.0,13.77,completed
O205691,2,2023-06-14,C53881,P1080,3,50.9,0.0,33.09,completed
O201332,1,"Jul 29, 2024",C50876,P1012,1,278.05,,216.88,completed
O205464,1,2024-11-30,C53713,P1094,3,14.08,20.0,7.04,completed
O200605,1,2024-04-28,C50429,P1071,1,16.78,10.0,8.95,completed
O204440,2,"Aug 17, 2024",C52968,P1048,3,36.62,0.0,17.58,completed
O203646,4,29/08/2023,C52417,P1068,1,25.55,5.0,12.91,returned
O205020,1,02/12/2024,C53387,P1047,1,34.31,30.0,23.53,completed
O204099,3,2023-11-24,C52725,P1015,1,140.65,40.0,182.85,completed
O202887,4,2024-08-03,C51909,P1096,2,9.68,5.0,4.08,completed
O204541,1,2024-08-05,C53045,P1099,4,19.2,10.0,8.53,completed
O204587,3,2024-01-07,C53077,P1037,1,37.34,20.0,28.94,completed
O205047,1,2023-06-04,C53406,P1032,1,40.32,0.0,25.0,completed
O204224,1,2024-11-12,C52803,P1035,1,67.22,0.0,41.68,completed
O203886,1,2024-11-30,C52567,P1074,1,55.52,30.0,51.56,completed
O203208,2,2024-11-27,C52116,P1075,1,52.21,20.0,42.42,completed
O203723,1,2024-09-05,C52464,P1001,1,192.92,10.0,167.19,completed
O205780,1,2023-11-24,C53942,P1119,1,38.25,30.0,30.6,completed
O202614,2,2024-11-13,C51751,P1105,1,12.51,0.0,5.0,completed
O203631,3,2023-12-07,C52407,P1015,1,187.54,20.0,182.85,completed
O201850,2,2023-11-21,C51219,P1027,1,64.47,0.0,39.97,completed
O200445,1,2024-04-29,C50321,P1093,2,15.34,0.0,6.14,completed
O205269,2,2023-10-12,C53581,P1104,1,24.41,0.0,9.76,completed
O200895,2,27/11/2024,C50600,P1056,1,19.87,20.0,11.92,completed
O201081,2,2024-09-27,C50728,P1097,1,10.71,0.0,4.28,completed
O204156,1,2024-06-19,C52752,P1055,1,26.8,0.0,12.86,completed
O203432,1,2024-02-18,C52270,P1080,2,50.9,0.0,33.09,completed
O200315,1,2023-07-16,C50230,P1082,1,37.74,10.0,27.25,completed
O201361,1,2024-12-04,C50892,P1056,1,17.39,30.0,11.92,completed
O202351,2,2023-11-19,C51571,P1061,1,15.53,0.0,7.45,completed
O202143,2,2024-08-22,C51430,P1099,1,21.33,0.0,8.53,completed
O204976,1,"Dec 06, 2024",C53354,P1012,1,250.24,10.0,216.88,completed
O205461,4,2024-12-21,C53713,P1117,1,27.56,0.0,15.43,completed
O201469,2,2023-09-02,C50965,P1048,1,36.62,0.0,17.58,completed
O205526,2,"Mar 24, 2023",C53757,P1106,3,16.74,0.0,6.7,completed
O201912,3,05/12/2024,C51268,P1105,4,10.01,20.0,5.0,completed
O205525,6,2024-10-07,C53756,P1037,2,46.67,,28.94,completed
O201234,4,2024-06-01,C50808,P1028,2,59.31,0.0,36.77,completed
O202660,3,2023-10-10,C51783,P1023,1,355.1,0.0,276.98,completed
O203453,1,2024-01-30,C52291,P1050,2,34.14,0.0,16.39,completed
O204900,1,26/07/2024,C53309,P1043,1,35.42,0.0,21.96,completed
O203643,1,2024-09-07,C52413,P1104,1,24.41,0.0,9.76,completed
O205539,4,2024-06-12,C53770,P1082,1,39.83,5.0,27.25,completed
O205583,1,2024-12-13,C53807,P1092,1,15.72,10.0,6.99,completed
O205207,2,2024-07-24,C53534,P1054,1,28.68,0.0,13.77,completed
O204569,1,"Oct 08, 2024",C53065,P1056,1,24.84,0.0,11.92,completed
O200903,5,2024-06-12,C50610,P1074,1,75.35,5.0,51.56,completed
O201190,2,2024-05-30,C50788,P1092,1,16.6,5.0,6.99,completed
O205814,3,2023-11-11,C53965,P1003,2,273.9,0.0,213.64,completed
O203855,3,2023-01-04,C52553,P1044,1,49.93,10.0,34.4,completed
O200684,3,2023-10-02,C50478,P1024,4,166.5,0.0,129.87,completed
O203890,1,2023-08-13,C52570,P1047,1,49.02,0.0,23.53,completed
O204457,1,2024-09-19,C52981,P1008,2,137.1,10.0,118.82,completed
O200422,1,2024-09-13,C50305,P1088,1,60.76,0.0,39.49,completed
O200773,4,2024-11-24,C50531,P1018,1,74.89,30.0,83.44,completed
O202899,1,2023-07-10,C51918,P1053,1,17.19,0.0,8.25,completed
O202962,1,2023-08-20,C51954,P1004,3,304.09,0.0,237.19,completed
O202848,2,2024-11-20,C51895,P1092,2,17.47,0.0,6.99,completed
O200553,1,2024-02-02,C50400,P1005,1,52.69,15.0,48.35,completed
O201600,1,2024-11-15,C51048,P1015,2,210.98,10.0,182.85,completed
O205556,2,2024-09-10,C53780,P1062,2,25.63,10.0,13.67,completed
O201898,2,2024-03-03,C51255,P1049,1,44.95,0.0,21.58,completed
O202255,5,2024-02-26,C51507,P1041,1,68.06,5.0,44.42,completed
O202779,2,2024-10-15,C51851,P1015,2,234.42,0.0,182.85,completed
O203714,1,"Sep 04, 2024",C52460,P1042,1,61.58,5.0,40.19,completed
O205715,1,2024-06-24,C53897,P1052,1,44.0,0.0,21.12,completed
O202843,2,28/03/2024,C51892,P1062,1,28.48,0.0,13.67,completed
O200238,4,2024-01-10,C50172,P1082,1,25.16,,27.25,completed
O202980,2,2024-07-12,C51961,P1034,1,31.25,5.0,20.39,completed
O204287,2,2024-11-22,C52854,P1068,1,18.83,30.0,,completed
O200215,1,11/10/2024,C50150,P1017,1,222.03,0.0,173.18,completed
O203904,1,"Dec 24, 2024",C52580,P1015,5,234.42,0.0,182.85,completed
O201460,1,2024-12-01,C50959,P1109,3,22.4,40.0,20.91,completed
O204925,2,15/09/2024,C53321,P1087,2,46.61,0.0,30.3,completed
O201875,3,2024-10-25,C51234,P1057,1,27.8,5.0,14.04,completed
O204132,1,2023-04-21,C52737,P1025,3,39.88,0.0,24.73,completed
O201599,1,17/06/2024,C51048,P1084,1,48.91,0.0,31.79,completed
O201863,3,2024-08-03,C51225,P1067,1,25.48,,13.59,completed
O204730,1,2024-12-29,C53175,P1104,2,24.41,0.0,9.76,completed
O200933,1,2024-11-29,C50627,P1117,1,22.05,20.0,15.43,returned
O200446,1,2024-07-20,C50321,P1071,3,18.65,0.0,,completed
O201268,1,"Nov 28, 2024",C50827,P1054,1,25.81,10.0,13.77,completed
O205125,1,2024-08-08,C53476,P1079,1,80.86,5.0,55.33,completed
O205776,2,2024-11-25,C53941,P1019,2,235.1,20.0,229.22,completed
O202548,1,2024-12-22,C51693,P1120,1,19.59,10.0,12.19,completed
O201453,1,15/04/2024,C50955,P1015,1,234.42,0.0,182.85,completed
O202175,2,2024-11-22,C51448,P1056,1,22.36,10.0,11.92,completed
O205646,4,2024-12-09,C53855,P1091,1,14.23,40.0,9.49,completed
O204640,1,2024-05-06,C53115,P1046,1,46.84,15.0,34.17,completed
O201079,4,06/12/2024,C50727,P1008,1,106.63,30.0,118.82,returned
O200143,2,"Jul 14, 2024",C50098,P1062,1,27.06,5.0,13.67,completed
O205269,3,2023-10-12,C53581,P1111,1,30.48,0.0,17.07,completed
O202742,1,2023-04-24,C51828,P1036,1,82.54,5.0,53.87,completed
O201200,1,"Nov 12, 2023",C50792,P1112,4,24.87,10.0,15.47,completed
O204574,1,2024-11-24,C53066,P1015,1,210.98,10.0,182.85,completed
O200293,2,2024-07-18,C50209,P1090,2,77.14,0.0,50.14,completed
O202497,2,12/06/2024,C51663,P1066,1,47.32,0.0,22.71,completed
O202623,6,2024-04-19,C51759,P1100,3,12.65,0.0,5.06,completed
O203458,1,2024-05-30,C52292,P1062,1,28.48,0.0,13.67,completed
O202800,5,2024-03-29,C51868,P1036,3,86.88,0.0,53.87,completed
O205566,4,2024-05-24,C53790,P1093,3,15.34,0.0,6.14,completed
O205829,1,2024-11-11,C53975,P1092,1,16.6,5.0,6.99,completed
O201348,2,2024-08-04,C50881,P1054,4,25.81,10.0,13.77,completed
O200004,1,2024-12-06,C50003,P1106,1,15.07,10.0,6.7,completed
O200361,2,2024-11-15,C50265,P1046,1,55.11,0.0,34.17,completed
O205236,2,03/04/2023,C53555,P1075,2,65.26,0.0,42.42,completed
O203360,1,13/09/2024,C52216,P1014,2,286.42,15.0,262.84,completed
O204876,3,2024-12-13,C53284,P1001,2,150.04,30.0,167.19,completed
O200669,2,2024-02-20,C50474,P1028,1,59.31,0.0,36.77,completed
O202601,2,2024-12-27,C51741,P1043,1,31.88,10.0,21.96,completed
O202032,3,2024-12-08,C51356,P1050,1,30.73,10.0,16.39,completed
O201664,2,"May 05, 2023",C51070,P1029,2,57.69,5.0,37.65,completed
O200884,1,2024-11-19,C50589,P1067,2,25.48,10.0,13.59,completed
O200664,1,2024-12-01,C50470,P1065,1,36.49,20.0,21.89,completed
O205441,4,17/05/2024,C53697,P1039,2,31.07,5.0,20.28,
O203776,3,2024-05-31,C52506,P1042,2,61.58,5.0,40.19,completed
O204652,3,2024-09-17,C53124,P1114,3,11.91,0.0,6.67,completed
O203864,3,2024-01-31,C52558,P1106,1,16.74,0.0,6.7,completed
O203030,1,2023-10-15,C51996,P1109,1,37.34,0.0,20.91,completed
O204618,4,2024-09-07,C53102,P1100,1,12.02,5.0,5.06,completed
O203266,2,2023-07-05,C52163,P1011,1,279.33,5.0,229.34,completed
O203372,1,2024-03-10,C52225,P1037,1,46.67,0.0,28.94,completed
O205169,3,2024-09-07,C53509,P1040,1,58.13,15.0,42.4,completed
O203316,2,2024-11-11,C52185,P1077,1,42.93,10.0,31.01,completed
O202085,2,2024-10-20,C51391,P1077,1,45.32,5.0,31.01,completed
O202785,1,2024-10-19,C51853,P1020,2,167.54,5.0,137.56,completed
O201841,2,10/07/2024,C51215,P1028,2,59.31,0.0,36.77,completed
O202209,4,"Sep 03, 2023",C51477,P1065,1,41.05,10.0,21.89,completed
O200961,2,"Sep 28, 2024",C50650,P1065,1,38.77,15.0,21.89,completed
O201287,3,2024-12-24,C50840,P1068,1,26.9,0.0,12.91,completed
O202123,1,29/12/2024,C51420,P1003,2,273.9,0.0,213.64,completed
O205822,2,2023-11-04,C53969,P1114,3,10.72,10.0,6.67,completed
O203394,2,2024-09-07,C52238,P1117,1,27.56,0.0,15.43,completed
O204447,2,2024-02-08,C52976,P1109,1,31.74,15.0,20.91,completed
O202087,1,25/06/2023,C51391,P1037,1,46.67,0.0,28.94,completed
O204936,2,2024-08-02,C53332,P1084,1,48.91,0.0,31.79,completed
O204414,1,2024-06-22,C52952,P1088,2,60.76,0.0,39.49,completed
O202567,1,2024-12-17,C51714,P1085,1,28.13,10.0,20.32,completed
O205859,1,2024-05-10,C53992,P1108,1,15.08,5.0,6.35,completed
O203448,1,22/11/2024,C52289,P1061,1,10.87,30.0,7.45,completed
O203221,3,"Nov 04, 2024",C52127,P1052,4,39.6,10.0,21.12,
O202864,1,2024-12-19,C51901,P1029,2,425.09999999999997,30.0,37.65,completed
O202093,1,2024-09-22,C51396,P1118,1,24.8,0.0,13.89,completed
O202262,3,2024-11-21,C51508,P1114,1,10.12,15.0,6.67,completed
O201161,2,2023-11-02,C50774,P1008,3,152.33,0.0,118.82,completed
O203490,3,2024-12-26,C52316,P1097,2,9.64,10.0,4.28,completed
O203486,3,2024-05-13,C52314,P1061,1,15.53,0.0,7.45,completed
O201994,3,2024-05-06,C51327,P1045,2,52.37,0.0,32.47,completed
O201781,3,26/03/2024,C51176,P1038,3,29.21,10.0,20.13,completed
O203568,4,2024-10-21,C52366,P1062,1,28.48,0.0,13.67,returned
O201451,1,"Mar 15, 2023",C50954,P1074,5,79.32,0.0,51.56,completed
O202263,1,2024-12-09,C51508,P1092,1,15.72,10.0,6.99,completed
O201888,2,2023-02-28,C51246,P1084,1,48.91,0.0,31.79,completed
O200219,2,2023-01-27,C50150,P1020,1,176.36,,137.56,completed
O201831,1,2023-08-14,C51211,P1042,2,58.34,10.0,40.19,completed
O202947,1,2024-11-26,C51943,P1045,5,41.9,20.0,32.47,completed
O204158,2,2024-12-11,C52752,P1032,1,36.29,10.0,25.0,returned
O201074,1,2024-08-07,C50721,P1084,1,46.46,5.0,31.79,completed
O204067,4,08/09/2024,C52705,P1105,1,12.51,0.0,5.0,completed
O202457,1,2024-08-13,C51636,P1052,3,44.0,0.0,21.12,completed
O200816,1,"Jan 06, 2024",C50547,P1025,2,31.9,20.0,24.73,completed
O202136,4,2023-12-21,C51426,P1008,1,152.33,0.0,118.82,completed
O202623,5,"Apr 19, 2024",C51759,P1041,4,71.64,0.0,44.42,completed
O200124,2,2024-09-30,C50087,P1055,4,26.8,0.0,12.86,completed
O201788,1,2024-11-29,C51186,P1090,-1,61.71,,50.14,returned
O200002,2,2024-06-11,C50003,P1112,1,27.63,0.0,15.47,completed
O201286,2,2024-12-13,C50840,P1052,2,35.2,20.0,21.12,completed
O204069,1,2024-11-29,C52705,P1016,2,90.4,20.0,88.14,completed
O201626,3,2024-09-25,C51060,P1071,-4,18.65,,8.95,returned
O204039,3,2024-02-15,C52680,P1015,1,210.98,10.0,182.85,completed
O201780,1,2024-12-06,C51174,P1044,1,38.84,30.0,34.4,completed
O203836,1,2024-08-23,C52538,P1008,1,152.33,0.0,118.82,completed
O200902,3,2023-01-13,C50610,P1044,2,49.93,10.0,34.4,completed
O200288,2,2024-07-17,C50206,P1003,3,273.9,0.0,213.64,completed
O202656,1,2023-10-22,C51779,P1031,3,144.15,0.0,89.37,completed
O202934,1,2024-12-01,C51937,P1120,2,19.59,10.0,12.19,completed
O200912,3,"Nov 28, 2023",C50614,P1114,1,9.53,20.0,6.67,completed
O201070,3,2024-12-28,C50720,P1062,1,28.48,0.0,13.67,completed
O205453,3,2024-12-01,C53707,P1001,1,150.04,30.0,167.19,completed
O200534,5,01/08/2024,C50387,P1085,1,31.26,0.0,20.32,completed
O205866,1,2024-09-22,C53997,P1050,4,34.14,0.0,16.39,completed
O203837,3,25/10/2023,C52540,P1087,1,46.61,0.0,30.3,completed
O203669,2,2024-08-25,C52438,P1108,1,14.28,10.0,6.35,completed
O200144,2,2024-02-14,C50099,P1080,1,50.9,0.0,33.09,completed
O201351,2,2024-12-26,C50885,P1029,1,54.66,10.0,37.65,completed
O202305,2,2024-07-20,C51546,P1061,1,15.53,0.0,7.45,completed
O201802,1,2024-10-02,C51200,P1084,1,48.91,0.0,31.79,completed
O200106,2,2024-12-24,C50073,P1105,1,12.51,0.0,5.0,completed
O203077,2,2024-01-21,C52023,P1091,4,23.72,0.0,9.49,completed
O204853,5,2024-12-17,C53270,P1082,2,33.54,20.0,27.25,completed
O203846,1,2024-06-12,C52547,P1033,1,38.24,0.0,23.71,completed
O200037,2,2024-09-09,C50022,P1049,1,44.95,0.0,21.58,completed
O204189,1,2023-03-19,C52774,P1008,1,152.33,0.0,118.82,completed
O201972,1,2023-12-17,C51308,P1002,3,71.62,30.0,79.8,completed
O203514,4,2023-01-03,C52338,P1051,1,22.63,40.0,18.11,completed
O201694,3,2024-03-05,C51101,P1029,2,57.69,5.0,37.65,completed
O201800,6,2023-11-25,C51200,P1061,2,13.98,10.0,7.45,completed
O204474,1,2024-12-26,C52997,P1119,3,54.65,0.0,30.6,completed
O204854,3,07/06/2024,C53272,P1088,1,51.65,15.0,39.49,completed
O204038,1,11/12/2024,C52678,P1088,1,54.68,10.0,39.49,completed
O204720,1,2024-01-07,C53171,P1002,1,61.39,40.0,79.8,completed
O204242,1,2024-10-14,C52820,P1037,1,46.67,0.0,28.94,completed
O203123,5,2024-07-29,C52059,P1114,1,11.31,5.0,6.67,returned
O203718,1,2024-04-13,C52461,P1027,1,64.47,0.0,39.97,completed
O204196,3,2023-04-13,C52781,P1044,1,47.16,15.0,34.4,completed
O204057,6,2024-12-20,C52696,P1026,2,37.29,10.0,25.69,completed
O203344,2,2024-09-14,C52208,P1113,1,18.23,0.0,10.21,completed
O202692,1,2024-05-26,C51803,P1057,1,29.26,0.0,14.04,completed
O202569,1,2024-11-22,C51716,P1119,4,43.72,20.0,30.6,completed
O203404,1,19/08/2024,C52248,P1100,1,10.75,15.0,5.06,completed
O205348,3,2024-05-28,C53634,P1106,2,16.74,0.0,6.7,returned
O201889,1,2023-11-03,C51246,P1025,1,39.88,0.0,24.73,completed
O202366,4,2024-06-02,C51575,P1088,1,60.76,0.0,39.49,completed
O200625,1,2024-04-11,C50439,P1111,5,30.48,0.0,17.07,returned
O204792,1,2024-11-19,C53226,P1036,1,86.88,0.0,53.87,completed
O201830,3,2024-12-08,C51209,P1012,4,250.24,10.0,216.88,completed
O205473,1,2024-03-29,C53714,P1021,1,139.19,15.0,127.73,completed
O201017,4,2024-11-26,C50697,P1050,2,27.31,20.0,16.39,completed
O200604,4,11/09/2024,C50429,P1117,1,27.56,0.0,15.43,completed
O202338,2,2023-01-29,C51566,P1015,1,210.98,10.0,182.85,completed
O200280,2,2024-12-20,C50202,P1037,1,37.34,20.0,28.94,completed
O202522,1,2024-12-23,C51678,P1075,1,65.26,0.0,42.42,completed
O201350,4,31/12/2024,C50885,P1056,1,24.84,0.0,11.92,completed
O202391,2,2024-07-29,C51586,P1027,2,64.47,0.0,39.97,completed
O203936,2,2024-02-05,C52613,P1015,1,234.42,0.0,182.85,completed
O203098,1,03/11/2024,C52043,P1021,1,163.75,0.0,127.73,completed
O204470,3,15/06/2024,C52993,P1032,1,36.29,10.0,,completed
O202771,1,2024-11-26,C51850,P1101,1,14.06,10.0,6.25,completed
O204421,1,2024-09-26,C52956,P1110,1,10.34,0.0,5.79,completed
O200951,1,2024-05-15,C50641,P1111,1,27.43,10.0,17.07,completed
O203292,2,01/06/2024,C52178,P1004,1,258.48,15.0,237.19,completed
O203367,1,2024-08-20,C52222,P1027,2,64.47,0.0,39.97,completed
O203484,2,"Aug 06, 2024",C52314,P1031,2,144.15,0.0,89.37,completed
O204894,2,2024-07-01,C53302,P1017,1,222.03,0.0,173.18,completed
O204599,3,2024-11-23,C53083,P1037,3,28.0,40.0,28.94,completed
O200544,2,2024-08-12,C50394,P1059,1,22.43,0.0,10.77,completed
O203601,2,2024-04-13,C52389,P1012,1,278.05,0.0,216.88,completed
O202133,1,"Oct 26, 2023",C51424,P1087,5,46.61,0.0,30.3,completed
O204906,1,2024-06-23,C53311,P1049,3,44.95,0.0,21.58,completed
O202910,1,2024-08-17,C51923,P1058,2,61.65,5.0,31.15,completed
O203987,1,"Mar 24, 2024",C52646,P1111,-1,25.91,15.0,17.07,returned
O202846,1,2024-01-29,C51892,P1032,4,40.32,0.0,25.0,completed
O202005,2,2024-11-23,C51335,P1062,1,17.09,40.0,13.67,completed
O204323,1,"Jun 06, 2024",C52877,P1029,1,60.73,0.0,37.65,
O203637,4,2024-10-25,C52410,P1047,2,44.12,10.0,23.53,completed
O204061,1,"Aug 01, 2023",C52702,P1003,1,273.9,,213.64,completed
O200687,3,2024-11-26,C50479,P1045,4,41.9,20.0,32.47,completed
O205411,3,2024-11-07,C53682,P1078,2,65.84,0.0,42.8,completed
O201747,1,2023-09-28,C51151,P1018,1,106.98,,83.44,completed
O202296,1,03/05/2023,C51540,P1081,1,73.69,5.0,50.42,completed
O200313,6,21/05/2024,C50230,P1054,1,28.68,0.0,13.77,completed
O204384,3,2024-08-16,C52937,P1032,1,40.32,0.0,25.0,completed
O200504,1,2024-10-16,C50364,P1080,1,45.81,10.0,33.09,completed
O202462,4,2024-08-16,C51636,P1048,1,36.62,0.0,17.58,completed
O203114,2,2023-12-23,C52051,P1023,4,355.1,0.0,276.98,completed
O203513,5,2024-03-25,C52338,P1029,2,60.73,0.0,37.65,completed
O200281,1,2024-12-16,C50202,P1048,1,25.63,30.0,17.58,completed
O201619,2,2024-11-29,C51058,P1039,1,26.17,20.0,20.28,completed
O203751,2,2023-12-22,C52484,P1063,1,30.29,,17.1,completed
O205205,1,2024-09-23,C53532,P1102,1,30.56,0.0,12.22,completed
O203424,6,2023-07-13,C52266,P1045,1,49.75,5.0,32.47,completed
O200459,4,"Jul 11, 2023",C50324,P1065,1,43.33,5.0,21.89,
O202273,5,2024-11-08,C51515,P1037,1,46.67,0.0,28.94,completed
O202675,1,2024-07-08,C51795,P1117,1,27.56,0.0,15.43,completed
O202398,1,2024-05-20,C51595,P1016,1,113.0,0.0,,returned
O204318,4,2023-08-11,C52874,P1075,2,62.0,5.0,42.42,completed
O202188,1,2024-03-26,C51460,P1070,2,30.38,0.0,14.58,completed
O205779,2,2024-07-07,C53941,P1083,3,42.01,15.0,32.12,completed
O203599,3,08/09/2024,C52389,P1028,1,59.31,0.0,36.77,completed
O200506,1,2024-06-18,C50365,P1009,1,179.6,0.0,140.09,completed
O202470,1,2024-09-26,C51644,P1100,2,12.65,0.0,5.06,completed
O201339,1,18/06/2023,C50880,P1058,1,61.65,5.0,31.15,completed
O203702,1,11/05/2024,C52458,P1021,1,147.38,10.0,127.73,completed
O202397,2,2024-11-07,C51594,P1095,4,9.25,0.0,3.7,completed
O201937,1,2024-04-26,C51280,P1084,3,48.91,0.0,31.79,completed
O204593,1,10/09/2024,C53078,P1119,2,54.65,0.0,30.6,completed
O200437,1,2024-05-01,C50316,P1104,1,24.41,0.0,9.76,returned
O205553,1,2024-11-01,C53780,P1010,1,113.39,0.0,88.44,completed
O204402,2,24/04/2023,C52945,P1032,1,34.27,15.0,25.0,completed
O205254,3,2024-12-11,C53571,P1048,2,32.96,10.0,17.58,completed
O205374,1,22/06/2024,C53654,P1047,1,46.57,5.0,23.53,completed
O204034,4,2024-12-31,C52676,P1108,1,15.87,0.0,6.35,completed
O204949,3,21/06/2024,C53337,P1079,1,85.12,0.0,55.33,completed
O200228,2,2024-11-02,C50158,P1015,1,234.42,,182.85,completed
O201442,2,"Jul 19, 2024",C50946,P1008,2,137.1,10.0,118.82,completed
O201361,3,04/12/2024,C50892,P1096,1,8.15,20.0,4.08,completed
O202190,1,2024-06-26,C51462,P1021,1,163.75,0.0,127.73,returned
O204910,2,2024-11-23,C53312,P1068,2,18.83,30.0,12.91,completed
O203933,1,2024-12-06,C52611,P1050,3,23.9,30.0,16.39,completed
O201186,1,2024-12-07,C50785,P1021,1,131.0,20.0,127.73,completed
O201603,4,2024-03-14,C51050,P1010,1,102.05,10.0,88.44,returned
O202091,2,2023-09-10,C51394,P1088,2,60.76,0.0,39.49,completed
O201100,4,2024-12-08,C50741,P1120,4,17.42,20.0,12.19,completed
O201871,1,2023-11-16,C51227,P1051,3,35.83,5.0,18.11,completed
O204282,1,"May 30, 2024",C52853,P1109,1,33.61,10.0,20.91,completed
O200369,2,2023-12-09,C50268,P1083,2,29.65,40.0,32.12,completed
O204819,1,2024-05-24,C53249,P1075,-2,62.0,5.0,42.42,returned
O201746,2,2023-05-12,C51151,P1008,1,152.33,,118.82,completed
O201860,1,2024-09-14,C51224,P1074,1,71.39,10.0,51.56,completed
O203497,2,2024-08-19,C52324,P1090,1,77.14,,50.14,completed
O201865,1,2024-12-06,C51226,P1057,5,23.41,20.0,14.04,completed
O201897,1,2024-07-26,C51254,P1120,4,19.59,10.0,12.19,completed
O202520,1,2024-12-18,C51676,P1057,1,23.41,20.0,14.04,completed
O205416,1,2024-12-01,C53683,P1002,2,81.85,20.0,79.8,completed
O202970,1,2024-07-18,C51956,P1008,2,144.71,5.0,,completed
O200868,1,2023-12-07,C50583,P1100,2,11.38,10.0,5.06,completed
O201674,2,2023-11-20,C51082,P1047,1,49.02,0.0,23.53,completed
O204501,2,2024-05-24,C53014,P1117,1,27.56,0.0,,completed
O203892,2,2023-06-05,C52572,P1015,2,234.42,0.0,182.85,completed
O203063,2,2024-07-14,C52013,P1079,-2,72.35,15.0,55.33,returned
O200751,1,2023-09-19,C50514,P1087,2,46.61,0.0,30.3,completed
O201674,3,2023-11-20,C51082,P1074,1,79.32,0.0,51.56,completed
O203418,5,"Nov 25, 2024",C52263,P1074,1,71.39,10.0,51.56,completed
O205813,3,2024-09-02,C53965,P1088,1,57.72,,39.49,completed
O205000,2,2024-04-17,C53378,P1061,2,15.53,0.0,7.45,completed
O204687,2,02/10/2024,C53154,P1077,1,47.7,0.0,31.01,completed
O202153,1,2024-05-29,C51435,P1014,2,336.97,0.0,262.84,completed
O202413,1,30/08/2024,C51605,P1058,1,64.89,0.0,31.15,completed
O201873,3,2024-03-09,C51230,P1044,1,55.48,0.0,34.4,completed
O204780,2,2024-12-06,C53217,P1112,2,22.1,20.0,15.47,completed
O200126,1,2024-12-08,C50089,P1017,1,155.42,30.0,173.18,completed
O204715,3,2024-05-19,C53166,P1119,1,54.65,0.0,30.6,completed
O203691,3,2024-06-04,C52454,P1079,5,808.6,5.0,55.33,completed
O203017,2,2024-05-29,C51988,P1010,1,96.38,15.0,88.44,completed
O201239,2,2024-07-28,C50810,P1080,1,48.36,5.0,33.09,completed
O203631,2,2023-12-07,C52407,P1073,1,29.11,20.0,23.65,returned
O201066,2,2023-10-14,C50716,P1030,1,61.28,0.0,37.99,completed
O203261,1,"Dec 20, 2024",C52158,P1081,1,62.06,20.0,50.42,completed
O204777,2,2024-06-29,C53215,P1117,1,24.8,10.0,15.43,completed
O203351,2,15/08/2024,C52211,P1031,2,144.15,0.0,,completed
O204865,2,2024-08-29,C53277,P1106,3,14.23,15.0,6.7,completed
O202557,1,2024-12-10,C51706,P1015,1,210.98,10.0,182.85,completed
O204986,3,13/12/2023,C53368,P1031,2,86.49,40.0,89.37,completed
O202782,3,31/08/2024,C51852,P1120,1,21.77,0.0,12.19,completed
O203851,2,2024-08-27,C52552,P1078,1,62.55,5.0,42.8,completed
O200803,1,2024-12-19,C50540,P1016,1,90.4,20.0,88.14,completed
O200632,3,2024-11-28,C50447,P1114,1,10.72,10.0,6.67,completed
O202209,3,2023-09-03,C51477,P1097,1,10.17,,4.28,completed
O203444,1,2024-05-15,C52286,P1015,1,222.7,5.0,182.85,completed
O203915,1,2024-09-15,C52589,P1098,1,12.2,0.0,4.88,completed
O205786,1,2024-11-23,C53944,P1089,2,55.02,30.0,51.09,completed
O201205,2,"Apr 07, 2023",C50792,P1090,1,77.14,0.0,50.14,completed
O200562,2,11/12/2024,C50402,P1012,1,222.44,20.0,216.88,completed
O200528,2,2024-09-03,C50383,P1120,1,20.68,5.0,12.19,completed
O204930,2,2024-05-10,C53326,P1074,2,71.39,,51.56,completed
O203384,4,2024-03-19,C52232,P1091,1,22.53,5.0,9.49,completed
O203634,1,2024-11-10,C52408,P1062,1,27.06,5.0,13.67,completed
O204067,2,2024-09-08,C52705,P1076,1,88.21,0.0,57.34,completed
O200651,1,2023-07-17,C50458,P1092,1,16.6,5.0,6.99,completed
O202451,2,"Sep 03, 2024",C51631,P1030,1,61.28,0.0,37.99,completed
O203879,1,2024-03-17,C52566,P1098,3,12.2,0.0,4.88,completed
O202431,5,2024-12-26,C51618,P1030,1,61.28,0.0,37.99,completed
O201196,3,2023-08-15,C50788,P1102,1,30.56,0.0,12.22,completed
O205047,3,2023-06-04,C53406,P1031,1,129.74,10.0,89.37,completed
O205149,1,2024-10-23,C53496,P1118,1,21.08,15.0,13.89,completed
O204621,1,2024-12-14,C53102,P1037,1,28.0,40.0,28.94,completed
O201728,2,2024-05-31,C51135,P1114,1,11.91,0.0,6.67,completed
O201943,1,16/11/2023,C51285,P1015,1,234.42,0.0,182.85,completed
O204204,1,2024-11-30,C52789,P1090,2,69.43,10.0,50.14,completed
O200698,1,2023-03-12,C50489,P1017,1,222.03,0.0,173.18,completed
O205683,2,2023-11-06,C53871,P1065,1,43.33,5.0,21.89,completed
O201699,2,2024-10-19,C51107,P1106,1,16.74,0.0,6.7,completed
O200573,1,2024-05-20,C50411,P1033,2,38.24,0.0,23.71,completed
O205566,2,2024-05-24,C53790,P1068,3,26.9,0.0,12.91,completed
O201835,4,2024-03-29,C51212,P1074,4,79.32,0.0,51.56,completed
O200413,1,2024-01-30,C50301,P1060,1,51.2,0.0,24.58,completed
O204401,1,2023-08-19,C52945,P1044,1,55.48,0.0,34.4,completed
O204322,1,2023-11-29,C52876,P1088,1,48.61,20.0,39.49,completed
O204078,1,2024-10-16,C52711,P1023,2,355.1,0.0,276.98,completed
O204277,1,2024-12-07,C52849,P1062,1,25.63,10.0,13.67,completed
O200266,1,2024-12-31,C50194,P1025,1,39.88,0.0,24.73,completed
O201173,4,03/06/2023,C50781,P1017,3,210.93,5.0,173.18,completed
O203812,1,2024-05-04,C52520,P1012,1,236.34,15.0,216.88,completed
O205161,1,2024-04-16,C53507,P1034,1,27.96,15.0,20.39,completed
O204667,2,2024-10-25,C53133,P1032,1,40.32,0.0,25.0,completed
O205769,1,2024-07-17,C53938,P1034,3,32.89,0.0,20.39,completed
O204906,2,2024-06-23,C53311,P1074,1,79.32,0.0,51.56,completed
O205226,1,2024-02-24,C53546,P1011,1,294.03,0.0,229.34,completed
O200219,3,2023-01-27,C50150,P1096,3,10.19,0.0,4.08,completed
O203403,1,2023-02-27,C52248,P1065,1,45.61,0.0,21.89,completed
O200533,1,2024-12-29,C50387,P1025,1,39.88,0.0,24.73,completed
O204124,1,2024-09-07,C52735,P1050,2,32.43,5.0,16.39,completed
O200200,3,2024-12-04,C50142,P1012,4,250.24,10.0,216.88,completed
O204965,3,2024-10-16,C53348,P1054,1,28.68,0.0,13.77,completed
O200646,1,2024-07-01,C50455,P1114,1,11.31,5.0,6.67,completed
O204182,2,"Mar 21, 2024",C52771,P1086,1,78.87,0.0,51.27,completed
O200084,2,2024-08-01,C50061,P1061,1,13.2,15.0,7.45,completed
O202292,3,2023-02-12,C51534,P1113,1,18.23,0.0,10.21,completed
O205462,3,27/12/2024,C53713,P1061,1,15.53,0.0,7.45,completed
O203024,3,2024-11-22,C51991,P1015,1,164.09,30.0,182.85,completed
O205769,3,2024-07-17,C53938,P1102,3,30.56,0.0,12.22,completed
O200477,3,2024-12-03,C50346,P1013,1,150.38,20.0,146.62,completed
O201925,2,2024-12-27,C51275,P1092,1,17.47,0.0,6.99,completed
O203397,1,2023-12-10,C52239,P1107,5,9.94,20.0,4.97,completed
O204426,2,2024-12-27,C52956,P1041,1,64.48,10.0,44.42,completed
O201723,5,2024-11-06,C51131,P1074,1,79.32,0.0,51.56,completed
O205536,6,2023-04-17,C53763,P1041,1,71.64,0.0,44.42,completed
O203740,1,2024-07-02,C52477,P1045,2,49.75,5.0,32.47,completed
O201658,5,2023-11-16,C51069,P1016,1,113.0,0.0,88.14,completed
O201441,4,2023-11-25,C50946,P1033,1,30.59,20.0,23.71,completed
O202933,1,05/12/2024,C51937,P1096,1,6.11,40.0,4.08,completed
O201780,2,2024-12-06,C51174,P1082,-1,251.6,40.0,27.25,returned
O201361,4,2024-12-04,C50892,P1103,1,14.18,10.0,6.3,completed
O203341,2,2024-11-15,C52208,P1006,1,79.71,10.0,69.08,completed
O204695,3,2024-10-29,C53160,P1041,1,71.64,0.0,44.42,completed
O205792,4,04/12/2024,C53949,P1102,1,18.34,40.0,,completed
O201939,2,2024-03-06,C51283,P1001,2,203.63,5.0,167.19,completed
O203377,3,2024-10-15,C52227,P1040,4,64.97,5.0,42.4,completed
O204259,2,"Nov 17, 2024",C52841,P1001,1,214.35,0.0,167.19,completed
O205391,1,2024-02-11,C53666,P1079,1,80.86,5.0,55.33,completed
O203398,2,2024-10-06,C52240,P1055,2,25.46,5.0,12.86,completed
O202596,2,"Nov 23, 2024",C51733,P1080,4,35.63,30.0,33.09,completed
O202711,5,2023-11-30,C51817,P1091,3,16.6,,9.49,returned
O203000,4,2024-12-01,C51974,P1032,3,32.26,20.0,25.0,completed
O203249,6,2024-12-26,C52151,P1006,1,88.57,0.0,69.08,completed
O204000,3,2024-12-31,C52653,P1090,1,69.43,10.0,50.14,completed
O202685,1,"Dec 14, 2024",C51799,P1092,2,12.23,30.0,6.99,completed
O204828,4,2024-07-30,C53254,P1032,1,34.27,15.0,25.0,completed
O204277,2,2024-12-07,C52849,P1015,1,140.65,40.0,182.85,completed
O200166,2,2024-12-05,C50125,P1068,3,21.52,20.0,12.91,completed
O201907,2,2024-11-26,C51260,P1094,1,12.32,30.0,7.04,completed
O204010,1,2024-12-18,C52662,P1001,1,192.92,10.0,167.19,completed
O202454,3,2024-10-18,C51634,P1047,1,49.02,0.0,23.53,completed
O200726,1,22/08/2023,C50500,P1008,2,152.33,0.0,118.82,completed
O204763,1,2024-07-29,C53205,P1096,2,10.19,0.0,4.08,completed
O203608,4,2024-11-24,C52392,P1087,2,32.63,30.0,30.3,completed
O201589,1,2024-03-09,C51044,P1050,1,34.14,0.0,16.39,completed
O204994,1,"Dec 01, 2024",C53375,P1003,1,191.73,30.0,,completed
O203924,4,2023-11-14,C52603,P1015,2,234.42,0.0,182.85,completed
O203032,1,"Nov 22, 2024",C51996,P1100,2,8.86,30.0,,completed
O202030,4,2023-11-23,C51355,P1079,1,76.61,10.0,55.33,completed
O201816,2,2024-01-29,C51203,P1031,1,144.15,0.0,89.37,completed
O202619,2,2024-12-14,C51754,P1019,4,235.1,20.0,229.22,completed
O205354,3,"Sep 01, 2023",C53639,P1012,1,278.05,0.0,216.88,completed
O202757,1,2023-04-26,C51835,P1108,1,15.87,0.0,6.35,completed
O201047,3,2024-11-26,C50708,P1117,2,19.29,30.0,15.43,completed
O202142,5,2024-12-18,C51430,P1044,2,38.84,30.0,34.4,completed
O205185,3,2024-05-01,C53517,P1107,1,12.43,0.0,4.97,completed
O201853,1,2024-12-09,C51220,P1100,1,10.12,20.0,5.06,completed
O201995,2,2024-05-12,C51327,P1043,1,35.42,0.0,21.96,completed
O203170,3,2023-01-11,C52089,P1106,1,15.07,10.0,6.7,completed
O204927,1,2024-08-15,C53324,P1012,2,278.05,0.0,216.88,completed
O204484,1,2024-04-27,C53000,P1027,1,64.47,0.0,39.97,completed
O205102,1,2024-06-30,C53467,P1016,2,113.0,0.0,88.14,
O202129,2,2024-10-05,C51423,P1008,1,144.71,5.0,118.82,completed
O200441,1,2024-11-23,C50318,P1115,1,22.89,,14.24,completed
O205691,3,2023-06-14,C53881,P1117,1,26.18,5.0,15.43,completed
O201572,1,25/06/2023,C51033,P1079,1,76.61,10.0,55.33,completed
O202436,2,2024-12-01,C51622,P1056,2,22.36,10.0,11.92,completed
O200621,1,2023-11-03,C50436,P1120,1,20.68,5.0,12.19,completed
O200631,3,29/11/2024,C50443,P1089,1,70.74,,51.09,completed
O201208,3,"Jun 26, 2024",C50792,P1093,1,14.57,5.0,6.14,completed
O201493,4,2024-07-01,C50979,P1017,4,210.93,5.0,173.18,completed
O200657,1,18/10/2024,C50461,P1012,1,278.05,0.0,216.88,completed
O201176,1,2024-03-15,C50781,P1112,4,27.63,0.0,15.47,completed
O204290,2,2023-07-07,C52855,P1117,1,275.59999999999997,0.0,15.43,
O203648,1,2023-08-26,C52419,P1040,2,64.97,5.0,42.4,completed
O201021,4,2024-12-09,C50699,P1050,1,27.31,20.0,16.39,completed
O204009,2,2024-12-27,C52662,P1088,2,60.76,0.0,39.49,returned
O200620,1,2024-09-10,C50436,P1062,2,25.63,10.0,13.67,completed
O202399,1,2024-06-28,C51595,P1062,1,28.48,0.0,,completed
O204611,4,2023-06-12,C53094,P1095,3,9.25,0.0,3.7,completed
O201827,1,2024-11-23,C51209,P1103,1,12.61,20.0,6.3,completed
O201991,2,2024-09-28,C51320,P1037,5,44.34,5.0,28.94,completed
O204652,1,17/09/2024,C53124,P1037,1,44.34,5.0,28.94,completed
O200491,2,2024-10-17,C50358,P1044,2,47.16,15.0,34.4,completed
O200371,2,2024-07-26,C50268,P1089,4,78.6,0.0,51.09,completed
O201156,4,2024-08-06,C50767,P1065,1,45.61,0.0,21.89,completed
O200932,1,2023-05-29,C50627,P1019,3,264.48,10.0,229.22,completed
O202723,1,2024-11-20,C51821,P1096,1,10.19,0.0,4.08,completed
O201304,1,2023-12-01,C50852,P1117,1,22.05,20.0,15.43,completed
O202672,1,2024-11-30,C51792,P1075,1,52.21,20.0,42.42,completed
O200013,1,2024-09-18,C50007,P1044,1,55.48,0.0,34.4,completed
O205536,4,2023-04-17,C53763,P1050,1,34.14,0.0,16.39,completed
O202087,4,25/06/2023,C51391,P1026,1,41.43,0.0,25.69,completed
O200960,1,2023-12-16,C50644,P1062,5,19.94,30.0,13.67,completed
O203071,2,28/03/2023,C52019,P1105,1,12.51,0.0,5.0,completed
O202454,2,"Oct 18, 2024",C51634,P1074,1,79.32,0.0,51.56,completed
O205238,1,2024-10-14,C53556,P1102,4,30.56,0.0,12.22,completed
O200390,4,2023-12-09,C50280,P1065,4,31.93,30.0,21.89,completed
O200262,1,2024-04-23,C50191,P1006,2,79.71,10.0,69.08,completed
O203895,1,09/12/2024,C52575,P1074,1,55.52,30.0,51.56,completed
O202385,2,"Jul 12, 2024",C51583,P1036,3,86.88,0.0,53.87,completed
O202993,1,2023-12-21,C51967,P1083,4,49.42,0.0,32.12,completed
O203213,1,2024-07-22,C52120,P1067,1,28.31,0.0,13.59,completed
O202606,1,27/01/2024,C51745,P1088,1,60.76,0.0,39.49,completed
O205595,3,2024-06-28,C53815,P1056,1,24.84,0.0,11.92,completed
O202180,2,2024-07-02,C51453,P1027,2,64.47,0.0,39.97,completed
O203727,3,2024-12-30,C52467,P1086,1,78.87,0.0,51.27,completed
O201172,2,"Jul 04, 2023",C50781,P1061,1,14.75,5.0,7.45,completed
O200137,2,2023-12-19,C50096,P1045,1,41.9,20.0,32.47,returned
O203324,1,07/06/2023,C52194,P1030,1,61.28,0.0,37.99,completed
O205681,2,2024-04-12,C53871,P1014,1,336.97,0.0,262.84,completed
O204038,4,2024-12-11,C52678,P1046,2,49.6,10.0,34.17,completed
O201602,1,2024-11-23,C51049,P1055,1,18.76,30.0,12.86,completed
O201142,1,2024-10-21,C50762,P1070,2,30.38,0.0,14.58,completed
O205376,1,2024-05-23,C53654,P1044,1,55.48,0.0,34.4,completed
O202786,1,2024-11-19,C51856,P1109,1,37.34,0.0,20.91,completed
O201629,4,17/12/2024,C51061,P1080,3,40.72,20.0,33.09,completed
O200876,3,31/03/2024,C50587,P1085,1,29.7,5.0,20.32,completed
O205692,1,2023-12-10,C53881,P1062,2,25.63,10.0,13.67,completed
O201559,3,2024-12-23,C51017,P1069,1,48.72,0.0,23.39,completed
O203045,1,06/07/2024,C52006,P1046,1,55.11,0.0,34.17,completed
O205449,1,30/06/2023,C53706,P1119,1,54.65,0.0,30.6,completed
O202807,1,2024-07-24,C51874,P1019,3,2938.7,0.0,229.22,completed
O202952,4,2024-06-13,C51948,P1006,2,88.57,0.0,69.08,completed
O202792,1,2024-12-04,C51859,P1101,2,14.06,10.0,6.25,completed
O201682,1,2024-12-12,C51090,P1015,1,210.98,10.0,182.85,completed
O201396,1,2024-05-13,C50920,P1097,-1,10.71,0.0,4.28,returned
O204244,1,2024-05-04,C52822,P1075,2,65.26,0.0,42.42,completed
O200787,1,2024-10-13,C50538,P1016,2,113.0,0.0,88.14,completed
O200495,3,2024-10-29,C50362,P1033,1,38.24,0.0,23.71,completed
O202760,1,2023-09-01,C51837,P1041,1,71.64,0.0,44.42,completed
O201821,3,15/10/2024,C51204,P1093,5,15.34,0.0,6.14,completed
O201175,5,2024-05-02,C50781,P1107,1,12.43,0.0,4.97,completed
O200142,4,28/08/2024,C50098,P1067,1,28.31,0.0,13.59,completed
O203935,5,24/04/2024,C52613,P1068,2,26.9,0.0,12.91,completed
O205678,1,2024-06-18,C53870,P1090,1,65.57,15.0,50.14,completed
O201113,1,"Sep 10, 2024",C50749,P1018,1,106.98,0.0,83.44,completed
O202243,3,2024-08-24,C51501,P1087,1,44.28,5.0,30.3,completed
O202913,1,2023-11-03,C51926,P1015,1,234.42,0.0,182.85,completed
O204995,1,2024-12-21,C53375,P1029,2,60.73,0.0,37.65,completed
O205741,4,2024-01-22,C53916,P1114,1,11.31,5.0,6.67,completed
O205113,1,2024-07-14,C53472,P1029,1,60.73,0.0,37.65,completed
O202949,3,2024-11-27,C51945,P1103,1,12.61,20.0,6.3,completed
O205232,3,2023-06-28,C53549,P1016,1,107.35,5.0,88.14,completed
O200018,1,2024-12-17,C50012,P1053,1,12.03,30.0,8.25,completed
O204182,4,21/03/2024,C52771,P1114,1,10.12,15.0,6.67,completed
O203481,2,2024-11-29,C52314,P1075,1,58.73,10.0,42.42,completed
O204808,1,2023-10-09,C53244,P1078,3,65.84,0.0,42.8,completed
O204441,1,2024-07-01,C52969,P1051,1,37.72,0.0,18.11,completed
O201798,2,2024-11-23,C51197,P1037,1,37.34,20.0,28.94,completed
O205008,1,2024-10-21,C53381,P1012,1,278.05,0.0,216.88,completed
O204375,1,"Dec 30, 2024",C52929,P1015,1,234.42,0.0,182.85,completed
O204803,2,2024-12-05,C53241,P1015,1,210.98,10.0,182.85,completed
O201783,2,2024-12-14,C51178,P1040,1,47.87,30.0,42.4,completed
O202646,1,2024-07-07,C51771,P1110,4,10.34,0.0,5.79,completed
O202452,1,2024-10-22,C51631,P1034,2,32.89,0.0,20.39,returned
O203933,3,2024-12-06,C52611,P1111,1,24.38,20.0,17.07,completed
O201975,2,2024-11-22,C51309,P1084,1,34.24,30.0,31.79,completed
O203457,1,2024-12-01,C52291,P1012,1,250.24,,216.88,completed
O204947,1,2024-09-07,C53336,P1067,3,28.31,0.0,13.59,completed
O200774,1,2024-07-19,C50533,P1098,3,12.2,0.0,4.88,completed
O200828,2,2023-05-24,C50557,P1084,1,48.91,0.0,31.79,completed
O204036,1,2024-06-01,C52677,P1109,1,37.34,0.0,20.91,completed
O201588,1,2024-04-16,C51044,P1096,1,10.19,0.0,4.08,completed
O201160,1,26/01/2023,C50774,P1011,1,294.03,0.0,229.34,completed
O205752,4,"Dec 28, 2024",C53928,P1105,1,11.26,10.0,5.0,completed
O201849,1,2024-09-20,C51217,P1067,3,25.48,10.0,13.59,completed
O204683,1,2024-07-08,C53149,P1044,3,55.48,0.0,34.4,completed
O202839,2,"Jun 23, 2024",C51890,P1056,1,23.6,5.0,11.92,completed
O203787,3,03/05/2024,C52509,P1041,1,71.64,0.0,44.42,completed
O203287,4,2024-11-27,C52177,P1013,1,150.38,20.0,146.62,completed
O203882,1,2024-10-28,C52567,P1042,4,55.1,15.0,40.19,completed
O202334,1,2024-03-19,C51565,P1012,2,236.34,15.0,216.88,completed
O201195,2,2024-12-03,C50788,P1115,2,22.89,10.0,14.24,completed
O205693,3,2023-03-19,C53881,P1043,1,35.42,0.0,21.96,completed
O201936,4,2024-08-27,C51280,P1052,1,44.0,0.0,21.12,returned
O205710,3,2024-09-28,C53893,P1098,1,12.2,0.0,4.88,completed
O203525,1,2024-12-12,C52347,P1034,1,29.6,10.0,20.39,completed
O201058,1,2024-11-18,C50712,P1089,1,78.6,0.0,51.09,completed
O202175,3,2024-11-22,C51448,P1048,1,25.63,30.0,17.58,completed
O205289,2,2024-12-07,C53596,P1041,2,64.48,10.0,44.42,completed
O200494,3,2024-11-17,C50359,P1060,1,51.2,0.0,24.58,completed
O204241,1,2024-09-27,C52819,P1097,1,9.1,15.0,4.28,
O202476,5,2024-08-28,C51646,P1020,2,176.36,0.0,137.56,completed
O204032,2,2024-11-24,C52675,P1015,2,187.54,20.0,182.85,completed
O201290,5,2024-11-29,C50842,P1032,2,32.26,20.0,25.0,returned
O200556,2,2024-11-26,C50401,P1099,4,14.93,30.0,8.53,completed
O201276,2,29/11/2024,C50835,P1011,2,235.22,20.0,229.34,completed
O205071,3,2024-03-16,C53432,P1120,1,21.77,0.0,12.19,completed
O205179,2,2024-05-03,C53515,P1030,1,52.09,15.0,37.99,completed
O202540,1,2023-01-03,C51691,P1068,1,18.83,30.0,12.91,completed
O203559,1,2024-04-08,C52364,P1016,1,113.0,0.0,88.14,completed
O204849,3,2023-06-17,C53265,P1052,1,44.0,0.0,21.12,completed
O204728,2,2024-11-01,C53175,P1046,4,52.35,5.0,34.17,completed
O203018,3,2024-11-21,C51989,P1026,1,41.43,0.0,25.69,completed
O202827,4,2023-12-01,C51885,P1015,3,187.54,20.0,182.85,completed
O200638,2,2024-06-21,C50449,P1035,1,63.86,5.0,41.68,completed
O205699,4,2024-06-10,C53886,P1007,1,194.48,0.0,151.69,completed
O204694,1,2024-09-29,C53160,P1074,1,79.32,0.0,51.56,completed
O205431,2,2023-12-07,C53690,P1006,2,70.86,20.0,69.08,completed
O200961,1,2024-09-28,C50650,P1107,2,12.43,0.0,4.97,completed
O201470,2,2024-11-25,C50966,P1015,1,187.54,20.0,182.85,completed
O205331,4,2024-07-17,C53624,P1074,1,71.39,10.0,51.56,completed
O200252,5,2024-11-26,C50183,P1040,1,61.55,10.0,42.4,completed
O200489,1,2024-07-13,C50357,P1091,2,23.72,0.0,9.49,completed
O200510,2,29/11/2024,C50367,P1050,3,27.31,20.0,16.39,completed
O203311,2,"Dec 06, 2024",C52184,P1072,2,13.92,30.0,9.55,completed
O205654,1,2024-11-30,C53860,P1095,2,7.4,20.0,,completed
O200299,2,2024-09-21,C50214,P1112,1,27.63,0.0,15.47,completed
O205626,4,"Jul 16, 2023",C53839,P1079,2,85.12,0.0,55.33,completed
O204262,3,30/12/2024,C52843,P1075,2,65.26,0.0,42.42,completed
O200811,1,2023-12-02,C50543,P1091,1,16.6,30.0,9.49,completed
O200736,2,"Sep 27, 2024",C50505,P1066,1,40.22,15.0,22.71,completed
O201445,2,2024-12-16,C50949,P1109,2,26.14,30.0,20.91,completed
O202618,1,17/12/2024,C51754,P1084,1,34.24,30.0,31.79,completed
O201528,3,2024-11-27,C50988,P1032,2,36.29,10.0,25.0,completed
O203733,2,22/07/2024,C52471,P1062,1,28.48,0.0,13.67,completed
O200413,2,30/01/2024,C50301,P1009,2,161.64,10.0,,completed
O202076,1,2023-11-29,C51382,P1118,4,19.84,,13.89,completed
O204163,1,2024-10-19,C52753,P1052,3,44.0,0.0,21.12,completed
O200767,3,2023-03-25,C50522,P1038,-3,32.46,0.0,20.13,returned
O205418,1,2024-09-23,C53687,P1061,1,13.98,10.0,7.45,completed
O205623,1,2024-08-26,C53834,P1114,3,11.91,0.0,6.67,completed
O205365,4,2023-07-09,C53646,P1096,-1,10.19,0.0,4.08,returned
O201816,1,2024-01-29,C51203,P1063,1,35.63,0.0,17.1,completed
O200321,3,2024-02-07,C50233,P1055,2,26.8,0.0,12.86,completed
O204344,2,2023-07-12,C52895,P1098,1,11.59,5.0,4.88,returned
O205831,3,2024-09-24,C53976,P1065,2,45.61,,,completed
O202870,1,2023-06-01,C51905,P1062,1,28.48,0.0,13.67,completed
O202132,1,2024-08-12,C51424,P1109,1,37.34,0.0,20.91,completed
O200421,1,2024-01-11,C50305,P1030,1,42.9,30.0,37.99,completed
O200261,2,2024-02-28,C50191,P1004,1,288.89,5.0,237.19,completed
O200834,3,2024-10-20,C50563,P1013,1,159.78,15.0,,completed
O201349,3,2023-08-14,C50882,P1062,3,25.63,10.0,13.67,completed
O202969,1,2023-12-15,C51956,P1111,1,24.38,20.0,17.07,completed
O205586,3,"Dec 08, 2024",C53810,P1082,2,33.54,20.0,27.25,completed
O202061,2,2024-10-10,C51375,P1032,1,40.32,0.0,25.0,completed
O200497,1,2024-12-22,C50362,P1028,1,59.31,0.0,36.77,completed
O204920,1,28/03/2023,C53319,P1071,4,18.65,0.0,8.95,completed
O201212,3,19/12/2023,C50794,P1091,1,18.98,20.0,9.49,completed
O202794,1,2024-02-07,C51860,P1092,1,17.47,0.0,6.99,completed
O201624,1,2024-11-23,C51060,P1120,3,17.42,20.0,12.19,completed
O202448,1,08/12/2024,C51630,P1077,1,33.39,30.0,31.01,completed
O202434,1,02/05/2024,C51620,P1040,1,64.97,5.0,42.4,completed
O205217,3,2024-08-15,C53539,P1050,1,32.43,5.0,16.39,completed
O200731,1,2024-11-28,C50502,P1116,1,13.18,30.0,10.54,completed
O203427,3,2024-05-21,C52269,P1055,1,26.8,0.0,12.86,returned
O205138,2,"Dec 28, 2024",C53482,P1100,2,12.65,0.0,5.06,completed
O204931,2,2024-08-25,C53327,P1041,2,71.64,0.0,44.42,
O202617,3,2023-04-26,C51753,P1090,1,77.14,0.0,50.14,completed
O205547,3,2024-04-27,C53774,P1015,1,234.42,0.0,182.85,completed
O205563,1,2024-12-12,C53788,P1077,2,38.16,20.0,31.01,completed
O203751,1,2023-12-22,C52484,P1117,1,23.43,15.0,15.43,completed
O203779,1,25/08/2024,C52507,P1078,1,65.84,0.0,42.8,completed
O205463,1,01/12/2024,C53713,P1013,3,112.79,40.0,146.62,completed
O205202,2,2024-11-17,C53530,P1081,1,77.57,0.0,50.42,completed
O203172,1,2024-10-09,C52089,P1062,1,28.48,0.0,13.67,completed
O203990,4,2024-12-28,C52647,P1078,1,65.84,0.0,42.8,completed
O201132,2,2024-12-15,C50758,P1030,1,55.15,10.0,37.99,completed
O201736,3,17/04/2024,C51137,P1088,1,57.72,5.0,39.49,completed
O201492,1,2024-03-21,C50979,P1090,3,77.14,0.0,50.14,completed
O202558,1,2024-12-16,C51706,P1034,2,29.6,10.0,20.39,completed
O205521,1,2023-05-28,C53754,P1070,1,28.86,5.0,14.58,completed
O201399,1,2024-12-19,C50921,P1093,1,10.74,30.0,6.14,completed
O205001,5,2024-12-15,C53378,P1015,1,187.54,20.0,182.85,completed
O200419,1,2024-08-09,C50304,P1099,1,20.26,5.0,8.53,completed
O201562,5,12/06/2024,C51020,P1088,2,54.68,10.0,39.49,completed
O201722,1,2024-11-30,C51131,P1030,3,36.77,40.0,37.99,completed
O202352,1,2024-06-04,C51571,P1044,5,55.48,0.0,34.4,completed
O203596,2,"Nov 20, 2024",C52387,P1052,1,44.0,0.0,21.12,completed
O203270,1,2024-05-03,C52168,P1092,1,17.47,0.0,6.99,completed
O200341,3,2023-06-21,C50252,P1084,3,48.91,0.0,31.79,completed
O202582,2,2024-10-16,C51722,P1119,1,54.65,0.0,30.6,completed
O205246,1,2024-12-15,C53557,P1109,1,26.14,30.0,20.91,completed
O200921,4,2024-08-03,C50618,P1040,2,58.13,15.0,42.4,completed
O203250,1,2024-07-02,C52152,P1111,2,30.48,,17.07,completed
O204615,1,2024-10-26,C53096,P1015,1,222.7,5.0,182.85,completed
O203258,1,2024-09-29,C52156,P1057,1,29.26,0.0,14.04,completed
O201241,4,2024-08-31,C50811,P1013,2,159.78,15.0,146.62,returned
O204966,3,2024-10-10,C53348,P1076,1,79.39,10.0,57.34,completed
O201618,2,2024-11-04,C51058,P1067,1,26.89,5.0,13.59,completed
O201978,2,2024-07-20,C51313,P1039,2,32.71,0.0,20.28,completed
O200430,2,2024-03-24,C50311,P1034,1,32.89,0.0,20.39,completed
O204053,5,17/05/2023,C52695,P1009,1,179.6,0.0,140.09,completed
O202736,4,2024-11-24,C51826,P1095,-1,8.33,10.0,3.7,returned
O202373,2,2023-09-21,C51578,P1083,1,49.42,0.0,32.12,completed
O200515,3,2024-05-24,C50372,P1040,1,68.39,0.0,42.4,completed
O205868,2,"Jun 22, 2024",C53998,P1085,4,31.26,0.0,20.32,completed
O205768,2,2024-06-13,C53937,P1110,2,10.34,0.0,5.79,completed
O202162,3,2024-08-05,C51440,P1052,2,41.8,5.0,21.12,completed
O200872,1,2024-09-27,C50584,P1061,1,15.53,0.0,7.45,completed
O202748,2,2023-12-20,C51831,P1074,1,55.52,30.0,51.56,completed
O204646,3,2024-06-24,C53119,P1095,1,9.25,0.0,3.7,completed
O205724,1,2024-06-27,C53903,P1084,1,48.91,0.0,31.79,completed
O204116,5,2024-07-26,C52732,P1015,1,234.42,0.0,182.85,completed
O205445,1,2024-12-17,C53703,P1110,1,8.27,20.0,5.79,completed
O200962,1,2024-10-06,C50650,P1074,1,67.42,15.0,51.56,completed
O204856,3,2024-08-01,C53273,P1097,1,10.71,0.0,4.28,completed
O204065,2,2024-12-18,C52705,P1015,1,187.54,20.0,182.85,completed
O205115,3,"Dec 08, 2024",C53472,P1086,2,63.1,20.0,51.27,completed
O200993,4,2023-06-25,C50676,P1021,1,1637.5,0.0,127.73,completed
O200804,1,2023-10-26,C50541,P1004,1,304.09,0.0,237.19,completed
O203110,3,2023-11-27,C52050,P1096,2,8.15,20.0,4.08,completed
O201376,3,"Sep 04, 2024",C50899,P1111,2,30.48,0.0,17.07,completed
O204281,1,2024-03-29,C52852,P1114,2,11.31,5.0,6.67,completed
O200830,1,2024-09-30,C50558,P1058,1,64.89,0.0,31.15,completed
O205619,1,2023-06-23,C53831,P1012,1,250.24,10.0,216.88,completed
O201751,1,2024-09-29,C51154,P1093,2,15.34,0.0,6.14,completed
O201841,3,2024-07-10,C51215,P1063,1,30.29,15.0,17.1,completed
O203793,1,2024-05-01,C52514,P1044,1,55.48,0.0,34.4,completed
O200752,1,2024-11-22,C50515,P1039,1,29.44,10.0,20.28,completed
O205297,1,10/03/2024,C53601,P1035,2,67.22,,41.68,completed
O203878,1,2023-06-06,C52566,P1037,1,46.67,0.0,28.94,completed
O202403,1,12/06/2024,C51597,P1001,1,214.35,0.0,167.19,completed
O205030,3,2024-11-24,C53401,P1039,1,26.17,20.0,20.28,completed
O200331,1,"Feb 26, 2023",C50240,P1079,4,85.12,0.0,55.33,completed
O201535,5,2024-09-30,C50997,P1090,1,73.28,5.0,50.14,completed
O200508,1,09/10/2024,C50366,P1003,1,232.81,15.0,213.64,completed
O204469,1,2023-05-24,C52993,P1045,1,52.37,0.0,32.47,completed
O205749,5,16/11/2024,C53927,P1040,2,68.39,0.0,42.4,completed
O202294,5,"Feb 17, 2024",C51538,P1055,1,24.12,10.0,12.86,completed
O200674,1,2023-09-17,C50476,P1104,1,24.41,0.0,9.76,returned
O205221,1,2024-12-04,C53545,P1061,1,13.98,10.0,7.45,completed
O201118,5,2023-06-28,C50751,P1065,2,45.61,0.0,21.89,completed
O200772,1,2023-04-17,C50526,P1074,1,79.32,0.0,51.56,completed
O204164,1,2024-12-05,C52753,P1090,1,54.0,30.0,50.14,completed
O204897,2,2023-08-22,C53304,P1088,3,60.76,0.0,39.49,completed
O204879,2,2023-07-12,C53287,P1099,1,19.2,10.0,8.53,completed
O203390,3,15/10/2023,C52236,P1111,1,30.48,0.0,17.07,completed
O200657,3,2024-10-18,C50461,P1062,1,28.48,0.0,13.67,completed
O205417,1,2024-10-20,C53686,P1046,1,55.11,0.0,34.17,completed
O203437,2,2024-01-12,C52279,P1089,1,62.88,20.0,51.09,completed
O202389,3,2024-11-16,C51585,P1060,4,51.2,0.0,24.58,completed
O201837,1,2024-11-11,C51214,P1037,1,46.67,0.0,28.94,completed
O202797,1,2024-06-05,C51865,P1101,1,15.62,0.0,6.25,completed
O202185,1,2024-12-03,C51454,P1105,2,8.76,30.0,5.0,completed
O204603,1,2024-06-02,C53089,P1002,1,102.31,0.0,79.8,completed
O205099,2,2023-12-15,C53464,P1040,1,54.71,20.0,42.4,completed
O201972,2,"Dec 17, 2023",C51308,P1091,1,189.8,20.0,9.49,completed
O205670,1,08/10/2024,C53865,P1010,1,113.39,0.0,88.44,completed
O200193,1,05/06/2024,C50138,P1060,1,51.2,0.0,24.58,completed
O205812,3,2024-07-13,C53964,P1032,1,38.3,5.0,25.0,completed
O200439,2,2023-04-09,C50317,P1059,1,22.43,0.0,10.77,completed
O202877,1,2024-11-16,C51907,P1017,1,222.03,0.0,173.18,completed
O202488,4,2024-06-28,C51656,P1015,1,234.42,0.0,182.85,completed
O205331,2,2024-07-17,C53624,P1020,1,176.36,0.0,137.56,completed
O200426,2,2024-12-11,C50309,P1033,4,26.77,30.0,23.71,completed
O205539,1,12/06/2024,C53770,P1012,1,236.34,15.0,216.88,completed
O205525,2,07/10/2024,C53756,P1063,1,35.63,0.0,17.1,completed
O203711,1,2024-12-14,C52460,P1067,1,19.82,30.0,13.59,completed
O201511,2,2024-11-25,C50984,P1012,1,194.64,30.0,216.88,completed
O201117,2,29/05/2024,C50751,P1029,2,54.66,10.0,37.65,completed
O201526,2,2024-05-22,C50988,P1004,1,304.09,0.0,237.19,completed
O201115,1,2024-11-03,C50750,P1078,1,65.84,0.0,42.8,completed
O201827,3,2024-11-23,C51209,P1074,1,47.59,40.0,51.56,completed
O203010,2,2023-02-21,C51983,P1086,3,78.87,0.0,51.27,completed
O205536,3,2023-04-17,C53763,P1039,1,32.71,0.0,20.28,completed
O201071,1,2024-12-03,C50720,P1112,1,19.34,30.0,15.47,completed
O203116,1,2023-12-10,C52053,P1033,4,34.42,10.0,23.71,completed
O204089,3,2024-01-06,C52721,P1047,5,39.22,20.0,23.53,completed
O202836,2,2024-06-18,C51886,P1077,1,42.93,10.0,31.01,completed
O204057,4,20/12/2024,C52696,P1071,1,14.92,20.0,8.95,completed
O204088,1,15/07/2024,C52721,P1055,1,26.8,0.0,12.86,completed
O202267,1,2024-12-30,C51509,P1039,2,32.71,0.0,20.28,completed
O201415,1,2024-05-15,C50931,P1114,2,11.91,0.0,6.67,completed
O205103,2,2024-11-04,C53469,P1008,1,152.33,0.0,118.82,completed
O204981,2,2024-03-14,C53365,P1095,1,9.25,0.0,3.7,completed
O203991,4,16/12/2024,C52647,P1032,2,36.29,10.0,25.0,completed
O200244,1,2023-10-08,C50177,P1102,1,30.56,0.0,12.22,returned
O203925,4,2024-08-27,C52605,P1112,1,27.63,,15.47,completed
O203549,2,2024-11-04,C52359,P1040,1,68.39,0.0,42.4,completed
O204009,3,2024-12-27,C52662,P1074,2,79.32,0.0,51.56,completed
O205007,1,"Dec 18, 2023",C53381,P1081,1,46.54,40.0,50.42,completed
O203720,1,06/02/2024,C52461,P1074,1,79.32,0.0,51.56,completed
O201315,1,31/08/2024,C50861,P1015,1,234.42,0.0,182.85,completed
O200603,1,2024-12-29,C50428,P1072,1,19.89,0.0,9.55,completed
O203837,2,2023-10-25,C52540,P1117,1,24.8,10.0,15.43,completed
O201935,2,2024-03-30,C51277,P1107,1,12.43,0.0,4.97,completed
O203514,1,2023-01-03,C52338,P1108,1,14.28,10.0,6.35,completed
O200167,2,2024-12-19,C50126,P1088,1,36.46,40.0,39.49,completed
O200861,2,29/07/2023,C50581,P1073,1,36.39,,23.65,completed
O204678,1,2023-11-03,C53145,P1007,2,194.48,0.0,151.69,completed
O205196,1,2024-04-02,C53522,P1114,1,10.12,15.0,6.67,completed
O201563,1,26/11/2024,C51020,P1009,1,143.68,20.0,140.09,completed
O203621,1,2024-11-15,C52399,P1115,1,24.16,5.0,14.24,completed
O205833,2,15/03/2023,C53977,P1012,1,278.05,0.0,216.88,completed
O205517,2,2024-12-05,C53753,P1088,1,42.53,30.0,39.49,completed
O202217,1,2024-06-21,C51482,P1068,2,26.9,0.0,12.91,completed
O200407,1,2023-04-04,C50291,P1120,2,217.7,0.0,12.19,completed
O203369,5,2024-09-27,C52224,P1015,2,210.98,10.0,182.85,completed
O201317,5,2024-12-31,C50864,P1069,1,46.28,5.0,23.39,completed
O202906,1,2024-07-07,C51921,P1069,2,48.72,0.0,23.39,completed
O202273,4,2024-11-08,C51515,P1102,1,30.56,0.0,12.22,completed
O200568,1,2024-01-15,C50406,P1031,3,100.9,30.0,89.37,completed
O202237,3,25/11/2024,C51499,P1001,2,192.92,10.0,167.19,completed
O204609,1,2024-08-17,C53092,P1012,1,264.15,5.0,216.88,completed
O205781,2,06/12/2023,C53942,P1024,1,116.55,30.0,129.87,completed
O202639,2,2024-12-01,C51767,P1110,1,7.24,30.0,5.79,completed
O201378,3,2023-04-04,C50901,P1042,1,61.58,5.0,40.19,completed
O201816,3,"Jan 29, 2024",C51203,P1098,3,12.2,,4.88,completed
O204664,1,2024-04-06,C53131,P1102,1,30.56,0.0,12.22,completed
O204602,2,"Oct 07, 2024",C53089,P1089,3,78.6,0.0,51.09,completed
O201164,3,13/07/2023,C50775,P1109,2,37.34,0.0,20.91,completed
O203489,2,2024-10-26,C52316,P1034,3,32.89,0.0,20.39,completed
O205328,2,2024-11-25,C53620,P1059,2,17.94,20.0,10.77,completed
O200924,3,"Oct 14, 2024",C50622,P1067,2,28.31,0.0,13.59,completed
O205749,6,2024-11-16,C53927,P1093,1,15.34,0.0,6.14,completed
O200303,2,2024-11-25,C50218,P1007,2,136.14,30.0,151.69,completed
O202775,1,03/12/2024,C51850,P1015,1,164.09,30.0,182.85,completed
O205856,2,2024-05-18,C53988,P1114,1,10.12,15.0,6.67,completed
O204716,2,2024-10-07,C53166,P1006,1,88.57,0.0,69.08,completed
O202561,2,2024-06-24,C51707,P1039,1,32.71,0.0,20.28,completed
O201502,6,2024-04-05,C50983,P1019,1,293.87,0.0,229.22,
O205589,2,"Aug 18, 2023",C53812,P1032,1,40.32,0.0,25.0,completed
O205326,1,2024-12-30,C53620,P1070,2,27.34,10.0,14.58,completed
O201465,2,"May 23, 2023",C50965,P1089,1,70.74,10.0,51.09,completed
O205595,4,28/06/2024,C53815,P1013,1,187.98,0.0,146.62,completed
O205545,3,2024-01-05,C53772,P1069,2,43.85,10.0,23.39,completed
O204909,1,2024-10-11,C53312,P1004,1,304.09,0.0,237.19,completed
O205088,6,2024-12-21,C53453,P1067,2,25.48,10.0,13.59,completed
O204052,1,2024-09-08,C52695,P1035,2,67.22,0.0,41.68,completed
O205439,1,"Oct 02, 2023",C53695,P1090,2,77.14,0.0,50.14,completed
O203861,3,2024-12-30,C52556,P1060,1,43.52,15.0,24.58,completed
O205111,3,2024-11-02,C53472,P1116,4,18.83,0.0,10.54,completed
O203847,3,2023-01-27,C52547,P1063,1,33.85,5.0,17.1,completed
O203927,2,"Jul 12, 2024",C52608,P1038,2,30.84,5.0,20.13,completed
O203604,1,2024-12-04,C52389,P1037,5,32.67,30.0,28.94,completed
O204421,3,2024-09-26,C52956,P1120,3,21.77,0.0,12.19,completed
O200928,2,2023-03-13,C50624,P1034,1,31.25,5.0,20.39,completed
O204835,1,2024-06-03,C53261,P1102,1,25.98,,12.22,completed
O203088,2,2024-06-11,C52031,P1012,1,264.15,5.0,216.88,completed
O203496,2,2024-09-21,C52324,P1029,1,60.73,0.0,37.65,completed
O204918,3,2024-11-25,C53318,P1010,1,90.71,20.0,88.44,completed
O200906,2,"Dec 08, 2023",C50610,P1052,2,39.6,10.0,21.12,completed
O202150,3,2023-12-04,C51433,P1080,3,40.72,20.0,33.09,completed
O203122,1,2024-09-05,C52058,P1015,1,234.42,0.0,182.85,completed
O202079,1,2024-04-02,C51383,P1089,1,70.74,10.0,51.09,completed
O201582,1,2023-04-23,C51038,P1030,4,58.22,5.0,37.99,returned
O205351,1,2024-07-14,C53636,P1106,1,16.74,0.0,6.7,completed
O201028,1,"Nov 03, 2024",C50704,P1017,1,222.03,0.0,173.18,completed
O202770,1,2024-01-25,C51848,P1012,1,278.05,0.0,216.88,completed
O200131,3,"Aug 20, 2024",C50093,P1094,2,17.6,0.0,7.04,completed
O200385,2,2023-03-02,C50277,P1013,2,187.98,0.0,146.62,completed
O203341,3,2024-11-15,C52208,P1015,3,234.42,0.0,182.85,completed
O204406,3,2024-04-10,C52946,P1009,4,179.6,0.0,140.09,completed
O201889,2,2023-11-03,C51246,P1115,1,24.16,5.0,14.24,completed
O201059,4,"Dec 02, 2024",C50712,P1118,2,14.88,40.0,13.89,completed
O202185,2,2024-12-03,C51454,P1010,1,102.05,10.0,88.44,completed
O203653,1,"Sep 14, 2023",C52423,P1074,3,67.42,15.0,51.56,completed
O205189,3,2024-12-20,C53520,P1008,1,121.86,20.0,118.82,completed
O201543,3,2024-01-04,C51006,P1095,2,6.48,30.0,3.7,completed
O203211,3,2024-09-21,C52119,P1037,3,46.67,0.0,28.94,completed
O205332,4,21/01/2024,C53625,P1114,3,11.91,0.0,6.67,completed
O204803,4,05/12/2024,C53241,P1074,1,55.52,30.0,51.56,completed
O202754,2,2023-06-27,C51834,P1052,1,44.0,0.0,21.12,completed
O200474,3,2023-08-03,C50344,P1096,1,10.19,0.0,4.08,completed
O204377,1,2024-12-21,C52929,P1088,1,60.76,0.0,39.49,completed
O201246,1,2024-12-01,C50815,P1109,1,29.87,20.0,20.91,completed
O204846,1,2024-11-07,C53264,P1112,1,27.63,0.0,15.47,completed
O204658,1,2024-07-20,C53130,P1082,-1,41.93,0.0,27.25,returned
O204637,4,2024-02-27,C53114,P1114,2,11.91,0.0,6.67,completed
O203771,2,16/08/2024,C52503,P1034,2,31.25,5.0,20.39,completed
O200880,4,2024-04-17,C50588,P1061,2,15.53,0.0,7.45,completed
O205207,1,"Jul 24, 2024",C53534,P1015,1,234.42,0.0,182.85,completed
O203004,4,2023-04-03,C51978,P1037,3,46.67,0.0,28.94,completed
O200171,1,2023-05-18,C50127,P1034,2,32.89,0.0,20.39,completed
O204502,2,08/09/2024,C53016,P1055,1,25.46,5.0,12.86,
O203855,2,2023-01-04,C52553,P1088,3,42.53,30.0,39.49,completed
O201697,1,2024-11-29,C51106,P1024,1,133.2,20.0,129.87,completed
O204553,2,2024-02-18,C53055,P1077,3,47.7,0.0,31.01,completed
O205485,3,2023-05-18,C53725,P1105,1,11.88,5.0,5.0,completed
O203298,4,2023-02-06,C52182,P1114,2,11.31,5.0,6.67,completed
O202828,3,2023-03-25,C51885,P1032,4,40.32,0.0,25.0,completed
O201384,2,2024-11-05,C50907,P1067,1,26.89,5.0,,completed
O204935,1,08/11/2023,C53331,P1067,1,24.06,15.0,13.59,completed
O200599,4,2024-09-03,C50426,P1100,3,12.65,0.0,5.06,completed
O200250,1,2024-10-02,C50181,P1079,1,85.12,0.0,55.33,completed
O204880,1,2023-12-31,C53289,P1015,2,234.42,0.0,182.85,completed
O202302,2,2024-10-23,C51544,P1052,1,41.8,5.0,21.12,completed
O205069,1,14/02/2024,C53429,P1062,1,28.48,0.0,13.67,completed
O200155,4,2024-05-08,C50115,P1028,1,59.31,0.0,36.77,completed
O201849,2,2024-09-20,C51217,P1056,1,24.84,0.0,11.92,completed
O204752,1,2023-04-06,C53199,P1112,3,27.63,0.0,15.47,completed
O200924,1,2024-10-14,C50622,P1114,2,11.91,0.0,6.67,completed
O201105,1,13/11/2024,C50743,P1113,1,18.23,0.0,10.21,completed
O205253,4,2023-12-13,C53567,P1075,1,45.68,30.0,42.42,returned
O201137,3,2024-07-08,C50760,P1079,1,85.12,0.0,55.33,returned
O203288,2,2023-10-01,C52177,P1032,1,40.32,0.0,25.0,completed
O202374,1,2023-09-14,C51578,P1025,1,39.88,0.0,24.73,completed
O201123,1,2023-04-18,C50753,P1076,1,88.21,0.0,57.34,completed
O200083,2,2024-06-04,C50061,P1070,2,28.86,5.0,14.58,completed
O203723,4,"Sep 05, 2024",C52464,P1082,2,41.93,0.0,27.25,completed
O201114,3,2024-12-20,C50750,P1065,1,27.37,40.0,21.89,completed
O203246,1,2024-12-29,C52151,P1083,2,42.01,15.0,32.12,completed
O200665,2,09/09/2024,C50471,P1050,1,34.14,0.0,16.39,completed
O202594,1,2024-12-07,C51733,P1074,3,63.46,20.0,51.56,completed
O204086,1,"Jan 14, 2023",C52720,P1008,1,137.1,10.0,118.82,completed
O200390,5,2023-12-09,C50280,P1112,2,19.34,30.0,15.47,completed
O201906,2,2024-11-09,C51260,P1030,3,61.28,0.0,37.99,completed
O202177,4,2023-08-18,C51452,P1110,2,10.34,0.0,5.79,completed
O201744,6,13/01/2023,C51148,P1032,1,24.19,40.0,25.0,completed
O200489,5,13/07/2024,C50357,P1084,1,48.91,0.0,31.79,completed
O200923,2,12/11/2024,C50621,P1114,2,10.72,10.0,6.67,completed
O202969,2,2023-12-15,C51956,P1075,1,58.73,10.0,42.42,completed
O200289,2,20/05/2023,C50206,P1065,1,38.77,15.0,21.89,completed
O202134,4,2024-08-15,C51424,P1049,1,44.95,0.0,21.58,completed
O201395,3,2024-06-30,C50919,P1065,2,45.61,0.0,21.89,completed
O202036,3,2023-09-17,C51360,P1001,2,203.63,5.0,167.19,completed
O205116,3,2024-11-24,C53473,P1079,1,68.1,20.0,55.33,completed
O200702,3,2024-06-16,C50489,P1029,1,60.73,0.0,37.65,completed
O200637,2,2023-01-01,C50449,P1112,5,24.87,10.0,15.47,completed
O202143,1,2024-08-22,C51430,P1112,1,27.63,0.0,15.47,completed
O203980,1,2024-06-02,C52645,P1077,2,42.93,10.0,31.01,returned
O203369,1,2024-09-27,C52224,P1107,1,12.43,0.0,4.97,completed
O204577,1,2024-12-18,C53066,P1093,1,13.81,10.0,6.14,completed
O205446,4,2023-11-26,C53703,P1067,3,22.65,20.0,13.59,completed
O203810,2,2024-09-15,C52520,P1073,2,36.39,0.0,23.65,completed
O203585,2,2024-12-31,C52377,P1010,3,113.39,0.0,88.44,completed
O203609,1,2023-12-12,C52393,P1042,4,51.86,20.0,40.19,completed
O203124,2,2024-11-25,C52060,P1037,-1,37.34,20.0,28.94,returned
O203247,2,2024-12-24,C52151,P1036,1,82.54,5.0,53.87,completed
O200047,2,2024-11-20,C50028,P1041,1,71.64,0.0,44.42,completed
O200565,6,2024-10-18,C50404,P1061,1,15.53,0.0,7.45,completed
O202647,5,"Feb 02, 2024",C51772,P1088,1,60.76,0.0,39.49,completed
O205531,4,06/02/2023,C53763,P1029,1,60.73,0.0,37.65,completed
O200979,1,"May 05, 2023",C50663,P1084,1,48.91,0.0,31.79,completed
O204921,1,2024-01-07,C53319,P1024,1,133.2,20.0,129.87,completed
O201923,4,"Dec 11, 2024",C51273,P1053,2,13.75,20.0,8.25,completed
O200659,4,2023-09-28,C50461,P1002,2,102.31,0.0,79.8,completed
O200071,2,2024-09-21,C50050,P1069,1,41.41,15.0,23.39,completed
O204758,3,2024-05-09,C53201,P1037,1,46.67,0.0,28.94,completed
O202354,1,2024-06-07,C51572,P1098,1,12.2,0.0,4.88,completed
O205657,3,2024-10-17,C53860,P1114,1,11.91,0.0,6.67,completed
O201334,3,2024-09-01,C50878,P1085,1,31.26,0.0,20.32,completed
O205651,1,2024-11-30,C53856,P1012,1,166.83,40.0,216.88,returned
O202288,1,2024-12-09,C51528,P1019,1,264.48,10.0,229.22,completed
O204866,1,2024-11-03,C53277,P1081,-2,73.69,5.0,50.42,returned
O201376,1,2024-09-04,C50899,P1040,3,68.39,0.0,42.4,completed
O201125,3,"Dec 04, 2024",C50755,P1111,2,21.34,30.0,17.07,completed
O205091,1,2024-03-02,C53458,P1082,1,41.93,,27.25,completed
O201613,3,2024-11-24,C51057,P1044,2,44.38,20.0,34.4,completed
O201360,5,2024-02-04,C50892,P1119,1,54.65,0.0,30.6,completed
O202245,3,"Sep 08, 2024",C51502,P1029,1,54.66,10.0,37.65,completed
O202570,1,2023-04-11,C51717,P1061,1,15.53,0.0,7.45,completed
O202821,3,"Dec 03, 2024",C51880,P1015,3,164.09,,182.85,completed
O201933,2,08/06/2024,C51276,P1112,2,24.87,10.0,15.47,returned
O204989,3,2023-01-16,C53372,P1119,1,54.65,0.0,30.6,completed
O200551,2,2024-06-28,C50399,P1096,3,9.17,10.0,4.08,completed
O202027,3,2024-12-15,C51348,P1073,2,21.83,40.0,23.65,completed
O200011,2,2023-09-23,C50004,P1002,2,102.31,0.0,79.8,completed
O201124,2,2024-12-31,C50754,P1112,1,27.63,0.0,15.47,completed
O200920,2,2024-12-14,C50618,P1030,1,55.15,10.0,37.99,completed
O202568,1,2024-09-13,C51714,P1104,1,21.97,10.0,9.76,completed
O203774,1,25/08/2023,C52504,P1088,1,54.68,10.0,39.49,completed
O202758,3,2023-09-09,C51835,P1032,-2,36.29,10.0,25.0,returned
O201443,1,05/12/2024,C50947,P1032,1,36.29,10.0,25.0,completed
O200539,2,2024-11-29,C50391,P1011,3,264.63,10.0,229.34,completed
O203582,2,2024-11-12,C52376,P1074,1,79.32,0.0,51.56,completed
O200137,1,2023-12-19,C50096,P1074,1,71.39,10.0,51.56,completed
O200407,2,2023-04-04,C50291,P1084,1,48.91,0.0,31.79,returned
O203666,2,2024-08-10,C52433,P1015,1,234.42,0.0,182.85,completed
O201499,1,2023-12-06,C50982,P1037,2,37.34,20.0,28.94,completed
O200444,1,2024-03-24,C50320,P1044,4,55.48,0.0,34.4,completed
O203623,2,2024-12-04,C52401,P1093,1,12.27,20.0,6.14,completed
O204715,2,2024-05-19,C53166,P1019,1,293.87,,229.22,completed
O201905,3,2024-09-19,C51260,P1058,2,61.65,5.0,31.15,completed
O200180,1,2024-06-03,C50134,P1015,1,234.42,0.0,182.85,completed
O200400,1,24/05/2023,C50290,P1015,3,234.42,0.0,182.85,completed
O201958,4,15/06/2024,C51300,P1048,4,36.62,0.0,17.58,completed
O203482,1,2024-01-21,C52314,P1079,3,85.12,,55.33,completed
O201355,1,2023-06-06,C50888,P1076,2,88.21,0.0,57.34,completed
O203810,1,2024-09-15,C52520,P1104,1,24.41,0.0,9.76,completed
O202469,3,2024-09-13,C51644,P1008,1,144.71,5.0,118.82,completed
O201636,1,31/12/2023,C51064,P1082,1,41.93,0.0,27.25,completed
O201881,1,2024-01-26,C51238,P1067,3,25.48,10.0,13.59,completed
O204501,6,2024-05-24,C53014,P1114,1,11.91,0.0,6.67,completed
O203237,1,"Dec 15, 2024",C52143,P1112,1,24.87,10.0,,completed
O204646,6,2024-06-24,C53119,P1063,1,35.63,0.0,17.1,completed
O203793,2,2024-05-01,C52514,P1089,2,74.67,5.0,51.09,completed
O201484,2,08/08/2023,C50972,P1066,1,42.59,10.0,22.71,completed
O200892,3,2024-01-17,C50599,P1114,4,11.91,0.0,6.67,completed
O200601,1,2024-07-07,C50427,P1062,1,25.63,10.0,13.67,completed
O203800,1,2024-06-27,C52516,P1087,1,44.28,5.0,30.3,completed
O200996,1,19/05/2023,C50682,P1078,1,65.84,0.0,42.8,completed
O202602,1,27/10/2024,C51741,P1074,1,75.35,5.0,51.56,completed
O202751,3,2023-05-06,C51833,P1114,3,10.72,10.0,6.67,completed
O200332,1,2024-09-23,C50240,P1009,2,179.6,0.0,140.09,completed
O202473,2,2023-12-09,C51645,P1086,1,63.1,20.0,51.27,completed
O203127,1,2024-10-29,C52061,P1055,2,24.12,10.0,12.86,completed
O201082,6,2023-09-22,C50728,P1081,3,69.81,10.0,50.42,completed
O200781,1,28/11/2024,C50535,P1059,1,13.46,40.0,10.77,completed
O202819,3,15/01/2024,C51876,P1011,1,235.22,20.0,229.34,completed
O205330,1,2023-05-20,C53623,P1056,1,24.84,0.0,11.92,completed
O201414,2,2024-12-05,C50930,P1091,2,14.23,40.0,9.49,completed
O204828,2,2024-07-30,C53254,P1015,1,222.7,5.0,182.85,completed
O204804,1,2024-05-18,C53243,P1089,1,78.6,0.0,51.09,completed
O205094,3,2023-08-14,C53460,P1078,1,65.84,0.0,42.8,completed
O200850,4,2024-03-03,C50574,P1093,1,15.34,0.0,6.14,completed
O200256,5,2024-12-06,C50186,P1044,4,44.38,20.0,34.4,completed
O204156,2,2024-06-19,C52752,P1062,1,25.63,10.0,13.67,completed
O200261,4,2024-02-28,C50191,P1112,1,27.63,0.0,15.47,completed
O200932,2,2023-05-29,C50627,P1015,1,234.42,0.0,182.85,completed
O202940,1,2024-11-30,C51942,P1062,1,19.94,30.0,13.67,completed
O200462,2,2024-11-30,C50331,P1071,4,16.78,10.0,,completed
O203051,1,03/12/2023,C52009,P1078,1,59.26,10.0,,completed
O205314,3,2024-02-03,C53610,P1034,2,32.89,0.0,20.39,completed
O204864,2,2024-05-19,C53276,P1113,1,18.23,0.0,10.21,completed
O204107,1,2024-11-30,C52730,P1058,2,58.4,10.0,31.15,completed
O205457,3,"Dec 10, 2023",C53710,P1015,1,187.54,20.0,182.85,completed
O202662,2,14/12/2023,C51784,P1080,4,35.63,30.0,33.09,completed
O204473,1,27/11/2024,C52996,P1093,3,12.27,20.0,6.14,completed
O201046,2,03/09/2023,C50708,P1074,2,79.32,0.0,51.56,completed
O203227,1,2024-12-28,C52129,P1112,2,27.63,0.0,15.47,completed
O204611,2,2023-06-12,C53094,P1002,2,92.08,10.0,79.8,completed
O205622,2,10/11/2024,C53834,P1074,1,79.32,0.0,51.56,completed
O200359,1,2023-12-01,C50265,P1048,1,25.63,30.0,17.58,completed
O203108,1,2024-09-26,C52048,P1008,1,152.33,0.0,118.82,completed
O200691,1,27/12/2023,C50483,P1102,1,30.56,0.0,12.22,completed
O205550,1,2023-01-05,C53778,P1054,1,22.94,20.0,13.77,completed
O202453,2,2024-06-23,C51632,P1008,1,152.33,0.0,118.82,completed
O201070,2,2024-12-28,C50720,P1034,1,29.6,10.0,20.39,completed
O200422,2,2024-09-13,C50305,P1015,1,234.42,0.0,182.85,completed
O200174,3,2023-12-29,C50131,P1050,5,30.73,10.0,16.39,completed
O202937,2,14/10/2024,C51942,P1018,1,101.63,5.0,83.44,completed
O204975,2,30/11/2024,C53354,P1074,2,63.46,20.0,51.56,completed
O202390,1,01/12/2024,C51585,P1106,2,13.39,20.0,6.7,completed
O203524,1,2024-11-21,C52347,P1114,2,11.91,0.0,6.67,completed
O205776,6,2024-11-25,C53941,P1065,1,31.93,30.0,21.89,completed
O204210,5,2024-12-05,C52791,P1083,1,44.48,10.0,32.12,completed
O203821,4,2024-08-14,C52527,P1114,1,11.91,0.0,6.67,completed
O202283,1,30/12/2024,C51522,P1048,2,32.96,10.0,17.58,completed
O204642,4,2024-09-26,C53118,P1034,1,27.96,15.0,20.39,completed
O204114,1,2024-08-27,C52732,P1032,2,40.32,0.0,25.0,completed
O200485,1,2024-12-19,C50354,P1109,1,29.87,20.0,20.91,completed
O203524,2,2024-11-21,C52347,P1102,2,30.56,0.0,12.22,completed
O201577,5,08/11/2023,C51038,P1015,2,210.98,10.0,182.85,completed
O203935,1,2024-04-24,C52613,P1022,5,124.65,0.0,97.23,completed
O200114,1,07/05/2024,C50079,P1007,2,194.48,0.0,151.69,completed
O200059,5,2024-09-22,C50035,P1011,1,294.03,0.0,229.34,completed
O204887,1,2024-12-02,C53298,P1109,2,29.87,,20.91,returned
O205474,1,2024-04-12,C53714,P1025,1,37.89,5.0,24.73,completed
O200036,1,05/09/2024,C50021,P1015,3,234.42,0.0,182.85,completed
O202742,2,24/04/2023,C51828,P1106,4,16.74,0.0,6.7,completed
O201916,1,2024-04-11,C51268,P1099,3,21.33,0.0,8.53,completed
O202317,2,2024-07-31,C51554,P1037,2,46.67,0.0,28.94,completed
O200714,1,2023-11-03,C50495,P1074,2,79.32,0.0,51.56,completed
O204264,2,2024-06-15,C52844,P1016,3,113.0,0.0,88.14,completed
O200452,6,2024-12-21,C50322,P1114,3,11.91,0.0,6.67,completed
O200213,1,29/03/2024,C50148,P1024,3,166.5,0.0,129.87,completed
O201936,5,2024-08-27,C51280,P1097,1,10.71,0.0,4.28,completed
O200912,2,2023-11-28,C50614,P1077,1,42.93,10.0,31.01,completed
O202798,1,26/09/2024,C51867,P1031,1,144.15,0.0,89.37,completed
O203705,3,2024-08-23,C52459,P1084,2,48.91,0.0,31.79,completed
O200736,3,2024-09-27,C50505,P1084,1,48.91,0.0,31.79,completed
O200832,1,05/06/2023,C50560,P1032,1,403.2,0.0,25.0,completed
O202169,1,2024-08-02,C51445,P1021,2,163.75,0.0,127.73,completed
O202754,1,2023-06-27,C51834,P1034,1,32.89,0.0,20.39,completed
O200523,1,2024-12-20,C50380,P1045,2,36.66,30.0,32.47,completed
O205793,1,2024-07-14,C53952,P1068,1,26.9,0.0,12.91,completed
O202395,3,25/02/2023,C51592,P1039,2,32.71,0.0,20.28,completed
O204179,2,26/04/2024,C52769,P1056,1,24.84,0.0,11.92,completed
O204891,3,05/11/2024,C53300,P1008,1,152.33,0.0,118.82,completed
O204403,2,06/10/2024,C52945,P1078,3,65.84,0.0,42.8,completed
O203146,2,05/11/2023,C52072,P1017,1,210.93,,173.18,completed
O205336,2,08/04/2023,C53629,P1063,4,32.07,10.0,17.1,completed
O204167,3,2023-07-16,C52755,P1015,3,234.42,0.0,182.85,completed
O203636,1,2024-12-04,C52408,P1024,2,149.85,10.0,129.87,completed
O204403,4,2024-10-06,C52945,P1016,1,101.7,10.0,88.14,completed
O201440,1,2024-05-07,C50946,P1036,3,86.88,0.0,53.87,completed
O203951,5,2024-11-30,C52624,P1114,1,9.53,20.0,6.67,completed
O204707,3,2024-11-21,C53164,P1046,1,55.11,0.0,34.17,completed
O203357,2,2024-05-11,C52215,P1009,3,179.6,0.0,140.09,completed
O205569,2,02/06/2023,C53791,P1052,1,44.0,0.0,21.12,completed
O203594,2,2024-03-26,C52384,P1089,2,78.6,0.0,51.09,completed
O201923,3,2024-12-11,C51273,P1019,1,264.48,10.0,229.22,completed
O200684,1,2023-10-02,C50478,P1056,1,23.6,5.0,11.92,completed
O200454,1,2023-06-16,C50323,P1017,1,222.03,0.0,173.18,completed
O202285,2,2024-10-22,C51523,P1017,2,222.03,0.0,173.18,completed
O204047,1,19/12/2024,C52690,P1059,1,13.46,40.0,10.77,completed
O205596,1,2024-05-06,C53817,P1015,3,234.42,0.0,182.85,completed
O205777,3,2024-11-02,C53941,P1034,3,32.89,0.0,20.39,completed
O203386,2,2023-03-01,C52233,P1107,1,12.43,0.0,4.97,completed
O200491,3,2024-10-17,C50358,P1079,1,85.12,0.0,55.33,completed
O203781,1,2024-11-03,C52508,P1120,3,21.77,0.0,12.19,returned
O202577,5,2024-09-15,C51718,P1059,1,20.19,10.0,10.77,completed
O200132,3,29/11/2024,C50093,P1094,2,15.84,10.0,7.04,completed
O204585,3,06/11/2023,C53075,P1062,1,28.48,0.0,13.67,completed
O202397,1,2024-11-07,C51594,P1104,4,24.41,0.0,9.76,completed
O205632,1,21/02/2024,C53842,P1058,1,64.89,0.0,31.15,completed
O204886,4,2024-12-20,C53296,P1036,1,69.5,20.0,53.87,completed
O200814,1,2024-01-31,C50546,P1114,1,11.91,0.0,6.67,completed
O202722,2,"Nov 30, 2024",C51821,P1067,1,16.99,40.0,13.59,completed
O205507,3,"Dec 18, 2024",C53746,P1114,3,8.34,30.0,6.67,completed
O205446,3,2023-11-26,C53703,P1008,1,121.86,20.0,118.82,completed
O204010,2,2024-12-18,C52662,P1120,1,19.59,10.0,12.19,completed
O203142,3,29/04/2024,C52070,P1015,1,234.42,0.0,182.85,completed
O201519,1,2023-11-30,C50985,P1015,1,187.54,20.0,182.85,completed
O200531,1,2024-09-24,C50385,P1074,1,79.32,0.0,51.56,completed
O200709,3,2023-04-07,C50493,P1033,2,38.24,0.0,23.71,completed
O203569,1,2024-12-13,C52366,P1084,3,34.24,30.0,31.79,completed
O200091,3,2024-04-11,C50063,P1079,2,85.12,0.0,55.33,completed
O203089,2,2023-11-14,C52033,P1077,2,47.7,0.0,31.01,completed
O205634,1,2024-01-30,C53845,P1114,1,11.31,5.0,6.67,completed
O203372,2,2024-03-10,C52225,P1037,1,46.67,0.0,28.94,completed
O202664,2,23/10/2024,C51785,P1008,2,152.33,0.0,118.82,completed
O203431,1,2023-11-23,C52269,P1114,1,9.53,20.0,6.67,completed
O203957,2,2023-03-14,C52629,P1082,2,37.74,10.0,27.25,completed
O201637,3,2024-07-08,C51064,P1032,2,40.32,0.0,25.0,completed
O202502,1,2023-08-17,C51667,P1118,2,24.8,0.0,13.89,completed
O204808,3,2023-10-09,C53244,P1098,2,11.59,5.0,4.88,completed
O204617,1,19/12/2023,C53098,P1114,4,8.34,30.0,6.67,completed
O203146,3,2023-11-05,C52072,P1086,1,78.87,,51.27,completed
O202984,1,2024-07-25,C51964,P1029,1,60.73,0.0,37.65,completed
O200706,3,2024-03-12,C50491,P1051,1,37.72,,18.11,completed
O205861,1,07/10/2024,C53992,P1023,1,355.1,,276.98,completed
O204596,2,2023-07-02,C53082,P1069,1,48.72,0.0,23.39,completed
O200554,3,"Dec 23, 2024",C50401,P1045,1,52.37,0.0,32.47,completed
O204446,2,2024-02-15,C52976,P1099,1,20.26,5.0,8.53,completed
O203095,1,2024-06-08,C52041,P1052,3,41.8,5.0,21.12,completed
O204266,2,2024-12-08,C52844,P1037,1,37.34,20.0,28.94,completed
O200810,2,07/08/2023,C50543,P1088,5,60.76,0.0,39.49,completed
O205461,2,2024-12-21,C53713,P1074,2,79.32,0.0,51.56,completed
O205269,5,2023-10-12,C53581,P1074,1,75.35,5.0,51.56,completed
O202587,1,2023-11-06,C51724,P1119,1,54.65,0.0,30.6,completed
O202064,3,"Mar 07, 2023",C51376,P1112,3,27.63,0.0,15.47,completed
O202277,2,2024-10-09,C51519,P1049,1,44.95,0.0,21.58,completed
O205298,2,2024-11-26,C53602,P1090,1,54.0,30.0,50.14,completed
O202365,1,2024-05-03,C51575,P1031,1,144.15,0.0,89.37,completed
O204524,5,2024-04-25,C53032,P1090,1,69.43,10.0,50.14,completed
O204873,1,"Feb 24, 2024",C53283,P1051,1,32.06,15.0,18.11,completed
O200386,2,2024-09-23,C50279,P1097,5,9.1,15.0,4.28,completed
O204003,2,2023-12-08,C52656,P1034,2,26.31,20.0,20.39,completed
O200652,1,2024-10-23,C50460,P1016,1,113.0,0.0,88.14,completed
O201902,1,2024-11-29,C51259,P1017,5,199.83,10.0,173.18,completed
O201840,1,2024-08-28,C51215,P1002,1,92.08,10.0,79.8,completed
O200055,1,2024-09-27,C50035,P1023,5,355.1,0.0,276.98,completed
O204387,2,2024-05-04,C52937,P1008,2,144.71,5.0,118.82,completed
O203965,2,2024-02-18,C52633,P1074,2,79.32,0.0,51.56,completed
O205036,6,2024-05-07,C53401,P1030,1,61.28,0.0,37.99,completed
O202549,2,2024-02-29,C51694,P1003,1,273.9,0.0,213.64,completed
O201211,1,25/05/2023,C50794,P1094,1,17.6,0.0,7.04,completed
O203536,1,24/07/2024,C52352,P1052,1,44.0,0.0,21.12,completed
O203710,1,2024-09-28,C52460,P1015,1,222.7,5.0,182.85,completed
O201465,1,2023-05-23,C50965,P1079,3,85.12,0.0,55.33,completed
O203392,1,2024-10-13,C52237,P1114,3,10.72,10.0,6.67,completed
O204095,2,2024-10-17,C52722,P1105,2,11.88,5.0,5.0,completed
O203940,1,2024-12-07,C52614,P1037,1,28.0,40.0,28.94,completed
O204072,2,2024-10-10,C52709,P1034,1,32.89,0.0,20.39,completed
O203909,1,2024-12-20,C52580,P1085,1,21.88,30.0,20.32,completed
O200350,1,23/04/2024,C50256,P1012,2,278.05,0.0,,completed
O202422,1,2024-12-30,C51611,P1021,2,163.75,0.0,127.73,completed
O203811,2,28/09/2024,C52520,P1106,1,16.74,0.0,6.7,completed
O203664,2,"Nov 23, 2024",C52432,P1057,1,20.48,30.0,14.04,completed
O201106,2,02/08/2024,C50745,P1010,1,113.39,0.0,,completed
O204318,6,2023-08-11,C52874,P1111,1,25.91,15.0,17.07,returned
O202825,3,"Jun 29, 2023",C51883,P1104,1,24.41,0.0,9.76,completed
O200379,1,2024-12-02,C50274,P1015,5,164.09,30.0,182.85,completed
O200459,2,2023-07-11,C50324,P1105,1,12.51,0.0,5.0,completed
O200062,2,2023-09-16,C50037,P1035,2,57.14,15.0,41.68,completed
O205040,1,"Apr 03, 2024",C53403,P1117,1,27.56,0.0,15.43,completed
O201359,4,2024-12-17,C50890,P1017,2,177.62,20.0,173.18,completed
O201855,2,27/11/2024,C51221,P1044,3,33.29,40.0,34.4,completed
O200490,1,2024-11-04,C50358,P1047,3,49.02,0.0,23.53,completed
O204053,6,2023-05-17,C52695,P1105,1,12.51,0.0,5.0,completed
O202807,3,2024-07-24,C51874,P1078,1,62.55,5.0,42.8,completed
O201453,2,2024-04-15,C50955,P1109,1,37.34,0.0,20.91,completed
O202967,2,2024-12-06,C51954,P1112,1,22.1,20.0,15.47,completed
O205119,1,2024-08-17,C53475,P1106,2,16.74,0.0,6.7,completed
O205285,3,2024-12-08,C53592,P1109,2,22.4,40.0,20.91,completed
O200297,3,2024-08-27,C50211,P1078,2,65.84,0.0,42.8,completed
O204851,1,2024-12-21,C53268,P1088,1,60.76,0.0,39.49,completed
O202884,1,06/11/2024,C51908,P1045,2,52.37,0.0,32.47,completed
O205831,2,24/09/2024,C53976,P1067,3,25.48,10.0,13.59,completed
O200756,4,2024-11-24,C50516,P1040,2,54.71,20.0,42.4,completed
O204190,2,13/11/2023,C52775,P1117,1,24.8,10.0,15.43,completed
O201323,2,07/08/2024,C50866,P1005,1,55.79,10.0,48.35,completed
O203477,5,2024-10-31,C52311,P1059,1,22.43,0.0,10.77,completed
O200937,4,2024-10-19,C50631,P1068,1,26.9,0.0,12.91,completed
O205788,4,2023-09-12,C53945,P1117,1,26.18,5.0,15.43,completed
O202600,1,27/11/2024,C51741,P1114,4,10.72,10.0,6.67,completed
O202170,1,2023-11-27,C51445,P1007,2,175.03,10.0,151.69,completed
O204092,1,2023-04-28,C52722,P1056,3,24.84,0.0,11.92,completed
O205366,2,2024-07-21,C53648,P1032,3,40.32,0.0,25.0,completed
O201764,1,2024-08-29,C51166,P1073,1,36.39,0.0,23.65,completed
O203512,1,2023-08-31,C52338,P1115,2,25.43,0.0,14.24,completed
O201597,1,2024-02-10,C51048,P1077,4,47.7,0.0,31.01,completed
O204857,2,2024-06-17,C53275,P1072,2,17.9,10.0,9.55,completed
O202544,4,2024-11-22,C51692,P1015,1,210.98,10.0,182.85,completed
O203136,1,24/11/2024,C52065,P1048,1,21.97,40.0,17.58,completed
O205330,4,"May 20, 2023",C53623,P1023,1,301.84,15.0,276.98,completed
O201813,1,2023-10-23,C51203,P1078,1,62.55,5.0,42.8,completed
O205307,1,2023-05-10,C53607,P1112,1,27.63,0.0,15.47,completed
O205815,1,2024-07-23,C53967,P1045,2,52.37,0.0,32.47,completed
O202624,3,2024-11-29,C51761,P1090,2,61.71,20.0,50.14,completed
O204879,1,2023-07-12,C53287,P1114,1,11.91,0.0,6.67,completed
O203187,1,12/01/2024,C52101,P1054,1,22.94,20.0,13.77,completed
O202470,3,2024-09-26,C51644,P1109,1,37.34,0.0,20.91,completed
O201777,1,2024-05-10,C51173,P1013,1,178.58,5.0,146.62,completed
O201718,5,2024-08-15,C51128,P1056,3,22.36,10.0,11.92,completed
O200313,3,2024-05-21,C50230,P1063,1,35.63,0.0,17.1,completed
O200692,1,2024-08-17,C50484,P1039,1,32.71,0.0,20.28,completed
O204396,2,2023-09-08,C52941,P1119,1,54.65,0.0,30.6,completed
O201529,1,2024-08-27,C50989,P1012,2,250.24,10.0,216.88,completed
O203481,1,29/11/2024,C52314,P1091,3,18.98,20.0,9.49,completed
O200600,3,02/08/2024,C50427,P1017,1,222.03,0.0,173.18,completed
O205238,2,"Oct 14, 2024",C53556,P1112,2,27.63,0.0,15.47,completed
O200423,1,2023-05-08,C50305,P1112,2,24.87,10.0,15.47,completed
O201073,2,12/04/2024,C50721,P1030,1,52.09,15.0,37.99,completed
O202914,1,2024-12-11,C51927,P1031,1,86.49,40.0,89.37,completed
O202967,1,2024-12-06,C51954,P1088,1,48.61,20.0,39.49,completed
O202615,3,2024-11-06,C51751,P1108,1,15.87,0.0,6.35,completed
O202325,1,2024-12-17,C51559,P1104,5,17.09,30.0,9.76,completed
O204881,3,2024-03-13,C53289,P1074,2,79.32,,51.56,completed
O200300,1,12/11/2024,C50218,P1119,1,54.65,0.0,30.6,completed
O200961,3,2024-09-28,C50650,P1015,1,210.98,10.0,182.85,completed
O200690,2,2024-08-03,C50482,P1060,1,46.08,10.0,24.58,completed
O204633,5,22/08/2024,C53111,P1016,2,101.7,10.0,88.14,completed
O205085,1,24/03/2024,C53448,P1044,2,55.48,0.0,34.4,completed
O204099,1,24/11/2023,C52725,P1043,2,21.25,40.0,21.96,completed
O201252,2,2024-12-19,C50816,P1011,1,176.42,40.0,229.34,completed
O204801,1,19/09/2024,C53240,P1101,1,15.62,0.0,6.25,completed
O203618,1,2024-09-09,C52397,P1086,3,78.87,0.0,51.27,completed
O202134,3,15/08/2024,C51424,P1112,2,27.63,0.0,15.47,completed
O204060,4,2024-03-16,C52700,P1084,3,41.57,15.0,31.79,completed
O201160,6,2023-01-26,C50774,P1021,1,163.75,0.0,127.73,completed
O200145,1,2024-06-21,C50099,P1050,1,34.14,0.0,16.39,completed
O203272,1,2023-09-27,C52170,P1015,1,234.42,0.0,182.85,completed
O200018,2,2024-12-17,C50012,P1032,1,32.26,20.0,25.0,completed
O201929,2,2023-06-17,C51275,P1015,2,222.7,5.0,182.85,completed
O202572,1,2024-11-30,C51717,P1015,1,210.98,10.0,182.85,completed
O202340,1,2023-09-29,C51567,P1057,1,29.26,0.0,14.04,completed
O202647,3,2024-02-02,C51772,P1090,2,77.14,0.0,50.14,completed
O201321,2,23/11/2024,C50865,P1019,3,176.32,40.0,229.22,completed
O203384,2,19/03/2024,C52232,P1114,1,11.91,0.0,6.67,completed
O202038,3,"Jan 04, 2024",C51361,P1044,2,49.93,10.0,34.4,completed
O205623,2,2024-08-26,C53834,P1048,1,36.62,0.0,17.58,completed
O201293,1,10/12/2024,C50847,P1116,2,15.06,20.0,10.54,completed
O200699,1,2024-07-16,C50489,P1092,1,17.47,0.0,6.99,completed
O203425,1,2024-03-15,C52268,P1015,1,234.42,0.0,182.85,completed
O201663,2,2024-11-19,C51070,P1015,2,234.42,0.0,182.85,completed
O201992,4,07/10/2024,C51320,P1069,4,48.72,0.0,23.39,completed
O202750,1,"Aug 27, 2023",C51833,P1073,1,34.57,5.0,23.65,completed
O202324,1,08/01/2024,C51557,P1114,1,10.72,10.0,6.67,completed
O203785,2,2023-02-22,C52509,P1114,3,11.91,0.0,6.67,completed
O200528,3,2024-09-03,C50383,P1015,2,234.42,0.0,182.85,completed
O203206,1,2023-09-27,C52113,P1005,3,61.99,0.0,48.35,completed
O202594,3,2024-12-07,C51733,P1038,1,22.72,30.0,20.13,completed
O203971,1,2024-09-23,C52640,P1003,2,273.9,0.0,213.64,returned
O201358,6,"Dec 29, 2024",C50889,P1036,3,78.19,10.0,53.87,completed
O201483,1,2024-02-06,C50972,P1045,1,52.37,0.0,32.47,completed
O202270,2,2024-12-14,C51513,P1031,1,86.49,40.0,89.37,completed
O205025,2,2024-10-26,C53396,P1112,1,27.63,0.0,15.47,completed
O201603,1,2024-03-14,C51050,P1063,1,35.63,0.0,17.1,completed
O202261,1,2024-11-20,C51508,P1010,1,107.72,5.0,88.44,completed
O200377,2,2023-04-06,C50272,P1053,1,17.19,0.0,8.25,completed
O200723,2,2023-12-20,C50500,P1064,1,30.18,30.0,20.69,completed
O200299,5,2024-09-21,C50214,P1114,1,11.91,0.0,6.67,completed
O203023,2,2024-09-05,C51991,P1117,3,24.8,10.0,15.43,completed
O203886,5,2024-11-30,C52567,P1057,4,23.41,20.0,14.04,completed
O202932,1,2024-10-02,C51936,P1041,1,68.06,5.0,44.42,completed
O204328,1,2024-01-06,C52879,P1062,1,22.78,20.0,13.67,completed
O200189,4,07/12/2024,C50138,P1098,1,9.76,20.0,4.88,completed
O201672,1,2024-11-24,C51078,P1096,2,8.15,20.0,4.08,completed
O205329,3,03/08/2024,C53622,P1087,2,46.61,0.0,30.3,completed
O201040,1,2023-05-20,C50708,P1024,3,166.5,0.0,129.87,completed
O204830,1,16/12/2024,C53257,P1056,1,19.87,20.0,11.92,completed
O200765,2,2024-12-01,C50520,P1062,1,22.78,20.0,13.67,completed
O205724,3,27/06/2024,C53903,P1030,1,55.15,10.0,37.99,returned
O201249,3,2024-12-05,C50816,P1028,1,41.52,30.0,36.77,completed
O202147,4,2024-08-08,C51432,P1020,2,176.36,0.0,137.56,completed
O202476,1,2024-08-28,C51646,P1013,2,187.98,0.0,146.62,completed
O200284,2,2024-07-18,C50204,P1036,1,86.88,0.0,53.87,completed
O205637,4,2024-03-09,C53849,P1114,3,11.91,0.0,6.67,completed
O204562,2,07/12/2023,C53061,P1015,1,140.65,40.0,182.85,completed
O200870,2,2023-01-20,C50583,P1044,1,55.48,0.0,34.4,completed
O200524,1,2024-08-20,C50381,P1056,4,24.84,0.0,11.92,completed
O201800,1,25/11/2023,C51200,P1015,1,140.65,40.0,182.85,returned
O202970,2,2024-07-18,C51956,P1024,2,158.17,5.0,129.87,completed
O200023,2,2023-12-19,C50015,P1067,2,25.48,10.0,13.59,completed
O201042,1,2024-10-05,C50708,P1110,1,10.34,0.0,5.79,completed
O202147,3,2024-08-08,C51432,P1078,1,65.84,0.0,42.8,completed
O201035,1,08/05/2024,C50707,P1049,3,44.95,0.0,21.58,completed
O203703,1,2023-04-16,C52458,P1045,1,49.75,5.0,32.47,completed
O201139,2,2024-12-03,C50761,P1061,3,12.42,20.0,7.45,completed
O204498,1,2023-07-21,C53013,P1044,1,55.48,0.0,34.4,completed
O205085,4,2024-03-24,C53448,P1055,2,26.8,0.0,12.86,completed
O200871,1,2023-12-09,C50583,P1120,2,19.59,10.0,12.19,completed
O202912,2,2024-09-27,C51924,P1114,3,10.72,10.0,6.67,completed
O205322,2,2023-11-07,C53615,P1085,1,31.26,0.0,20.32,completed
O204670,1,2024-04-26,C53140,P1010,1,113.39,0.0,88.44,
O203751,4,2023-12-22,C52484,P1073,2,30.93,15.0,23.65,completed
O201548,1,2024-06-30,C51012,P1061,1,15.53,0.0,7.45,returned
O204091,1,26/07/2023,C52722,P1026,-1,41.43,0.0,25.69,returned
O200531,2,2024-09-24,C50385,P1061,1,15.53,0.0,7.45,
O205771,3,28/07/2023,C53939,P1106,1,16.74,0.0,6.7,completed
O204592,1,2024-12-16,C53078,P1008,3,106.63,,118.82,completed
O202856,6,2024-11-25,C51899,P1088,2,48.61,20.0,39.49,completed
O205248,4,"Mar 07, 2024",C53558,P1114,1,11.91,0.0,6.67,completed
O200194,5,08/08/2024,C50138,P1048,2,36.62,0.0,17.58,completed
O201006,4,17/09/2024,C50690,P1111,1,30.48,0.0,17.07,completed
O202021,2,2024-03-19,C51344,P1033,4,38.24,0.0,23.71,completed
O200555,3,04/12/2024,C50401,P1074,1,71.39,10.0,51.56,completed
O202631,1,"Mar 19, 2023",C51763,P1088,1,51.65,15.0,39.49,completed
O205407,1,2024-12-09,C53680,P1120,1,19.59,10.0,12.19,completed
O202855,1,2024-11-30,C51899,P1092,4,12.23,30.0,6.99,completed
O205769,4,2024-07-17,C53938,P1105,1,12.51,0.0,5.0,returned
O204955,1,2024-05-29,C53339,P1023,1,355.1,0.0,276.98,completed
O203979,5,2024-12-05,C52645,P1062,1,19.94,30.0,13.67,completed
O203599,4,2024-09-08,C52389,P1030,2,55.15,10.0,37.99,completed
O202335,1,2024-04-12,C51566,P1049,2,42.7,5.0,,completed
O200279,5,"Dec 14, 2024",C50202,P1044,1,44.38,20.0,34.4,completed
O201192,1,29/11/2024,C50788,P1016,1,67.8,40.0,88.14,completed
O203046,1,2024-08-28,C52007,P1086,1,78.87,0.0,51.27,completed
O204155,1,2024-08-22,C52752,P1032,2,40.32,0.0,25.0,completed
O201374,3,2024-12-31,C50899,P1114,2,11.91,0.0,6.67,completed
O203778,5,2024-02-21,C52506,P1095,2,9.25,0.0,3.7,completed
O204015,1,2024-12-01,C52665,P1047,2,39.22,20.0,23.53,completed
O202862,4,2024-12-02,C51901,P1120,4,13.06,40.0,12.19,completed
O200141,2,2024-12-27,C50097,P1068,5,25.55,5.0,12.91,completed
O202187,2,2024-06-26,C51459,P1025,3,39.88,0.0,24.73,completed
O204408,2,2024-05-05,C52948,P1074,1,79.32,,51.56,completed
O205707,3,2024-12-31,C53893,P1048,1,36.62,0.0,17.58,completed
O205540,2,2024-07-17,C53771,P1114,1,11.91,0.0,6.67,completed
O200035,2,"Nov 08, 2023",C50021,P1067,3,28.31,0.0,13.59,completed
O205441,1,2024-05-17,C53697,P1074,1,79.32,0.0,51.56,completed
O205346,1,23/08/2023,C53634,P1120,1,20.68,5.0,12.19,completed
O204279,2,2024-12-31,C52849,P1034,1,31.25,5.0,20.39,completed
O200291,1,2024-12-15,C50207,P1068,2,18.83,30.0,12.91,completed
O202191,1,2024-12-06,C51463,P1037,1,37.34,20.0,,completed
O201319,5,30/12/2024,C50864,P1112,1,27.63,0.0,15.47,completed
O204532,1,2023-03-10,C53039,P1032,1,40.32,0.0,25.0,completed
O203731,2,2024-09-02,C52469,P1023,2,355.1,0.0,276.98,completed
O204994,2,01/12/2024,C53375,P1056,4,22.36,10.0,11.92,completed
O203002,1,2023-07-07,C51975,P1087,1,46.61,0.0,30.3,completed
O204056,1,2024-12-26,C52696,P1037,1,42.0,10.0,28.94,completed
O201309,1,"Aug 20, 2024",C50857,P1010,1,102.05,10.0,88.44,completed
O203620,1,2024-12-04,C52398,P1036,2,60.82,30.0,53.87,completed
O201611,1,2024-01-22,C51055,P1014,1,336.97,0.0,262.84,completed
O202094,1,2023-03-08,C51397,P1097,1,10.17,5.0,4.28,completed
O203268,1,11/12/2024,C52167,P1020,1,141.09,20.0,,completed
O201337,1,2023-12-08,C50880,P1089,1,62.88,20.0,51.09,completed
O202977,1,2024-07-09,C51959,P1018,1,106.98,0.0,83.44,completed
O202523,1,2024-02-27,C51678,P1066,1,47.32,0.0,22.71,completed
O205334,4,2024-11-26,C53627,P1037,3,32.67,30.0,28.94,completed
O200834,2,2024-10-20,C50563,P1087,3,46.61,0.0,30.3,completed
O202822,3,"Oct 31, 2023",C51881,P1059,2,22.43,0.0,10.77,completed
O204510,1,"Jun 28, 2024",C53021,P1070,1,30.38,0.0,14.58,
O203927,6,2024-07-12,C52608,P1112,1,27.63,0.0,15.47,completed
O200363,3,2024-03-05,C50265,P1054,2,25.81,,13.77,completed
O205791,4,2024-01-10,C53948,P1048,2,21.97,40.0,17.58,completed
O203829,1,14/10/2024,C52533,P1032,1,40.32,0.0,25.0,completed
O203229,2,2024-09-01,C52129,P1041,1,71.64,0.0,44.42,completed
O202503,1,2024-03-05,C51669,P1023,1,319.59,10.0,276.98,completed
O204057,2,"Dec 20, 2024",C52696,P1065,1,27.37,40.0,21.89,completed
O200033,1,01/12/2024,C50019,P1111,5,27.43,10.0,,completed
O203765,2,2024-12-08,C52496,P1015,4,187.54,20.0,182.85,completed
O205379,1,2024-12-13,C53657,P1102,3,24.45,20.0,12.22,completed
O205137,1,14/12/2024,C53482,P1008,1,106.63,30.0,118.82,completed
O203548,1,2024-06-08,C52359,P1088,2,60.76,0.0,39.49,completed
O204318,5,2023-08-11,C52874,P1080,1,43.26,15.0,33.09,completed
O203369,4,27/09/2024,C52224,P1029,1,57.69,5.0,37.65,completed
O201367,3,2023-01-08,C50894,P1100,3,8.86,30.0,5.06,completed
O200993,5,25/06/2023,C50676,P1041,1,680.6,5.0,44.42,returned
O200515,6,2024-05-24,C50372,P1026,1,37.29,10.0,25.69,completed
O200925,2,2024-04-29,C50624,P1090,1,77.14,0.0,50.14,completed
O201161,3,2023-11-02,C50774,P1049,1,44.95,0.0,21.58,completed
O203396,4,08/10/2023,C52238,P1117,2,23.43,15.0,15.43,completed
O200861,1,2023-07-29,C50581,P1030,1,61.28,0.0,37.99,completed
O200754,3,2024-08-06,C50516,P1019,1,279.18,5.0,229.22,completed
O203756,3,2023-01-27,C52489,P1089,1,70.74,10.0,51.09,completed
O203071,1,2023-03-28,C52019,P1025,2,39.88,0.0,24.73,completed
O200382,4,2024-06-06,C50277,P1084,1,48.91,0.0,31.79,completed
O202414,1,2024-12-11,C51605,P1107,1,8.7,30.0,4.97,completed
O203228,4,2024-08-07,C52129,P1068,2,26.9,0.0,12.91,completed
O202957,1,2024-07-17,C51950,P1111,5,25.91,15.0,17.07,completed
O205033,1,2024-12-04,C53401,P1015,1,187.54,20.0,182.85,completed
O202966,5,2023-08-25,C51954,P1088,-2,57.72,5.0,39.49,returned
O203211,4,2024-09-21,C52119,P1007,1,175.03,10.0,151.69,completed
O204129,1,2024-08-09,C52737,P1027,1,64.47,0.0,39.97,completed
O202326,1,26/10/2024,C51559,P1073,2,36.39,0.0,23.65,completed
O200762,1,2024-12-16,C50520,P1114,1,10.72,10.0,6.67,completed
O205818,1,2024-08-01,C53969,P1034,1,29.6,10.0,20.39,completed
O202713,1,"Jun 10, 2024",C51817,P1033,1,36.33,5.0,23.71,completed
O200448,1,2024-04-14,C50321,P1067,1,28.31,0.0,13.59,completed
O204542,1,2023-11-26,C53045,P1065,1,41.05,10.0,21.89,completed
O205102,3,30/06/2024,C53467,P1042,1,61.58,5.0,40.19,completed
O201557,3,2024-03-01,C51017,P1030,2,61.28,0.0,37.99,completed
O201061,2,2024-12-08,C50712,P1041,1,64.48,,44.42,completed
O204550,1,2023-07-05,C53054,P1029,1,60.73,0.0,37.65,completed
O202548,4,2024-12-22,C51693,P1097,4,10.71,0.0,4.28,completed
O205581,3,24/11/2024,C53806,P1085,3,25.01,20.0,20.32,completed
O205106,1,"Sep 01, 2024",C53471,P1105,2,12.51,0.0,5.0,completed
O204687,5,02/10/2024,C53154,P1067,2,28.31,0.0,13.59,completed
O205465,1,2024-12-21,C53713,P1024,2,166.5,0.0,129.87,completed
O205200,2,29/12/2024,C53527,P1088,3,60.76,0.0,39.49,completed
O201590,3,2024-11-05,C51044,P1098,1,12.2,0.0,4.88,completed
O205442,1,2024-12-16,C53697,P1112,1,19.34,30.0,15.47,completed
O203937,3,2024-02-10,C52613,P1103,1,15.76,0.0,6.3,completed
O204938,1,2024-08-31,C53333,P1015,1,234.42,0.0,182.85,completed
O204113,1,2024-02-28,C52732,P1015,4,234.42,0.0,182.85,completed
O201088,2,14/12/2024,C50731,P1034,4,26.31,20.0,20.39,completed
O201276,1,2024-11-29,C50835,P1114,3,9.53,20.0,6.67,completed
O204406,1,2024-04-10,C52946,P1015,2,234.42,0.0,182.85,completed
O204608,1,2023-12-01,C53090,P1048,2,29.3,20.0,17.58,completed
O201015,5,2024-12-03,C50697,P1027,1,51.58,20.0,39.97,completed
O203033,2,"Jul 12, 2023",C51996,P1006,1,84.14,5.0,69.08,completed
O202879,2,2024-05-30,C51908,P1015,1,234.42,0.0,182.85,completed
O205256,1,2023-12-09,C53571,P1002,1,71.62,30.0,79.8,completed
O204824,4,2024-12-15,C53253,P1075,1,45.68,30.0,42.42,completed
O202634,3,2024-01-21,C51766,P1030,2,612.8,0.0,37.99,completed
O201287,1,24/12/2024,C50840,P1084,2,48.91,0.0,31.79,returned
O200188,3,14/12/2024,C50137,P1077,1,38.16,20.0,31.01,completed
O204885,1,2023-12-08,C53295,P1003,2,191.73,30.0,213.64,completed
O202997,3,2023-12-07,C51967,P1092,2,15.72,10.0,6.99,completed
O201433,3,2024-11-30,C50945,P1015,2,187.54,20.0,182.85,completed
O205773,3,"Oct 22, 2024",C53940,P1034,-2,32.89,0.0,20.39,returned
O203918,1,25/11/2024,C52592,P1041,1,57.31,20.0,44.42,completed
O204090,1,2024-09-10,C52721,P1061,2,15.53,0.0,7.45,completed
O202756,1,2024-06-06,C51834,P1112,1,27.63,0.0,15.47,completed
O203638,1,2024-09-16,C52410,P1089,1,78.6,0.0,51.09,completed
O202066,3,2024-03-09,C51377,P1062,1,28.48,0.0,13.67,completed
O204020,2,2023-04-21,C52667,P1005,2,61.99,0.0,48.35,completed
O200860,1,29/12/2024,C50581,P1066,1,47.32,0.0,22.71,completed
O201998,1,2023-10-03,C51330,P1076,2,88.21,0.0,57.34,completed
O201754,3,06/12/2024,C51158,P1084,5,34.24,30.0,31.79,completed
O200914,1,2023-03-12,C50614,P1002,3,102.31,,79.8,completed
O203190,4,2024-08-22,C52102,P1029,2,51.62,15.0,37.65,completed
O205811,1,2023-08-09,C53964,P1117,1,27.56,0.0,15.43,completed
O203826,1,2024-07-18,C52533,P1115,1,25.43,0.0,14.24,completed
O205855,4,2024-05-24,C53988,P1092,4,17.47,0.0,6.99,completed
O205295,1,"Jul 20, 2024",C53599,P1101,1,15.62,0.0,6.25,completed
O205087,1,2024-12-20,C53450,P1015,4,210.98,10.0,182.85,completed
O202476,3,"Aug 28, 2024",C51646,P1075,1,65.26,0.0,42.42,completed
O202908,1,12/05/2024,C51921,P1109,1,373.40000000000003,,20.91,completed
O205486,3,2024-11-05,C53725,P1017,1,222.03,0.0,173.18,completed
O205199,2,2024-12-04,C53527,P1073,3,25.47,30.0,23.65,completed
O203262,1,2024-11-09,C52159,P1078,1,65.84,0.0,42.8,returned
O204075,2,2024-12-19,C52709,P1079,1,59.58,30.0,55.33,completed
O200031,1,2023-01-13,C50018,P1067,2,16.99,40.0,,completed
O201862,3,2024-11-28,C51224,P1119,1,49.18,10.0,30.6,completed
O201959,1,25/07/2023,C51301,P1015,1,234.42,0.0,182.85,completed
O202174,5,2024-11-23,C51447,P1042,3,51.86,20.0,40.19,completed
O202949,4,27/11/2024,C51945,P1101,1,12.5,20.0,6.25,completed
O204703,3,2024-11-05,C53162,P1017,2,210.93,5.0,173.18,completed
O200620,2,2024-09-10,C50436,P1008,1,129.48,15.0,118.82,completed
O200798,2,2024-12-19,C50540,P1077,2,33.39,30.0,31.01,completed
O202340,2,29/09/2023,C51567,P1067,1,28.31,0.0,13.59,completed
O204996,2,2023-11-20,C53377,P1032,3,40.32,0.0,25.0,completed
O204547,1,01/07/2023,C53050,P1068,2,26.9,0.0,12.91,completed
O201874,5,28/05/2024,C51230,P1110,2,10.34,0.0,,completed
O205312,3,2024-07-27,C53610,P1015,1,234.42,0.0,182.85,completed
O205287,1,2024-11-29,C53594,P1104,2,21.97,10.0,9.76,completed
O204547,4,2023-07-01,C53050,P1050,1,34.14,0.0,16.39,completed
O205813,2,2024-09-02,C53965,P1075,1,65.26,0.0,42.42,completed
O201267,2,2024-12-16,C50826,P1022,1,112.18,10.0,97.23,completed
O202837,2,23/11/2023,C51886,P1104,1,17.09,30.0,9.76,completed
O203749,3,"Nov 22, 2023",C52483,P1034,1,26.31,20.0,20.39,completed
O202921,2,2024-11-28,C51928,P1098,2,10.98,10.0,4.88,completed
O204331,2,"Dec 16, 2023",C52882,P1041,2,64.48,10.0,44.42,completed
O200473,3,2024-12-05,C50344,P1113,1,14.58,20.0,10.21,completed
O205703,2,2023-11-28,C53889,P1114,1,9.53,20.0,,completed
O201413,3,2024-04-13,C50928,P1069,2,48.72,0.0,23.39,completed
O200945,4,2024-03-07,C50635,P1037,5,46.67,0.0,28.94,completed
O200050,2,2024-12-29,C50030,P1012,3,278.05,0.0,216.88,completed
O204432,4,2023-10-07,C52961,P1112,1,27.63,0.0,15.47,completed
O203475,1,2023-11-25,C52306,P1017,3,133.22,40.0,173.18,completed
O201282,2,2024-11-24,C50839,P1080,1,40.72,20.0,33.09,completed
O204344,1,2023-07-12,C52895,P1118,-3,24.8,0.0,13.89,returned
O202429,2,2024-12-29,C51617,P1094,2,14.96,15.0,7.04,completed
O205337,1,2024-12-24,C53629,P1094,2,17.6,0.0,7.04,completed
O203998,2,2024-12-13,C52652,P1113,3,12.76,30.0,10.21,completed
O201358,1,2024-12-29,C50889,P1105,1,12.51,0.0,5.0,completed
O204723,2,2024-07-16,C53173,P1106,1,16.74,,6.7,completed
O202513,5,2023-06-28,C51671,P1067,2,26.89,5.0,13.59,completed
O205430,5,07/05/2023,C53689,P1017,1,210.93,5.0,173.18,completed
O203217,3,2023-08-02,C52126,P1067,1,28.31,0.0,13.59,completed
O205108,2,2024-12-24,C53471,P1045,1,52.37,0.0,32.47,completed
O203387,2,"Nov 27, 2024",C52233,P1104,1,19.53,20.0,9.76,completed
O204893,3,2024-03-28,C53302,P1060,2,48.64,5.0,24.58,completed
O202060,1,2024-12-29,C51374,P1060,2,51.2,0.0,24.58,completed
O203718,3,2024-04-13,C52461,P1034,2,32.89,0.0,20.39,completed
O202311,2,2024-01-15,C51553,P1017,1,177.62,20.0,173.18,completed
O202366,3,2024-06-02,C51575,P1079,2,85.12,0.0,55.33,completed
O203635,3,2024-07-04,C52408,P1039,1,32.71,0.0,20.28,completed
O205804,1,2024-10-31,C53960,P1107,1,11.81,5.0,4.97,
O200398,1,13/09/2024,C50288,P1111,3,30.48,0.0,17.07,completed
O200850,2,2024-03-03,C50574,P1118,3,24.8,0.0,13.89,completed
O200006,1,02/07/2023,C50003,P1047,1,49.02,0.0,23.53,completed
O200235,1,"Sep 27, 2024",C50162,P1026,1,41.43,0.0,25.69,completed
O205545,2,2024-01-05,C53772,P1050,1,27.31,20.0,16.39,completed
O203737,1,2024-01-27,C52475,P1097,3,10.71,0.0,4.28,completed
O202186,2,2024-03-08,C51458,P1078,1,65.84,0.0,42.8,completed
O201809,1,2024-11-27,C51202,P1029,1,48.58,20.0,37.65,completed
O203030,3,2023-10-15,C51996,P1066,1,44.95,,22.71,completed
O202222,1,2024-09-22,C51484,P1061,1,15.53,0.0,7.45,completed
O201091,3,2024-03-19,C50733,P1084,1,44.02,10.0,31.79,completed
O202254,1,2024-06-07,C51507,P1056,5,21.11,15.0,11.92,completed
O203028,5,"May 21, 2023",C51993,P1109,1,37.34,0.0,20.91,completed
O204472,5,09/05/2023,C52994,P1075,3,62.0,5.0,42.42,completed
O204560,2,"Apr 22, 2024",C53060,P1016,1,113.0,0.0,88.14,completed
O202678,2,26/06/2024,C51796,P1089,1,78.6,0.0,51.09,returned
O201096,1,"Dec 09, 2024",C50738,P1079,1,59.58,30.0,55.33,completed
O201334,2,01/09/2024,C50878,P1079,1,80.86,5.0,55.33,completed
O203015,2,18/05/2024,C51987,P1063,1,35.63,0.0,17.1,completed
O204764,3,26/03/2024,C53206,P1009,3,179.6,0.0,140.09,completed
O203685,1,2024-12-05,C52446,P1010,1,90.71,20.0,88.44,completed
O203698,4,2023-11-20,C52457,P1100,1,12.65,0.0,5.06,returned
O205175,1,2024-12-30,C53514,P1107,2,11.81,5.0,4.97,completed
O205695,4,2024-10-08,C53883,P1015,2,234.42,0.0,182.85,completed
O202400,2,2024-05-02,C51595,P1015,1,234.42,0.0,182.85,completed
O204739,1,2024-12-25,C53183,P1068,3,24.21,10.0,12.91,completed
O201651,2,2024-12-19,C51067,P1071,5,16.78,10.0,8.95,completed
O202456,2,"Dec 09, 2023",C51635,P1009,1,125.72,30.0,140.09,completed
O201593,5,26/01/2024,C51046,P1108,1,15.87,0.0,6.35,completed
O205451,1,2024-08-12,C53706,P1025,1,39.88,0.0,24.73,completed
O205650,4,2024-07-21,C53856,P1046,2,55.11,0.0,34.17,completed
O204777,3,2024-06-29,C53215,P1113,3,18.23,0.0,10.21,completed
O202475,3,2023-12-23,C51646,P1065,1,41.05,10.0,21.89,completed
O200108,3,2023-12-24,C50074,P1045,1,52.37,0.0,32.47,completed
O201631,2,2024-07-22,C51063,P1024,1,158.17,5.0,129.87,completed
O204806,5,05/09/2024,C53243,P1027,1,64.47,0.0,39.97,completed
O202262,4,2024-11-21,C51508,P1018,1,106.98,0.0,83.44,completed
O200049,3,2024-05-31,C50030,P1001,1,214.35,0.0,167.19,completed
O203260,1,2024-11-24,C52157,P1050,1,27.31,20.0,,completed
O204233,5,2024-12-10,C52813,P1091,1,14.23,40.0,9.49,completed
O201890,1,2023-05-11,C51246,P1055,1,26.8,0.0,12.86,completed
O202530,1,2024-11-26,C51687,P1003,1,219.12,20.0,213.64,completed
O202875,3,2024-01-06,C51907,P1015,5,210.98,10.0,182.85,completed
O205087,2,2024-12-20,C53450,P1066,3,37.86,20.0,22.71,completed
O203853,3,2024-08-06,C52553,P1015,1,234.42,0.0,182.85,completed
O201086,2,2023-01-08,C50730,P1120,1,13.06,40.0,12.19,completed
O202208,1,06/12/2024,C51476,P1117,1,24.8,10.0,15.43,completed
O205545,1,2024-01-05,C53772,P1032,1,28.22,30.0,25.0,completed
O200863,4,2024-06-14,C50581,P1099,1,21.33,0.0,8.53,completed
O202298,3,2024-10-31,C51541,P1032,2,40.32,0.0,25.0,completed
O203042,1,2023-07-22,C52002,P1110,2,10.34,0.0,5.79,completed
O205233,2,2024-04-14,C53550,P1022,1,124.65,0.0,97.23,completed
O203190,1,2024-08-22,C52102,P1024,2,141.52,15.0,129.87,completed
O204335,2,07/12/2024,C52888,P1056,1,19.87,20.0,11.92,completed
O203993,1,2023-12-26,C52649,P1015,1,234.42,0.0,182.85,completed
O205475,1,2024-06-01,C53715,P1079,1,85.12,0.0,55.33,completed
O201556,1,2024-04-18,C51016,P1037,3,42.0,10.0,28.94,completed
O204313,2,2024-09-27,C52872,P1114,4,11.91,0.0,6.67,completed
O200627,1,2024-05-25,C50442,P1008,1,152.33,0.0,118.82,completed
O203857,3,28/11/2024,C52554,P1045,1,31.42,40.0,32.47,completed
O201008,5,2024-11-09,C50692,P1018,1,101.63,5.0,83.44,completed
O204973,1,31/12/2024,C53351,P1108,3,14.28,10.0,6.35,completed
O204179,1,2024-04-26,C52769,P1112,3,27.63,0.0,15.47,completed
O200551,3,2024-06-28,C50399,P1078,1,59.26,10.0,42.8,completed
O201924,3,2024-12-09,C51273,P1001,5,171.48,20.0,167.19,completed
O201707,3,2024-11-26,C51110,P1014,1,235.88,30.0,262.84,completed
O205078,1,2024-05-12,C53437,P1064,1,43.11,0.0,20.69,completed
O203179,1,2023-05-03,C52097,P1020,2,176.36,0.0,137.56,completed
O200684,2,2023-10-02,C50478,P1030,1,61.28,0.0,37.99,completed
O202200,1,2024-12-25,C51469,P1062,1,28.48,0.0,13.67,completed
O202348,6,2024-11-30,C51570,P1040,1,47.87,30.0,42.4,completed
O201908,2,2024-07-25,C51261,P1059,1,22.43,0.0,10.77,completed
O200051,1,05/09/2024,C50032,P1092,3,14.85,15.0,6.99,completed
O205442,2,"Dec 16, 2024",C53697,P1102,1,27.5,10.0,12.22,completed
O205509,3,2024-03-25,C53748,P1037,1,42.0,10.0,28.94,completed
O201370,4,"Nov 29, 2024",C50898,P1038,3,22.72,30.0,20.13,completed
O202537,3,2024-11-15,C51688,P1034,1,32.89,0.0,20.39,completed
O205446,1,2023-11-26,C53703,P1078,1,52.67,20.0,,completed
O203371,1,"Oct 04, 2023",C52225,P1047,1,49.02,0.0,23.53,completed
O201964,1,2024-11-29,C51305,P1074,1,55.52,30.0,51.56,completed
O203887,4,2024-09-20,C52568,P1060,2,51.2,0.0,24.58,completed
O205338,5,22/05/2023,C53629,P1075,1,65.26,0.0,42.42,completed
O201500,1,2024-08-23,C50982,P1053,3,17.19,0.0,8.25,returned
O204635,5,2023-11-14,C53111,P1010,1,113.39,0.0,88.44,
O205333,4,2024-11-12,C53627,P1114,2,10.12,15.0,6.67,completed
O204427,1,2024-09-28,C52956,P1082,1,41.93,0.0,27.25,completed
O205356,1,2024-11-27,C53639,P1066,1,42.59,10.0,22.71,completed
O202966,2,2023-08-25,C51954,P1087,1,46.61,0.0,30.3,completed
O202464,2,2024-10-26,C51641,P1041,1,71.64,0.0,44.42,completed
O204755,1,2024-03-18,C53199,P1085,3,31.26,0.0,20.32,completed
O203362,2,2024-06-29,C52220,P1013,1,169.18,10.0,146.62,completed
O203184,2,"Oct 23, 2024",C52099,P1097,2,10.71,0.0,4.28,completed
O204439,1,2024-05-01,C52965,P1044,1,55.48,0.0,34.4,completed
O203919,2,2024-09-06,C52595,P1032,1,40.32,0.0,25.0,completed
O202322,1,2024-01-28,C51556,P1091,1,23.72,0.0,9.49,completed
O202541,1,2024-03-08,C51691,P1119,1,54.65,0.0,30.6,completed
O204402,1,2023-04-24,C52945,P1074,2,79.32,0.0,51.56,completed
O202038,5,2024-01-04,C51361,P1114,2,9.53,20.0,6.67,completed
O203725,1,2024-04-19,C52465,P1090,1,77.14,0.0,50.14,completed
O203678,2,"May 24, 2023",C52442,P1012,1,278.05,0.0,216.88,returned
O205750,1,"Dec 29, 2024",C53928,P1054,1,286.8,0.0,13.77,completed
O204704,2,24/12/2024,C53162,P1067,1,28.31,0.0,13.59,completed
O205622,1,10/11/2024,C53834,P1003,3,246.51,10.0,213.64,completed
O204542,3,2023-11-26,C53045,P1078,1,39.5,40.0,42.8,completed
O203219,1,08/04/2024,C52127,P1085,1,31.26,0.0,20.32,completed
O204513,2,2024-12-07,C53023,P1114,1,9.53,20.0,6.67,completed
O204474,2,2024-12-26,C52997,P1015,1,234.42,0.0,182.85,completed
O204102,3,2024-06-14,C52726,P1062,3,28.48,0.0,13.67,completed
O203120,2,2024-05-31,C52057,P1037,1,39.67,15.0,28.94,completed
O203141,1,2024-01-13,C52070,P1111,2,24.38,20.0,17.07,completed
O204706,3,2024-05-04,C53164,P1088,2,60.76,0.0,39.49,completed
O200011,3,23/09/2023,C50004,P1114,2,11.91,0.0,6.67,completed
O201758,1,07/12/2024,C51162,P1044,1,49.93,10.0,34.4,completed
O204686,1,21/06/2023,C53149,P1035,3,60.5,10.0,41.68,completed
O200021,2,21/04/2024,C50014,P1015,1,234.42,0.0,182.85,completed
O202193,3,2024-12-30,C51464,P1109,2,37.34,0.0,20.91,completed
O202015,2,2024-07-01,C51342,P1045,2,44.51,15.0,32.47,completed
O203082,2,2024-01-15,C52027,P1096,1,9.17,10.0,4.08,completed
O205045,2,2024-06-21,C53404,P1088,1,60.76,0.0,39.49,completed
O205143,3,2024-09-08,C53492,P1043,2,35.42,0.0,21.96,completed
O200306,1,2024-04-13,C50221,P1015,1,210.98,10.0,182.85,completed
O203346,1,2024-12-15,C52209,P1015,1,210.98,10.0,182.85,completed
O203439,1,23/08/2024,C52284,P1112,1,27.63,0.0,15.47,completed
O200893,1,2024-09-08,C50599,P1014,1,336.97,0.0,262.84,completed
O204123,1,2024-08-19,C52734,P1032,5,40.32,0.0,25.0,completed
O203909,5,2024-12-20,C52580,P1015,1,210.98,10.0,182.85,completed
O202542,2,2023-08-10,C51691,P1032,1,34.27,15.0,25.0,completed
O203975,1,2023-04-05,C52642,P1062,1,27.06,5.0,13.67,completed
O202233,1,2024-09-15,C51494,P1072,1,19.89,0.0,9.55,completed
O203497,5,2024-08-19,C52324,P1111,1,25.91,15.0,17.07,completed
O202463,1,2024-03-06,C51640,P1097,1,10.71,0.0,4.28,completed
O204332,2,2024-06-20,C52886,P1062,1,28.48,0.0,13.67,completed
O201505,2,08/01/2024,C50983,P1096,1,9.17,10.0,4.08,returned
O201787,1,2024-09-02,C51184,P1014,4,336.97,0.0,262.84,completed
O205397,1,09/10/2024,C53669,P1023,4,355.1,0.0,276.98,completed
O204236,2,2024-07-17,C52813,P1033,4,36.33,5.0,23.71,completed
O202572,3,2024-11-30,C51717,P1114,2,8.34,30.0,6.67,completed
O203697,1,26/11/2023,C52457,P1114,1,10.72,10.0,6.67,completed
O200642,1,24/04/2024,C50452,P1005,1,55.79,10.0,48.35,completed
O204414,4,2024-06-22,C52952,P1005,1,61.99,0.0,48.35,completed
O203760,4,03/04/2024,C52490,P1037,1,46.67,0.0,28.94,completed
O203659,2,2024-02-23,C52426,P1020,1,167.54,5.0,137.56,completed
O204050,1,2023-09-06,C52692,P1055,1,26.8,0.0,12.86,completed
O200802,1,"Dec 23, 2024",C50540,P1012,1,236.34,15.0,216.88,completed
O205398,1,2023-12-01,C53671,P1059,3,20.19,10.0,10.77,completed
O205564,2,2023-12-08,C53789,P1114,4,10.72,10.0,6.67,completed
O200264,1,2024-10-06,C50193,P1034,1,32.89,0.0,,completed
O204136,2,12/08/2023,C52740,P1059,1,22.43,0.0,10.77,completed
O200388,1,2024-01-04,C50280,P1075,3,52.21,20.0,42.42,completed
O204812,4,2024-01-06,C53244,P1012,2,194.64,30.0,216.88,completed
O200518,1,2024-12-27,C50376,P1097,1,10.17,5.0,4.28,completed
O205667,2,2024-11-24,C53862,P1052,1,35.2,20.0,21.12,completed
O202221,1,2023-08-31,C51484,P1007,1,194.48,0.0,151.69,completed
O203936,1,2024-02-05,C52613,P1017,1,222.03,0.0,173.18,completed
O204397,1,30/12/2023,C52944,P1017,1,222.03,0.0,173.18,completed
O201290,1,2024-11-29,C50842,P1112,1,22.1,20.0,15.47,completed
O204195,1,2024-11-30,C52779,P1028,2,41.52,30.0,36.77,completed
O201418,2,2024-07-21,C50932,P1115,1,22.89,10.0,14.24,completed
O205357,3,2024-12-28,C53640,P1118,1,24.8,0.0,13.89,completed
O200463,4,"Apr 28, 2024",C50331,P1013,1,169.18,10.0,146.62,completed
O200105,1,02/06/2024,C50073,P1053,1,17.19,0.0,8.25,completed
O200156,2,30/11/2024,C50116,P1015,3,140.65,40.0,182.85,completed
O205223,3,2024-09-15,C53546,P1088,4,60.76,0.0,39.49,completed
O201707,2,2024-11-26,C51110,P1002,1,92.08,10.0,79.8,completed
O203026,2,20/12/2024,C51991,P1084,1,39.13,20.0,,completed
O203096,2,2023-01-19,C52041,P1021,1,163.75,0.0,127.73,returned
O200712,2,2024-05-31,C50495,P1120,1,19.59,10.0,12.19,completed
O205391,3,2024-02-11,C53666,P1063,2,35.63,0.0,17.1,completed
O203124,1,25/11/2024,C52060,P1003,1,191.73,30.0,213.64,completed
O202841,1,2024-03-22,C51890,P1090,1,73.28,,50.14,completed
O204785,3,2024-07-18,C53222,P1034,1,32.89,0.0,20.39,completed
O200211,2,2024-01-10,C50148,P1114,1,9.53,20.0,6.67,completed
O200611,3,2024-11-24,C50432,P1030,1,49.02,20.0,37.99,completed
O205862,2,2023-05-10,C53992,P1093,2,15.34,0.0,6.14,completed
O202085,1,2024-10-20,C51391,P1101,1,15.62,0.0,6.25,completed
O203333,1,2024-08-13,C52203,P1028,1,59.31,0.0,36.77,completed
O200093,3,2023-05-28,C50065,P1078,4,65.84,0.0,42.8,completed
O202954,1,2024-11-28,C51950,P1015,3,187.54,20.0,182.85,completed
O200236,1,2024-11-26,C50169,P1070,1,24.3,20.0,14.58,completed
O205613,5,2024-08-12,C53826,P1044,4,55.48,0.0,34.4,returned
O203530,1,10/11/2024,C52348,P1088,1,60.76,0.0,39.49,completed
O204426,1,27/12/2024,C52956,P1010,2,113.39,0.0,88.44,completed
O202281,1,10/11/2023,C51520,P1075,1,58.73,10.0,42.42,completed
O203643,2,2024-09-07,C52413,P1089,2,78.6,0.0,51.09,completed
O201394,2,2024-11-16,C50918,P1058,1,64.89,0.0,31.15,completed
O201955,1,2023-03-12,C51298,P1065,1,45.61,0.0,21.89,completed
O203995,2,2023-05-08,C52651,P1087,3,46.61,,30.3,completed
O204944,2,2024-06-07,C53335,P1015,1,210.98,10.0,182.85,completed
O204473,5,2024-11-27,C52996,P1050,2,30.73,10.0,16.39,completed
O200242,1,2024-12-16,C50175,P1102,1,21.39,30.0,12.22,completed
O201350,3,31/12/2024,C50885,P1067,1,28.31,0.0,13.59,completed
O205655,3,2024-11-28,C53860,P1020,1,158.72,10.0,137.56,completed
O205766,1,2024-12-06,C53934,P1010,1,79.37,30.0,88.44,completed
O205310,1,24/05/2024,C53609,P1040,4,68.39,0.0,42.4,completed
O201712,1,2023-10-08,C51117,P1071,3,17.72,5.0,8.95,completed
O201892,3,2024-10-28,C51248,P1084,4,48.91,0.0,31.79,completed
O204746,2,2023-05-06,C53189,P1031,1,129.74,10.0,89.37,completed
O202880,1,2024-10-24,C51908,P1005,2,61.99,0.0,48.35,completed
O202906,4,2024-07-07,C51921,P1004,2,304.09,0.0,237.19,completed
O202727,1,2023-11-25,C51825,P1004,2,243.27,20.0,237.19,completed
O205029,2,2023-01-13,C53399,P1095,1,6.48,30.0,3.7,completed
O201941,2,2024-03-07,C51284,P1114,1,11.91,0.0,6.67,completed
O200553,3,2024-02-02,C50400,P1017,1,222.03,0.0,173.18,completed
O200721,1,2023-12-03,C50499,P1105,1,10.01,20.0,5.0,completed
O200138,3,2023-11-04,C50096,P1034,1,32.89,0.0,20.39,completed
O200632,2,2024-11-28,C50447,P1051,1,30.18,20.0,18.11,completed
O203684,1,2024-12-22,C52446,P1089,4,78.6,0.0,51.09,completed
O201212,1,2023-12-19,C50794,P1096,2,7.13,30.0,4.08,completed
O203602,2,2024-08-16,C52389,P1098,-2,12.2,0.0,4.88,returned
O205302,2,15/06/2024,C53607,P1045,1,49.75,,32.47,completed
O202553,1,2024-12-18,C51703,P1078,4,52.67,20.0,42.8,completed
O200371,1,"Jul 26, 2024",C50268,P1012,1,250.24,10.0,216.88,completed
O200794,1,2024-06-02,C50539,P1013,1,187.98,0.0,146.62,completed
O205581,2,2024-11-24,C53806,P1033,2,22.94,40.0,23.71,completed
O202237,1,2024-11-25,C51499,P1005,2,55.79,10.0,48.35,completed
O200526,5,2023-09-08,C50381,P1015,1,234.42,0.0,182.85,completed
O200214,2,2024-03-31,C50148,P1016,3,113.0,0.0,88.14,completed
O203127,3,2024-10-29,C52061,P1042,1,64.82,0.0,40.19,returned
O205402,3,2023-11-24,C53675,P1058,2,38.93,40.0,31.15,completed
O204836,3,2023-10-20,C53261,P1047,1,49.02,0.0,23.53,completed
O200042,1,2024-05-08,C50028,P1073,1,34.57,5.0,23.65,completed
O202510,4,2023-11-01,C51671,P1018,1,106.98,0.0,83.44,completed
O205338,4,22/05/2023,C53629,P1006,2,75.28,15.0,69.08,completed
O202145,3,"Nov 26, 2024",C51430,P1074,3,55.52,30.0,51.56,completed
O204186,1,14/06/2023,C52773,P1061,2,15.53,0.0,7.45,completed
O200245,1,2024-11-23,C50179,P1004,1,273.68,10.0,237.19,completed
O204180,1,15/10/2023,C52770,P1075,1,65.26,0.0,42.42,completed
O203176,1,2023-03-21,C52095,P1037,4,42.0,10.0,28.94,completed
O201040,3,2023-05-20,C50708,P1069,2,48.72,0.0,23.39,completed
O205731,2,2024-10-06,C53905,P1096,1,10.19,0.0,4.08,completed
O204841,1,2024-09-11,C53263,P1053,1,15.47,10.0,8.25,completed
O203221,1,2024-11-04,C52127,P1015,1,234.42,0.0,182.85,completed
O201617,3,2024-05-09,C51058,P1032,1,34.27,15.0,25.0,completed
O205602,3,2024-05-24,C53820,P1043,1,35.42,0.0,21.96,completed
O203491,6,2024-05-22,C52320,P1020,1,176.36,,137.56,completed
O201633,3,"Aug 07, 2024",C51063,P1032,1,40.32,0.0,25.0,completed
O201002,6,2024-05-16,C50689,P1082,4,39.83,5.0,27.25,completed
O204931,4,2024-08-25,C53327,P1112,1,27.63,0.0,15.47,completed
O202669,2,"Jun 21, 2023",C51790,P1061,1,15.53,0.0,7.45,completed
O201343,1,2024-11-23,C50880,P1053,1,15.47,10.0,8.25,completed
O202802,2,24/05/2024,C51872,P1089,1,78.6,0.0,51.09,completed
O201273,2,"Sep 02, 2024",C50831,P1059,1,19.07,15.0,10.77,completed
O203132,1,2023-09-21,C52063,P1118,1,24.8,0.0,13.89,completed
O205298,1,2024-11-26,C53602,P1028,5,47.45,20.0,36.77,completed
O203225,2,2024-02-23,C52129,P1038,2,32.46,0.0,20.13,completed
O203782,1,08/11/2024,C52508,P1023,1,355.1,0.0,276.98,completed
O203091,2,27/01/2024,C52036,P1001,1,214.35,0.0,167.19,completed
O203865,2,2023-09-23,C52560,P1091,1,23.72,0.0,9.49,completed
O204660,1,"Feb 24, 2024",C53130,P1101,1,15.62,0.0,6.25,completed
O201316,2,2023-06-16,C50862,P1055,1,25.46,5.0,12.86,completed
O201563,3,2024-11-26,C51020,P1005,1,49.59,20.0,48.35,completed
O202087,3,25/06/2023,C51391,P1100,1,12.65,0.0,5.06,completed
O202382,5,2023-10-15,C51582,P1071,1,18.65,0.0,8.95,completed
O204542,2,2023-11-26,C53045,P1052,1,26.4,40.0,21.12,completed
O204681,1,2024-09-28,C53149,P1069,1,46.28,5.0,23.39,completed
O202382,3,2023-10-15,C51582,P1029,1,60.73,0.0,37.65,completed
O204119,2,2024-04-03,C52732,P1090,1,77.14,0.0,50.14,completed
O201111,3,2024-04-29,C50746,P1038,3,30.84,,20.13,completed
O204767,1,2024-05-31,C53207,P1008,1,152.33,0.0,118.82,completed
O202635,2,2024-06-24,C51766,P1054,2,25.81,10.0,13.77,completed
O202762,1,"Aug 14, 2024",C51838,P1037,1,44.34,5.0,28.94,completed
O205864,1,"Dec 02, 2024",C53996,P1061,3,10.87,30.0,7.45,completed
O205615,1,2024-07-08,C53827,P1065,1,45.61,0.0,21.89,completed
O201610,1,2024-12-01,C51053,P1015,1,210.98,10.0,182.85,completed
O205508,1,2024-12-14,C53746,P1078,1,52.67,20.0,42.8,completed
O200508,3,2024-10-09,C50366,P1044,1,55.48,0.0,34.4,completed
O203845,2,"Oct 29, 2024",C52547,P1019,2,293.87,0.0,229.22,completed
O204487,1,2024-11-15,C53000,P1102,3,30.56,0.0,12.22,completed
O200047,3,2024-11-20,C50028,P1030,1,58.22,5.0,37.99,completed
O204797,2,"Oct 09, 2023",C53230,P1015,1,234.42,0.0,182.85,completed
O204354,2,2023-06-06,C52905,P1114,1,11.91,0.0,6.67,completed
O204389,1,2023-04-14,C52940,P1024,-2,166.5,0.0,129.87,returned
O201941,4,2024-03-07,C51284,P1036,1,86.88,0.0,53.87,completed
O201207,2,2024-11-23,C50792,P1085,1,28.13,10.0,20.32,completed
O204805,1,04/08/2024,C53243,P1074,2,79.32,,51.56,completed
O200902,2,2023-01-13,C50610,P1023,1,248.57,30.0,276.98,completed
O202888,1,2024-08-03,C51910,P1021,1,147.38,10.0,127.73,completed
O203051,3,03/12/2023,C52009,P1119,2,49.18,10.0,30.6,completed
O200757,3,2024-04-13,C50516,P1025,2,33.9,15.0,24.73,completed
O200338,1,"Oct 09, 2024",C50250,P1098,3,10.37,15.0,4.88,completed
O203299,1,23/08/2024,C52182,P1065,1,45.61,0.0,21.89,completed
O200974,2,2024-06-18,C50657,P1100,1,12.65,0.0,5.06,completed
O205420,3,2024-10-06,C53687,P1046,1,55.11,0.0,34.17,
O200020,3,2024-09-26,C50012,P1015,1,210.98,10.0,182.85,completed
O200547,2,04/12/2024,C50395,P1090,3,69.43,10.0,50.14,completed
O201331,1,2024-08-21,C50876,P1099,2,21.33,0.0,,completed
O201540,4,2024-05-12,C51003,P1068,1,26.9,0.0,12.91,completed
O205675,3,2024-05-30,C53868,P1037,1,46.67,0.0,28.94,completed
O201124,1,2024-12-31,C50754,P1100,1,10.75,15.0,5.06,completed
O204675,2,2024-11-25,C53143,P1023,3,319.59,10.0,276.98,completed
O200429,2,2024-01-01,C50311,P1068,3,18.83,30.0,12.91,completed
O203335,3,09/05/2024,C52206,P1049,2,44.95,0.0,21.58,completed
O202705,1,2023-11-22,C51813,P1110,1,7.24,30.0,5.79,completed
O201026,5,2023-07-10,C50700,P1046,1,55.11,0.0,34.17,completed
O200436,2,26/08/2024,C50315,P1054,2,28.68,0.0,13.77,completed
O204333,1,2023-11-24,C52886,P1032,1,36.29,10.0,25.0,completed
O200029,4,"May 04, 2024",C50016,P1112,1,27.63,0.0,15.47,completed
O200211,1,2024-01-10,C50148,P1114,2,7.15,40.0,6.67,completed
O205169,1,2024-09-07,C53509,P1004,1,304.09,0.0,237.19,completed
O204503,2,12/09/2023,C53016,P1081,2,77.57,0.0,50.42,completed
O200092,2,2024-12-11,C50065,P1090,2,61.71,20.0,50.14,completed
O200280,1,2024-12-20,C50202,P1045,3,36.66,30.0,32.47,completed
O202292,2,2023-02-12,C51534,P1071,1,15.85,15.0,8.95,completed
O200584,1,2024-12-06,C50417,P1106,1,11.72,30.0,6.7,completed
O200567,1,2023-08-08,C50405,P1050,1,34.14,0.0,16.39,completed
O202127,2,2024-08-20,C51423,P1036,1,86.88,0.0,53.87,completed
O201488,4,2024-10-02,C50978,P1013,1,187.98,0.0,146.62,completed
O205463,5,2024-12-01,C53713,P1056,1,19.87,20.0,11.92,completed
O204587,4,2024-01-07,C53077,P1065,1,36.49,20.0,21.89,completed
O205115,2,2024-12-08,C53472,P1024,2,133.2,20.0,129.87,completed
O204481,1,2024-11-25,C52998,P1112,2,24.87,10.0,15.47,completed
O202097,1,2023-09-23,C51398,P1025,1,39.88,0.0,24.73,completed
O203456,6,2023-11-30,C52291,P1017,4,133.22,40.0,173.18,completed
O202290,6,2024-12-20,C51530,P1061,1,10.87,30.0,7.45,returned
O205711,5,2024-11-16,C53893,P1015,1,234.42,0.0,182.85,completed
O204290,1,"Jul 07, 2023",C52855,P1098,2,10.98,10.0,4.88,completed
O204770,1,05/09/2024,C53208,P1117,1,27.56,0.0,15.43,completed
O205745,4,2023-08-09,C53919,P1057,2,27.8,5.0,14.04,completed
O202120,1,"Dec 02, 2024",C51419,P1015,1,210.98,10.0,182.85,completed
O203955,2,2024-05-04,C52626,P1019,-2,293.87,0.0,229.22,returned
O205423,1,2023-10-01,C53688,P1015,4,234.42,0.0,182.85,completed
O201836,1,2023-07-22,C51212,P1054,1,27.25,5.0,13.77,completed
O205482,3,16/10/2023,C53723,P1061,1,15.53,0.0,7.45,completed
O203568,3,2024-10-21,C52366,P1056,2,21.11,15.0,11.92,completed
O203109,1,"Jun 02, 2024",C52049,P1034,1,29.6,10.0,20.39,completed
O200030,1,2023-02-19,C50018,P1097,4,10.71,0.0,4.28,completed
O203835,2,2024-12-21,C52536,P1015,3,234.42,0.0,182.85,completed
O203549,1,2024-11-04,C52359,P1091,1,22.53,5.0,9.49,completed
O204520,3,2024-12-15,C53030,P1042,1,45.37,30.0,40.19,completed
O204421,2,2024-09-26,C52956,P1015,1,199.26,15.0,182.85,completed
O202925,2,2024-01-31,C51932,P1041,2,68.06,5.0,44.42,completed
O202964,1,2023-09-27,C51954,P1048,2,36.62,0.0,17.58,completed
O202155,1,2024-07-10,C51435,P1114,1,11.31,5.0,6.67,completed
O205248,6,2024-03-07,C53558,P1106,3,16.74,0.0,6.7,completed
O201579,1,2023-09-13,C51038,P1027,1,64.47,0.0,39.97,completed
O203193,1,2023-09-03,C52105,P1114,1,10.72,10.0,6.67,completed
O200565,3,2024-10-18,C50404,P1091,2,23.72,0.0,9.49,
O204722,1,"Dec 10, 2024",C53173,P1027,5,45.13,30.0,39.97,completed
O202027,2,2024-12-15,C51348,P1118,3,17.36,30.0,13.89,completed
O201227,1,2024-06-11,C50803,P1035,2,67.22,0.0,41.68,completed
O205506,1,2024-12-20,C53746,P1054,3,17.21,40.0,13.77,completed
O200971,3,2024-12-14,C50655,P1029,1,42.51,30.0,37.65,completed
O202952,3,13/06/2024,C51948,P1020,1,176.36,0.0,137.56,completed
O201479,1,06/03/2024,C50971,P1089,3,66.81,15.0,51.09,completed
O205585,2,2024-12-13,C53810,P1117,1,19.29,30.0,15.43,completed
O202116,2,09/02/2023,C51415,P1030,2,61.28,0.0,37.99,completed
O203982,1,20/09/2024,C52645,P1113,1,18.23,0.0,10.21,completed
O202602,2,27/10/2024,C51741,P1084,1,48.91,0.0,31.79,completed
O200808,1,2024-10-03,C50542,P1025,1,35.89,10.0,24.73,completed
O200368,1,2024-06-21,C50268,P1120,1,21.77,0.0,12.19,completed
O204071,1,2024-12-22,C52707,P1087,1,46.61,0.0,30.3,completed
O201325,1,2024-11-24,C50866,P1090,2,54.0,30.0,50.14,completed
O200243,1,2023-05-13,C50177,P1080,1,48.36,5.0,33.09,completed
O204709,2,2024-03-10,C53166,P1100,1,12.65,0.0,5.06,completed
O200926,1,16/05/2024,C50624,P1108,1,14.28,10.0,6.35,completed
O201270,1,2023-11-22,C50828,P1075,1,52.21,20.0,42.42,completed
O202856,4,2024-11-25,C51899,P1098,2,9.76,20.0,4.88,completed
O204890,1,"Jan 17, 2023",C53300,P1079,1,80.86,5.0,55.33,completed
O204488,2,2024-09-17,C53001,P1046,1,52.35,,34.17,completed
O202025,1,2024-05-31,C51347,P1032,1,38.3,5.0,25.0,completed
O200297,4,27/08/2024,C50211,P1106,1,15.07,10.0,6.7,completed
O205034,1,2024-12-07,C53401,P1093,2,9.2,40.0,6.14,completed
O201842,2,2024-09-11,C51216,P1029,4,54.66,10.0,37.65,completed
O201106,1,2024-08-02,C50745,P1097,1,9.64,10.0,4.28,completed
O200905,4,01/01/2023,C50610,P1078,3,39.5,40.0,42.8,completed
O204640,2,2024-05-06,C53115,P1013,2,187.98,0.0,146.62,completed
O200872,2,27/09/2024,C50584,P1015,2,234.42,0.0,182.85,completed
O200204,3,23/11/2024,C50142,P1034,1,26.31,20.0,20.39,completed
O202583,2,2024-03-13,C51724,P1032,1,40.32,,25.0,completed
O204220,1,2023-06-06,C52799,P1029,1,60.73,0.0,37.65,completed
O200995,3,2023-11-23,C50680,P1050,1,30.73,10.0,16.39,completed
O200528,1,2024-09-03,C50383,P1117,1,27.56,,15.43,completed
O201838,1,2024-12-16,C51214,P1040,1,54.71,20.0,42.4,completed
O205689,2,2024-10-03,C53878,P1037,2,46.67,0.0,28.94,completed
O200749,1,2024-11-25,C50513,P1082,4,33.54,20.0,27.25,completed
O205551,1,2024-01-30,C53778,P1088,5,60.76,0.0,39.49,completed
O204192,1,17/11/2024,C52777,P1067,3,28.31,0.0,13.59,completed
O205653,1,2024-01-08,C53859,P1039,2,26.17,20.0,20.28,completed
O202095,3,10/07/2024,C51397,P1062,1,28.48,0.0,13.67,completed
O203627,3,2024-11-29,C52404,P1008,1,106.63,30.0,,completed
O203024,4,2024-11-22,C51991,P1080,1,35.63,30.0,33.09,completed
O205323,1,30/06/2024,C53617,P1061,4,15.53,0.0,7.45,completed
O203891,2,18/05/2024,C52571,P1025,2,39.88,0.0,24.73,completed
O200567,2,08/08/2023,C50405,P1005,2,61.99,0.0,48.35,
O204442,1,2023-08-21,C52970,P1074,1,79.32,0.0,51.56,completed
O201054,3,2024-11-15,C50710,P1007,2,165.31,15.0,151.69,completed
O204910,1,2024-11-23,C53312,P1036,3,78.19,10.0,53.87,completed
O200025,2,2024-12-21,C50015,P1015,3,234.42,0.0,182.85,completed
O205695,5,2024-10-08,C53883,P1040,2,64.97,5.0,42.4,completed
O200156,1,30/11/2024,C50116,P1046,2,49.6,10.0,34.17,completed
O203330,1,2024-02-06,C52201,P1052,2,44.0,0.0,21.12,completed
O201931,1,2024-05-16,C51276,P1068,1,26.9,0.0,12.91,completed
O202877,3,16/11/2024,C51907,P1007,1,184.76,5.0,151.69,completed
O205111,1,02/11/2024,C53472,P1086,4,78.87,0.0,51.27,completed
O203322,1,2024-11-30,C52187,P1015,1,164.09,30.0,182.85,completed
O202966,4,25/08/2023,C51954,P1112,1,24.87,10.0,15.47,completed
O204548,2,"May 08, 2024",C53052,P1040,1,68.39,0.0,42.4,completed
O203110,2,2023-11-27,C52050,P1071,2,11.19,40.0,8.95,completed
O203990,5,2024-12-28,C52647,P1107,1,11.81,5.0,4.97,completed
O203924,1,2023-11-14,C52603,P1008,1,152.33,0.0,118.82,completed
O201548,2,2024-06-30,C51012,P1095,1,9.25,0.0,3.7,completed
O202505,2,2024-07-07,C51669,P1091,3,23.72,0.0,9.49,completed
O205296,1,2024-12-05,C53600,P1034,1,26.31,20.0,20.39,completed
O201757,2,2024-08-19,C51161,P1046,2,55.11,0.0,34.17,completed
O205840,3,2024-12-14,C53983,P1092,1,15.72,10.0,6.99,completed
O203377,2,2024-10-15,C52227,P1011,1,279.33,5.0,229.34,completed
O200513,2,2024-03-06,C50370,P1118,1,24.8,0.0,13.89,completed
O202010,2,2024-06-16,C51338,P1071,3,18.65,0.0,8.95,completed
O201008,2,2024-11-09,C50692,P1022,1,105.95,15.0,97.23,completed
O202329,4,2024-10-04,C51562,P1016,2,113.0,0.0,88.14,completed
O200578,1,09/11/2024,C50414,P1067,2,26.89,5.0,13.59,returned
O204769,4,11/02/2023,C53208,P1017,1,210.93,5.0,173.18,completed
O203313,1,2024-08-29,C52185,P1118,1,24.8,0.0,13.89,completed
O204784,2,2024-08-03,C53221,P1017,1,210.93,5.0,173.18,completed
O202449,2,19/10/2024,C51630,P1112,1,27.63,0.0,15.47,completed
O205684,2,07/06/2024,C53871,P1059,2,20.19,10.0,10.77,completed
O202954,3,2024-11-28,C51950,P1008,1,121.86,20.0,118.82,completed
O202819,1,2024-01-15,C51876,P1059,1,17.94,20.0,10.77,completed
O204356,1,2024-06-13,C52907,P1047,2,49.02,0.0,23.53,completed
O203566,3,2024-04-01,C52364,P1075,2,55.47,15.0,42.42,completed
O203096,1,"Jan 19, 2023",C52041,P1041,1,64.48,10.0,44.42,completed
O203853,1,06/08/2024,C52553,P1088,5,60.76,0.0,39.49,completed
O200002,1,"Jun 11, 2024",C50003,P1072,1,19.89,0.0,9.55,completed
O200360,2,2023-06-30,C50265,P1029,1,60.73,0.0,37.65,completed
O201082,2,2023-09-22,C50728,P1031,1,144.15,0.0,89.37,completed
O203970,5,2024-12-24,C52639,P1008,2,144.71,5.0,118.82,completed
O203207,1,2024-12-23,C52114,P1059,4,22.43,0.0,10.77,completed
O204703,2,2024-11-05,C53162,P1112,1,27.63,0.0,15.47,completed
O201289,2,2024-12-13,C50840,P1025,1,27.92,30.0,24.73,completed
O204987,1,2024-05-23,C53371,P1114,1,11.91,0.0,6.67,completed
O205696,1,2024-08-25,C53884,P1032,3,40.32,0.0,25.0,completed
O204467,3,10/12/2023,C52987,P1034,1,23.02,30.0,20.39,completed
O201828,1,20/12/2024,C51209,P1114,1,7.15,40.0,6.67,completed
O201362,2,2024-07-07,C50892,P1095,1,9.25,0.0,3.7,completed
O203906,2,2024-12-20,C52580,P1110,1,6.2,40.0,5.79,completed
O203228,3,2024-08-07,C52129,P1015,-4,234.42,0.0,182.85,returned
O200005,2,2023-12-28,C50003,P1050,1,34.14,0.0,16.39,completed
O202737,3,2024-08-26,C51826,P1094,3,17.6,0.0,7.04,completed
O200282,2,2024-12-23,C50202,P1089,2,74.67,5.0,51.09,completed
O205614,2,"May 27, 2024",C53827,P1094,1,17.6,0.0,7.04,completed
O203852,3,2024-06-22,C52552,P1092,2,15.72,10.0,6.99,completed
O200085,1,2023-11-30,C50061,P1084,1,34.24,30.0,31.79,
O200289,3,2023-05-20,C50206,P1034,3,32.89,0.0,20.39,completed
O204136,3,2023-08-12,C52740,P1062,3,28.48,0.0,13.67,completed
O201148,4,"Apr 28, 2024",C50764,P1083,1,49.42,0.0,32.12,completed
O202207,3,2024-04-28,C51476,P1008,3,137.1,10.0,118.82,completed
O201739,2,2024-12-18,C51144,P1078,1,46.09,30.0,42.8,completed
O201719,2,"Mar 31, 2024",C51128,P1036,1,86.88,0.0,53.87,completed
O202653,1,2024-07-02,C51778,P1040,1,68.39,0.0,42.4,completed
O203957,4,2023-03-14,C52629,P1105,2,12.51,0.0,5.0,completed
O203580,2,2024-11-28,C52374,P1054,1,22.94,20.0,13.77,completed
O201439,1,2023-10-09,C50946,P1112,1,27.63,0.0,,completed
O205685,4,2024-08-25,C53873,P1095,2,9.25,0.0,3.7,completed
O202594,2,2024-12-07,C51733,P1057,1,17.56,40.0,14.04,completed
O200007,1,2024-12-13,C50003,P1010,1,79.37,30.0,88.44,completed
O205018,1,2024-09-13,C53386,P1095,1,7.86,15.0,3.7,completed
O200461,3,16/12/2024,C50325,P1091,2,16.6,30.0,9.49,completed
O201086,3,2023-01-08,C50730,P1001,1,150.04,30.0,167.19,completed
O201756,2,2023-04-19,C51159,P1035,1,63.86,5.0,41.68,completed
O203693,4,2023-03-01,C52454,P1005,1,61.99,0.0,48.35,completed
O201613,1,2024-11-24,C51057,P1017,1,177.62,20.0,173.18,completed
O205259,2,2024-05-25,C53572,P1037,1,46.67,0.0,28.94,completed
O202513,2,"Jun 28, 2023",C51671,P1104,1,24.41,0.0,9.76,completed
O205840,5,14/12/2024,C53983,P1069,2,34.1,30.0,23.39,completed
O201384,3,2024-11-05,C50907,P1086,1,78.87,0.0,51.27,completed
O202334,2,2024-03-19,C51565,P1068,2,22.86,15.0,12.91,completed
O202314,3,22/01/2024,C51554,P1112,4,24.87,10.0,15.47,completed
O201303,2,01/03/2024,C50852,P1084,1,41.57,15.0,31.79,completed
O204518,3,"Dec 02, 2023",C53027,P1002,1,71.62,30.0,79.8,completed
O201247,2,2024-12-08,C50815,P1035,1,60.5,10.0,41.68,completed
O200027,3,2024-06-22,C50016,P1030,1,61.28,0.0,37.99,completed
O204537,1,"Nov 13, 2024",C53041,P1099,1,21.33,0.0,8.53,completed
O205333,3,2024-11-12,C53627,P1114,1,11.91,0.0,6.67,completed
O203696,2,2024-05-03,C52456,P1015,1,234.42,0.0,182.85,completed
O202548,2,2024-12-22,C51693,P1016,1,113.0,0.0,88.14,completed
O201491,1,2024-11-14,C50979,P1067,1,28.31,0.0,13.59,completed
O204713,1,2024-07-08,C53166,P1100,2,11.38,10.0,5.06,completed
O204619,3,2024-07-22,C53102,P1110,1,10.34,0.0,5.79,completed
O204908,1,2024-10-24,C53312,P1075,2,65.26,0.0,42.42,completed
O203583,3,"Nov 02, 2024",C52376,P1054,1,28.68,0.0,13.77,completed
O202030,2,2023-11-23,C51355,P1021,3,98.25,40.0,127.73,completed
O205468,2,2024-11-26,C53713,P1008,4,106.63,30.0,118.82,completed
O202069,2,2023-11-06,C51377,P1065,1,45.61,0.0,21.89,completed
O200319,1,2023-04-04,C50231,P1061,1,15.53,0.0,7.45,completed
O204773,2,2024-06-16,C53215,P1049,1,44.95,0.0,21.58,completed
O201841,4,10/07/2024,C51215,P1016,1,113.0,0.0,88.14,completed
O205742,1,2024-06-28,C53919,P1100,1,12.65,0.0,5.06,completed
O200560,2,"Feb 14, 2024",C50402,P1047,1,49.02,0.0,,completed
O204348,2,28/12/2024,C52898,P1034,1,32.89,0.0,20.39,completed
O204351,1,2024-12-14,C52900,P1088,1,54.68,10.0,39.49,completed
O205762,4,2024-05-16,C53929,P1061,1,15.53,0.0,7.45,completed
O203617,1,2024-12-21,C52397,P1086,1,74.93,5.0,51.27,completed
O202936,1,2024-08-19,C51939,P1016,4,113.0,0.0,88.14,completed
O201348,3,04/08/2024,C50881,P1032,1,40.32,0.0,25.0,completed
O200109,2,2024-11-27,C50075,P1030,4,49.02,20.0,37.99,completed
O201493,1,01/07/2024,C50979,P1112,1,24.87,10.0,15.47,completed
O204511,1,2024-12-07,C53023,P1041,4,64.48,10.0,44.42,completed
O203583,4,2024-11-02,C52376,P1114,2,11.91,0.0,6.67,completed
O202494,2,2023-04-23,C51663,P1037,1,46.67,0.0,28.94,completed
O201667,1,2024-03-04,C51071,P1076,2,882.0999999999999,0.0,57.34,completed
O202043,3,2023-04-23,C51365,P1088,1,60.76,0.0,39.49,completed
O200414,4,2023-12-21,C50301,P1083,1,49.42,0.0,32.12,completed
O202091,5,10/09/2023,C51394,P1048,1,32.96,10.0,17.58,completed
O202268,1,2024-11-28,C51512,P1082,-1,37.74,10.0,27.25,returned
O203241,1,"Sep 04, 2024",C52148,P1086,1,78.87,0.0,51.27,completed
O202926,2,2024-10-23,C51933,P1015,2,234.42,0.0,182.85,completed
O203418,6,25/11/2024,C52263,P1115,1,17.8,30.0,14.24,completed
O201923,5,2024-12-11,C51273,P1114,1,10.72,10.0,6.67,completed
O204137,1,"Sep 26, 2024",C52740,P1114,1,11.91,0.0,6.67,completed
O200455,1,2024-08-08,C50324,P1046,1,55.11,0.0,34.17,completed
O201801,1,2024-06-02,C51200,P1018,3,106.98,0.0,83.44,completed
O205151,3,31/12/2024,C53498,P1004,3,288.89,5.0,237.19,completed
O202352,2,2024-06-04,C51571,P1098,1,12.2,0.0,4.88,completed
O203675,1,2024-06-11,C52441,P1015,3,210.98,10.0,182.85,returned
O204116,4,2024-07-26,C52732,P1012,1,278.05,0.0,216.88,completed
O202134,1,2024-08-15,C51424,P1111,1,28.96,5.0,17.07,completed
O201920,3,02/05/2023,C51271,P1101,5,14.06,10.0,,completed
O201562,2,2024-06-12,C51020,P1074,1,79.32,0.0,51.56,completed
O201468,3,2023-09-12,C50965,P1067,2,26.89,5.0,13.59,completed
O201250,4,2024-12-06,C50816,P1114,1,8.34,30.0,6.67,completed
O203764,1,03/12/2024,C52494,P1078,1,59.26,10.0,42.8,completed
O204118,1,07/12/2024,C52732,P1078,1,59.26,10.0,42.8,completed
O205546,1,06/02/2024,C53772,P1020,1,176.36,0.0,137.56,completed
O202497,4,2024-06-12,C51663,P1090,1,69.43,10.0,50.14,completed
O204014,1,11/03/2024,C52665,P1080,3,50.9,0.0,33.09,completed
O201412,2,2024-05-16,C50927,P1108,1,15.87,0.0,6.35,completed
O200481,1,2024-08-19,C50349,P1019,1,293.87,0.0,229.22,completed
O200204,1,2024-11-23,C50142,P1060,1,35.84,30.0,24.58,completed
O203350,1,2024-03-02,C52210,P1022,1,112.18,10.0,97.23,completed
O200763,1,2024-11-26,C50520,P1061,2,12.42,20.0,7.45,completed
O202248,3,2024-05-31,C51504,P1112,-2,24.87,10.0,15.47,returned
O202070,1,2024-01-14,C51377,P1088,1,48.61,20.0,39.49,completed
O204847,4,30/11/2023,C53265,P1114,1,10.72,,6.67,completed
O203753,1,2024-05-11,C52487,P1040,3,68.39,0.0,42.4,completed
O204645,2,2024-01-06,C53119,P1092,2,13.98,20.0,6.99,completed
O204357,3,2024-06-14,C52907,P1032,1,40.32,0.0,25.0,completed
O200128,1,2023-01-24,C50092,P1030,2,61.28,0.0,37.99,completed
O203047,1,2024-07-14,C52007,P1024,1,166.5,0.0,129.87,completed
O203663,1,2024-04-16,C52432,P1078,1,59.26,10.0,42.8,completed
O201066,5,2023-10-14,C50716,P1102,1,30.56,0.0,12.22,completed
O202206,2,2024-11-07,C51475,P1037,1,46.67,0.0,28.94,completed
O203818,2,2024-08-10,C52524,P1114,1,10.12,15.0,6.67,completed
O205099,1,2023-12-15,C53464,P1054,1,22.94,20.0,13.77,completed
O200949,1,2024-04-14,C50637,P1051,2,37.72,,18.11,completed
O200607,1,2024-04-02,C50429,P1114,2,10.72,10.0,6.67,completed
O200981,1,28/04/2024,C50664,P1013,1,187.98,0.0,146.62,completed
O203261,2,2024-12-20,C52158,P1078,1,39.5,40.0,42.8,returned
O205027,1,2024-08-06,C53397,P1092,1,16.6,5.0,6.99,completed
O202066,1,2024-03-09,C51377,P1056,1,24.84,0.0,11.92,completed
O204941,2,2024-12-09,C53334,P1091,3,18.98,20.0,9.49,completed
O203630,3,2023-07-05,C52407,P1076,1,88.21,0.0,57.34,completed
O205405,1,2024-11-03,C53679,P1009,2,170.62,5.0,140.09,completed
O203020,4,2024-12-12,C51990,P1114,1,9.53,20.0,6.67,completed
O202227,1,21/11/2024,C51486,P1007,1,194.48,0.0,151.69,completed
O202980,1,2024-07-12,C51961,P1037,2,46.67,0.0,28.94,completed
O204072,5,2024-10-10,C52709,P1050,1,32.43,5.0,16.39,completed
O204809,1,2024-07-08,C53244,P1023,2,337.34,5.0,276.98,completed
O204982,6,2024-08-21,C53365,P1092,1,17.47,0.0,6.99,completed
O205130,3,2024-06-11,C53479,P1099,1,21.33,0.0,8.53,completed
O203790,1,2024-10-09,C52510,P1040,1,68.39,0.0,42.4,completed
O200144,3,"Feb 14, 2024",C50099,P1007,1,194.48,0.0,151.69,returned
O201362,1,2024-07-07,C50892,P1015,1,199.26,15.0,182.85,completed
O203420,2,2024-12-16,C52266,P1114,1,10.72,10.0,6.67,completed
O203014,2,2024-11-08,C51987,P1060,2,51.2,0.0,24.58,completed
O201781,2,2024-03-26,C51176,P1021,2,163.75,0.0,127.73,completed
O202171,1,07/11/2024,C51445,P1111,2,30.48,0.0,17.07,completed
O204119,5,2024-04-03,C52732,P1036,2,86.88,0.0,53.87,completed
O203254,3,"Dec 05, 2024",C52155,P1102,1,24.45,20.0,12.22,completed
O201033,1,2024-07-12,C50706,P1030,2,61.28,0.0,37.99,completed
O203463,2,2023-06-25,C52299,P1006,2,84.14,5.0,69.08,completed
O202778,3,2024-11-28,C51851,P1114,1,9.53,20.0,6.67,completed
O204531,4,2023-12-30,C53039,P1061,-1,13.2,15.0,7.45,returned
O202711,2,30/11/2023,C51817,P1050,1,23.9,,16.39,completed
O200090,1,2024-04-06,C50063,P1115,1,25.43,0.0,14.24,completed
O204174,1,2024-06-23,C52759,P1063,2,35.63,0.0,17.1,completed
O200593,2,2024-10-29,C50422,P1088,1,60.76,0.0,39.49,completed
O202525,1,2024-04-14,C51682,P1050,4,34.14,0.0,16.39,completed
O204440,1,2024-08-17,C52968,P1100,2,12.65,0.0,5.06,completed
O200976,2,26/11/2024,C50660,P1094,1,15.84,10.0,7.04,completed
O202196,1,2024-09-08,C51466,P1002,1,102.31,0.0,79.8,completed
O205813,1,02/09/2024,C53965,P1037,1,46.67,0.0,28.94,completed
O203981,2,2023-06-07,C52645,P1062,1,28.48,0.0,13.67,completed
O205777,2,2024-11-02,C53941,P1015,2,234.42,0.0,182.85,completed
O203425,3,2024-03-15,C52268,P1032,1,40.32,0.0,25.0,completed
O201414,1,05/12/2024,C50930,P1099,2,19.2,10.0,8.53,
O203179,3,2023-05-03,C52097,P1015,1,234.42,,182.85,completed
O201653,1,2024-11-09,C51069,P1015,2,234.42,0.0,182.85,completed
O202616,2,2024-12-12,C51751,P1099,1,17.06,20.0,8.53,completed
O203317,2,2024-09-18,C52185,P1086,1,78.87,0.0,51.27,completed
O200046,2,2023-02-14,C50028,P1003,1,273.9,0.0,213.64,completed
O200565,4,2024-10-18,C50404,P1076,2,88.21,0.0,57.34,completed
O204619,2,2024-07-22,C53102,P1088,1,60.76,0.0,39.49,completed
O200388,3,2024-01-04,C50280,P1048,2,25.63,30.0,17.58,completed
O204743,5,2024-11-05,C53187,P1105,2,12.51,0.0,5.0,completed
O205803,1,2024-10-27,C53959,P1015,1,234.42,0.0,182.85,completed
O200809,2,2024-12-28,C50542,P1082,1,41.93,,27.25,completed
O200881,1,2024-04-21,C50589,P1004,1,273.68,10.0,237.19,completed
O203625,1,2024-03-26,C52404,P1025,3,37.89,5.0,24.73,completed
O201002,4,2024-05-16,C50689,P1096,1,10.19,0.0,4.08,completed
O200343,1,2024-08-19,C50253,P1008,1,152.33,0.0,118.82,completed
O203876,1,2023-04-26,C52565,P1113,1,18.23,0.0,10.21,completed
O200603,2,2024-12-29,C50428,P1062,1,24.21,15.0,13.67,completed
O204296,5,2024-12-07,C52859,P1109,1,29.87,20.0,20.91,completed
O201586,2,2023-09-29,C51042,P1114,1,10.72,10.0,6.67,completed
O201234,6,01/06/2024,C50808,P1108,2,158.7,0.0,6.35,completed
O201208,1,2024-06-26,C50792,P1043,3,35.42,0.0,21.96,completed
O205845,2,2024-07-22,C53984,P1019,1,293.87,0.0,229.22,completed
O200850,3,2024-03-03,C50574,P1037,1,42.0,10.0,28.94,completed
O203859,1,2024-04-12,C52554,P1047,1,44.12,10.0,23.53,completed
O205778,1,23/11/2024,C53941,P1037,1,32.67,30.0,28.94,completed
O204477,3,2024-12-24,C52998,P1097,4,10.71,0.0,4.28,completed
O203661,2,18/07/2024,C52428,P1015,1,234.42,0.0,182.85,completed
O200701,2,2024-07-21,C50489,P1078,4,55.96,15.0,42.8,completed
O204438,1,2023-07-20,C52965,P1107,1,12.43,0.0,4.97,completed
O204948,1,31/05/2024,C53336,P1086,3,78.87,0.0,51.27,completed
O203518,1,2024-10-21,C52342,P1116,1,16.95,10.0,,completed
O201165,3,2024-11-24,C50775,P1015,1,187.54,20.0,182.85,completed
O200317,2,2023-09-24,C50231,P1088,1,60.76,0.0,39.49,completed
O200496,1,2024-12-13,C50362,P1037,1,28.0,40.0,28.94,completed
O204876,2,13/12/2024,C53284,P1033,1,34.42,10.0,23.71,completed
O203034,3,2024-08-26,C51996,P1066,2,47.32,0.0,22.71,completed
O205693,1,2023-03-19,C53881,P1120,1,20.68,5.0,12.19,completed
O205807,1,2023-03-18,C53963,P1008,1,152.33,0.0,118.82,completed
O203938,6,23/12/2024,C52614,P1091,1,23.72,0.0,9.49,completed
O205108,3,2024-12-24,C53471,P1035,1,67.22,0.0,41.68,completed
O204705,1,2024-11-08,C53164,P1032,5,40.32,0.0,25.0,completed
O202096,3,2023-08-11,C51398,P1100,1,12.65,0.0,5.06,completed
O201076,2,2024-12-27,C50722,P1044,1,55.48,0.0,34.4,completed
O201269,2,10/04/2024,C50828,P1033,2,38.24,0.0,23.71,completed
O201287,2,2024-12-24,C50840,P1112,1,27.63,0.0,15.47,completed
O204254,3,"Jul 09, 2024",C52839,P1033,1,34.42,10.0,23.71,completed
O204039,2,2024-02-15,C52680,P1114,4,11.31,5.0,6.67,completed
O200973,2,2024-03-02,C50655,P1119,1,51.92,5.0,30.6,completed
O200534,3,01/08/2024,C50387,P1067,1,28.31,0.0,13.59,completed
O204853,1,2024-12-17,C53270,P1027,1,45.13,,39.97,
O204191,4,02/09/2024,C52777,P1095,2,8.79,5.0,3.7,completed
O202546,1,"Oct 15, 2023",C51692,P1069,1,48.72,0.0,23.39,completed
O200895,1,2024-11-27,C50600,P1061,3,12.42,20.0,7.45,completed
O203066,3,2024-12-11,C52014,P1106,2,15.07,10.0,6.7,completed
O200728,1,2024-10-28,C50500,P1029,3,60.73,0.0,37.65,completed
O203945,1,03/06/2023,C52615,P1021,1,163.75,0.0,,completed
O202207,1,2024-04-28,C51476,P1054,2,27.25,5.0,13.77,completed
O200986,1,2024-12-18,C50669,P1098,2,9.76,20.0,4.88,completed
O202645,2,2024-07-30,C51771,P1079,-1,85.12,0.0,55.33,returned
O205443,4,2024-07-29,C53700,P1099,1,21.33,0.0,8.53,completed
O200831,1,2024-09-23,C50559,P1072,1,19.89,0.0,9.55,completed
O205252,2,2023-12-01,C53567,P1095,1,7.4,20.0,3.7,completed
O203151,1,2023-01-02,C52076,P1112,1,19.34,30.0,15.47,completed
O204575,2,2024-11-01,C53066,P1061,1,15.53,,7.45,completed
O200246,2,05/09/2023,C50179,P1057,1,29.26,0.0,14.04,completed
O201073,1,12/04/2024,C50721,P1070,2,30.38,0.0,14.58,completed
O202020,3,2023-02-17,C51344,P1015,1,234.42,0.0,182.85,returned
O205437,2,2024-07-13,C53695,P1023,1,337.34,5.0,276.98,completed
O205477,2,21/05/2024,C53718,P1074,3,79.32,0.0,51.56,completed
O204144,1,2024-12-11,C52742,P1092,2,13.98,20.0,6.99,completed
O203434,2,25/12/2023,C52274,P1088,2,60.76,0.0,39.49,completed
O201732,1,2024-08-09,C51136,P1099,3,20.26,5.0,8.53,completed
O200724,2,06/08/2023,C50500,P1042,1,64.82,0.0,40.19,completed
O204150,3,"Nov 25, 2024",C52747,P1045,3,36.66,30.0,32.47,completed
O201647,2,2023-05-20,C51066,P1077,1,42.93,10.0,31.01,completed
O203388,2,2023-11-29,C52234,P1056,1,19.87,20.0,11.92,completed
O203524,3,2024-11-21,C52347,P1001,1,214.35,0.0,167.19,completed
O202529,1,2024-08-17,C51684,P1098,1,122.0,0.0,4.88,completed
O202437,3,2024-06-06,C51624,P1031,3,144.15,0.0,89.37,completed
O205268,1,2024-12-18,C53576,P1015,3,187.54,20.0,182.85,completed
O204408,3,2024-05-05,C52948,P1114,1,11.91,0.0,6.67,returned
O202157,1,2024-07-25,C51436,P1078,1,65.84,0.0,42.8,completed
O203154,1,2024-07-17,C52076,P1007,-1,175.03,10.0,151.69,returned
O203613,1,2024-06-02,C52395,P1039,1,32.71,0.0,20.28,completed
O204443,2,2024-02-03,C52970,P1050,1,34.14,0.0,16.39,completed
O202165,2,2024-04-13,C51443,P1047,1,49.02,,23.53,completed
O203940,2,07/12/2024,C52614,P1074,1,55.52,,51.56,completed
O205017,2,20/04/2024,C53386,P1100,1,12.02,5.0,5.06,completed
O201825,1,"Nov 24, 2024",C51207,P1030,1,490.20000000000005,20.0,37.99,completed
O204556,3,05/04/2023,C53058,P1015,1,210.98,10.0,182.85,completed
O200505,3,2024-08-02,C50365,P1001,1,214.35,0.0,167.19,completed
O203750,3,2023-11-27,C52484,P1071,2,13.05,30.0,8.95,completed
O204483,3,2024-01-29,C53000,P1008,1,152.33,0.0,118.82,completed
O203249,4,2024-12-26,C52151,P1112,1,27.63,,15.47,returned
O204662,3,2024-07-02,C53131,P1032,4,40.32,0.0,25.0,completed
O202081,3,2024-10-03,C51386,P1075,2,65.26,0.0,42.42,completed
O202355,4,2024-12-20,C51572,P1028,1,41.52,,36.77,completed
O200285,1,"Mar 24, 2024",C50205,P1030,1,61.28,,37.99,completed
O202252,1,2023-04-23,C51507,P1067,1,28.31,0.0,13.59,completed
O203598,2,2024-08-04,C52389,P1060,3,51.2,0.0,24.58,completed
O200257,3,2024-11-26,C50186,P1111,1,21.34,30.0,17.07,completed
O202871,2,2024-09-07,C51905,P1025,1,39.88,0.0,24.73,completed
O204499,1,2024-04-25,C53013,P1033,3,36.33,5.0,23.71,completed
O204051,1,2024-11-24,C52695,P1045,1,36.66,30.0,32.47,completed
O202007,1,2024-11-24,C51336,P1062,1,25.63,10.0,13.67,completed
O202427,2,2023-07-08,C51613,P1068,1,26.9,0.0,12.91,completed
O202696,1,2024-12-20,C51806,P1086,3,63.1,20.0,51.27,completed
O205331,1,2024-07-17,C53624,P1050,1,34.14,0.0,16.39,returned
O201318,3,2024-12-31,C50864,P1038,1,32.46,0.0,20.13,completed
O202661,2,2024-09-11,C51784,P1113,1,15.5,15.0,10.21,completed
O201517,3,2023-11-26,C50985,P1109,1,26.14,,20.91,completed
O205166,4,2023-12-25,C53508,P1114,-1,10.72,10.0,6.67,returned
O204633,2,2024-08-22,C53111,P1019,1,279.18,5.0,229.22,completed
O203509,1,2024-12-01,C52335,P1038,1,19.48,40.0,20.13,completed
O202443,1,2024-10-12,C51625,P1042,1,64.82,0.0,40.19,completed
O202386,5,2024-01-14,C51583,P1059,1,20.19,10.0,10.77,completed
O203736,3,"Dec 23, 2024",C52473,P1010,5,107.72,5.0,88.44,returned
O205088,4,2024-12-21,C53453,P1008,2,152.33,0.0,118.82,completed
O203021,6,2024-05-19,C51990,P1050,1,34.14,0.0,16.39,completed
O204969,2,2023-12-30,C53350,P1099,1,21.33,0.0,8.53,completed
O200760,1,2023-06-26,C50518,P1044,1,55.48,0.0,34.4,completed
O201341,2,2024-06-09,C50880,P1100,1,12.02,5.0,5.06,completed
O203137,1,2024-11-30,C52065,P1058,1,51.91,20.0,31.15,completed
O205420,1,2024-10-06,C53687,P1073,1,36.39,0.0,23.65,completed
O200114,3,2024-05-07,C50079,P1071,3,18.65,0.0,8.95,completed
O203405,3,2024-11-24,C52249,P1078,1,46.09,30.0,42.8,completed
O202176,5,09/12/2024,C51451,P1091,1,18.98,20.0,9.49,completed
O202954,4,2024-11-28,C51950,P1004,2,273.68,10.0,237.19,completed
O202861,1,"Nov 25, 2024",C51901,P1008,1,91.4,40.0,118.82,completed
O205187,4,2024-03-02,C53519,P1030,1,61.28,0.0,37.99,completed
O205461,3,2024-12-21,C53713,P1101,2,13.28,15.0,6.25,completed
O203476,1,2024-04-17,C52310,P1114,3,11.91,0.0,6.67,completed
O203198,2,2023-09-06,C52108,P1029,5,51.62,15.0,37.65,completed
O203647,1,2024-06-14,C52418,P1062,1,28.48,0.0,13.67,completed
O204045,6,15/12/2024,C52690,P1015,1,187.54,20.0,182.85,completed
O205588,5,03/11/2024,C53811,P1099,2,21.33,0.0,8.53,completed
O204432,3,2023-10-07,C52961,P1032,2,38.3,5.0,25.0,completed
O201926,1,21/01/2023,C51275,P1105,1,12.51,0.0,5.0,completed
O203617,5,2024-12-21,C52397,P1091,3,23.72,0.0,9.49,completed
O200482,3,2024-04-24,C50351,P1112,3,27.63,0.0,15.47,completed
O202046,3,2023-05-20,C51369,P1120,1,21.77,0.0,12.19,completed
O204004,1,2023-05-10,C52658,P1096,1,10.19,0.0,4.08,completed
O203598,3,2024-08-04,C52389,P1047,2,49.02,0.0,23.53,completed
O205748,3,2024-11-29,C53923,P1063,1,32.07,10.0,17.1,completed
O200356,3,2023-07-30,C50259,P1066,1,44.95,5.0,22.71,completed
O200127,1,22/06/2023,C50092,P1067,2,28.31,0.0,13.59,completed
O203300,3,2023-03-31,C52182,P1021,1,163.75,0.0,127.73,completed
O201853,4,2024-12-09,C51220,P1117,1,22.05,20.0,15.43,completed
O201432,1,03/11/2024,C50945,P1044,1,55.48,0.0,34.4,completed
O200008,1,23/06/2024,C50003,P1024,1,166.5,0.0,129.87,completed
O200460,2,2023-12-10,C50325,P1023,2,248.57,30.0,276.98,completed
O201634,2,2024-11-02,C51063,P1045,-2,52.37,0.0,32.47,returned
O204827,2,11/10/2024,C53253,P1074,1,79.32,0.0,51.56,completed
O203755,2,2024-09-26,C52488,P1061,1,14.75,5.0,7.45,completed
O201988,4,2024-12-17,C51319,P1099,1,17.06,20.0,8.53,completed
O204090,2,2024-09-10,C52721,P1065,1,45.61,0.0,21.89,completed
O204154,3,2024-06-26,C52749,P1019,2,293.87,0.0,229.22,completed
O201031,3,2024-10-01,C50706,P1034,1,32.89,0.0,20.39,completed
O205664,2,"Jan 28, 2024",C53861,P1118,4,23.56,5.0,,completed
O204791,1,2024-12-27,C53225,P1016,1,113.0,0.0,88.14,completed
O205456,1,2024-04-13,C53709,P1019,2,293.87,0.0,229.22,completed
O200373,3,2024-04-08,C50268,P1101,1,15.62,0.0,6.25,completed
O203799,3,2024-03-09,C52516,P1114,1,10.12,15.0,6.67,completed
O203951,1,30/11/2024,C52624,P1013,4,150.38,20.0,146.62,completed
O203841,3,2024-12-07,C52544,P1078,1,46.09,30.0,42.8,completed
O202122,1,2024-12-01,C51420,P1019,3,235.1,20.0,229.22,completed
O203742,2,2024-09-14,C52477,P1005,4,61.99,0.0,48.35,completed
O205722,2,2024-09-19,C53901,P1090,4,69.43,10.0,50.14,completed
O204412,1,2024-03-03,C52950,P1056,2,24.84,0.0,11.92,completed
O203239,2,2024-11-11,C52146,P1029,1,60.73,0.0,37.65,completed
O204706,5,04/05/2024,C53164,P1050,2,34.14,0.0,16.39,completed
O202976,1,2023-12-04,C51959,P1090,3,54.0,30.0,50.14,completed
O202231,1,2024-06-25,C51493,P1015,2,234.42,0.0,182.85,completed
O202197,1,2023-09-02,C51467,P1070,1,30.38,0.0,14.58,completed
O203629,2,2024-01-07,C52407,P1035,1,53.78,20.0,41.68,completed
O202645,3,2024-07-30,C51771,P1010,2,113.39,0.0,88.44,completed
O205253,1,2023-12-13,C53567,P1091,1,21.35,10.0,9.49,completed
O201810,1,2024-10-28,C51202,P1094,3,17.6,0.0,7.04,completed
O203218,3,2024-10-03,C52126,P1062,1,24.21,15.0,13.67,completed
O200348,3,05/07/2023,C50254,P1095,1,9.25,0.0,3.7,completed
O201518,1,2024-03-12,C50985,P1073,3,36.39,0.0,23.65,completed
O202169,4,2024-08-02,C51445,P1098,5,12.2,0.0,4.88,returned
O205633,3,12/09/2024,C53843,P1037,1,46.67,0.0,28.94,completed
O204559,2,"Oct 21, 2024",C53060,P1075,3,65.26,0.0,42.42,completed
O205062,2,2024-09-12,C53425,P1120,1,21.77,0.0,12.19,completed
O202796,1,2024-12-25,C51863,P1049,4,44.95,0.0,21.58,completed
O203127,2,2024-10-29,C52061,P1074,1,67.42,15.0,51.56,completed
O205616,1,2024-10-11,C53830,P1004,-2,304.09,0.0,237.19,returned
O202435,4,2024-12-02,C51622,P1079,3,68.1,20.0,55.33,completed
O200034,4,2024-11-17,C50020,P1060,1,51.2,0.0,24.58,completed
O200507,3,2024-05-15,C50365,P1008,1,152.33,0.0,118.82,completed
O201057,2,2024-11-28,C50711,P1062,1,17.09,40.0,13.67,
O200589,1,2024-06-08,C50421,P1047,2,49.02,0.0,,completed
O200218,1,2023-07-31,C50150,P1010,1,113.39,0.0,88.44,completed
O201679,1,06/10/2024,C51084,P1074,1,79.32,0.0,51.56,completed
O203834,2,2023-11-25,C52536,P1045,2,47.13,10.0,32.47,completed
O202662,1,14/12/2023,C51784,P1015,5,210.98,10.0,182.85,completed
O205776,5,2024-11-25,C53941,P1006,1,62.0,30.0,69.08,completed
O202407,2,14/06/2024,C51601,P1092,1,15.72,10.0,,completed
O203171,2,2023-06-19,C52089,P1114,1,11.91,0.0,6.67,completed
O204244,3,2024-05-04,C52822,P1004,1,288.89,5.0,237.19,completed
O200120,1,2023-08-01,C50085,P1041,1,71.64,0.0,44.42,completed
O204753,1,2024-11-28,C53199,P1104,2,21.97,10.0,9.76,completed
O205655,2,2024-11-28,C53860,P1108,1,14.28,10.0,6.35,completed
O205146,1,2024-07-14,C53493,P1060,3,51.2,0.0,24.58,completed
O204468,1,2023-11-20,C52991,P1005,1,58.89,5.0,48.35,completed
O205436,1,2023-05-22,C53695,P1098,2,12.2,0.0,4.88,completed
O205011,1,2024-07-22,C53383,P1074,1,79.32,0.0,51.56,completed
O201395,2,2024-06-30,C50919,P1084,1,48.91,0.0,31.79,completed
O204655,1,13/04/2024,C53125,P1008,1,137.1,10.0,118.82,completed
O201525,1,2024-07-02,C50987,P1058,2,64.89,0.0,31.15,completed
O204555,3,2024-08-21,C53058,P1041,2,60.89,15.0,44.42,completed
O204159,2,2024-03-13,C52753,P1030,5,52.09,15.0,37.99,completed
O200136,2,2024-09-21,C50096,P1015,3,234.42,0.0,182.85,completed
O203824,2,2024-05-06,C52531,P1114,3,11.91,0.0,6.67,completed
O200371,5,2024-07-26,C50268,P1088,1,51.65,15.0,39.49,completed
O203218,4,2024-10-03,C52126,P1030,3,61.28,0.0,37.99,completed
O204037,1,2024-04-06,C52677,P1087,3,46.61,0.0,30.3,completed
O203858,1,"Nov 28, 2024",C52554,P1040,1,41.03,40.0,42.4,completed
O202839,1,2024-06-23,C51890,P1045,1,52.37,0.0,32.47,completed
O205390,2,2024-11-25,C53665,P1040,1,41.03,40.0,42.4,completed
O200314,1,2024-05-05,C50230,P1094,4,17.6,0.0,7.04,completed
O201024,5,2024-04-30,C50700,P1021,1,163.75,0.0,127.73,completed
O203075,1,2024-08-16,C52022,P1070,2,30.38,0.0,14.58,completed
O205364,1,2023-10-11,C53646,P1110,1,10.34,0.0,5.79,completed
O204212,1,2023-06-06,C52793,P1107,2,11.19,10.0,4.97,completed
O201085,1,2024-11-23,C50729,P1025,1,31.9,20.0,24.73,completed
O201929,4,2023-06-17,C51275,P1113,1,16.41,10.0,10.21,completed
O200457,2,2024-11-28,C50324,P1062,1,25.63,10.0,13.67,completed
O205332,2,2024-01-21,C53625,P1112,2,27.63,0.0,15.47,completed
O201074,2,2024-08-07,C50721,P1089,1,70.74,10.0,51.09,completed
O200759,2,2024-05-17,C50518,P1088,1,60.76,0.0,39.49,completed
O203339,1,25/11/2024,C52206,P1032,-2,36.29,10.0,,returned
O200969,1,2024-07-21,C50655,P1100,1,12.65,0.0,5.06,completed
O204359,5,2024-03-24,C52909,P1070,1,30.38,0.0,14.58,completed
O203667,1,2024-07-23,C52435,P1106,3,16.74,0.0,6.7,completed
O201072,1,2024-11-27,C50721,P1120,3,15.24,30.0,12.19,completed
O203115,1,2024-04-21,C52052,P1059,2,22.43,0.0,10.77,completed
O204142,2,"Aug 31, 2024",C52742,P1073,1,36.39,0.0,23.65,completed
O202454,4,2024-10-18,C51634,P1097,1,10.71,0.0,4.28,completed
O200357,2,2024-12-01,C50261,P1015,1,210.98,10.0,182.85,completed
O203725,3,2024-04-19,C52465,P1080,2,50.9,0.0,33.09,completed
O203388,5,2023-11-29,C52234,P1085,2,18.76,40.0,20.32,completed
O203876,2,2023-04-26,C52565,P1049,1,44.95,0.0,21.58,completed
O203843,2,27/10/2024,C52547,P1114,1,11.31,5.0,6.67,completed
O203633,2,17/11/2023,C52407,P1091,1,23.72,0.0,9.49,completed
O202383,1,15/03/2024,C51582,P1070,3,30.38,0.0,14.58,completed
O205091,5,2024-03-02,C53458,P1064,1,40.95,5.0,20.69,completed
O204002,2,2024-08-23,C52655,P1067,1,25.48,10.0,13.59,completed
O205759,1,"Dec 30, 2024",C53928,P1044,3,55.48,0.0,34.4,completed
O204189,4,2023-03-19,C52774,P1092,1,17.47,0.0,6.99,completed
O205295,3,2024-07-20,C53599,P1007,1,194.48,0.0,151.69,returned
O204279,1,2024-12-31,C52849,P1113,1,182.3,0.0,10.21,completed
O205026,1,"Mar 24, 2024",C53396,P1114,4,11.91,0.0,6.67,completed
O205365,2,09/07/2023,C53646,P1015,-2,210.98,10.0,182.85,returned
O202090,1,26/12/2024,C51393,P1111,1,25.91,15.0,17.07,completed
O204245,2,2024-09-15,C52825,P1074,1,79.32,0.0,51.56,completed
O200473,2,2024-12-05,C50344,P1007,2,136.14,30.0,151.69,completed
O203954,1,2024-12-24,C52625,P1108,2,15.87,0.0,6.35,completed
O205373,1,2024-05-29,C53652,P1117,1,27.56,0.0,15.43,returned
O205211,2,2024-04-20,C53536,P1069,1,48.72,0.0,23.39,completed
O201715,4,2023-12-04,C51125,P1072,-2,17.9,10.0,9.55,returned
O201811,1,15/11/2024,C51202,P1034,1,32.89,0.0,20.39,completed
O203021,5,2024-05-19,C51990,P1018,1,101.63,5.0,83.44,completed
O202896,3,02/02/2024,C51915,P1032,1,40.32,0.0,25.0,completed
O201083,1,05/01/2024,C50728,P1063,1,24.94,30.0,17.1,completed
O200555,1,2024-12-04,C50401,P1010,1,79.37,30.0,88.44,completed
O203841,1,2024-12-07,C52544,P1112,1,22.1,,15.47,completed
O200538,1,27/07/2024,C50391,P1054,1,27.25,5.0,,completed
O202180,1,2024-07-02,C51453,P1015,1,234.42,0.0,182.85,completed
O205629,2,2024-10-21,C53841,P1075,4,62.0,5.0,42.42,completed
O200679,1,2023-10-10,C50478,P1032,1,40.32,0.0,25.0,completed
O205547,2,2024-04-27,C53774,P1013,2,187.98,0.0,146.62,completed
O201182,1,2024-04-26,C50783,P1045,2,44.51,15.0,32.47,completed
O201174,3,2023-08-05,C50781,P1074,4,79.32,0.0,51.56,completed
O202255,2,2024-02-26,C51507,P1100,2,12.65,0.0,5.06,completed
O204186,3,2023-06-14,C52773,P1068,1,24.21,10.0,12.91,completed
O204322,2,2023-11-29,C52876,P1079,2,59.58,30.0,55.33,completed
O202997,1,07/12/2023,C51967,P1108,1,9.52,40.0,6.35,completed
O200080,1,2023-11-18,C50058,P1045,1,44.51,15.0,32.47,completed
O204768,3,2024-05-31,C53207,P1047,1,49.02,0.0,23.53,completed
O201063,2,2024-11-30,C50713,P1114,1,9.53,20.0,6.67,completed
O203709,1,18/09/2024,C52459,P1055,1,25.46,5.0,12.86,completed
O203389,2,2024-11-24,C52235,P1015,1,187.54,20.0,182.85,completed
O200412,2,20/07/2024,C50300,P1043,4,35.42,0.0,21.96,completed
O200539,6,2024-11-29,C50391,P1009,3,143.68,20.0,140.09,completed
O204284,2,2023-04-29,C52854,P1018,1,106.98,0.0,83.44,completed
O200372,1,2024-08-05,C50268,P1114,1,11.91,0.0,6.67,completed
O202887,3,2024-08-03,C51909,P1015,1,199.26,15.0,182.85,completed
O201970,3,20/03/2023,C51306,P1067,1,28.31,0.0,13.59,completed
O201528,2,2024-11-27,C50988,P1110,1,8.27,20.0,5.79,completed
O201549,3,2024-10-16,C51012,P1030,2,61.28,0.0,37.99,completed
O201003,1,2024-05-23,C50689,P1062,3,25.63,10.0,13.67,completed
O201633,4,07/08/2024,C51063,P1105,1,11.88,5.0,5.0,completed
O205307,2,2023-05-10,C53607,P1008,1,152.33,0.0,118.82,completed
O200414,5,"Dec 21, 2023",C50301,P1015,3,210.98,10.0,182.85,completed
O204553,1,18/02/2024,C53055,P1016,2,113.0,0.0,88.14,completed
O205642,3,16/09/2024,C53852,P1114,2,11.91,0.0,6.67,completed
O200212,3,2024-08-31,C50148,P1081,1,77.57,0.0,50.42,completed
O204782,2,2023-03-20,C53219,P1083,1,46.95,5.0,32.12,completed
O202145,4,"Nov 26, 2024",C51430,P1080,1,458.1,10.0,33.09,completed
O204163,2,19/10/2024,C52753,P1068,1,26.9,0.0,12.91,completed
O204223,1,2024-06-30,C52803,P1030,1,61.28,0.0,37.99,completed
O202222,2,22/09/2024,C51484,P1011,1,294.03,0.0,229.34,completed
O205697,2,2024-12-07,C53885,P1074,1,55.52,30.0,51.56,completed
O201542,4,2024-11-25,C51005,P1020,5,123.45,30.0,137.56,completed
O205752,2,2024-12-28,C53928,P1088,3,54.68,,39.49,completed
O200068,3,2023-10-05,C50045,P1099,4,18.13,15.0,8.53,completed
O203496,1,21/09/2024,C52324,P1030,2,61.28,0.0,37.99,completed
O202204,1,2024-11-22,C51473,P1058,1,38.93,40.0,31.15,completed
O201912,2,2024-12-05,C51268,P1015,1,187.54,20.0,182.85,completed
O204531,3,2023-12-30,C53039,P1079,1,85.12,0.0,55.33,completed
O202028,2,2024-05-22,C51351,P1101,1,15.62,0.0,6.25,completed
O204637,2,2024-02-27,C53114,P1097,3,10.71,0.0,4.28,completed
O205096,1,2024-11-19,C53461,P1019,1,293.87,0.0,229.22,completed
O203592,3,2024-03-16,C52382,P1100,2,12.65,0.0,5.06,completed
O202927,1,2024-08-10,C51933,P1102,4,30.56,0.0,12.22,completed
O204354,3,2023-06-06,C52905,P1059,1,21.31,5.0,10.77,returned
O205069,3,2024-02-14,C53429,P1052,3,39.6,10.0,21.12,completed
O200612,2,2024-12-22,C50432,P1046,1,55.11,0.0,34.17,completed
O204460,4,2024-05-14,C52983,P1025,2,33.9,15.0,24.73,completed
O200418,2,21/08/2024,C50303,P1062,1,27.06,5.0,13.67,completed
O200458,1,2024-05-08,C50324,P1111,2,28.96,5.0,17.07,completed
O202378,3,2024-05-22,C51580,P1017,1,210.93,5.0,173.18,completed
O202493,2,2024-11-30,C51660,P1102,2,24.45,20.0,12.22,returned
O203110,1,"Nov 27, 2023",C52050,P1111,1,21.34,30.0,17.07,completed
O200040,2,2024-04-25,C50026,P1108,1,15.87,0.0,6.35,completed
O200089,1,2024-02-22,C50063,P1057,1,29.26,0.0,14.04,completed
O205657,4,2024-10-17,C53860,P1050,1,34.14,0.0,16.39,completed
O201577,4,2023-11-08,C51038,P1082,1,39.83,5.0,27.25,completed
O204305,1,2024-12-02,C52864,P1029,1,48.58,20.0,37.65,completed
O204708,2,2024-07-03,C53165,P1074,1,75.35,5.0,51.56,completed
O201371,6,2024-11-01,C50899,P1084,1,48.91,0.0,31.79,completed
O201196,1,2023-08-15,C50788,P1001,1,214.35,0.0,167.19,completed
O201770,3,2023-05-13,C51170,P1088,1,60.76,0.0,39.49,completed
O204594,2,2024-11-30,C53079,P1080,1,35.63,30.0,33.09,completed
O200863,2,2024-06-14,C50581,P1039,2,32.71,0.0,20.28,completed
O203755,3,2024-09-26,C52488,P1012,3,278.05,0.0,216.88,completed
O202697,3,2024-12-13,C51809,P1114,3,9.53,,6.67,completed
O202730,1,2024-05-28,C51825,P1088,1,57.72,5.0,39.49,completed
O202151,2,2024-09-06,C51434,P1015,1,222.7,5.0,182.85,completed
O205403,3,30/11/2023,C53675,P1114,1,9.53,20.0,6.67,completed
O202771,4,2024-11-26,C51850,P1087,1,37.29,20.0,30.3,completed
O200214,1,31/03/2024,C50148,P1015,4,234.42,0.0,182.85,completed
O202061,3,2024-10-10,C51375,P1062,2,25.63,10.0,,completed
O203258,2,2024-09-29,C52156,P1003,1,246.51,,213.64,completed
O203501,3,2024-11-24,C52330,P1010,1,90.71,20.0,88.44,completed
O205660,2,2024-10-19,C53860,P1098,1,10.37,15.0,,completed
O201658,1,2023-11-16,C51069,P1106,4,16.74,0.0,6.7,completed
O203073,4,2024-12-02,C52020,P1105,1,11.26,10.0,5.0,completed
O205309,2,2024-07-07,C53608,P1052,1,44.0,0.0,21.12,completed
O203123,1,"Jul 29, 2024",C52059,P1052,1,44.0,0.0,21.12,completed
O201702,2,2024-11-28,C51108,P1071,1,14.92,20.0,8.95,completed
O200614,2,01/12/2023,C50433,P1023,5,284.08,20.0,276.98,completed
O204418,1,"Jun 28, 2024",C52956,P1090,5,77.14,0.0,50.14,completed
O204434,1,2024-05-28,C52963,P1063,1,35.63,0.0,17.1,completed
O203931,1,2024-11-05,C52611,P1022,1,124.65,0.0,97.23,completed
O202841,2,2024-03-22,C51890,P1021,1,163.75,0.0,127.73,completed
O201875,1,2024-10-25,C51234,P1107,2,12.43,0.0,4.97,completed
O203591,2,2024-07-30,C52382,P1045,1,52.37,0.0,32.47,completed
O204788,1,2024-12-24,C53223,P1110,2,9.82,5.0,5.79,completed
O200834,1,2024-10-20,C50563,P1073,3,32.75,10.0,23.65,completed
O200650,3,2024-12-14,C50457,P1017,1,177.62,20.0,173.18,completed
O203563,5,2024-06-21,C52364,P1070,1,30.38,0.0,14.58,completed
O204635,2,2023-11-14,C53111,P1067,3,28.31,0.0,13.59,completed
O204154,1,2024-06-26,C52749,P1098,4,10.98,10.0,4.88,completed
O200355,3,2024-11-13,C50257,P1013,3,187.98,0.0,146.62,completed
O204481,2,2024-11-25,C52998,P1114,3,8.34,30.0,6.67,completed
O200554,2,2024-12-23,C50401,P1068,1,26.9,0.0,12.91,completed
O201317,4,2024-12-31,C50864,P1036,3,86.88,0.0,53.87,completed
O201768,1,"Nov 26, 2024",C51169,P1062,1,19.94,30.0,13.67,completed
O201651,1,2024-12-19,C51067,P1114,2,10.72,10.0,6.67,completed
O204808,5,2023-10-09,C53244,P1015,4,234.42,0.0,182.85,completed
O201114,4,2024-12-20,C50750,P1025,1,35.89,10.0,24.73,completed
O205468,3,2024-11-26,C53713,P1048,1,25.63,30.0,17.58,completed
O205185,2,01/05/2024,C53517,P1110,1,9.31,10.0,5.79,completed
O205180,1,"Dec 29, 2024",C53516,P1094,3,17.6,0.0,7.04,completed
O201272,2,2024-12-06,C50829,P1111,2,21.34,30.0,17.07,completed
O200898,2,2024-11-29,C50604,P1024,1,133.2,20.0,129.87,completed
O203750,2,2023-11-27,C52484,P1028,1,41.52,30.0,36.77,completed
O201604,1,2024-07-23,C51051,P1021,2,155.56,5.0,127.73,completed
O200346,2,2024-12-20,C50253,P1088,2,42.53,30.0,39.49,completed
O201505,1,2024-01-08,C50983,P1074,1,55.52,30.0,51.56,completed
O203721,4,14/08/2023,C52461,P1072,1,17.9,10.0,9.55,completed
O204760,1,2024-03-08,C53201,P1019,4,293.87,0.0,229.22,completed
O200634,2,2023-12-14,C50448,P1016,1,90.4,20.0,88.14,completed
O203900,1,2024-08-25,C52576,P1119,2,54.65,0.0,30.6,completed
O205372,1,2024-11-13,C53650,P1114,1,11.91,0.0,6.67,completed
O203927,1,2024-07-12,C52608,P1067,2,28.31,,13.59,completed
O205050,1,2023-04-09,C53413,P1099,1,21.33,0.0,8.53,completed
O205828,1,2024-10-14,C53975,P1047,2,44.12,10.0,23.53,completed
O205024,1,15/12/2024,C53395,P1097,2,8.57,20.0,4.28,completed
O200935,4,2024-02-26,C50629,P1088,1,60.76,0.0,39.49,completed
O203996,1,22/12/2024,C52652,P1074,4,75.35,5.0,51.56,completed
O205195,1,2023-12-27,C53522,P1109,1,37.34,,20.91,completed
O202372,2,"Dec 18, 2024",C51577,P1017,1,177.62,20.0,173.18,completed
O205427,2,2024-07-29,C53688,P1072,1,16.91,15.0,9.55,completed
O201755,1,2024-12-13,C51158,P1008,1,121.86,20.0,118.82,completed
O201593,2,2024-01-26,C51046,P1065,1,45.61,0.0,21.89,completed
O201205,1,2023-04-07,C50792,P1088,1,60.76,0.0,39.49,returned
O202365,5,2024-05-03,C51575,P1114,2,11.91,0.0,6.67,completed
O202762,2,2024-08-14,C51838,P1017,3,222.03,0.0,173.18,completed
O201761,1,2024-12-21,C51162,P1023,1,355.1,0.0,276.98,completed
O205162,1,2024-11-24,C53507,P1013,1,131.59,30.0,146.62,completed
O203004,2,03/04/2023,C51978,P1017,1,210.93,5.0,173.18,completed
O200291,2,15/12/2024,C50207,P1086,1,63.1,20.0,51.27,completed
O200879,2,2023-06-09,C50588,P1033,1,38.24,0.0,23.71,completed
O201134,4,2023-08-14,C50759,P1103,1,15.76,0.0,6.3,completed
O202739,1,2024-09-29,C51826,P1016,1,113.0,0.0,88.14,completed
O203029,1,2023-09-15,C51995,P1088,2,51.65,15.0,39.49,completed
O201766,3,2024-12-29,C51167,P1062,1,28.48,0.0,13.67,completed
O205500,2,2023-06-16,C53742,P1046,1,55.11,0.0,34.17,completed
O205403,2,2023-11-30,C53675,P1087,1,37.29,20.0,30.3,completed
O205675,1,2024-05-30,C53868,P1088,3,60.76,0.0,39.49,completed
O200212,5,2024-08-31,C50148,P1078,3,65.84,0.0,42.8,completed
O200941,1,2024-09-21,C50635,P1080,1,50.9,0.0,33.09,completed
O201552,3,31/12/2024,C51015,P1052,1,44.0,0.0,21.12,completed
O203345,1,2024-05-01,C52208,P1045,3,47.13,10.0,32.47,completed
O205463,3,2024-12-01,C53713,P1107,2,11.19,10.0,4.97,
O201084,2,2023-05-11,C50728,P1004,1,304.09,0.0,237.19,completed
O200579,2,2024-08-31,C50414,P1046,2,52.35,5.0,34.17,completed
O201503,2,2024-04-08,C50983,P1105,1,11.26,10.0,5.0,completed
O205754,2,2024-12-30,C53928,P1015,2,234.42,0.0,182.85,completed
O201983,2,30/12/2024,C51316,P1094,1,17.6,0.0,7.04,completed
O203142,5,2024-04-29,C52070,P1031,1,144.15,0.0,89.37,completed
O201123,2,2023-04-18,C50753,P1015,3,222.7,5.0,182.85,
O204176,1,2024-03-23,C52762,P1024,1,166.5,0.0,129.87,completed
O200899,1,2024-12-10,C50605,P1117,1,24.8,10.0,15.43,completed
O205732,2,2024-07-01,C53908,P1085,3,31.26,,20.32,completed
O202166,2,20/08/2024,C51444,P1050,1,30.73,10.0,16.39,completed
O202744,1,2024-07-16,C51828,P1098,1,12.2,0.0,4.88,completed
O202983,5,"Jul 09, 2024",C51962,P1032,1,40.32,0.0,25.0,completed
O201303,1,2024-03-01,C50852,P1061,3,13.2,15.0,7.45,completed
O205812,1,2024-07-13,C53964,P1058,2,64.89,0.0,31.15,completed
O204427,3,2024-09-28,C52956,P1026,3,41.43,0.0,25.69,completed
O203671,3,2023-05-15,C52438,P1060,1,51.2,0.0,24.58,completed
O204364,2,2024-04-14,C52913,P1055,3,26.8,0.0,12.86,completed
O203276,3,"May 05, 2024",C52171,P1007,1,194.48,0.0,151.69,completed
O200919,4,2024-05-03,C50617,P1033,5,38.24,0.0,23.71,completed
O200905,3,"Jan 01, 2023",C50610,P1118,2,19.84,20.0,13.89,completed
O202235,1,2023-12-09,C51496,P1050,1,23.9,30.0,16.39,completed
O200313,4,21/05/2024,C50230,P1112,1,24.87,10.0,15.47,completed
O205851,5,2023-12-12,C53987,P1057,4,26.33,10.0,14.04,completed
O202596,1,2024-11-23,C51733,P1112,4,19.34,30.0,15.47,completed
O201658,3,2023-11-16,C51069,P1102,2,30.56,0.0,12.22,completed
O204275,1,2024-12-20,C52849,P1053,1,13.75,20.0,8.25,completed
O204126,3,2024-02-10,C52736,P1018,2,106.98,0.0,83.44,completed
O203279,4,2024-12-17,C52175,P1088,1,48.61,20.0,39.49,completed
O204115,1,2024-04-09,C52732,P1046,2,52.35,5.0,34.17,completed
O202664,1,2024-10-23,C51785,P1111,1,28.96,5.0,17.07,completed
O205837,1,2024-08-02,C53982,P1057,1,29.26,0.0,14.04,completed
O204332,3,2024-06-20,C52886,P1052,4,44.0,0.0,21.12,completed
O205768,1,"Jun 13, 2024",C53937,P1034,1,32.89,0.0,20.39,completed
O204959,1,2023-06-16,C53342,P1063,5,35.63,0.0,17.1,completed
O202034,2,2024-11-28,C51356,P1041,2,50.15,30.0,44.42,completed
O200439,1,2023-04-09,C50317,P1120,2,21.77,0.0,12.19,completed
O202490,1,2024-02-03,C51660,P1086,1,78.87,,51.27,completed
O203337,4,2024-12-02,C52206,P1070,2,24.3,20.0,14.58,returned
O201303,5,2024-03-01,C50852,P1030,1,61.28,0.0,37.99,completed
O203325,2,2023-05-13,C52194,P1030,1,52.09,15.0,37.99,completed
O205744,3,2024-11-02,C53919,P1027,1,64.47,0.0,39.97,completed
O201688,1,2024-11-24,C51095,P1095,2,8.33,10.0,3.7,completed
O200197,1,30/05/2024,C50138,P1014,1,336.97,0.0,262.84,completed
O202618,2,2024-12-17,C51754,P1030,1,49.02,20.0,37.99,completed
O200824,1,"Dec 21, 2024",C50551,P1076,3,88.21,0.0,57.34,completed
O202329,1,2024-10-04,C51562,P1091,3,23.72,0.0,9.49,completed
O203797,2,2024-06-26,C52515,P1007,2,165.31,15.0,151.69,completed
O202282,2,2024-06-01,C51520,P1107,1,10.57,15.0,4.97,completed
O202228,3,2024-09-28,C51490,P1037,1,46.67,0.0,28.94,completed
O204449,1,2024-11-23,C52977,P1063,1,28.5,20.0,17.1,completed
O205085,2,2024-03-24,C53448,P1061,3,14.75,5.0,7.45,completed
O203034,1,2024-08-26,C51996,P1114,1,11.91,0.0,6.67,
O202488,3,28/06/2024,C51656,P1032,1,40.32,0.0,25.0,completed
O200283,1,"Dec 04, 2024",C50204,P1055,1,21.44,20.0,12.86,completed
O205178,1,03/11/2023,C53515,P1020,4,176.36,0.0,137.56,completed
O201149,2,2024-12-07,C50764,P1037,1,37.34,20.0,28.94,completed
O200233,2,10/04/2024,C50162,P1120,1,21.77,0.0,12.19,completed
O203104,4,07/12/2024,C52046,P1050,1,23.9,30.0,16.39,completed
O202968,1,2024-08-20,C51954,P1066,1,40.22,15.0,22.71,completed
O202224,1,2023-12-06,C51485,P1060,2,30.72,40.0,24.58,completed
O204552,1,"May 18, 2024",C53054,P1100,1,12.65,0.0,5.06,completed
O200476,1,"Jul 10, 2024",C50345,P1031,1,1441.5,0.0,,completed
O203360,3,2024-09-13,C52216,P1002,1,102.31,0.0,79.8,completed
O201392,3,2024-11-20,C50915,P1083,1,42.01,15.0,32.12,completed
O204306,1,18/12/2024,C52865,P1093,1,10.74,30.0,,completed
O200967,1,2023-09-05,C50655,P1058,1,64.89,0.0,31.15,completed
O204768,1,2024-05-31,C53207,P1014,1,336.97,0.0,262.84,completed
O204556,1,2023-04-05,C53058,P1046,2,55.11,0.0,34.17,completed
O200408,3,2023-11-30,C50291,P1008,1,121.86,20.0,118.82,completed
O203507,1,2024-05-25,C52332,P1018,1,106.98,0.0,83.44,completed
O203863,1,2024-05-17,C52558,P1067,1,26.89,5.0,13.59,completed
O202703,2,2024-07-21,C51811,P1078,1,59.26,10.0,42.8,completed
O202565,3,2024-07-26,C51712,P1050,2,34.14,,16.39,completed
O204845,3,2024-12-09,C53264,P1008,1,91.4,40.0,118.82,completed
O204784,1,2024-08-03,C53221,P1093,3,15.34,0.0,6.14,completed
O201087,1,24/08/2024,C50730,P1079,1,85.12,0.0,55.33,completed
O202853,4,2024-11-27,C51899,P1061,1,10.87,30.0,7.45,completed
O205154,4,2023-05-05,C53500,P1117,3,23.43,15.0,15.43,completed
O201780,3,2024-12-06,C51174,P1088,3,48.61,20.0,39.49,completed
O202988,2,2023-07-14,C51965,P1008,1,152.33,0.0,118.82,completed
O201375,1,2024-11-22,C50899,P1114,1,9.53,20.0,6.67,completed
O203756,4,2023-01-27,C52489,P1015,4,234.42,0.0,182.85,completed
O202762,3,2024-08-14,C51838,P1074,1,79.32,0.0,51.56,completed
O201386,1,2023-12-08,C50910,P1104,1,19.53,20.0,9.76,completed
O205790,3,2023-08-14,C53946,P1101,1,15.62,0.0,6.25,completed
O201829,1,2024-11-25,C51209,P1097,4,7.5,30.0,4.28,completed
O200670,1,2024-02-23,C50474,P1087,1,46.61,0.0,30.3,completed
O201226,1,2024-08-01,C50802,P1084,1,48.91,0.0,31.79,completed
O200014,1,2024-12-15,C50007,P1120,2,13.06,40.0,12.19,completed
O203794,1,2024-02-11,C52514,P1117,3,23.43,15.0,15.43,completed
O201522,5,2023-11-27,C50986,P1032,1,28.22,30.0,25.0,completed
O205559,1,10/09/2023,C53784,P1092,3,17.47,0.0,6.99,completed
O203178,2,2024-05-11,C52096,P1024,1,166.5,0.0,129.87,completed
O204343,2,2023-04-08,C52895,P1074,1,79.32,0.0,51.56,completed
O203385,1,2024-06-29,C52232,P1015,1,234.42,0.0,182.85,completed
O205399,2,2024-05-26,C53672,P1101,1,15.62,0.0,6.25,completed
O204671,2,"Sep 02, 2023",C53140,P1040,2,64.97,5.0,42.4,completed
O202308,3,2024-11-05,C51553,P1013,1,178.58,5.0,146.62,completed
O201241,3,2024-08-31,C50811,P1015,1,234.42,0.0,182.85,completed
O203759,1,2024-01-01,C52490,P1043,2,31.88,10.0,,completed
O205166,1,2023-12-25,C53508,P1109,2,35.47,5.0,20.91,completed
O204469,3,2023-05-24,C52993,P1024,1,166.5,0.0,129.87,completed
O200193,4,2024-06-05,C50138,P1015,2,234.42,0.0,182.85,completed
O203294,5,07/12/2023,C52179,P1033,1,34.42,10.0,23.71,completed
O204141,3,2023-05-26,C52742,P1054,3,28.68,0.0,13.77,completed
O201767,3,2024-11-14,C51168,P1061,2,15.53,0.0,7.45,completed
O201885,2,02/02/2023,C51241,P1034,1,32.89,0.0,20.39,completed
O200559,1,2024-10-03,C50401,P1045,2,52.37,0.0,32.47,returned
O205701,1,26/04/2024,C53887,P1020,1,176.36,0.0,137.56,completed
O201404,2,2023-04-25,C50925,P1077,4,47.7,0.0,31.01,completed
O205754,3,2024-12-30,C53928,P1007,1,194.48,0.0,151.69,completed
O203973,1,2023-04-15,C52641,P1074,1,75.35,5.0,51.56,completed
O201021,6,2024-12-09,C50699,P1074,1,55.52,30.0,51.56,completed
O203693,3,2023-03-01,C52454,P1109,3,35.47,5.0,20.91,completed
O200388,4,2024-01-04,C50280,P1040,3,41.03,40.0,42.4,completed
O202424,1,2024-12-31,C51611,P1081,1,69.81,10.0,50.42,completed
O203878,3,06/06/2023,C52566,P1041,4,71.64,0.0,44.42,completed
O203032,2,2024-11-22,C51996,P1060,1,35.84,30.0,24.58,completed
O201083,5,2024-01-05,C50728,P1108,1,11.11,30.0,6.35,completed
O204354,6,2023-06-06,C52905,P1106,2,16.74,0.0,6.7,completed
O200205,1,22/11/2024,C50143,P1112,3,19.34,30.0,15.47,completed
O204180,2,2023-10-15,C52770,P1041,1,71.64,0.0,44.42,completed
O203839,5,2024-10-06,C52543,P1109,2,37.34,0.0,20.91,completed
O201851,4,2024-07-26,C51219,P1044,1,55.48,0.0,34.4,completed
O201620,3,2024-08-27,C51058,P1088,2,57.72,5.0,39.49,completed
O200181,1,2024-08-08,C50134,P1088,3,60.76,0.0,39.49,completed
O205609,1,2024-11-26,C53824,P1074,1,55.52,30.0,51.56,completed
O204147,1,2024-12-22,C52743,P1116,3,18.83,0.0,10.54,completed
O201476,2,02/04/2024,C50968,P1050,1,341.4,0.0,16.39,completed
O200194,2,08/08/2024,C50138,P1085,1,29.7,5.0,20.32,completed
O202100,2,2024-12-15,C51402,P1100,1,10.12,20.0,5.06,completed
O203971,3,"Sep 23, 2024",C52640,P1015,1,234.42,0.0,182.85,completed
O205128,3,20/08/2024,C53478,P1052,1,44.0,0.0,21.12,completed
O202145,2,2024-11-26,C51430,P1037,1,42.0,10.0,28.94,completed
O204711,1,2024-12-12,C53166,P1029,1,36.44,40.0,37.65,completed
O203960,2,2024-05-17,C52630,P1030,1,61.28,0.0,37.99,completed
O200847,1,2024-09-28,C50572,P1012,1,278.05,0.0,216.88,completed
O203312,5,2024-07-13,C52184,P1002,2,102.31,0.0,79.8,completed
O204702,1,2024-04-16,C53162,P1109,1,37.34,0.0,20.91,completed
O200907,1,2023-02-10,C50610,P1017,3,222.03,0.0,173.18,completed
O200174,1,2023-12-29,C50131,P1049,1,40.46,10.0,21.58,completed
O200852,2,2024-05-29,C50577,P1060,3,51.2,0.0,24.58,completed
O202227,4,2024-11-21,C51486,P1026,2,37.29,10.0,25.69,completed
O201038,1,2024-09-15,C50707,P1030,1,61.28,0.0,37.99,completed
O203106,2,2024-01-04,C52048,P1089,2,62.88,20.0,51.09,completed
O201482,3,16/08/2023,C50972,P1088,1,60.76,0.0,39.49,completed
O202538,2,2024-07-07,C51688,P1054,2,28.68,0.0,13.77,completed
O201177,4,2023-06-05,C50781,P1009,1,152.66,15.0,140.09,completed
O203641,1,"Jan 05, 2024",C52410,P1007,1,155.58,20.0,151.69,completed
O205577,5,12/12/2024,C53802,P1006,1,62.0,30.0,69.08,completed
O204545,1,22/08/2024,C53050,P1056,1,24.84,,11.92,completed
O200125,2,28/09/2024,C50089,P1090,1,77.14,0.0,50.14,completed
O203452,1,2024-03-08,C52291,P1028,1,59.31,0.0,36.77,completed
O200756,2,24/11/2024,C50516,P1013,2,150.38,20.0,146.62,completed
O204330,3,2024-11-26,C52882,P1030,1,42.9,30.0,37.99,completed
O200387,1,2024-04-07,C50280,P1035,3,67.22,0.0,41.68,completed
O205085,3,2024-03-24,C53448,P1091,1,22.53,5.0,9.49,completed
O200819,1,2023-06-22,C50549,P1062,1,28.48,0.0,,completed
O204779,1,"Dec 21, 2024",C53217,P1034,1,32.89,0.0,20.39,completed
O202601,1,27/12/2024,C51741,P1062,2,27.06,5.0,13.67,completed
O204422,1,"Jun 01, 2024",C52956,P1030,1,61.28,0.0,37.99,completed
O204111,2,2024-10-16,C52731,P1093,3,15.34,0.0,6.14,completed
O200775,1,2024-02-21,C50533,P1104,1,20.75,15.0,9.76,completed
O203476,2,2024-04-17,C52310,P1109,2,31.74,15.0,,completed
O203792,2,2024-10-08,C52512,P1114,1,11.91,0.0,6.67,completed
O205026,2,"Mar 24, 2024",C53396,P1109,2,33.61,10.0,20.91,completed
O205615,2,"Jul 08, 2024",C53827,P1055,1,26.8,0.0,12.86,completed
O202873,2,21/05/2024,C51906,P1101,2,15.62,0.0,6.25,completed
O200420,1,01/09/2024,C50304,P1065,1,45.61,0.0,,completed
O202789,1,2024-12-06,C51856,P1099,3,12.8,40.0,8.53,completed
O201465,3,2023-05-23,C50965,P1073,1,36.39,0.0,23.65,completed
O201329,6,2024-12-03,C50874,P1090,1,46.28,40.0,50.14,completed
O200813,1,2024-11-28,C50545,P1028,2,53.38,10.0,36.77,completed
O204875,2,01/12/2023,C53283,P1032,3,32.26,20.0,25.0,completed
O201015,6,03/12/2024,C50697,P1012,1,194.64,30.0,216.88,completed
O202652,1,2024-03-19,C51776,P1115,3,25.43,0.0,14.24,completed
O200682,1,21/04/2024,C50478,P1078,1,65.84,0.0,42.8,completed
O200334,1,2023-12-07,C50249,P1063,1,24.94,30.0,17.1,completed
O203125,2,2023-10-15,C52061,P1013,2,178.58,5.0,146.62,completed
O203252,3,2023-01-14,C52154,P1025,1,27.92,30.0,24.73,completed
O200632,4,2024-11-28,C50447,P1010,2,90.71,20.0,88.44,completed
O201560,6,2023-11-22,C51017,P1103,1,11.03,30.0,6.3,completed
O203281,1,2024-11-27,C52175,P1015,3,140.65,40.0,182.85,completed
O201745,3,2024-09-03,C51149,P1012,2,278.05,0.0,216.88,returned
O205199,1,2024-12-04,C53527,P1019,1,235.1,20.0,229.22,completed
O201694,2,2024-03-05,C51101,P1078,1,65.84,0.0,42.8,completed
O201388,1,2024-10-14,C50912,P1088,2,51.65,15.0,39.49,completed
O200507,1,2024-05-15,C50365,P1114,1,11.91,0.0,6.67,completed
O204136,5,2023-08-12,C52740,P1008,2,152.33,0.0,118.82,completed
O202619,3,14/12/2024,C51754,P1042,1,58.34,10.0,40.19,completed
O200057,2,2024-12-15,C50035,P1108,1,9.52,40.0,6.35,completed
O204012,1,2024-12-05,C52663,P1025,2,35.89,10.0,24.73,completed
O203164,4,2024-10-22,C52084,P1120,2,21.77,0.0,12.19,completed
O203387,3,2024-11-27,C52233,P1114,1,7.15,40.0,6.67,completed
O204459,1,09/06/2024,C52982,P1032,1,40.32,0.0,25.0,completed
O205768,3,2024-06-13,C53937,P1114,1,11.91,0.0,6.67,completed
O205085,6,2024-03-24,C53448,P1077,1,42.93,10.0,31.01,completed
O200374,3,2023-06-17,C50268,P1015,1,210.98,10.0,182.85,completed
O203100,3,2023-10-22,C52044,P1101,2,15.62,0.0,6.25,completed
O205008,2,"Oct 21, 2024",C53381,P1111,1,30.48,0.0,17.07,completed
O205426,2,2023-12-14,C53688,P1066,1,37.86,20.0,22.71,completed
O205012,1,2024-07-29,C53384,P1083,1,49.42,,32.12,completed
O201590,1,2024-11-05,C51044,P1090,1,77.14,0.0,50.14,completed
O202574,2,2024-07-19,C51718,P1078,2,65.84,0.0,42.8,completed
O204271,1,06/12/2024,C52848,P1007,1,155.58,20.0,151.69,completed
O205053,6,15/10/2024,C53417,P1072,1,19.89,0.0,9.55,completed
O202362,1,2023-12-12,C51574,P1054,1,25.81,10.0,13.77,completed
O204764,4,2024-03-26,C53206,P1114,1,10.72,10.0,6.67,completed
O202862,1,2024-12-02,C51901,P1078,1,52.67,20.0,42.8,completed
O205157,3,2024-05-09,C53504,P1066,4,47.32,0.0,22.71,completed
O201586,3,2023-09-29,C51042,P1026,1,41.43,0.0,25.69,completed
O201381,2,2024-12-18,C50905,P1071,1,13.05,30.0,8.95,completed
O204063,1,2024-12-01,C52703,P1015,1,210.98,10.0,182.85,completed
O203258,3,2024-09-29,C52156,P1115,1,25.43,0.0,14.24,completed
O200936,1,2024-09-17,C50631,P1015,2,234.42,0.0,182.85,completed
O201760,3,2024-12-31,C51162,P1081,1,77.57,0.0,50.42,completed
O205593,1,2023-02-19,C53812,P1058,1,64.89,0.0,31.15,completed
O200785,2,2024-12-30,C50537,P1080,1,50.9,0.0,33.09,completed
O201290,3,"Nov 29, 2024",C50842,P1054,4,22.94,20.0,13.77,completed
O200805,1,26/02/2024,C50541,P1055,1,26.8,0.0,12.86,completed
O204460,2,2024-05-14,C52983,P1053,2,17.19,0.0,8.25,completed
O203797,4,2024-06-26,C52515,P1102,1,29.03,5.0,12.22,completed
O202903,3,2024-08-25,C51919,P1032,1,38.3,5.0,25.0,completed
O205696,4,2024-08-25,C53884,P1030,1,55.15,10.0,37.99,completed
O205354,1,2023-09-01,C53639,P1058,1,58.4,10.0,31.15,completed
O200387,2,07/04/2024,C50280,P1069,1,48.72,0.0,23.39,completed
O203085,3,2024-05-20,C52028,P1066,5,47.32,0.0,22.71,completed
O203177,2,2023-11-05,C52095,P1074,2,79.32,0.0,51.56,completed
O202603,2,"Jun 29, 2024",C51743,P1053,1,16.33,5.0,8.25,
O200515,5,2024-05-24,C50372,P1101,-1,15.62,0.0,6.25,returned
O205516,2,18/09/2023,C53753,P1062,1,28.48,0.0,13.67,completed
O203294,6,2023-12-07,C52179,P1040,1,61.55,10.0,42.4,completed
O202201,1,2024-09-12,C51469,P1020,1,176.36,0.0,137.56,returned
O202108,1,2023-09-05,C51407,P1100,1,12.02,5.0,5.06,completed
O204442,2,2023-08-21,C52970,P1015,1,234.42,0.0,182.85,completed
O201715,1,2023-12-04,C51125,P1040,1,61.55,10.0,42.4,completed
O205656,2,2024-11-27,C53860,P1063,4,24.94,30.0,17.1,completed
O204142,5,2024-08-31,C52742,P1084,1,48.91,0.0,31.79,completed
O205138,1,28/12/2024,C53482,P1074,2,75.35,5.0,51.56,completed
O203597,4,2023-09-22,C52387,P1083,5,49.42,0.0,32.12,completed
O200215,2,2024-10-11,C50150,P1004,1,304.09,0.0,237.19,completed
O204174,3,2024-06-23,C52759,P1018,1,106.98,0.0,83.44,completed
O202341,1,2024-07-17,C51567,P1032,4,38.3,5.0,25.0,completed
O201742,1,2023-11-30,C51145,P1026,1,33.14,20.0,25.69,completed
O204234,1,2023-04-22,C52813,P1032,5,40.32,0.0,25.0,completed
O203036,2,2024-10-26,C51997,P1006,1,88.57,0.0,69.08,completed
O201320,4,2023-11-18,C50865,P1025,1,37.89,5.0,24.73,completed
O202562,1,2024-11-29,C51710,P1114,3,9.53,20.0,6.67,completed
O203245,2,2024-03-10,C52150,P1015,1,222.7,5.0,182.85,completed
O202484,2,03/10/2024,C51652,P1027,2,58.02,10.0,39.97,completed
O202621,2,2024-11-28,C51756,P1065,2,41.05,10.0,21.89,completed
O203340,2,2024-09-16,C52207,P1065,1,45.61,,21.89,completed
O203455,1,2024-06-13,C52291,P1015,1,234.42,0.0,182.85,completed
O200664,3,"Dec 01, 2024",C50470,P1114,2,8.34,30.0,6.67,completed
O203653,4,2023-09-14,C52423,P1092,1,17.47,0.0,6.99,completed
O200284,1,2024-07-18,C50204,P1036,1,86.88,0.0,53.87,completed
O200648,1,2023-02-05,C50457,P1120,1,21.77,0.0,12.19,completed
O205451,2,12/08/2024,C53706,P1034,2,32.89,0.0,20.39,completed
O203986,5,04/12/2023,C52646,P1040,1,54.71,20.0,42.4,completed
O200418,4,2024-08-21,C50303,P1061,1,15.53,0.0,7.45,completed
O204024,2,2023-10-31,C52668,P1099,1,21.33,0.0,8.53,completed
O204121,1,2024-03-16,C52733,P1107,3,11.81,5.0,4.97,completed
O201676,1,"Sep 22, 2024",C51083,P1071,3,16.78,10.0,8.95,completed
O204750,1,2024-12-11,C53196,P1014,3,202.18,40.0,262.84,completed
O205492,1,2024-03-06,C53735,P1112,1,27.63,0.0,15.47,completed
O201779,2,28/11/2024,C51174,P1015,3,140.65,40.0,182.85,completed
O200483,1,2023-02-06,C50351,P1117,1,24.8,10.0,15.43,completed
O202073,1,2024-01-08,C51379,P1009,1,107.76,40.0,140.09,completed
O200326,2,2024-04-19,C50236,P1010,2,113.39,0.0,88.44,completed
O204460,3,14/05/2024,C52983,P1093,1,15.34,0.0,6.14,completed
O202518,1,24/10/2024,C51676,P1033,2,36.33,5.0,23.71,completed
O205602,6,2024-05-24,C53820,P1001,2,192.92,10.0,167.19,completed
O201688,4,2024-11-24,C51095,P1017,2,133.22,40.0,173.18,completed
O202177,2,2023-08-18,C51452,P1024,2,166.5,0.0,129.87,completed
O204199,3,2024-04-30,C52785,P1079,1,85.12,0.0,55.33,completed
O204643,5,2024-05-03,C53118,P1099,2,21.33,0.0,8.53,completed
O203265,1,30/12/2024,C52162,P1090,2,77.14,0.0,50.14,completed
O201433,5,30/11/2024,C50945,P1067,2,22.65,20.0,13.59,completed
O205868,3,2024-06-22,C53998,P1015,4,234.42,0.0,182.85,completed
O205767,5,31/12/2024,C53935,P1034,1,32.89,0.0,20.39,completed
O205399,3,2024-05-26,C53672,P1021,1,163.75,,127.73,returned
O200918,2,2024-08-26,C50616,P1025,-5,39.88,0.0,24.73,returned
O203325,3,13/05/2023,C52194,P1099,1,21.33,0.0,8.53,completed
O202637,1,29/12/2024,C51766,P1028,5,56.34,5.0,36.77,completed
O200387,3,2024-04-07,C50280,P1090,2,77.14,0.0,,completed
O204976,4,2024-12-06,C53354,P1081,3,62.06,20.0,50.42,completed
O201008,4,2024-11-09,C50692,P1003,1,246.51,10.0,213.64,completed
O201404,1,2023-04-25,C50925,P1062,3,28.48,0.0,13.67,completed
O201665,1,2024-11-27,C51071,P1067,1,22.65,20.0,13.59,completed
O205863,1,2024-11-25,C53992,P1093,5,13.81,10.0,6.14,completed
O204433,1,2024-01-27,C52961,P1100,1,12.65,0.0,5.06,completed
O204318,2,11/08/2023,C52874,P1034,3,32.89,0.0,20.39,completed
O201614,2,2024-07-24,C51058,P1050,5,30.73,10.0,16.39,completed
O204221,1,2024-08-03,C52800,P1059,1,22.43,0.0,10.77,completed
O200557,2,30/11/2024,C50401,P1084,1,39.13,20.0,31.79,completed
O202386,2,2024-01-14,C51583,P1063,2,21.38,40.0,17.1,completed
O203511,1,2023-06-29,C52338,P1030,1,58.22,5.0,37.99,completed
O201264,2,14/12/2024,C50824,P1097,1,8.57,20.0,4.28,completed
O200857,3,2024-06-25,C50579,P1051,3,37.72,0.0,18.11,completed
O203990,2,2024-12-28,C52647,P1010,3,113.39,0.0,88.44,completed
O203297,1,"Sep 06, 2023",C52182,P1027,1,64.47,0.0,39.97,completed
O202327,2,2024-05-03,C51560,P1061,2,15.53,0.0,7.45,completed
O202647,6,2024-02-02,C51772,P1072,2,19.89,0.0,9.55,completed
O203114,4,2023-12-23,C52051,P1116,4,18.83,0.0,10.54,completed
O204659,2,2023-07-25,C53130,P1013,1,187.98,0.0,146.62,completed
O200232,4,2024-12-30,C50160,P1091,3,22.53,5.0,9.49,completed
O204274,2,2024-12-02,C52849,P1094,2,12.32,30.0,7.04,completed
O200024,1,2024-11-30,C50015,P1088,1,54.68,10.0,39.49,completed
O205128,1,2024-08-20,C53478,P1021,1,163.75,0.0,127.73,completed
O205019,1,2023-09-23,C53386,P1074,1,79.32,0.0,51.56,completed
O201582,3,2023-04-23,C51038,P1023,1,355.1,0.0,276.98,completed
O204045,5,2024-12-15,C52690,P1084,2,39.13,20.0,31.79,returned
O203938,1,2024-12-23,C52614,P1014,2,303.27,10.0,262.84,completed
O203864,4,2024-01-31,C52558,P1030,1,61.28,0.0,37.99,completed
O201022,1,18/03/2024,C50699,P1112,1,27.63,0.0,15.47,completed
O201914,1,2024-12-15,C51268,P1059,2,20.19,10.0,10.77,completed
O203695,1,2024-05-14,C52454,P1074,1,79.32,0.0,51.56,completed
O202240,2,2024-05-16,C51501,P1074,1,75.35,5.0,51.56,completed
O204937,4,2024-09-19,C53332,P1114,4,11.31,5.0,6.67,completed
O201863,2,2024-08-03,C51225,P1026,2,41.43,0.0,25.69,completed
O205525,4,2024-10-07,C53756,P1114,2,119.1,0.0,6.67,completed
O200447,3,2024-05-27,C50321,P1031,1,136.94,5.0,89.37,completed
O203291,3,19/12/2024,C52178,P1008,2,137.1,10.0,118.82,completed
O203199,1,2024-11-23,C52110,P1114,1,10.72,10.0,6.67,completed
O200975,3,2024-07-01,C50659,P1117,3,23.43,15.0,15.43,completed
O200584,3,2024-12-06,C50417,P1062,3,22.78,20.0,13.67,completed
O204547,6,"Jul 01, 2023",C53050,P1032,2,40.32,0.0,25.0,completed
O204956,4,26/12/2024,C53339,P1112,1,26.25,5.0,15.47,completed
O201076,3,2024-12-27,C50722,P1060,2,51.2,0.0,24.58,completed
O203123,3,2024-07-29,C52059,P1096,1,9.68,5.0,4.08,completed
O200475,2,2024-11-12,C50344,P1008,1,152.33,0.0,118.82,completed
O204889,1,28/11/2024,C53300,P1015,1,140.65,40.0,182.85,completed
O203649,1,2024-05-17,C52419,P1093,1,13.04,15.0,6.14,completed
O203282,1,2024-11-04,C52175,P1018,1,106.98,0.0,83.44,completed
O204229,2,2024-10-16,C52806,P1109,2,37.34,0.0,20.91,completed
O201134,3,2023-08-14,C50759,P1079,2,85.12,0.0,55.33,completed
O203753,2,2024-05-11,C52487,P1074,1,79.32,0.0,51.56,completed
O202745,1,2024-09-18,C51830,P1092,2,17.47,0.0,6.99,completed
O202683,2,"Nov 09, 2024",C51799,P1096,2,10.19,0.0,4.08,completed
O202634,1,21/01/2024,C51766,P1019,1,293.87,0.0,229.22,completed
O201982,1,2024-12-30,C51316,P1084,1,48.91,0.0,31.79,completed
O203461,1,2024-12-20,C52298,P1105,1,10.01,20.0,5.0,completed
O200330,1,2024-12-17,C50238,P1017,1,177.62,20.0,173.18,completed
O205799,2,2023-11-25,C53955,P1083,1,39.54,20.0,32.12,completed
O201907,1,2024-11-26,C51260,P1116,2,11.3,40.0,10.54,completed
O200937,5,"Oct 19, 2024",C50631,P1042,1,61.58,5.0,40.19,completed
O200611,2,2024-11-24,C50432,P1034,1,29.6,10.0,20.39,completed
O201321,3,23/11/2024,C50865,P1040,1,61.55,10.0,42.4,completed
O204955,3,2024-05-29,C53339,P1039,1,29.44,10.0,20.28,completed
O204232,2,2023-12-14,C52813,P1105,1,11.26,10.0,5.0,completed
O205325,3,2024-11-28,C53619,P1019,1,205.71,30.0,229.22,completed
O203037,2,2024-10-23,C51997,P1067,1,24.06,15.0,13.59,completed
O200486,2,2024-12-22,C50354,P1056,1,24.84,0.0,11.92,completed
O204510,2,2024-06-28,C53021,P1030,2,61.28,0.0,37.99,completed
O203878,2,2023-06-06,C52566,P1074,1,79.32,0.0,51.56,completed
O205434,1,2024-04-01,C53693,P1083,1,49.42,0.0,32.12,completed
O200723,3,2023-12-20,C50500,P1118,1,17.36,30.0,13.89,completed
O203721,3,2023-08-14,C52461,P1015,1,234.42,0.0,182.85,completed
O202538,1,"Jul 07, 2024",C51688,P1050,3,30.73,10.0,16.39,completed
O204283,2,2024-06-16,C52854,P1045,1,52.37,0.0,32.47,completed
O203598,1,2024-08-04,C52389,P1082,4,41.93,0.0,27.25,completed
O202816,3,2023-08-25,C51876,P1015,1,234.42,0.0,182.85,completed
O205490,3,2024-06-01,C53733,P1032,2,38.3,5.0,25.0,completed
O201027,1,2024-12-08,C50703,P1052,2,35.2,20.0,21.12,completed
O200981,2,2024-04-28,C50664,P1005,1,61.99,0.0,48.35,completed
O201038,2,2024-09-15,C50707,P1006,1,88.57,0.0,69.08,completed
O205443,3,29/07/2024,C53700,P1010,2,107.72,5.0,88.44,completed
O205529,1,29/11/2023,C53761,P1078,3,59.26,10.0,42.8,completed
O205308,3,2023-05-13,C53608,P1062,1,28.48,0.0,13.67,completed
O202462,5,2024-08-16,C51636,P1109,1,37.34,0.0,20.91,completed
O204902,1,2023-07-23,C53310,P1015,2,234.42,0.0,182.85,completed
O200550,4,14/07/2024,C50397,P1041,4,64.48,10.0,44.42,completed
O202158,3,2024-08-10,C51436,P1034,2,32.89,0.0,20.39,completed
O203776,2,"May 31, 2024",C52506,P1074,2,79.32,0.0,51.56,completed
O200624,2,2024-04-29,C50438,P1042,2,64.82,0.0,40.19,completed
O203298,3,2023-02-06,C52182,P1052,1,44.0,0.0,21.12,completed
O204359,2,2024-03-24,C52909,P1105,1,12.51,,5.0,completed
O204713,2,2024-07-08,C53166,P1043,1,35.42,0.0,21.96,completed
O200020,1,2024-09-26,C50012,P1077,5,47.7,0.0,31.01,completed
O204578,1,2024-12-11,C53067,P1045,1,41.9,20.0,32.47,completed
O200118,3,2024-07-08,C50085,P1050,3,34.14,0.0,16.39,completed
O203300,1,31/03/2023,C52182,P1067,1,28.31,0.0,13.59,completed
O202465,3,2024-07-29,C51641,P1025,1,35.89,10.0,24.73,completed
O202948,1,2023-06-04,C51944,P1034,1,32.89,0.0,20.39,completed
O204872,1,2024-02-08,C53282,P1059,1,22.43,0.0,10.77,completed
O204230,1,2024-11-23,C52810,P1020,2,158.72,10.0,137.56,completed
O201167,1,2024-12-28,C50778,P1054,1,24.38,15.0,13.77,completed
O204898,1,2024-08-24,C53305,P1051,2,37.72,0.0,18.11,completed
O202500,2,2024-04-25,C51667,P1112,1,27.63,0.0,15.47,completed
O205806,2,2024-10-17,C53961,P1099,1,21.33,0.0,8.53,completed
O205696,3,2024-08-25,C53884,P1095,2,9.25,0.0,3.7,completed
O201672,5,2024-11-24,C51078,P1106,2,13.39,,6.7,completed
O201522,3,2023-11-27,C50986,P1008,2,121.86,20.0,118.82,completed
O202720,2,2024-09-23,C51819,P1029,1,60.73,0.0,37.65,completed
O201760,2,2024-12-31,C51162,P1088,1,60.76,0.0,39.49,completed
O204063,3,"Dec 01, 2024",C52703,P1052,1,35.2,20.0,21.12,completed
O204960,1,2023-11-11,C53343,P1056,3,24.84,0.0,11.92,completed
O203267,1,13/12/2024,C52167,P1034,-1,26.31,20.0,20.39,returned
O205650,1,2024-07-21,C53856,P1005,1,55.79,10.0,48.35,completed
O201438,1,2023-12-12,C50946,P1062,1,17.09,40.0,13.67,completed
O204516,1,2024-12-16,C53026,P1006,1,70.86,20.0,69.08,completed
O205498,1,2024-04-15,C53742,P1111,1,30.48,0.0,17.07,returned
O201698,2,2024-09-02,C51107,P1086,1,78.87,0.0,51.27,completed
O205539,3,2024-06-12,C53770,P1074,1,79.32,0.0,51.56,completed
O202636,2,2023-12-11,C51766,P1031,1,115.32,20.0,89.37,completed
O203095,2,2024-06-08,C52041,P1020,1,158.72,10.0,137.56,completed
O202480,1,2024-11-13,C51649,P1083,1,49.42,0.0,32.12,completed
O202960,3,11/01/2024,C51953,P1015,1,210.98,10.0,182.85,completed
O200327,4,29/05/2024,C50236,P1029,3,60.73,0.0,37.65,completed
O203469,3,2024-12-11,C52302,P1021,1,131.0,20.0,127.73,completed
O201019,1,2024-12-12,C50697,P1036,1,78.19,10.0,53.87,completed
O205754,1,2024-12-30,C53928,P1052,1,41.8,5.0,21.12,completed
O202631,2,19/03/2023,C51763,P1056,1,24.84,,11.92,completed
O201458,3,2024-06-30,C50955,P1110,2,10.34,0.0,5.79,completed
O203015,1,2024-05-18,C51987,P1026,3,41.43,0.0,25.69,completed
O201738,2,2024-05-04,C51142,P1083,1,49.42,0.0,32.12,completed
O203573,1,2024-10-15,C52370,P1015,2,222.7,5.0,182.85,completed
O200016,1,2023-11-26,C50010,P1056,2,14.9,40.0,11.92,completed
O202964,2,27/09/2023,C51954,P1105,3,12.51,0.0,5.0,completed
O204209,2,2024-12-21,C52790,P1065,2,43.33,5.0,21.89,completed
O201135,3,2024-05-12,C50759,P1004,2,304.09,0.0,237.19,completed
O202835,4,2023-11-22,C51886,P1039,1,22.9,,20.28,completed
O200450,2,21/08/2024,C50322,P1107,1,11.81,5.0,4.97,returned
O201608,1,2023-01-10,C51052,P1008,1,106.63,30.0,118.82,completed
O203449,2,04/12/2024,C52290,P1077,1,33.39,30.0,31.01,completed
O205423,3,2023-10-01,C53688,P1117,1,26.18,5.0,15.43,completed
O203189,1,"May 04, 2024",C52101,P1067,2,26.89,5.0,13.59,returned
O204762,2,2024-07-21,C53205,P1015,-4,234.42,0.0,182.85,returned
O203884,2,2024-09-12,C52567,P1097,1,9.1,15.0,4.28,completed
O205169,5,2024-09-07,C53509,P1001,1,214.35,0.0,167.19,completed
O205234,1,2024-06-14,C53551,P1082,1,41.93,0.0,27.25,completed
O202783,1,2024-04-14,C51852,P1043,4,35.42,0.0,21.96,completed
O204081,2,2024-12-05,C52714,P1015,2,210.98,10.0,182.85,completed
O201846,1,2024-04-16,C51217,P1107,2,11.81,5.0,4.97,completed
O205737,1,30/09/2024,C53909,P1006,2,88.57,0.0,69.08,completed
O205733,1,2023-05-15,C53908,P1047,4,49.02,0.0,23.53,completed
O202416,2,06/09/2024,C51605,P1088,2,60.76,0.0,39.49,completed
O200703,4,2024-08-18,C50491,P1015,1,234.42,0.0,182.85,completed
O202402,4,2024-07-05,C51596,P1005,1,61.99,0.0,48.35,completed
O202529,2,2024-08-17,C51684,P1105,1,12.51,0.0,5.0,
O205043,2,18/06/2024,C53404,P1017,1,210.93,5.0,173.18,completed
O204384,2,2024-08-16,C52937,P1049,2,42.7,5.0,21.58,completed
O203945,2,2023-06-03,C52615,P1101,3,13.28,15.0,6.25,completed
O204716,4,2024-10-07,C53166,P1033,1,38.24,0.0,23.71,completed
O201763,3,2024-12-03,C51163,P1003,2,191.73,30.0,213.64,completed
O201720,1,2024-08-06,C51129,P1107,1,12.43,0.0,4.97,completed
O204721,2,2024-12-12,C53172,P1005,4,55.79,10.0,48.35,completed
O200510,6,2024-11-29,C50367,P1090,1,54.0,30.0,50.14,completed
O201475,3,2024-12-17,C50967,P1042,1,45.37,30.0,40.19,completed
O203516,2,2023-05-31,C52339,P1034,1,29.6,10.0,20.39,completed
O205744,2,02/11/2024,C53919,P1059,1,22.43,0.0,10.77,completed
O200820,3,"Mar 11, 2024",C50549,P1020,1,176.36,0.0,137.56,completed
O203683,3,2023-01-28,C52444,P1062,2,28.48,0.0,13.67,returned
O203748,1,2024-05-20,C52480,P1106,2,16.74,0.0,6.7,completed
O204044,1,2024-07-06,C52688,P1022,1,112.18,10.0,97.23,completed
O205001,6,15/12/2024,C53378,P1118,1,14.88,40.0,13.89,completed
O205013,1,2024-10-15,C53384,P1010,3,113.39,0.0,88.44,completed
O202166,4,"Aug 20, 2024",C51444,P1023,1,355.1,0.0,276.98,
O201221,1,"Feb 09, 2024",C50799,P1114,1,11.91,0.0,6.67,completed
O203498,1,2024-12-21,C52327,P1097,1,107.10000000000001,0.0,4.28,completed
O201056,3,2024-11-23,C50710,P1015,1,164.09,30.0,182.85,completed
O200557,6,30/11/2024,C50401,P1015,1,164.09,30.0,182.85,completed
O201576,2,"Jun 04, 2023",C51037,P1069,1,48.72,0.0,,completed
O200460,3,2023-12-10,C50325,P1018,3,74.89,30.0,83.44,returned
O204345,1,03/08/2024,C52897,P1082,1,41.93,0.0,27.25,completed
O200890,1,2024-02-17,C50594,P1056,2,24.84,0.0,11.92,completed
O204998,2,2023-08-06,C53378,P1109,1,35.47,5.0,20.91,completed
O201538,1,2024-11-02,C51003,P1088,1,57.72,5.0,39.49,completed
O201064,3,2023-12-14,C50714,P1015,1,210.98,10.0,182.85,completed
O200142,3,2024-08-28,C50098,P1022,1,124.65,0.0,97.23,completed
O205448,5,2024-12-05,C53704,P1086,2,70.98,10.0,51.27,completed
O200678,3,2023-05-04,C50478,P1082,2,37.74,10.0,27.25,completed
O202554,1,2024-11-22,C51705,P1045,2,31.42,40.0,32.47,completed
O202102,2,2024-10-15,C51405,P1062,3,28.48,0.0,13.67,completed
O202379,1,17/07/2024,C51582,P1106,1,15.9,5.0,6.7,completed
O203798,1,2024-05-12,C52515,P1057,2,26.33,10.0,14.04,completed
O203088,1,2024-06-11,C52031,P1106,4,16.74,0.0,6.7,completed
O204966,2,10/10/2024,C53348,P1026,3,41.43,0.0,25.69,completed
O202799,2,2024-07-14,C51867,P1120,1,20.68,5.0,12.19,completed
O205765,1,2023-11-23,C53931,P1014,1,269.58,20.0,262.84,completed
O200690,4,"Aug 03, 2024",C50482,P1042,1,64.82,0.0,40.19,completed
O203690,1,2024-11-24,C52454,P1015,1,140.65,40.0,182.85,completed
O203562,1,2024-11-04,C52364,P1038,1,32.46,0.0,20.13,completed
O200161,4,03/09/2024,C50122,P1101,1,15.62,0.0,6.25,completed
O202297,1,2024-11-05,C51541,P1095,1,7.86,15.0,3.7,completed
O202877,4,2024-11-16,C51907,P1050,2,32.43,5.0,16.39,completed
O205058,3,2024-09-15,C53422,P1044,1,55.48,0.0,34.4,completed
O204672,1,2024-11-19,C53141,P1059,3,22.43,,10.77,completed
O201035,2,08/05/2024,C50707,P1087,2,44.28,5.0,30.3,completed
O201470,1,2024-11-25,C50966,P1054,1,22.94,20.0,13.77,completed
O204488,3,17/09/2024,C53001,P1067,2,26.89,,13.59,completed
O200248,3,2024-02-13,C50180,P1114,1,11.91,0.0,6.67,completed
O201878,2,2024-01-11,C51237,P1017,1,199.83,10.0,173.18,completed
O204473,2,2024-11-27,C52996,P1038,1,29.21,10.0,20.13,completed
O204139,2,2023-07-29,C52741,P1008,1,152.33,0.0,118.82,completed
O205819,1,2023-06-27,C53969,P1064,1,43.11,0.0,20.69,completed
O204455,2,2024-08-10,C52979,P1036,5,86.88,0.0,53.87,completed
O200179,1,2023-09-12,C50134,P1019,2,293.87,0.0,229.22,completed
O202829,1,2024-04-03,C51885,P1114,2,11.91,0.0,6.67,completed
O201337,2,2023-12-08,C50880,P1081,1,69.81,10.0,50.42,completed
O201522,6,2023-11-27,C50986,P1008,1,137.1,10.0,118.82,completed
O201885,1,2023-02-02,C51241,P1037,2,46.67,0.0,28.94,completed
O202417,1,2024-10-27,C51607,P1114,1,11.91,0.0,6.67,completed
O202266,3,2024-09-28,C51508,P1089,1,74.67,5.0,51.09,completed
O205097,1,2023-11-27,C53461,P1002,1,81.85,20.0,79.8,completed
O201586,1,2023-09-29,C51042,P1044,2,55.48,0.0,34.4,completed
O200694,1,2024-08-16,C50486,P1039,2,31.07,5.0,20.28,completed
O202062,1,2023-11-22,C51376,P1062,1,25.63,10.0,13.67,completed
O201031,4,2024-10-01,C50706,P1114,2,11.91,0.0,6.67,completed
O204466,1,2024-09-11,C52987,P1015,1,234.42,0.0,182.85,completed
O201829,4,2024-11-25,C51209,P1088,3,48.61,20.0,39.49,completed
O201296,2,16/12/2024,C50847,P1036,1,60.82,30.0,53.87,completed
O204391,3,2024-06-17,C52940,P1116,3,16.95,10.0,10.54,completed
O201186,2,2024-12-07,C50785,P1074,2,55.52,30.0,51.56,completed
O201636,6,2023-12-31,C51064,P1034,4,31.25,5.0,20.39,completed
O201775,1,2024-03-28,C51172,P1016,1,107.35,5.0,88.14,completed
O205640,4,2023-06-18,C53851,P1037,1,46.67,0.0,28.94,completed
O201178,4,"Jun 18, 2024",C50781,P1079,4,80.86,5.0,55.33,completed
O200040,1,"Apr 25, 2024",C50026,P1111,1,30.48,0.0,17.07,completed
O202008,1,2024-05-05,C51337,P1019,1,249.79,15.0,229.22,completed
O200471,2,2023-11-09,C50344,P1005,1,61.99,0.0,48.35,completed
O200146,5,2024-07-09,C50101,P1025,1,35.89,10.0,24.73,completed
O203248,2,2024-12-28,C52151,P1073,2,36.39,0.0,23.65,completed
O200827,1,2024-11-17,C50556,P1086,2,74.93,5.0,51.27,completed
O203179,2,2023-05-03,C52097,P1088,1,60.76,0.0,39.49,completed
O205790,2,2023-08-14,C53946,P1013,4,187.98,0.0,146.62,completed
O201315,2,31/08/2024,C50861,P1037,2,46.67,0.0,28.94,completed
O202347,2,2024-11-25,C51570,P1037,1,32.67,30.0,28.94,completed
O202733,1,2024-11-27,C51826,P1048,2,25.63,,17.58,completed
O205867,3,2024-11-29,C53997,P1058,1,51.91,20.0,31.15,completed
O204399,2,"May 16, 2024",C52944,P1115,1,25.43,0.0,14.24,completed
O201091,4,19/03/2024,C50733,P1074,1,79.32,0.0,51.56,completed
O201559,2,"Dec 23, 2024",C51017,P1015,1,234.42,0.0,182.85,completed
O203807,1,2023-03-26,C52518,P1021,1,163.75,0.0,127.73,completed
O202403,4,2024-06-12,C51597,P1114,1,11.91,0.0,6.67,completed
O202378,5,2024-05-22,C51580,P1068,1,26.9,0.0,12.91,completed
O203315,1,2024-11-26,C52185,P1029,2,54.66,10.0,37.65,completed
O201015,1,2024-12-03,C50697,P1030,-1,55.15,10.0,37.99,returned
O205782,2,2024-05-01,C53943,P1120,1,21.77,0.0,12.19,completed
O203498,2,2024-12-21,C52327,P1021,2,163.75,0.0,127.73,completed
O200877,3,2024-05-08,C50587,P1067,1,26.89,5.0,13.59,completed
O204737,2,2023-05-13,C53182,P1084,1,48.91,0.0,31.79,completed
O205600,1,2024-07-23,C53819,P1090,1,77.14,0.0,50.14,completed
