customer_id,recency_days,frequency,monetary,first_order,country,channel,tenure_days,avg_order_value,r_score,f_score,m_score,rfm_score,segment
C50001,95,1,27.619999999999997,2024-09-28,Germany,Organic Search,95,27.619999999999997,3,1,1,5,Needs Attention
C50002,16,1,46.09,2024-12-16,Spain,Organic Search,16,46.09,5,1,1,7,New / Promising
C50003,19,7,886.9300000000001,2023-07-02,Germany,Organic Search,549,126.70428571428572,5,5,4,14,Champions
C50004,28,4,1446.1,2023-02-18,Germany,Paid Social,683,361.525,4,5,5,14,Champions
C50007,17,2,81.6,2024-09-18,Germany,Organic Search,105,40.8,5,3,1,9,New / Promising
C50009,136,1,32.48,2024-08-18,France,Referral,136,32.48,2,1,1,4,Hibernating
C50010,402,1,67.09,2023-11-26,Spain,Email,402,67.09,1,1,1,3,Hibernating
C50011,25,1,181.42,2024-12-07,Germany,Organic Search,25,181.42,4,1,2,7,New / Promising
C50012,15,3,818.47,2024-09-26,Germany,Referral,97,272.8233333333333,5,4,4,13,Champions
C50014,255,1,300.95,2024-04-21,Italy,Referral,255,300.95,2,1,3,6,Hibernating
C50015,11,4,1029.76,2023-12-19,Germany,Email,379,257.44,5,5,5,15,Champions
C50016,27,4,586.5699999999999,2023-03-03,Italy,Paid Social,670,146.64249999999998,4,5,4,13,Champions
C50018,318,3,208.13,2023-01-13,Germany,Referral,719,69.37666666666667,1,4,2,7,At Risk
C50019,31,1,137.15,2024-12-01,Austria,Direct,31,137.15,4,1,2,7,New / Promising
C50020,45,1,335.86,2024-11-17,Netherlands,Email,45,335.86,4,1,3,8,New / Promising
C50021,118,2,897.3499999999999,2023-11-08,France,Direct,420,448.67499999999995,3,3,4,10,Loyal
C50022,114,1,255.93,2024-09-09,France,Direct,114,255.93,3,1,2,6,Needs Attention
C50025,29,2,327.51,2024-10-05,Austria,Paid Social,88,163.755,4,3,3,10,Loyal
C50026,31,2,216.69,2024-04-25,Italy,Paid Social,251,108.345,4,3,2,9,Potential Loyal
C50028,42,6,1274.3899999999999,2023-01-14,Austria,Direct,718,212.3983333333333,4,5,5,14,Champions
C50030,3,3,1998.9099999999999,2024-02-16,Germany,Organic Search,320,666.3033333333333,5,4,5,14,Champions
C50032,118,2,309.17,2024-08-08,Germany,Paid Social,146,154.585,3,3,3,9,Loyal
C50034,31,2,593.19,2024-09-09,Germany,Direct,114,296.595,4,3,4,11,Loyal
C50035,17,5,3751.3,2024-09-22,Netherlands,Paid Social,101,750.26,5,5,5,15,Champions
C50036,522,1,24.87,2023-07-29,Germany,Paid Social,522,24.87,1,1,1,3,Hibernating
C50037,283,2,1624.87,2023-09-16,Germany,Email,473,812.435,1,3,5,9,At Risk
C50038,398,2,117.02000000000001,2023-01-20,Netherlands,Paid Social,712,58.510000000000005,1,3,1,5,At Risk
C50039,279,1,51.65,2024-03-28,Germany,Paid Social,279,51.65,1,1,1,3,Hibernating
C50041,208,1,768.9,2024-06-07,Germany,Organic Search,208,768.9,2,1,4,7,Can't Lose Them
C50045,427,2,649.11,2023-10-05,Netherlands,Organic Search,454,324.555,1,3,4,8,At Risk
C50047,480,1,587.74,2023-09-09,Germany,Direct,480,587.74,1,1,4,6,Can't Lose Them
C50049,232,1,166.5,2024-05-14,Netherlands,Organic Search,232,166.5,2,1,2,5,Hibernating
C50050,102,1,112.42999999999999,2024-09-21,Austria,Email,102,112.42999999999999,3,1,1,5,Needs Attention
C50051,12,2,392.84999999999997,2024-11-04,Germany,Paid Social,58,196.42499999999998,5,3,3,11,Loyal
C50053,32,1,74.01,2024-11-30,Netherlands,Organic Search,32,74.01,4,1,1,6,New / Promising
C50055,117,2,216.29999999999998,2024-05-13,Netherlands,Paid Social,233,108.14999999999999,3,3,2,8,Potential Loyal
C50057,186,1,54.65,2024-06-29,Austria,Paid Social,186,54.65,2,1,1,4,Hibernating
C50058,285,3,262.84000000000003,2023-11-18,Italy,Organic Search,410,87.61333333333334,1,4,2,7,At Risk
C50059,230,1,306.72,2024-05-16,Germany,Paid Social,230,306.72,2,1,3,6,Hibernating
C50060,15,1,349.65,2024-12-17,Germany,Referral,15,349.65,5,1,3,9,New / Promising
C50061,153,3,531.14,2023-11-30,Germany,Organic Search,398,177.04666666666665,2,4,3,9,At Risk
C50063,76,6,2124.53,2024-02-22,Germany,Email,314,354.08833333333337,3,5,5,13,Loyal
C50065,21,2,639.55,2023-05-28,Netherlands,Direct,584,319.775,5,3,4,12,Loyal
C50066,495,1,24.21,2023-08-25,France,Direct,495,24.21,1,1,1,3,Hibernating
C50067,494,2,202.4,2023-07-04,Austria,Paid Social,547,101.2,1,3,2,6,At Risk
C50068,405,1,562.62,2023-11-23,Germany,Organic Search,405,562.62,1,1,4,6,Can't Lose Them
C50069,545,2,1862.44,2023-04-13,Austria,Organic Search,629,931.22,1,3,5,9,At Risk
C50070,592,1,25.3,2023-05-20,Germany,Organic Search,592,25.3,1,1,1,3,Hibernating
C50071,122,3,971.24,2024-03-02,Netherlands,Paid Social,305,323.74666666666667,3,4,5,12,Loyal
C50072,552,1,65.84,2023-06-29,Italy,Direct,552,65.84,1,1,1,3,Hibernating
C50073,8,3,423.53999999999996,2024-03-22,Austria,Direct,285,141.17999999999998,5,4,3,12,Loyal
C50074,374,1,238.92000000000002,2023-12-24,Spain,Organic Search,374,238.92000000000002,1,1,2,4,Hibernating
C50075,35,1,261.58000000000004,2024-11-27,Germany,Paid Social,35,261.58000000000004,4,1,2,7,New / Promising
C50077,559,1,417.37,2023-06-22,France,Paid Social,559,417.37,1,1,3,5,Hibernating
C50078,280,2,46.28,2024-03-25,Netherlands,Organic Search,282,23.14,1,3,1,5,At Risk
C50079,239,2,792.19,2024-02-16,Germany,Direct,320,396.095,2,3,4,9,At Risk
C50082,108,1,180.24,2024-09-15,Germany,Email,108,180.24,3,1,2,6,Needs Attention
C50084,37,2,137.04,2024-06-27,Spain,Referral,188,68.52,4,3,2,9,Potential Loyal
C50085,169,4,1334.09,2023-08-01,Italy,Paid Social,519,333.5225,2,5,5,12,At Risk
C50086,22,2,675.45,2024-06-10,Germany,Organic Search,205,337.725,5,3,4,12,Loyal
C50087,93,1,128.97,2024-09-30,Italy,Email,93,128.97,3,1,2,6,Needs Attention
C50089,24,2,272.52,2024-09-28,France,Email,95,136.26,5,3,2,10,Potential Loyal
C50092,559,2,581.75,2023-01-24,Germany,Referral,708,290.875,1,3,4,8,At Risk
C50093,13,5,584.51,2024-04-24,Germany,Organic Search,252,116.902,5,5,4,14,Champions
C50094,158,1,86.88,2024-07-27,France,Paid Social,158,86.88,2,1,1,4,Hibernating
C50096,24,5,1924.05,2023-11-04,Germany,Organic Search,424,384.81,5,5,5,15,Champions
C50097,5,2,476.01,2024-11-29,Germany,Email,33,238.005,5,3,3,11,Loyal
C50098,126,2,270.75,2024-07-14,France,Email,171,135.375,3,3,2,8,Potential Loyal
C50099,194,2,315.96,2024-02-14,Germany,Paid Social,322,157.98,2,3,3,8,At Risk
C50101,176,1,104.73,2024-07-09,Italy,Paid Social,176,104.73,2,1,1,4,Hibernating
C50104,31,3,502.42,2023-12-05,France,Organic Search,393,167.47333333333333,4,4,3,11,Loyal
C50105,238,1,1633.29,2024-05-08,Spain,Organic Search,238,1633.29,2,1,5,8,Can't Lose Them
C50106,224,1,55.11,2024-05-22,Germany,Direct,224,55.11,2,1,1,4,Hibernating
C50111,162,1,530.8299999999999,2024-07-23,Netherlands,Referral,162,530.8299999999999,2,1,3,6,Hibernating
C50112,111,1,41.43,2024-09-12,Italy,Email,111,41.43,3,1,1,5,Needs Attention
C50113,22,1,613.81,2024-12-10,Germany,Organic Search,22,613.81,5,1,4,10,New / Promising
C50115,238,1,450.29,2024-05-08,Austria,Organic Search,238,450.29,2,1,3,6,Hibernating
C50116,32,2,595.64,2024-11-09,Germany,Organic Search,53,297.82,4,3,4,11,Loyal
C50118,331,1,805.7199999999999,2024-02-05,Netherlands,Paid Social,331,805.7199999999999,1,1,4,6,Can't Lose Them
C50119,618,1,74.17,2023-04-24,Italy,Paid Social,618,74.17,1,1,1,3,Hibernating
C50122,35,4,439.85,2024-09-01,France,Organic Search,122,109.9625,4,5,3,12,Loyal
C50123,109,1,116.54,2024-09-14,Netherlands,Referral,109,116.54,3,1,1,5,Needs Attention
C50125,27,2,798.03,2024-10-02,France,Organic Search,91,399.015,4,3,4,11,Loyal
C50126,13,2,474.58000000000004,2024-08-31,Germany,Paid Social,123,237.29000000000002,5,3,3,11,Loyal
C50127,244,4,465.75,2023-01-09,Germany,Paid Social,723,116.4375,2,5,3,10,At Risk
C50128,688,1,619.1899999999999,2023-02-13,France,Organic Search,688,619.1899999999999,1,1,4,6,Can't Lose Them
C50131,61,4,1125.24,2023-05-11,Germany,Email,601,281.31,3,5,5,13,Loyal
C50133,433,1,269.6,2023-10-26,Germany,Referral,433,269.6,1,1,2,4,Hibernating
C50134,146,3,1870.8400000000001,2023-09-12,Spain,Paid Social,477,623.6133333333333,2,4,5,11,At Risk
C50135,29,2,230.20000000000002,2024-06-20,Germany,Paid Social,195,115.10000000000001,4,3,2,9,Potential Loyal
C50137,18,5,651.46,2024-11-08,Germany,Email,54,130.292,5,5,4,14,Champions
C50138,6,9,2992.54,2024-05-30,Germany,Organic Search,216,332.50444444444446,5,5,5,15,Champions
C50141,7,2,194.64000000000001,2024-12-22,Spain,Paid Social,10,97.32000000000001,5,3,2,10,Potential Loyal
C50142,16,5,2004.5900000000001,2024-08-09,Germany,Direct,145,400.918,5,5,5,15,Champions
C50143,40,1,122.21000000000001,2024-11-22,Germany,Email,40,122.21000000000001,4,1,1,6,New / Promising
C50144,37,3,839.4699999999999,2024-03-01,Austria,Paid Social,306,279.8233333333333,4,4,4,12,Champions
C50147,212,2,301.65,2023-05-21,Austria,Paid Social,591,150.825,2,3,3,8,At Risk
C50148,123,4,2815.23,2024-01-10,France,Paid Social,357,703.8075,3,5,5,13,Loyal
C50150,82,5,1969.21,2023-01-19,Germany,Organic Search,713,393.842,3,5,5,13,Loyal
C50152,128,2,319.25,2024-08-19,Germany,Paid Social,135,159.625,3,3,3,9,Loyal
C50153,318,2,211.52,2023-12-21,Austria,Referral,377,105.76,1,3,2,6,At Risk
C50155,47,2,87.86,2024-03-14,Austria,Referral,293,43.93,4,3,1,8,New / Promising
C50156,327,1,122.2,2024-02-09,Austria,Paid Social,327,122.2,1,1,1,3,Hibernating
C50158,60,3,1151.26,2024-09-29,Germany,Email,94,383.75333333333333,3,4,5,12,Loyal
C50159,40,2,408.99,2023-09-27,Germany,Referral,462,204.495,4,3,3,10,Loyal
C50160,2,1,194.2,2024-12-30,France,Direct,2,194.2,5,1,2,8,New / Promising
C50162,96,3,441.34,2024-04-01,Spain,Organic Search,275,147.11333333333332,3,4,3,10,Loyal
C50169,36,1,108.41,2024-11-26,Germany,Organic Search,36,108.41,4,1,1,6,New / Promising
C50171,359,1,175.8,2024-01-08,Austria,Referral,359,175.8,1,1,2,4,Hibernating
C50172,129,3,1312.46,2023-10-19,France,Direct,440,437.4866666666667,3,4,5,12,Loyal
C50174,32,1,99.72,2024-11-30,Germany,Paid Social,32,99.72,4,1,1,6,New / Promising
C50175,16,1,52.83,2024-12-16,France,Organic Search,16,52.83,5,1,1,7,New / Promising
C50177,451,2,484.31,2023-05-13,Germany,Referral,599,242.155,1,3,3,7,At Risk
C50179,39,2,314.75,2023-09-05,Germany,Direct,484,157.375,4,3,3,10,Loyal
C50180,272,3,270.82000000000005,2023-12-01,Netherlands,Paid Social,397,90.27333333333335,1,4,2,7,At Risk
C50181,91,1,85.12,2024-10-02,Germany,Email,91,85.12,3,1,1,5,Needs Attention
C50182,148,1,82.93,2024-08-06,Germany,Referral,148,82.93,2,1,1,4,Hibernating
C50183,36,1,414.59,2024-11-26,Germany,Organic Search,36,414.59,4,1,3,8,New / Promising
C50185,81,3,1204.45,2024-06-24,Germany,Email,191,401.48333333333335,3,4,5,12,Loyal
C50186,26,2,1521.59,2024-11-26,Germany,Organic Search,36,760.795,4,3,5,12,Loyal
C50187,6,1,126.9,2024-12-26,Spain,Organic Search,6,126.9,5,1,1,7,New / Promising
C50188,36,1,86.08,2024-11-26,Spain,Direct,36,86.08,4,1,1,6,New / Promising
C50189,35,1,109.21,2024-11-27,Germany,Email,35,109.21,4,1,1,6,New / Promising
C50191,253,2,919.88,2024-02-28,France,Referral,308,459.94,2,3,4,9,At Risk
C50192,370,1,54.69,2023-12-28,Spain,Paid Social,370,54.69,1,1,1,3,Hibernating
C50193,87,1,32.89,2024-10-06,Germany,Referral,87,32.89,3,1,1,5,Needs Attention
C50194,1,2,751.0500000000001,2024-12-11,Germany,Direct,21,375.52500000000003,5,3,4,12,Loyal
C50196,40,1,70.78999999999999,2024-11-22,Germany,Referral,40,70.78999999999999,4,1,1,6,New / Promising
C50197,197,3,286.66,2023-01-08,Germany,Organic Search,724,95.55333333333334,2,4,2,8,At Risk
C50198,18,2,188.29,2024-10-30,Spain,Paid Social,63,94.145,5,3,2,10,Potential Loyal
C50199,58,2,876.3299999999999,2024-10-20,Spain,Paid Social,73,438.16499999999996,3,3,4,10,Loyal
C50200,177,3,161.04,2023-12-04,Germany,Direct,394,53.68,2,4,2,8,At Risk
C50201,124,1,367.47,2024-08-30,France,Organic Search,124,367.47,3,1,3,7,Needs Attention
C50202,9,4,928.4100000000001,2024-12-14,Germany,Paid Social,18,232.10250000000002,5,5,4,14,Champions
C50204,28,2,195.2,2024-07-18,France,Organic Search,167,97.6,4,3,2,9,Potential Loyal
C50205,162,3,744.29,2024-03-24,Germany,Referral,283,248.09666666666666,2,4,4,10,At Risk
C50206,168,2,1416.4,2023-05-20,Spain,Direct,592,708.2,2,3,5,10,At Risk
C50207,17,3,912.7700000000001,2024-09-14,Italy,Organic Search,109,304.2566666666667,5,4,4,13,Champions
C50209,57,3,579.94,2024-07-18,Netherlands,Direct,167,193.31333333333336,3,4,4,11,Loyal
C50211,33,2,546.85,2024-08-27,Germany,Organic Search,127,273.425,4,3,4,11,Loyal
C50214,93,2,118.59,2024-09-21,Germany,Email,102,59.295,3,3,1,7,Needs Attention
C50218,23,4,641.55,2024-11-11,Germany,Email,51,160.3875,5,5,4,14,Champions
C50220,294,1,987.92,2024-03-13,Germany,Email,294,987.92,1,1,5,7,Can't Lose Them
C50221,39,3,1539.2099999999998,2024-04-13,Germany,Paid Social,263,513.0699999999999,4,4,5,13,Champions
C50223,22,3,185.48,2024-11-08,Netherlands,Paid Social,54,61.82666666666666,5,4,2,11,Potential Loyal
C50224,644,1,558.36,2023-03-29,Italy,Paid Social,644,558.36,1,1,4,6,Can't Lose Them
C50227,113,1,44.12,2024-09-10,Germany,Referral,113,44.12,3,1,1,5,Needs Attention
C50230,225,3,838.94,2023-07-16,Germany,Organic Search,535,279.6466666666667,2,4,4,10,At Risk
C50231,267,3,1134.45,2023-04-04,Netherlands,Organic Search,638,378.15000000000003,1,4,5,10,At Risk
C50233,316,5,970.87,2023-12-18,Germany,Paid Social,380,194.174,1,5,5,11,At Risk
C50236,217,3,1260.5,2023-10-25,France,Organic Search,434,420.1666666666667,2,4,5,11,At Risk
C50238,15,2,372.9,2023-11-25,Austria,Referral,403,186.45,5,3,3,11,Loyal
C50240,100,2,824.8,2023-02-26,Spain,Referral,675,412.4,3,3,4,10,Loyal
C50244,135,1,17.47,2024-08-19,Germany,Referral,135,17.47,3,1,1,5,Needs Attention
C50249,141,3,495.45000000000005,2023-12-07,Germany,Direct,391,165.15,2,4,3,9,At Risk
C50250,23,2,218.91,2024-10-09,Germany,Email,84,109.455,5,3,2,10,Potential Loyal
C50251,373,1,502.62,2023-12-25,Germany,Paid Social,373,502.62,1,1,3,5,Hibernating
C50252,237,2,232.04,2023-06-21,France,Organic Search,560,116.02,2,3,2,7,At Risk
C50253,12,6,1871.05,2024-01-11,France,Direct,356,311.84166666666664,5,5,5,15,Champions
C50254,546,1,85.28,2023-07-05,Spain,Email,546,85.28,1,1,1,3,Hibernating
C50256,132,3,1204.04,2024-04-23,Germany,Organic Search,253,401.34666666666664,3,4,5,12,Loyal
C50257,14,4,854.74,2024-09-19,France,Referral,104,213.685,5,5,4,14,Champions
C50259,521,1,515.26,2023-07-30,France,Email,521,515.26,1,1,3,5,Hibernating
C50261,31,1,491.99,2024-12-01,Germany,Organic Search,31,491.99,4,1,3,8,New / Promising
C50265,47,8,1754.58,2023-06-30,Germany,Direct,551,219.3225,4,5,5,14,Champions
C50266,510,1,80.86,2023-08-10,Netherlands,Organic Search,510,80.86,1,1,1,3,Hibernating
C50268,149,8,2801.85,2023-06-17,Spain,Paid Social,564,350.23125,2,5,5,12,At Risk
C50269,186,1,124.45,2024-06-29,Germany,Direct,186,124.45,2,1,1,4,Hibernating
C50270,102,1,22.89,2024-09-21,Germany,Paid Social,102,22.89,3,1,1,5,Needs Attention
C50272,636,1,250.54,2023-04-06,France,Direct,636,250.54,1,1,2,4,Hibernating
C50273,24,1,34.31,2024-12-08,Germany,Organic Search,24,34.31,5,1,1,7,New / Promising
C50274,30,3,1429.3,2023-04-21,Austria,Email,621,476.43333333333334,4,4,5,13,Champions
C50277,209,3,2442.06,2023-03-02,Germany,Paid Social,671,814.02,2,4,5,11,At Risk
C50279,100,1,122.64,2024-09-23,Spain,Paid Social,100,122.64,3,1,1,5,Needs Attention
C50280,269,4,1430.35,2023-11-29,Germany,Organic Search,399,357.5875,1,5,5,11,At Risk
C50284,110,1,80.7,2024-09-13,Germany,Referral,110,80.7,3,1,1,5,Needs Attention
C50285,633,1,77.57,2023-04-09,France,Organic Search,633,77.57,1,1,1,3,Hibernating
C50286,50,3,403.71,2024-03-16,Austria,Email,291,134.57,4,4,3,11,Loyal
C50287,133,1,21.77,2024-08-21,Germany,Organic Search,133,21.77,3,1,1,5,Needs Attention
C50288,110,1,91.44,2024-09-13,Netherlands,Organic Search,110,91.44,3,1,1,5,Needs Attention
C50290,123,7,2976.82,2023-04-25,France,Referral,617,425.26000000000005,3,5,5,13,Loyal
C50291,258,4,489.69,2023-04-04,Germany,Organic Search,638,122.4225,2,5,3,10,At Risk
C50297,425,2,991.9300000000001,2023-11-01,Germany,Organic Search,427,495.96500000000003,1,3,5,9,At Risk
C50300,165,1,163.45000000000002,2024-07-20,Germany,Paid Social,165,163.45000000000002,2,1,2,5,Hibernating
C50301,168,3,2325.38,2023-12-21,Germany,Paid Social,377,775.1266666666667,2,4,5,11,At Risk
C50303,73,3,628.67,2023-03-29,Germany,Email,644,209.55666666666664,3,4,4,11,Loyal
C50304,122,2,286.0,2024-08-09,Austria,Referral,145,143.0,3,3,2,8,Potential Loyal
C50305,110,5,1160.59,2023-05-08,Germany,Email,604,232.118,3,5,5,13,Loyal
C50309,21,1,173.99,2024-12-11,Netherlands,Email,21,173.99,5,1,2,8,New / Promising
C50310,13,2,190.31,2023-09-05,Germany,Referral,484,95.155,5,3,2,10,Potential Loyal
C50311,283,2,770.43,2024-01-01,Austria,Organic Search,366,385.215,1,3,4,8,At Risk
C50312,258,3,1490.9,2023-05-27,Austria,Email,585,496.9666666666667,2,4,5,11,At Risk
C50313,130,1,21.33,2024-08-24,Austria,Referral,130,21.33,3,1,1,5,Needs Attention
C50314,21,1,86.11,2024-12-11,Germany,Organic Search,21,86.11,5,1,1,7,New / Promising
C50315,128,1,433.32,2024-08-26,Netherlands,Direct,128,433.32,3,1,3,7,Needs Attention
C50317,225,3,591.37,2023-04-09,Germany,Organic Search,633,197.12333333333333,2,4,4,10,At Risk
C50318,23,2,165.79,2024-11-23,Germany,Direct,39,82.895,5,3,2,10,Potential Loyal
C50320,187,2,364.2,2024-03-24,Germany,Paid Social,283,182.1,2,3,3,8,At Risk
C50321,165,4,355.36,2024-04-14,Netherlands,Paid Social,262,88.84,2,5,3,10,At Risk
C50322,11,5,1067.97,2024-06-05,Austria,Direct,210,213.594,5,5,5,15,Champions
C50323,565,1,281.58,2023-06-16,Germany,Paid Social,565,281.58,1,1,2,4,Hibernating
C50324,34,5,699.23,2023-07-11,France,Email,540,139.846,4,5,4,13,Champions
C50325,16,2,1271.2800000000002,2023-12-10,France,Referral,388,635.6400000000001,5,3,5,13,Loyal
C50331,32,3,629.82,2024-04-28,Germany,Paid Social,248,209.94000000000003,4,4,4,12,Champions
C50334,49,1,295.77,2024-11-13,France,Email,49,295.77,4,1,3,8,New / Promising
C50335,142,1,46.67,2024-08-12,Germany,Organic Search,142,46.67,2,1,1,4,Hibernating
C50337,197,4,407.96000000000004,2023-11-10,Austria,Paid Social,418,101.99000000000001,2,5,3,10,At Risk
C50344,27,5,2330.23,2023-08-03,Netherlands,Paid Social,517,466.046,4,5,5,14,Champions
C50345,175,1,560.9300000000001,2024-07-10,Spain,Email,175,560.9300000000001,2,1,4,7,Can't Lose Them
C50346,29,1,629.76,2024-12-03,Germany,Paid Social,29,629.76,4,1,4,9,New / Promising
C50347,334,2,93.02000000000001,2023-08-04,France,Organic Search,516,46.510000000000005,1,3,1,5,At Risk
C50349,3,2,358.0,2024-08-19,Germany,Paid Social,135,179.0,5,3,3,11,Loyal
C50351,252,2,776.94,2023-02-06,Germany,Referral,695,388.47,2,3,4,9,At Risk
C50352,199,1,445.88,2024-06-16,France,Email,199,445.88,2,1,3,6,Hibernating
C50354,10,2,1266.58,2024-12-19,Germany,Paid Social,13,633.29,5,3,5,13,Loyal
C50355,37,1,56.68,2024-11-25,Germany,Paid Social,37,56.68,4,1,1,6,New / Promising
C50357,121,2,1224.67,2024-07-13,Italy,Organic Search,172,612.335,3,3,5,11,Loyal
C50358,58,2,374.09000000000003,2024-10-17,Italy,Organic Search,76,187.04500000000002,3,3,3,9,Loyal
C50359,45,3,806.31,2024-05-09,Netherlands,Direct,237,268.77,4,4,4,12,Champions
C50362,10,7,2304.21,2024-09-05,Spain,Organic Search,118,329.17285714285714,5,5,5,15,Champions
C50363,486,1,55.6,2023-09-03,Germany,Referral,486,55.6,1,1,1,3,Hibernating
C50364,77,2,140.26,2024-05-07,Germany,Organic Search,239,70.13,3,3,2,8,Potential Loyal
C50365,152,3,1732.44,2024-05-15,Italy,Organic Search,231,577.48,2,4,5,11,At Risk
C50366,84,1,505.56,2024-10-09,Spain,Organic Search,84,505.56,3,1,3,7,Needs Attention
C50367,33,3,1256.04,2024-10-02,Germany,Email,91,418.68,4,4,5,13,Champions
C50370,301,2,187.19,2023-11-13,Germany,Organic Search,415,93.595,1,3,2,6,At Risk
C50372,119,2,864.4799999999999,2024-05-24,Germany,Email,222,432.23999999999995,3,3,4,10,Loyal
C50374,108,1,357.95000000000005,2024-09-15,France,Organic Search,108,357.95000000000005,3,1,3,7,Needs Attention
C50376,5,3,513.18,2024-07-20,Germany,Direct,165,171.05999999999997,5,4,3,12,Loyal
C50378,4,3,987.17,2024-12-18,Netherlands,Organic Search,14,329.0566666666667,5,4,5,14,Champions
C50380,12,1,73.32,2024-12-20,Germany,Paid Social,12,73.32,5,1,1,7,New / Promising
C50381,38,4,1549.03,2023-09-08,Netherlands,Organic Search,481,387.2575,4,5,5,14,Champions
C50383,120,2,629.9,2023-08-19,Germany,Direct,501,314.95,3,3,4,10,Loyal
C50384,214,1,98.36000000000001,2024-06-01,Germany,Paid Social,214,98.36000000000001,2,1,1,4,Hibernating
C50385,63,2,881.98,2024-09-24,Germany,Direct,99,440.99,3,3,4,10,Loyal
C50387,3,2,221.95,2024-08-01,France,Paid Social,153,110.975,5,3,2,10,Potential Loyal
C50388,336,1,15.34,2024-01-31,Germany,Organic Search,336,15.34,1,1,1,3,Hibernating
C50389,23,2,254.39,2023-11-19,Germany,Email,409,127.195,5,3,2,10,Potential Loyal
C50391,33,3,2091.7400000000002,2023-08-02,Germany,Paid Social,518,697.2466666666668,4,4,5,13,Champions
C50392,295,1,203.20000000000002,2024-03-12,Germany,Organic Search,295,203.20000000000002,1,1,2,4,Hibernating
C50394,127,5,916.5600000000001,2024-06-07,Germany,Paid Social,208,183.312,3,5,4,12,Loyal
C50395,28,1,233.09,2024-12-04,Germany,Organic Search,28,233.09,4,1,2,7,New / Promising
C50396,129,2,128.99,2024-07-02,Germany,Organic Search,183,64.495,3,3,2,8,Potential Loyal
C50397,171,1,655.57,2024-07-14,Germany,Direct,171,655.57,2,1,4,7,Can't Lose Them
C50399,187,2,270.82,2023-10-08,Germany,Paid Social,451,135.41,2,3,2,7,At Risk
C50400,334,1,516.7,2024-02-02,Germany,Paid Social,334,516.7,1,1,3,5,Hibernating
C50401,9,6,1536.3799999999999,2024-10-03,Italy,Paid Social,90,256.06333333333333,5,5,5,15,Champions
C50402,21,3,1326.32,2024-02-14,Spain,Email,322,442.1066666666666,5,4,5,14,Champions
C50404,75,4,839.3599999999999,2024-06-19,Germany,Paid Social,196,209.83999999999997,3,5,4,12,Loyal
C50405,512,1,158.12,2023-08-08,France,Email,512,158.12,1,1,2,4,Hibernating
C50406,132,4,1140.6,2023-06-17,Spain,Paid Social,564,285.15,3,5,5,13,Loyal
C50411,226,2,703.93,2023-10-05,Spain,Organic Search,454,351.965,2,3,4,9,At Risk
C50412,87,2,997.27,2024-09-06,Spain,Organic Search,117,498.635,3,3,5,11,Loyal
C50414,57,4,1495.1399999999999,2023-12-30,France,Email,368,373.78499999999997,3,5,5,13,Loyal
C50415,225,1,55.26,2024-05-21,Germany,Paid Social,225,55.26,2,1,1,4,Hibernating
C50416,405,1,810.31,2023-11-23,Netherlands,Organic Search,405,810.31,1,1,4,6,Can't Lose Them
C50417,26,1,131.92000000000002,2024-12-06,Spain,Organic Search,26,131.92000000000002,4,1,2,7,New / Promising
C50418,260,3,570.23,2023-02-26,France,Direct,675,190.07666666666668,2,4,4,10,At Risk
C50420,155,1,217.63,2024-07-30,Germany,Organic Search,155,217.63,2,1,2,5,Hibernating
C50421,34,3,1115.0,2024-06-08,Germany,Email,207,371.6666666666667,4,4,5,13,Champions
C50422,64,2,766.1,2024-07-08,Austria,Paid Social,177,383.05,3,3,4,10,Loyal
C50423,1,1,323.16999999999996,2024-12-31,Germany,Email,1,323.16999999999996,5,1,3,9,New / Promising
C50424,609,1,501.94,2023-05-03,Spain,Email,609,501.94,1,1,3,5,Hibernating
C50426,120,4,982.12,2023-08-28,Germany,Organic Search,492,245.53,3,5,5,13,Loyal
C50427,152,3,1144.93,2024-05-17,Germany,Paid Social,229,381.6433333333334,2,4,5,11,At Risk
C50428,3,1,44.1,2024-12-29,Germany,Direct,3,44.1,5,1,1,7,New / Promising
C50429,2,6,3059.45,2024-04-01,Germany,Organic Search,275,509.9083333333333,5,5,5,15,Champions
C50432,10,3,409.65,2024-10-23,Germany,Referral,70,136.54999999999998,5,4,3,12,Loyal
C50433,93,5,2569.0299999999997,2023-12-01,Germany,Email,397,513.8059999999999,3,5,5,13,Loyal
C50435,608,1,54.65,2023-05-04,Germany,Email,608,54.65,1,1,1,3,Hibernating
C50436,113,3,717.74,2023-05-28,Italy,Organic Search,584,239.24666666666667,3,4,4,11,Loyal
C50437,116,2,1504.36,2023-06-21,Germany,Email,560,752.18,3,3,5,11,Loyal
C50438,247,1,251.15999999999997,2024-04-29,Austria,Referral,247,251.15999999999997,2,1,2,5,Hibernating
C50439,385,1,15.91,2023-12-13,Austria,Direct,385,15.91,1,1,1,3,Hibernating
C50442,221,2,379.15,2023-06-27,Germany,Referral,554,189.575,2,3,3,8,At Risk
C50443,12,3,860.6500000000001,2024-11-29,France,Organic Search,33,286.8833333333334,5,4,4,13,Champions
C50447,34,1,695.3,2024-11-28,Germany,Paid Social,34,695.3,4,1,4,9,New / Promising
C50448,40,4,928.3100000000001,2023-11-21,Austria,Organic Search,407,232.07750000000001,4,5,4,13,Champions
C50449,189,4,438.26,2023-01-01,Spain,Organic Search,731,109.565,2,5,3,10,At Risk
C50450,38,1,121.86,2024-11-24,Germany,Referral,38,121.86,4,1,1,6,New / Promising
C50452,252,1,55.79,2024-04-24,Germany,Organic Search,252,55.79,2,1,1,4,Hibernating
C50453,36,3,976.7199999999999,2024-03-25,France,Paid Social,282,325.5733333333333,4,4,5,13,Champions
C50455,184,1,368.5,2024-07-01,Austria,Organic Search,184,368.5,2,1,3,6,Hibernating
C50457,18,4,979.32,2023-02-05,France,Paid Social,696,244.83,5,5,5,15,Champions
C50458,534,1,16.6,2023-07-17,Germany,Organic Search,534,16.6,1,1,1,3,Hibernating
C50460,70,4,2108.3500000000004,2023-03-22,Germany,Paid Social,651,527.0875000000001,3,5,5,13,Loyal
C50461,75,3,1089.69,2023-09-28,Germany,Paid Social,461,363.23,3,4,5,12,Loyal
C50464,531,1,945.36,2023-07-20,Germany,Organic Search,531,945.36,1,1,4,6,Can't Lose Them
C50465,352,1,47.45,2024-01-15,Germany,Paid Social,352,47.45,1,1,1,3,Hibernating
C50466,3,1,64.82,2024-12-29,Austria,Email,3,64.82,5,1,1,7,New / Promising
C50468,14,1,187.54,2024-12-18,Netherlands,Referral,14,187.54,5,1,2,8,New / Promising
C50470,31,1,272.32,2024-12-01,France,Organic Search,31,272.32,4,1,2,7,New / Promising
C50471,114,1,719.1899999999999,2024-09-09,Germany,Organic Search,114,719.1899999999999,3,1,4,8,Needs Attention
C50472,100,3,251.84,2023-11-23,Germany,Organic Search,405,83.94666666666667,3,4,2,9,Potential Loyal
C50474,313,2,542.0799999999999,2024-02-20,France,Paid Social,316,271.03999999999996,1,3,3,7,At Risk
C50475,35,1,6.43,2024-11-27,Germany,Organic Search,35,6.43,4,1,1,6,New / Promising
C50476,30,4,1466.98,2023-09-17,France,Referral,472,366.745,4,5,5,14,Champions
C50478,83,11,2850.28,2023-05-04,Germany,Email,608,259.11636363636364,3,5,5,13,Loyal
C50479,1,3,299.03,2024-11-26,Netherlands,Referral,36,99.67666666666666,5,4,3,12,Loyal
C50482,151,1,382.58,2024-08-03,Austria,Direct,151,382.58,2,1,3,6,Hibernating
C50483,371,1,30.56,2023-12-27,Germany,Paid Social,371,30.56,1,1,1,3,Hibernating
C50484,137,1,111.31,2024-08-17,Netherlands,Organic Search,137,111.31,2,1,1,4,Hibernating
C50486,72,2,157.97,2024-08-16,Germany,Organic Search,138,78.985,3,3,2,8,Potential Loyal
C50487,605,3,1929.94,2023-01-11,Spain,Paid Social,721,643.3133333333334,1,4,5,10,At Risk
C50489,164,5,986.68,2023-03-12,Germany,Paid Social,661,197.33599999999998,2,5,5,12,At Risk
C50491,136,4,711.0799999999999,2024-03-12,Austria,Organic Search,295,177.76999999999998,2,5,4,11,At Risk
C50493,38,3,665.36,2023-04-07,Germany,Paid Social,635,221.78666666666666,4,4,4,12,Champions
C50494,228,2,1835.1899999999998,2023-02-23,Germany,Referral,678,917.5949999999999,2,3,5,10,At Risk
C50495,4,4,593.5899999999999,2023-04-30,Netherlands,Email,612,148.39749999999998,5,5,4,14,Champions
C50496,130,3,1407.3899999999999,2023-09-27,Germany,Organic Search,462,469.12999999999994,3,4,5,12,Loyal
C50497,39,1,164.93,2024-11-23,Germany,Email,39,164.93,4,1,2,7,New / Promising
C50498,39,1,184.17,2024-11-23,Austria,Organic Search,39,184.17,4,1,2,7,New / Promising
C50499,26,2,112.18,2023-12-03,Germany,Email,395,56.09,4,3,1,8,New / Promising
C50500,14,8,1451.15,2023-08-06,Germany,Email,514,181.39375,5,5,5,15,Champions
C50502,34,1,13.18,2024-11-28,France,Email,34,13.18,4,1,1,6,New / Promising
C50504,121,1,351.70000000000005,2024-09-02,Spain,Referral,121,351.70000000000005,3,1,3,7,Needs Attention
C50505,63,4,375.32,2024-08-27,Germany,Paid Social,127,93.83,3,5,3,11,Loyal
C50506,33,3,505.71999999999997,2023-04-18,Germany,Email,624,168.57333333333332,4,4,3,11,Loyal
C50507,158,1,258.48,2024-07-27,France,Paid Social,158,258.48,2,1,2,5,Hibernating
C50508,299,2,409.46,2023-03-13,Germany,Referral,660,204.73,1,3,3,7,At Risk
C50509,163,4,903.22,2023-08-05,France,Referral,515,225.805,2,5,4,11,At Risk
C50510,115,1,59.31,2024-09-08,Italy,Organic Search,115,59.31,3,1,1,5,Needs Attention
C50511,456,1,158.64,2023-10-03,France,Organic Search,456,158.64,1,1,2,4,Hibernating
C50513,37,1,378.2,2024-11-25,Italy,Organic Search,37,378.2,4,1,3,8,New / Promising
C50514,470,2,307.23,2023-02-17,Germany,Paid Social,684,153.615,1,3,3,7,At Risk
C50515,40,1,171.16,2024-11-22,Italy,Organic Search,40,171.16,4,1,2,7,New / Promising
C50516,38,5,2206.28,2024-04-13,France,Email,263,441.25600000000003,4,5,5,14,Champions
C50518,229,3,491.87,2023-06-26,Italy,Organic Search,555,163.95666666666668,2,4,3,9,At Risk
C50519,701,1,270.34000000000003,2023-01-31,France,Email,701,270.34000000000003,1,1,2,4,Hibernating
C50520,16,4,524.69,2024-10-21,France,Paid Social,72,131.1725,5,5,3,13,Loyal
C50521,403,1,17.42,2023-11-25,Germany,Paid Social,403,17.42,1,1,1,3,Hibernating
C50522,648,1,63.62,2023-03-25,Netherlands,Referral,648,63.62,1,1,1,3,Hibernating
C50524,264,3,703.44,2023-09-12,Germany,Email,477,234.48000000000002,1,4,4,9,At Risk
C50525,220,1,18.65,2024-05-26,Netherlands,Organic Search,220,18.65,2,1,1,4,Hibernating
C50526,625,1,738.87,2023-04-17,Netherlands,Organic Search,625,738.87,1,1,4,6,Can't Lose Them
C50531,38,1,364.62,2024-11-24,Germany,Organic Search,38,364.62,4,1,3,8,New / Promising
C50533,166,3,449.01,2023-03-08,Germany,Referral,665,149.67,2,4,3,9,At Risk
C50534,14,3,289.15,2024-06-12,Germany,Direct,203,96.38333333333333,5,4,2,11,Potential Loyal
C50535,34,2,249.98,2024-10-04,Netherlands,Organic Search,89,124.99,4,3,2,9,Potential Loyal
C50536,38,2,158.59,2024-09-02,Germany,Email,121,79.295,4,3,2,9,Potential Loyal
C50537,2,2,334.24,2024-11-24,Italy,Organic Search,38,167.12,5,3,3,11,Loyal
C50538,28,8,1835.19,2023-07-22,Spain,Direct,529,229.39875,4,5,5,14,Champions
C50539,106,4,1486.78,2023-11-26,Netherlands,Organic Search,402,371.695,3,5,5,13,Loyal
C50540,4,6,698.25,2024-12-19,Italy,Email,13,116.375,5,5,4,14,Champions
C50541,310,3,1058.11,2023-06-27,Spain,Organic Search,554,352.7033333333333,1,4,5,10,At Risk
C50542,4,3,921.92,2024-10-03,Germany,Email,90,307.3066666666667,5,4,4,13,Champions
C50543,396,2,895.31,2023-08-07,Austria,Email,513,447.655,1,3,4,8,At Risk
C50544,16,1,28.62,2024-12-16,Germany,Paid Social,16,28.62,5,1,1,7,New / Promising
C50545,34,1,106.76,2024-11-28,Netherlands,Referral,34,106.76,4,1,1,6,New / Promising
C50546,336,2,292.52,2023-05-01,France,Direct,611,146.26,1,3,2,6,At Risk
C50547,361,1,145.1,2024-01-06,Germany,Direct,361,145.1,1,1,2,4,Hibernating
C50548,255,2,191.71,2023-08-14,Germany,Paid Social,506,95.855,2,3,2,7,At Risk
C50549,296,3,926.0300000000001,2023-06-11,Italy,Referral,570,308.6766666666667,1,4,4,9,At Risk
C50550,61,1,99.37,2024-11-01,Germany,Email,61,99.37,3,1,1,5,Needs Attention
C50551,11,3,335.31,2023-03-19,Germany,Email,654,111.77,5,4,3,12,Loyal
C50554,7,1,76.29,2024-12-25,Spain,Organic Search,7,76.29,5,1,1,7,New / Promising
C50556,45,1,149.86,2024-11-17,France,Organic Search,45,149.86,4,1,2,7,New / Promising
C50557,529,2,320.58,2023-05-24,Germany,Organic Search,588,160.29,1,3,3,7,At Risk
C50558,93,1,64.89,2024-09-30,Germany,Organic Search,93,64.89,3,1,1,5,Needs Attention
C50559,100,1,19.89,2024-09-23,France,Organic Search,100,19.89,3,1,1,5,Needs Attention
C50560,576,1,64.73,2023-06-05,Austria,Referral,576,64.73,1,1,1,3,Hibernating
C50561,176,1,58.519999999999996,2024-07-09,Austria,Paid Social,176,58.519999999999996,2,1,1,4,Hibernating
C50563,73,1,623.9100000000001,2024-10-20,Netherlands,Referral,73,623.9100000000001,3,1,4,8,Needs Attention
C50564,36,5,624.96,2023-10-18,France,Direct,441,124.992,4,5,4,13,Champions
C50565,6,1,293.87,2024-12-26,France,Direct,6,293.87,5,1,2,8,New / Promising
C50566,292,1,21.97,2024-03-15,France,Referral,292,21.97,1,1,1,3,Hibernating
C50570,497,1,224.20000000000002,2023-08-23,France,Direct,497,224.20000000000002,1,1,2,4,Hibernating
C50571,7,3,342.72,2024-11-22,Germany,Paid Social,40,114.24000000000001,5,4,3,12,Loyal
C50572,14,3,1156.23,2024-09-28,Germany,Direct,95,385.41,5,4,5,14,Champions
C50573,376,1,333.38,2023-12-22,France,Referral,376,333.38,1,1,3,5,Hibernating
C50574,304,1,131.74,2024-03-03,France,Referral,304,131.74,1,1,2,4,Hibernating
C50576,281,1,60.73,2024-03-26,Austria,Paid Social,281,60.73,1,1,1,3,Hibernating
C50577,169,3,598.73,2024-04-28,Germany,Paid Social,248,199.57666666666668,2,4,4,10,At Risk
C50578,268,2,372.6,2023-03-13,Netherlands,Email,660,186.3,1,3,3,7,At Risk
C50579,77,2,471.4,2024-06-25,Netherlands,Referral,190,235.7,3,3,3,9,Loyal
C50581,3,5,1283.47,2023-07-29,Germany,Direct,522,256.694,5,5,5,15,Champions
C50582,403,1,697.26,2023-11-25,Germany,Email,403,697.26,1,1,4,6,Can't Lose Them
C50583,20,6,1151.92,2023-01-20,Germany,Direct,712,191.98666666666668,5,5,5,15,Champions
C50584,9,3,1172.45,2024-09-27,Austria,Organic Search,96,390.81666666666666,5,4,5,14,Champions
C50587,238,2,1363.4799999999998,2024-03-31,Germany,Email,276,681.7399999999999,2,3,5,10,At Risk
C50588,259,2,327.89,2023-06-09,Netherlands,Organic Search,572,163.945,2,3,3,8,At Risk
C50589,35,4,901.88,2024-03-04,Austria,Email,303,225.47,4,5,4,13,Champions
C50591,27,3,1407.35,2024-03-16,Spain,Organic Search,291,469.1166666666666,4,4,5,13,Champions
C50592,140,1,159.0,2024-08-14,Germany,Email,140,159.0,2,1,2,5,Hibernating
C50593,16,1,209.9,2024-12-16,Germany,Referral,16,209.9,5,1,2,8,New / Promising
C50594,319,1,49.68,2024-02-17,Germany,Organic Search,319,49.68,1,1,1,3,Hibernating
C50596,279,1,284.15999999999997,2024-03-28,Spain,Organic Search,279,284.15999999999997,1,1,2,4,Hibernating
C50599,115,3,1052.7800000000002,2023-12-01,France,Email,397,350.92666666666673,3,4,5,12,Loyal
C50600,35,1,122.53,2024-11-27,Germany,Referral,35,122.53,4,1,1,6,New / Promising
C50602,162,2,113.89999999999999,2023-04-28,Germany,Referral,614,56.949999999999996,2,3,1,6,At Risk
C50604,33,1,237.45999999999998,2024-11-29,Germany,Referral,33,237.45999999999998,4,1,2,7,New / Promising
C50605,22,1,151.67,2024-12-10,Austria,Direct,22,151.67,5,1,2,8,New / Promising
C50608,18,2,192.86,2024-11-29,Austria,Organic Search,33,96.43,5,3,2,10,Potential Loyal
C50610,203,6,2042.01,2023-01-01,Germany,Paid Social,731,340.335,2,5,5,12,At Risk
C50612,188,1,275.87,2024-06-27,France,Direct,188,275.87,2,1,2,5,Hibernating
C50614,11,7,1815.19,2023-03-12,Germany,Organic Search,661,259.3128571428571,5,5,5,15,Champions
C50615,90,2,112.5,2024-05-21,Germany,Organic Search,225,56.25,3,3,1,7,Needs Attention
C50616,128,1,186.09,2024-08-26,France,Organic Search,128,186.09,3,1,2,6,Needs Attention
C50617,243,1,306.66999999999996,2024-05-03,Spain,Paid Social,243,306.66999999999996,2,1,3,6,Hibernating
C50618,18,3,498.15000000000003,2024-08-03,Germany,Direct,151,166.05,5,4,3,12,Loyal
C50621,50,1,106.56,2024-11-12,Germany,Paid Social,50,106.56,4,1,1,6,New / Promising
C50622,79,1,140.18,2024-10-14,Germany,Organic Search,79,140.18,3,1,2,6,Needs Attention
C50624,230,4,744.65,2023-03-13,France,Paid Social,660,186.1625,2,5,4,11,At Risk
C50625,18,1,92.18,2024-12-14,Netherlands,Email,18,92.18,5,1,1,7,New / Promising
C50626,56,1,82.03,2024-11-06,France,Paid Social,56,82.03,3,1,1,5,Needs Attention
C50627,55,2,1064.48,2023-05-29,Germany,Direct,583,532.24,3,3,5,11,Loyal
C50628,9,1,162.92,2024-12-23,Netherlands,Organic Search,9,162.92,5,1,2,8,New / Promising
C50629,310,1,916.48,2024-02-26,Netherlands,Referral,310,916.48,1,1,4,6,Can't Lose Them
C50631,74,2,1402.25,2024-09-17,France,Organic Search,106,701.125,3,3,5,11,Loyal
C50632,82,1,131.84,2024-10-11,Germany,Direct,82,131.84,3,1,2,6,Needs Attention
C50633,402,1,107.2,2023-11-26,Netherlands,Email,402,107.2,1,1,1,3,Hibernating
C50634,118,1,335.57,2024-09-05,Germany,Organic Search,118,335.57,3,1,3,7,Needs Attention
C50635,31,5,623.29,2024-03-07,Germany,Paid Social,300,124.65799999999999,4,5,4,13,Champions
C50636,82,1,213.98,2024-10-11,Germany,Email,82,213.98,3,1,2,6,Needs Attention
C50637,228,3,239.12,2024-02-20,Netherlands,Direct,316,79.70666666666666,2,4,2,8,At Risk
C50639,93,1,143.15,2024-09-30,Germany,Organic Search,93,143.15,3,1,2,6,Needs Attention
C50641,231,3,1168.3700000000001,2023-05-20,Spain,Organic Search,592,389.4566666666667,2,4,5,11,At Risk
C50643,193,1,234.42,2024-06-22,Netherlands,Email,193,234.42,2,1,2,5,Hibernating
C50644,151,6,1633.92,2023-03-13,Germany,Referral,660,272.32,2,5,5,12,At Risk
C50650,87,2,395.29999999999995,2024-09-28,Netherlands,Paid Social,95,197.64999999999998,3,3,3,9,Loyal
C50651,108,1,59.910000000000004,2024-09-15,France,Organic Search,108,59.910000000000004,3,1,1,5,Needs Attention
C50652,361,1,90.71,2024-01-06,Germany,Organic Search,361,90.71,1,1,1,3,Hibernating
C50653,411,1,458.17,2023-11-17,France,Organic Search,411,458.17,1,1,3,5,Hibernating
C50655,4,8,1810.94,2023-09-05,Austria,Organic Search,484,226.3675,5,5,5,15,Champions
C50657,197,1,218.35,2024-06-18,Germany,Direct,197,218.35,2,1,2,5,Hibernating
C50659,184,1,1081.27,2024-07-01,Spain,Paid Social,184,1081.27,2,1,5,8,Can't Lose Them
C50660,36,1,86.09,2024-11-26,Austria,Direct,36,86.09,4,1,1,6,New / Promising
C50661,204,1,36.25,2024-06-11,France,Organic Search,204,36.25,2,1,1,4,Hibernating
C50662,12,1,430.27,2024-12-20,Spain,Paid Social,12,430.27,5,1,3,9,New / Promising
C50663,263,2,571.02,2023-05-05,Germany,Referral,607,285.51,2,3,4,9,At Risk
C50664,248,1,249.97,2024-04-28,Netherlands,Paid Social,248,249.97,2,1,2,5,Hibernating
C50665,293,2,910.7,2023-06-04,Germany,Organic Search,577,455.35,1,3,4,8,At Risk
C50666,19,1,95.58,2024-12-13,Germany,Paid Social,19,95.58,5,1,1,7,New / Promising
C50669,13,3,281.08,2024-12-18,Italy,Paid Social,14,93.69333333333333,5,4,2,11,Potential Loyal
C50675,99,1,408.84,2024-09-24,Germany,Referral,99,408.84,3,1,3,7,Needs Attention
C50676,15,5,1561.12,2023-06-25,Germany,Paid Social,556,312.224,5,5,5,15,Champions
C50680,107,2,289.86,2023-11-23,France,Paid Social,405,144.93,3,3,2,8,Potential Loyal
C50682,593,1,110.88,2023-05-19,Germany,Referral,593,110.88,1,1,1,3,Hibernating
C50683,101,1,322.35,2024-09-22,France,Direct,101,322.35,3,1,3,7,Needs Attention
C50684,247,1,28.31,2024-04-29,Austria,Paid Social,247,28.31,2,1,1,4,Hibernating
C50685,24,1,20.48,2024-12-08,Germany,Paid Social,24,20.48,5,1,1,7,New / Promising
C50687,332,1,97.82,2024-02-04,Netherlands,Organic Search,332,97.82,1,1,1,3,Hibernating
C50689,16,4,1635.64,2024-05-16,Germany,Direct,230,408.91,5,5,5,15,Champions
C50690,30,2,420.37,2024-09-17,Netherlands,Referral,106,210.185,4,3,3,10,Loyal
C50692,3,3,985.65,2024-11-09,Germany,Organic Search,53,328.55,5,4,5,14,Champions
C50693,195,3,514.1,2023-01-05,Austria,Organic Search,727,171.36666666666667,2,4,3,9,At Risk
C50695,31,1,68.47999999999999,2024-12-01,Germany,Direct,31,68.47999999999999,4,1,1,6,New / Promising
C50697,20,6,1700.3,2024-08-22,Germany,Organic Search,132,283.3833333333333,5,5,5,15,Champions
C50699,23,3,881.9,2024-03-18,Italy,Referral,289,293.96666666666664,5,4,4,13,Champions
C50700,246,3,977.26,2023-07-10,France,Referral,541,325.75333333333333,2,4,5,11,At Risk
C50703,24,1,70.4,2024-12-08,Austria,Email,24,70.4,5,1,1,7,New / Promising
C50704,37,2,292.26,2024-11-03,Netherlands,Paid Social,59,146.13,4,3,2,9,Potential Loyal
C50706,92,4,1169.05,2024-06-21,Germany,Organic Search,194,292.2625,3,5,5,13,Loyal
C50707,108,5,1699.42,2023-12-30,Austria,Paid Social,368,339.884,3,5,5,13,Loyal
C50708,26,13,4103.17,2023-05-20,Germany,Paid Social,592,315.6284615384615,4,5,5,14,Champions
C50709,108,2,380.87,2023-11-26,Italy,Direct,402,190.435,3,3,3,9,Loyal
C50710,39,3,773.0600000000001,2024-11-15,Germany,Paid Social,47,257.68666666666667,4,4,4,12,Champions
C50711,34,1,192.12,2024-11-28,Germany,Paid Social,34,192.12,4,1,2,7,New / Promising
C50712,24,3,1396.68,2024-11-18,Spain,Email,44,465.56,5,4,5,14,Champions
C50713,32,2,400.19,2024-08-09,Germany,Email,145,200.095,4,3,3,10,Loyal
C50714,384,1,279.12,2023-12-14,Germany,Organic Search,384,279.12,1,1,2,4,Hibernating
C50716,116,2,747.06,2023-10-14,Germany,Organic Search,445,373.53,3,3,4,10,Loyal
C50717,537,1,83.86,2023-07-14,Germany,Paid Social,537,83.86,1,1,1,3,Hibernating
C50720,4,3,344.63,2024-11-22,Germany,Paid Social,40,114.87666666666667,5,4,3,12,Loyal
C50721,35,3,558.01,2024-04-12,Germany,Organic Search,264,186.00333333333333,4,4,4,12,Champions
C50722,5,2,496.18,2024-11-28,Germany,Paid Social,34,248.09,5,3,3,11,Loyal
C50724,124,2,1748.52,2023-10-09,Germany,Direct,450,874.26,3,3,5,11,Loyal
C50727,26,2,547.27,2024-08-31,Germany,Paid Social,123,273.635,4,3,4,11,Loyal
C50728,96,4,1555.11,2023-05-11,Germany,Referral,601,388.7775,3,5,5,13,Loyal
C50729,39,1,242.44,2024-11-23,Spain,Organic Search,39,242.44,4,1,2,7,New / Promising
C50730,130,2,595.1,2023-01-08,Netherlands,Organic Search,724,297.55,3,3,4,10,Loyal
C50731,18,1,135.97,2024-12-14,Germany,Organic Search,18,135.97,5,1,2,8,New / Promising
C50732,153,1,1263.87,2024-08-01,France,Organic Search,153,1263.87,2,1,5,8,Can't Lose Them
C50733,101,4,334.35,2023-07-30,Germany,Direct,521,83.5875,3,5,3,11,Loyal
C50735,467,1,77.69,2023-09-22,Spain,Email,467,77.69,1,1,1,3,Hibernating
C50736,6,1,182.3,2024-12-26,Spain,Paid Social,6,182.3,5,1,2,8,New / Promising
C50738,23,1,59.58,2024-12-09,Germany,Email,23,59.58,5,1,1,7,New / Promising
C50739,344,1,39.47,2024-01-23,Germany,Referral,344,39.47,1,1,1,3,Hibernating
C50740,475,2,725.6899999999999,2023-02-01,Germany,Email,700,362.84499999999997,1,3,4,8,At Risk
C50741,24,2,268.52,2024-11-10,Germany,Referral,52,134.26,5,3,2,10,Potential Loyal
C50742,222,1,163.75,2024-05-24,Netherlands,Organic Search,222,163.75,2,1,2,5,Hibernating
C50743,49,3,216.72,2023-11-22,Germany,Direct,406,72.24,4,4,2,10,Potential Loyal
C50745,152,1,123.03,2024-08-02,Germany,Paid Social,152,123.03,2,1,1,4,Hibernating
C50746,59,4,718.31,2024-02-07,Germany,Direct,329,179.5775,3,5,4,12,Loyal
C50748,4,1,444.06,2024-12-28,Germany,Organic Search,4,444.06,5,1,3,9,New / Promising
C50749,113,1,235.92000000000002,2024-09-10,Germany,Paid Social,113,235.92000000000002,3,1,2,6,Needs Attention
C50750,12,3,625.83,2024-11-03,Netherlands,Paid Social,59,208.61,5,4,4,13,Champions
C50751,104,3,652.93,2023-06-28,Germany,Direct,553,217.64333333333332,3,4,4,11,Loyal
C50753,31,4,1381.6100000000001,2023-04-18,France,Paid Social,624,345.40250000000003,4,5,5,14,Champions
C50754,1,1,38.379999999999995,2024-12-31,Germany,Direct,1,38.379999999999995,5,1,1,7,New / Promising
C50755,28,2,1157.97,2024-06-23,Netherlands,Email,192,578.985,4,3,5,12,Loyal
C50756,564,1,185.03,2023-06-17,Germany,Direct,564,185.03,1,1,2,4,Hibernating
C50758,17,6,1997.31,2023-01-04,Austria,Paid Social,728,332.885,5,5,5,15,Champions
C50759,234,2,1308.09,2023-08-14,Germany,Organic Search,506,654.045,2,3,5,10,At Risk
C50760,176,3,347.26,2024-06-14,Germany,Organic Search,201,115.75333333333333,2,4,3,9,At Risk
C50761,29,3,441.7,2024-09-08,Germany,Email,115,147.23333333333332,4,4,3,11,Loyal
C50762,72,1,341.61,2024-10-21,Austria,Organic Search,72,341.61,3,1,3,7,Needs Attention
C50763,248,2,859.8,2023-12-09,Netherlands,Paid Social,389,429.9,2,3,4,9,At Risk
C50764,25,5,1060.32,2024-04-28,Netherlands,Email,248,212.064,4,5,5,14,Champions
C50766,30,6,2411.43,2024-04-09,Germany,Paid Social,267,401.905,4,5,5,14,Champions
C50767,148,2,482.46999999999997,2024-05-27,France,Email,219,241.23499999999999,2,3,3,8,At Risk
C50769,24,1,43.72,2024-12-08,Austria,Organic Search,24,43.72,4,1,1,6,New / Promising
C50770,263,1,209.48000000000002,2024-04-13,Germany,Direct,263,209.48000000000002,2,1,2,5,Hibernating
C50774,426,2,3574.87,2023-01-26,Netherlands,Email,706,1787.435,1,3,5,9,At Risk
C50775,38,5,2358.22,2023-07-13,France,Referral,538,471.64399999999995,4,5,5,14,Champions
C50778,3,2,1889.83,2024-12-28,Spain,Direct,4,944.915,5,3,5,13,Loyal
C50780,79,2,103.75,2024-06-12,Netherlands,Email,203,51.875,3,3,1,7,Needs Attention
C50781,197,10,4398.12,2023-03-08,Netherlands,Paid Social,665,439.812,2,5,5,12,At Risk
C50783,250,2,356.53,2023-09-18,Germany,Referral,471,178.265,2,3,3,8,At Risk
C50784,119,2,408.62,2024-08-09,Netherlands,Organic Search,145,204.31,3,3,3,9,Loyal
C50785,25,2,853.12,2023-05-08,Germany,Organic Search,604,426.56,4,3,4,11,Loyal
C50786,232,1,25.48,2024-05-14,Germany,Paid Social,232,25.48,2,1,1,4,Hibernating
C50788,29,8,1198.02,2023-07-25,Germany,Paid Social,526,149.7525,4,5,5,14,Champions
C50790,106,1,42.66,2024-09-17,Netherlands,Paid Social,106,42.66,3,1,1,5,Needs Attention
C50791,298,2,224.11,2024-01-12,Germany,Organic Search,355,112.055,1,3,2,6,At Risk
C50792,39,10,1390.48,2023-02-07,Spain,Direct,694,139.048,4,5,5,14,Champions
C50794,379,4,482.5,2023-05-25,Spain,Paid Social,587,120.625,1,5,3,9,At Risk
C50796,37,1,586.16,2024-11-25,Germany,Organic Search,37,586.16,4,1,4,9,New / Promising
C50797,250,1,273.9,2024-04-26,Germany,Organic Search,250,273.9,2,1,2,5,Hibernating
C50798,197,1,193.69,2024-06-18,Germany,Paid Social,197,193.69,2,1,2,5,Hibernating
C50799,52,5,350.61,2024-02-09,Germany,Email,327,70.122,4,5,3,12,Loyal
C50800,76,2,47.489999999999995,2023-11-21,Germany,Organic Search,407,23.744999999999997,3,3,1,7,Needs Attention
C50801,634,1,121.46,2023-04-08,Italy,Organic Search,634,121.46,1,1,1,3,Hibernating
C50802,153,2,1329.06,2024-06-28,Germany,Organic Search,187,664.53,2,3,5,10,At Risk
C50803,204,1,177.03,2024-06-11,Spain,Paid Social,204,177.03,2,1,2,5,Hibernating
C50804,16,3,1006.68,2024-10-15,Germany,Direct,78,335.56,5,4,5,14,Champions
C50806,145,1,167.99,2024-08-09,Germany,Organic Search,145,167.99,2,1,2,5,Hibernating
C50807,241,2,290.76,2024-02-18,France,Email,318,145.38,2,3,2,7,At Risk
C50808,214,2,796.45,2023-03-13,France,Direct,660,398.225,2,3,4,9,At Risk
C50809,165,3,1475.65,2023-10-23,Germany,Referral,436,491.8833333333334,2,4,5,11,At Risk
C50810,157,2,317.21,2024-05-03,Austria,Referral,243,158.605,2,3,3,8,At Risk
C50811,123,2,944.1200000000001,2024-06-16,Germany,Direct,199,472.06000000000006,3,3,4,10,Loyal
C50812,17,1,84.07,2024-12-15,France,Email,17,84.07,5,1,1,7,New / Promising
C50813,37,1,122.88,2024-11-25,Germany,Direct,37,122.88,4,1,1,6,New / Promising
C50814,50,1,702.23,2024-11-12,Netherlands,Organic Search,50,702.23,4,1,4,9,New / Promising
C50815,24,2,652.99,2024-12-01,Germany,Referral,31,326.495,4,3,4,11,Loyal
C50816,13,6,1354.2,2024-11-25,Germany,Direct,37,225.70000000000002,5,5,5,15,Champions
C50817,288,2,931.2,2024-01-17,Germany,Direct,350,465.6,1,3,4,8,At Risk
C50818,595,1,16.41,2023-05-17,Germany,Paid Social,595,16.41,1,1,1,3,Hibernating
C50819,214,1,457.61,2024-06-01,Germany,Referral,214,457.61,2,1,3,6,Hibernating
C50820,363,3,503.69,2023-03-31,Italy,Organic Search,642,167.89666666666668,1,4,3,8,At Risk
C50821,13,1,145.1,2024-12-19,France,Email,13,145.1,5,1,2,8,New / Promising
C50822,228,1,271.71999999999997,2024-05-18,Netherlands,Paid Social,228,271.71999999999997,2,1,2,5,Hibernating
C50823,283,1,110.52,2024-03-24,Germany,Email,283,110.52,1,1,1,3,Hibernating
C50824,18,2,161.13,2023-04-30,Germany,Email,612,80.565,5,3,2,10,Potential Loyal
C50826,16,2,309.56,2024-11-29,Germany,Organic Search,33,154.78,5,3,3,11,Loyal
C50827,34,1,25.81,2024-11-28,Germany,Paid Social,34,25.81,4,1,1,6,New / Promising
C50828,266,2,217.26,2023-11-22,France,Email,406,108.63,1,3,2,6,At Risk
C50829,15,2,585.29,2024-12-06,France,Email,26,292.645,5,3,4,12,Loyal
C50831,121,1,141.28,2024-09-02,Germany,Organic Search,121,141.28,3,1,2,6,Needs Attention
C50832,269,1,170.15,2024-04-07,France,Referral,269,170.15,1,1,2,4,Hibernating
C50835,33,3,1457.42,2024-07-25,Austria,Paid Social,160,485.8066666666667,4,4,5,13,Champions
C50837,8,1,600.0799999999999,2024-12-24,Netherlands,Paid Social,8,600.0799999999999,5,1,4,10,New / Promising
C50838,35,2,278.76,2024-11-10,Germany,Organic Search,52,139.38,4,3,2,9,Potential Loyal
C50839,38,3,1191.1899999999998,2024-09-17,Germany,Organic Search,106,397.0633333333333,4,4,5,13,Champions
C50840,3,5,1027.05,2024-12-13,Italy,Organic Search,19,205.41,5,5,5,15,Champions
C50842,33,2,213.06,2024-06-26,Austria,Organic Search,189,106.53,4,3,2,9,Potential Loyal
C50844,252,1,229.16,2024-04-24,Italy,Paid Social,252,229.16,2,1,2,5,Hibernating
C50847,16,6,744.26,2024-02-08,Austria,Paid Social,328,124.04333333333334,5,5,4,14,Champions
C50848,358,1,216.09,2024-01-09,Germany,Organic Search,358,216.09,1,1,2,4,Hibernating
C50849,726,1,168.38,2023-01-06,Germany,Organic Search,726,168.38,1,1,2,4,Hibernating
C50850,52,2,65.06,2024-01-11,Italy,Organic Search,356,32.53,4,3,1,8,New / Promising
C50852,306,2,476.92,2023-12-01,Netherlands,Paid Social,397,238.46,1,3,3,7,At Risk
C50854,34,3,1135.49,2024-10-10,Spain,Email,83,378.49666666666667,4,4,5,13,Champions
C50855,6,1,427.0,2024-12-26,Spain,Direct,6,427.0,5,1,3,9,New / Promising
C50857,134,2,254.38,2024-03-29,Germany,Paid Social,278,127.19,3,3,2,8,Potential Loyal
C50858,26,3,791.54,2024-10-11,Germany,Paid Social,82,263.84666666666664,4,4,4,12,Champions
C50860,431,1,19.59,2023-10-28,Spain,Referral,431,19.59,1,1,1,3,Hibernating
C50861,123,1,327.76,2024-08-31,France,Email,123,327.76,3,1,3,7,Needs Attention
C50862,565,1,36.18,2023-06-16,Germany,Organic Search,565,36.18,1,1,1,3,Hibernating
C50864,1,3,1357.56,2024-12-30,France,Referral,2,452.52,5,4,5,14,Champions
C50865,39,3,933.8199999999999,2023-11-18,Spain,Paid Social,410,311.2733333333333,4,4,4,12,Champions
C50866,38,3,361.38,2024-08-07,Germany,Direct,147,120.46,4,4,3,11,Loyal
C50870,14,1,10.48,2024-12-18,Germany,Paid Social,14,10.48,5,1,1,7,New / Promising
C50871,140,1,137.17,2024-08-14,Italy,Referral,140,137.17,2,1,2,5,Hibernating
C50872,443,1,319.59,2023-10-16,Netherlands,Organic Search,443,319.59,1,1,3,5,Hibernating
C50874,29,1,764.2900000000001,2024-12-03,Germany,Email,29,764.2900000000001,4,1,4,9,New / Promising
C50875,110,1,36.62,2024-09-13,France,Direct,110,36.62,3,1,1,5,Needs Attention
C50876,133,2,320.71000000000004,2024-07-29,Netherlands,Email,156,160.35500000000002,3,3,3,9,Loyal
C50877,59,1,143.59,2024-11-03,Germany,Direct,59,143.59,3,1,2,6,Needs Attention
C50878,122,2,426.53999999999996,2024-08-07,France,Direct,147,213.26999999999998,3,3,3,9,Loyal
C50879,83,1,11.91,2024-10-10,France,Paid Social,83,11.91,3,1,1,5,Needs Attention
C50880,34,11,1362.16,2023-06-18,France,Direct,563,123.83272727272728,4,5,5,14,Champions
C50881,150,1,377.97999999999996,2024-08-04,Germany,Direct,150,377.97999999999996,2,1,3,6,Hibernating
C50882,506,1,664.63,2023-08-14,France,Organic Search,506,664.63,1,1,4,6,Can't Lose Them
C50885,1,3,734.77,2024-12-26,Italy,Email,6,244.92333333333332,5,4,4,13,Champions
C50888,38,3,1126.19,2023-06-06,Germany,Paid Social,575,375.3966666666667,4,4,5,13,Champions
C50889,3,3,999.6999999999999,2024-07-14,France,Email,171,333.2333333333333,5,4,5,14,Champions
C50890,15,1,566.8199999999999,2024-12-17,Spain,Organic Search,15,566.8199999999999,5,1,4,10,New / Promising
C50892,28,5,772.22,2023-09-14,Germany,Paid Social,475,154.44400000000002,4,5,4,13,Champions
C50893,200,2,400.33,2024-02-28,Germany,Email,308,200.165,2,3,3,8,At Risk
C50894,724,1,166.44,2023-01-08,Germany,Paid Social,724,166.44,1,1,2,4,Hibernating
C50895,175,1,104.75999999999999,2024-07-10,Spain,Organic Search,175,104.75999999999999,2,1,1,4,Hibernating
C50897,15,1,52.34,2024-12-17,France,Direct,15,52.34,5,1,1,7,New / Promising
C50898,33,1,141.94,2024-11-29,Germany,Organic Search,33,141.94,4,1,2,7,New / Promising
C50899,1,6,1826.42,2024-08-18,Italy,Email,136,304.40333333333336,5,5,5,15,Champions
C50901,160,2,486.57,2023-04-04,Spain,Email,638,243.285,2,3,3,8,At Risk
C50902,155,1,413.76,2024-07-30,Spain,Organic Search,155,413.76,2,1,3,6,Hibernating
C50903,147,1,248.8,2024-08-07,France,Paid Social,147,248.8,2,1,2,5,Hibernating
C50905,14,1,167.77,2024-12-18,Germany,Organic Search,14,167.77,5,1,2,8,New / Promising
C50906,162,2,63.92,2024-02-12,Netherlands,Paid Social,324,31.96,2,3,1,6,At Risk
C50907,18,2,177.63,2024-11-05,Germany,Paid Social,57,88.815,5,3,2,10,Potential Loyal
C50910,390,1,190.48,2023-12-08,Germany,Paid Social,390,190.48,1,1,2,4,Hibernating
C50911,654,1,54.83,2023-03-19,Germany,Direct,654,54.83,1,1,1,3,Hibernating
C50912,79,1,244.7,2024-10-14,Germany,Paid Social,79,244.7,3,1,2,6,Needs Attention
C50915,27,4,986.73,2024-07-04,Germany,Paid Social,181,246.6825,4,5,5,14,Champions
C50917,291,1,17.47,2024-03-16,Italy,Direct,291,17.47,1,1,1,3,Hibernating
C50918,46,1,120.00999999999999,2024-11-16,Germany,Email,46,120.00999999999999,4,1,1,6,New / Promising
C50919,185,1,389.99,2024-06-30,Germany,Email,185,389.99,2,1,3,6,Hibernating
C50920,233,2,290.79,2023-12-17,Netherlands,Paid Social,381,145.395,2,3,2,7,At Risk
C50921,1,5,1017.87,2024-10-26,Austria,Paid Social,67,203.574,5,5,5,15,Champions
C50922,84,1,304.66,2024-10-09,Germany,Email,84,304.66,3,1,3,7,Needs Attention
C50925,130,7,2924.99,2023-01-13,Germany,Organic Search,719,417.85571428571427,3,5,5,13,Loyal
C50927,27,2,192.94,2024-05-16,Netherlands,Email,230,96.47,4,3,2,9,Potential Loyal
C50928,263,1,456.64,2024-04-13,Spain,Organic Search,263,456.64,2,1,3,6,Hibernating
C50930,27,1,66.86,2024-12-05,Germany,Direct,27,66.86,4,1,1,6,New / Promising
C50931,160,3,616.8299999999999,2024-05-06,Germany,Direct,240,205.60999999999999,2,4,4,10,At Risk
C50932,164,1,271.64,2024-07-21,Germany,Paid Social,164,271.64,2,1,2,5,Hibernating
C50933,27,2,351.63,2023-12-17,Germany,Paid Social,381,175.815,4,3,3,10,Loyal
C50934,191,2,276.12,2024-04-30,France,Referral,246,138.06,2,3,2,7,At Risk
C50936,21,1,263.25,2024-12-11,Netherlands,Paid Social,21,263.25,5,1,2,8,New / Promising
C50937,606,1,21.77,2023-05-06,Germany,Organic Search,606,21.77,1,1,1,3,Hibernating
C50939,127,1,82.35,2024-08-27,Netherlands,Direct,127,82.35,3,1,1,5,Needs Attention
C50941,35,2,250.55,2024-11-23,Spain,Direct,39,125.275,4,3,2,9,Potential Loyal
C50942,211,1,15.87,2024-06-04,Germany,Referral,211,15.87,2,1,1,4,Hibernating
C50944,106,2,781.85,2023-05-02,Spain,Referral,610,390.925,3,3,4,10,Loyal
C50945,32,4,981.13,2024-08-05,France,Email,149,245.2825,4,5,5,14,Champions
C50946,21,7,1574.36,2023-07-20,Netherlands,Paid Social,531,224.9085714285714,5,5,5,15,Champions
C50947,27,1,36.29,2024-12-05,Netherlands,Organic Search,27,36.29,4,1,1,6,New / Promising
C50949,1,3,1180.19,2024-12-16,Netherlands,Organic Search,16,393.3966666666667,5,4,5,14,Champions
C50950,26,1,204.3,2024-12-06,Spain,Paid Social,26,204.3,4,1,2,7,New / Promising
C50952,108,1,301.75,2024-09-15,France,Email,108,301.75,3,1,3,7,Needs Attention
C50953,263,1,206.69,2024-04-13,Germany,Organic Search,263,206.69,2,1,2,5,Hibernating
C50954,194,2,2332.44,2023-03-15,Austria,Organic Search,658,1166.22,2,3,5,10,At Risk
C50955,62,7,1814.1299999999999,2024-04-15,France,Paid Social,261,259.16142857142853,3,5,5,13,Loyal
C50959,25,4,1743.94,2024-07-03,France,Paid Social,182,435.985,4,5,5,14,Champions
C50960,151,1,377.88,2024-08-03,Germany,Organic Search,151,377.88,2,1,3,6,Hibernating
C50962,293,1,165.57999999999998,2024-03-14,Germany,Email,293,165.57999999999998,1,1,2,4,Hibernating
C50965,33,5,1566.93,2023-05-23,Germany,Referral,589,313.386,4,5,5,14,Champions
C50966,28,4,734.07,2024-08-15,France,Direct,139,183.5175,4,5,4,13,Champions
C50967,15,2,620.76,2024-11-09,Germany,Paid Social,53,310.38,5,3,4,12,Loyal
C50968,239,3,217.84,2023-11-12,Italy,Organic Search,416,72.61333333333333,2,4,2,8,At Risk
C50971,301,3,736.71,2023-08-31,France,Referral,489,245.57000000000002,1,4,4,9,At Risk
C50972,330,3,649.72,2023-08-08,Germany,Direct,512,216.57333333333335,1,4,4,9,At Risk
C50973,401,1,729.81,2023-11-27,Germany,Direct,401,729.81,1,1,4,6,Can't Lose Them
C50977,362,1,37.52,2024-01-05,France,Paid Social,362,37.52,1,1,1,3,Hibernating
C50978,82,2,475.33,2024-10-02,Germany,Paid Social,91,237.665,3,3,3,9,Loyal
C50979,15,7,2663.54,2024-02-14,Germany,Email,322,380.5057142857143,5,5,5,15,Champions
C50982,38,5,1124.61,2023-12-06,Germany,Direct,392,224.92199999999997,4,5,5,14,Champions
C50983,244,6,1210.6299999999999,2023-07-19,Germany,Referral,532,201.77166666666665,2,5,5,12,At Risk
C50984,25,6,1581.28,2024-11-25,Germany,Referral,37,263.5466666666667,4,5,5,14,Champions
C50985,295,6,908.65,2023-03-21,Germany,Paid Social,652,151.44166666666666,1,5,4,10,At Risk
C50986,401,4,1936.83,2023-03-14,Austria,Organic Search,659,484.2075,1,5,5,11,At Risk
C50987,4,2,1106.59,2024-07-02,Spain,Referral,183,553.295,5,3,5,13,Loyal
C50988,35,3,826.02,2023-06-16,Germany,Email,565,275.34,4,4,4,12,Champions
C50989,127,1,1040.93,2024-08-27,Germany,Direct,127,1040.93,3,1,5,9,Needs Attention
C50993,159,2,293.29,2024-01-14,Germany,Email,353,146.645,2,3,2,7,At Risk
C50994,463,1,191.03,2023-09-26,France,Referral,463,191.03,1,1,2,4,Hibernating
C50996,12,2,846.06,2024-09-15,Germany,Organic Search,108,423.03,5,3,4,12,Loyal
C50997,93,1,1043.7,2024-09-30,Germany,Paid Social,93,1043.7,3,1,5,9,Needs Attention
C50999,20,1,302.99,2024-12-12,Germany,Organic Search,20,302.99,5,1,3,9,New / Promising
C51001,329,1,64.82,2024-02-07,Netherlands,Email,329,64.82,1,1,1,3,Hibernating
C51003,60,3,365.28,2023-03-16,Germany,Paid Social,657,121.75999999999999,3,4,3,10,Loyal
C51004,59,1,639.71,2024-11-03,Germany,Email,59,639.71,3,1,4,8,Needs Attention
C51005,37,1,801.1800000000001,2024-11-25,Spain,Referral,37,801.1800000000001,4,1,4,9,New / Promising
C51006,363,1,257.78,2024-01-04,France,Organic Search,363,257.78,1,1,2,4,Hibernating
C51007,249,1,245.73,2024-04-27,Germany,Paid Social,249,245.73,2,1,2,5,Hibernating
C51010,237,1,37.72,2024-05-09,Austria,Referral,237,37.72,2,1,1,4,Hibernating
C51012,77,5,1199.6,2024-05-26,Netherlands,Paid Social,220,239.92,3,5,5,13,Loyal
C51013,91,1,65.84,2024-10-02,France,Direct,91,65.84,3,1,1,5,Needs Attention
C51015,1,2,249.25,2024-12-31,Germany,Paid Social,1,124.625,5,3,2,10,Potential Loyal
C51016,258,3,927.83,2023-08-08,Netherlands,Direct,512,309.2766666666667,2,4,4,10,At Risk
C51017,9,4,949.44,2023-04-09,Netherlands,Organic Search,633,237.36,5,5,4,14,Champions
C51020,36,4,1839.12,2024-04-26,Germany,Organic Search,250,459.78,4,5,5,14,Champions
C51027,169,2,636.4499999999999,2023-07-24,Spain,Referral,527,318.22499999999997,2,3,4,9,At Risk
C51028,56,2,358.35,2024-07-19,Spain,Direct,166,179.175,3,3,3,9,Loyal
C51030,598,1,322.63,2023-05-14,Germany,Email,598,322.63,1,1,3,5,Hibernating
C51032,88,2,319.43,2024-03-17,France,Direct,290,159.715,3,3,3,9,Loyal
C51033,556,1,1087.77,2023-06-25,Austria,Organic Search,556,1087.77,1,1,5,7,Can't Lose Them
C51037,191,4,1653.94,2023-06-04,Germany,Direct,577,413.485,2,5,5,12,At Risk
C51038,249,6,1478.73,2023-04-23,Germany,Paid Social,619,246.455,2,5,5,12,At Risk
C51039,171,1,174.3,2024-07-14,Germany,Organic Search,171,174.3,2,1,2,5,Hibernating
C51040,1,1,100.72,2024-12-31,Germany,Paid Social,1,100.72,5,1,1,7,New / Promising
C51041,35,1,375.08,2024-11-27,Germany,Organic Search,35,375.08,4,1,3,8,New / Promising
C51042,460,1,163.10999999999999,2023-09-29,Austria,Direct,460,163.10999999999999,1,1,2,4,Hibernating
C51043,507,1,62.260000000000005,2023-08-13,France,Email,507,62.260000000000005,1,1,1,3,Hibernating
C51044,57,4,1075.37,2024-03-09,Germany,Paid Social,298,268.8425,3,5,5,13,Loyal
C51046,331,2,160.64999999999998,2024-01-26,Germany,Paid Social,341,80.32499999999999,1,3,2,6,At Risk
C51047,189,2,140.63,2024-05-02,Germany,Direct,244,70.315,2,3,2,7,At Risk
C51048,47,4,2055.27,2024-02-10,Spain,Email,326,513.8175,4,5,5,14,Champions
C51049,39,2,30.67,2023-08-12,Netherlands,Organic Search,508,15.335,4,3,1,8,New / Promising
C51050,293,1,598.89,2024-03-14,Germany,Organic Search,293,598.89,1,1,4,6,Can't Lose Them
C51051,162,2,408.38,2024-05-14,Netherlands,Paid Social,232,204.19,2,3,3,8,At Risk
C51052,95,3,577.51,2023-01-10,Italy,Organic Search,722,192.50333333333333,3,4,4,11,Loyal
C51053,31,2,999.54,2023-11-29,Germany,Direct,399,499.77,4,3,5,12,Loyal
C51055,345,1,449.97,2024-01-22,Germany,Organic Search,345,449.97,1,1,3,5,Hibernating
C51056,96,1,234.42,2024-09-27,France,Referral,96,234.42,3,1,2,6,Needs Attention
C51057,38,1,1321.2800000000002,2024-11-24,Netherlands,Paid Social,38,1321.2800000000002,4,1,5,10,New / Promising
C51058,29,7,1906.33,2024-05-09,Austria,Organic Search,237,272.3328571428571,4,5,5,14,Champions
C51059,237,2,109.80000000000001,2023-06-09,Germany,Email,572,54.900000000000006,2,3,1,6,At Risk
C51060,34,6,890.73,2024-08-23,Germany,Organic Search,131,148.455,4,5,4,13,Champions
C51061,15,1,484.34000000000003,2024-12-17,Netherlands,Paid Social,15,484.34000000000003,5,1,3,9,New / Promising
C51063,34,6,1174.73,2024-03-14,Germany,Direct,293,195.78833333333333,4,5,5,14,Champions
C51064,50,6,1790.42,2023-05-19,Germany,Paid Social,593,298.40333333333336,4,5,5,14,Champions
C51065,27,3,280.9,2024-11-23,Germany,Email,39,93.63333333333333,4,4,2,10,Potential Loyal
C51066,35,5,1228.4299999999998,2023-05-20,France,Organic Search,592,245.68599999999998,4,5,5,14,Champions
C51067,13,1,309.37,2024-12-19,Germany,Email,13,309.37,5,1,3,9,New / Promising
C51068,1,1,120.96,2024-12-31,Germany,Organic Search,1,120.96,5,1,1,7,New / Promising
C51069,22,9,3078.03,2023-02-02,Netherlands,Email,699,342.00333333333333,5,5,5,15,Champions
C51070,43,3,767.3299999999999,2023-05-05,Germany,Organic Search,607,255.77666666666664,4,4,4,12,Champions
C51071,35,3,589.94,2024-03-04,Germany,Direct,303,196.64666666666668,4,4,4,12,Champions
C51073,164,1,336.97,2024-07-21,Spain,Paid Social,164,336.97,2,1,3,6,Hibernating
C51075,138,1,735.52,2024-08-16,Germany,Organic Search,138,735.52,2,1,4,7,Can't Lose Them
C51076,386,1,80.61,2023-12-12,Germany,Referral,386,80.61,1,1,1,3,Hibernating
C51077,243,1,106.98,2024-05-03,Netherlands,Organic Search,243,106.98,2,1,1,4,Hibernating
C51078,38,1,824.83,2024-11-24,Germany,Organic Search,38,824.83,4,1,4,9,New / Promising
C51080,626,1,263.43,2023-04-16,Germany,Paid Social,626,263.43,1,1,2,4,Hibernating
C51082,408,1,439.83,2023-11-20,Netherlands,Paid Social,408,439.83,1,1,3,5,Hibernating
C51083,30,3,1221.71,2024-07-04,Italy,Organic Search,181,407.2366666666667,4,4,5,13,Champions
C51084,87,2,1327.03,2024-01-16,France,Organic Search,351,663.515,3,3,5,11,Loyal
C51089,17,1,365.58,2024-12-15,Germany,Email,17,365.58,5,1,3,9,New / Promising
C51090,16,5,1118.83,2024-11-30,Germany,Email,32,223.766,5,5,5,15,Champions
C51093,306,1,27.63,2024-03-01,Germany,Paid Social,306,27.63,1,1,1,3,Hibernating
C51094,10,1,678.11,2024-12-22,Spain,Email,10,678.11,5,1,4,10,New / Promising
C51095,38,1,378.25,2024-11-24,Germany,Paid Social,38,378.25,4,1,3,8,New / Promising
C51099,11,3,91.22,2024-05-12,Netherlands,Organic Search,234,30.406666666666666,5,4,1,10,New / Promising
C51100,10,2,384.87,2024-12-15,Germany,Email,17,192.435,5,3,3,11,Loyal
C51101,302,1,359.88,2024-03-05,Germany,Email,302,359.88,1,1,3,5,Hibernating
C51103,113,1,222.03,2024-09-10,Austria,Referral,113,222.03,3,1,2,6,Needs Attention
C51106,33,2,235.81,2024-07-02,Spain,Referral,183,117.905,4,3,2,9,Potential Loyal
C51107,74,2,261.1,2024-09-02,Austria,Paid Social,121,130.55,3,3,2,8,Potential Loyal
C51108,34,5,1327.53,2023-03-12,Netherlands,Paid Social,661,265.506,4,5,5,14,Champions
C51109,162,2,283.63,2023-05-01,Netherlands,Email,611,141.815,2,3,2,7,At Risk
C51110,36,2,642.2,2024-11-20,Spain,Email,42,321.1,4,3,4,11,Loyal
C51114,92,2,2123.6600000000003,2024-09-05,Germany,Email,118,1061.8300000000002,3,3,5,11,Loyal
C51117,376,2,322.24,2023-10-08,Germany,Paid Social,451,161.12,1,3,3,7,At Risk
C51119,564,1,32.89,2023-06-17,Spain,Paid Social,564,32.89,1,1,1,3,Hibernating
C51125,31,3,507.28999999999996,2023-09-08,Germany,Referral,481,169.09666666666666,4,4,3,11,Loyal
C51128,139,3,990.01,2023-04-22,Germany,Email,620,330.00333333333333,2,4,5,11,At Risk
C51129,19,2,74.37,2024-08-06,Netherlands,Direct,148,37.185,5,3,1,9,New / Promising
C51131,32,3,1357.93,2024-04-03,Netherlands,Organic Search,273,452.6433333333334,4,4,5,13,Champions
C51132,209,2,349.58,2024-03-23,Germany,Direct,284,174.79,2,3,3,8,At Risk
C51133,67,1,169.87,2024-10-26,Austria,Organic Search,67,169.87,3,1,2,6,Needs Attention
C51135,215,4,1320.28,2023-09-25,Spain,Organic Search,464,330.07,2,5,5,12,At Risk
C51136,145,1,60.78,2024-08-09,Germany,Paid Social,145,60.78,2,1,1,4,Hibernating
C51137,67,4,1031.97,2023-04-04,Netherlands,Paid Social,638,257.9925,3,5,5,13,Loyal
C51141,30,1,9.64,2024-12-02,Austria,Paid Social,30,9.64,4,1,1,6,New / Promising
C51142,242,1,246.23000000000002,2024-05-04,Germany,Direct,242,246.23000000000002,2,1,2,5,Hibernating
C51144,1,3,242.68,2024-12-13,France,Organic Search,19,80.89333333333333,5,4,2,11,Potential Loyal
C51145,398,1,112.34,2023-11-30,Italy,Organic Search,398,112.34,1,1,1,3,Hibernating
C51146,49,1,210.42000000000002,2024-11-13,France,Email,49,210.42000000000002,4,1,2,7,New / Promising
C51148,719,1,381.18,2023-01-13,Italy,Email,719,381.18,1,1,3,5,Hibernating
C51149,120,1,724.5799999999999,2024-09-03,France,Organic Search,120,724.5799999999999,3,1,4,8,Needs Attention
C51151,461,2,426.94000000000005,2023-05-12,Germany,Email,600,213.47000000000003,1,3,3,7,At Risk
C51152,8,1,914.31,2024-12-24,Germany,Email,8,914.31,5,1,4,10,New / Promising
C51153,37,2,205.68,2024-11-08,Germany,Direct,54,102.84,4,3,2,9,Potential Loyal
C51154,94,2,129.8,2024-02-13,Netherlands,Referral,323,64.9,3,3,2,8,Potential Loyal
C51155,277,1,602.97,2024-03-30,Germany,Email,277,602.97,1,1,4,6,Can't Lose Them
C51158,19,2,576.41,2024-12-06,Germany,Paid Social,26,288.205,5,3,4,12,Loyal
C51159,623,1,200.8,2023-04-19,Germany,Paid Social,623,200.8,1,1,2,4,Hibernating
C51161,135,1,231.74,2024-08-19,Austria,Email,135,231.74,3,1,2,6,Needs Attention
C51162,1,5,936.39,2024-12-05,Germany,Paid Social,27,187.278,5,5,4,14,Champions
C51163,29,1,2076.5299999999997,2024-12-03,Germany,Organic Search,29,2076.5299999999997,4,1,5,10,New / Promising
C51166,125,1,36.39,2024-08-29,Germany,Paid Social,125,36.39,3,1,1,5,Needs Attention
C51167,3,2,685.34,2024-12-18,Austria,Paid Social,14,342.67,5,3,4,12,Loyal
C51168,48,1,510.69,2024-11-14,Germany,Organic Search,48,510.69,4,1,3,8,New / Promising
C51169,15,2,68.32000000000001,2024-11-26,Germany,Direct,36,34.160000000000004,5,3,1,9,New / Promising
C51170,165,3,507.81,2023-05-13,Austria,Direct,599,169.27,2,4,3,9,At Risk
C51171,188,2,1451.1,2024-06-23,France,Email,192,725.55,2,3,5,10,At Risk
C51172,269,2,230.36,2024-03-28,Germany,Paid Social,279,115.18,1,3,2,6,At Risk
C51173,236,1,489.52,2024-05-10,Italy,Referral,236,489.52,2,1,3,6,Hibernating
C51174,24,3,1069.13,2024-11-28,Germany,Paid Social,34,356.3766666666667,4,4,5,13,Champions
C51176,281,1,552.23,2024-03-26,Germany,Organic Search,281,552.23,1,1,4,6,Can't Lose Them
C51177,368,1,194.48,2023-12-30,France,Organic Search,368,194.48,1,1,2,4,Hibernating
C51178,18,1,541.09,2024-12-14,Austria,Email,18,541.09,5,1,3,9,New / Promising
C51179,364,2,920.22,2023-08-13,Germany,Organic Search,507,460.11,1,3,4,8,At Risk
C51180,7,1,59.31,2024-12-25,Italy,Email,7,59.31,5,1,1,7,New / Promising
C51184,121,1,1642.13,2024-09-02,Italy,Email,121,1642.13,3,1,5,9,Needs Attention
C51187,307,1,22.53,2024-02-29,France,Organic Search,307,22.53,1,1,1,3,Hibernating
C51189,212,1,36.29,2024-06-03,France,Paid Social,212,36.29,2,1,1,4,Hibernating
C51190,241,1,587.42,2024-05-05,Austria,Referral,241,587.42,2,1,4,7,Can't Lose Them
C51192,146,1,691.41,2024-08-08,Spain,Organic Search,146,691.41,2,1,4,7,Can't Lose Them
C51193,162,1,39.84,2024-07-23,Germany,Referral,162,39.84,2,1,1,4,Hibernating
C51194,53,1,25.02,2024-11-09,Italy,Paid Social,53,25.02,3,1,1,5,Needs Attention
C51196,86,2,946.3,2023-03-24,Germany,Email,649,473.15,3,3,4,10,Loyal
C51197,39,1,48.06,2024-11-23,Austria,Direct,39,48.06,4,1,1,6,New / Promising
C51200,38,5,961.47,2023-05-11,Italy,Email,601,192.294,4,5,4,13,Champions
C51201,87,3,459.29,2023-12-10,Germany,Organic Search,388,153.09666666666666,3,4,3,10,Loyal
C51202,14,6,888.8,2024-10-28,Spain,Paid Social,65,148.13333333333333,5,5,4,14,Champions
C51203,97,5,1591.24,2023-10-23,Germany,Paid Social,436,318.248,3,5,5,13,Loyal
C51204,78,4,810.44,2023-12-13,France,Organic Search,385,202.61,3,5,4,12,Loyal
C51205,16,1,49.08,2024-12-16,France,Paid Social,16,49.08,5,1,1,7,New / Promising
C51207,38,4,467.54,2023-12-10,France,Organic Search,388,116.885,4,5,3,12,Loyal
C51209,12,4,2020.47,2024-11-23,Germany,Email,39,505.1175,5,5,5,15,Champions
C51211,178,2,561.47,2023-08-14,France,Organic Search,506,280.735,2,3,4,9,At Risk
C51212,216,4,849.3,2023-07-22,Germany,Organic Search,529,212.325,2,5,4,11,At Risk
C51214,11,3,589.0,2024-11-11,Germany,Email,51,196.33333333333334,5,4,4,13,Champions
C51215,126,2,847.3,2024-07-10,Germany,Direct,175,423.65,3,3,4,10,Loyal
C51216,83,2,425.82,2024-09-11,Netherlands,Direct,112,212.91,3,3,3,9,Loyal
C51217,103,6,751.86,2023-09-16,Germany,Organic Search,473,125.31,3,5,4,12,Loyal
C51219,159,2,516.98,2023-11-21,Austria,Organic Search,407,258.49,2,3,3,8,At Risk
C51220,12,3,295.05,2024-11-23,Germany,Direct,39,98.35000000000001,5,4,3,12,Loyal
C51221,35,2,690.57,2024-06-23,Germany,Organic Search,192,345.285,4,3,4,11,Loyal
C51222,12,3,592.2,2024-06-30,Austria,Organic Search,185,197.4,5,4,4,13,Champions
C51224,34,3,979.92,2024-07-30,France,Email,155,326.64,4,4,5,13,Champions
C51225,151,1,647.42,2024-08-03,Germany,Organic Search,151,647.42,2,1,4,7,Can't Lose Them
C51226,26,2,649.99,2024-11-14,Netherlands,Email,48,324.995,4,3,4,11,Loyal
C51227,30,6,1057.5,2023-11-16,Germany,Organic Search,412,176.25,4,5,5,14,Champions
C51229,503,1,22.43,2023-08-17,Germany,Organic Search,503,22.43,1,1,1,3,Hibernating
C51230,218,2,1549.0,2024-03-09,Netherlands,Paid Social,298,774.5,2,3,5,10,At Risk
C51234,68,3,1350.7,2024-03-26,France,Paid Social,281,450.23333333333335,3,4,5,12,Loyal
C51237,356,1,384.37,2024-01-11,Germany,Paid Social,356,384.37,1,1,3,5,Hibernating
C51238,2,3,552.53,2023-12-23,Germany,Direct,375,184.17666666666665,5,4,4,13,Champions
C51240,93,1,87.78,2024-09-30,Spain,Referral,93,87.78,3,1,1,5,Needs Attention
C51241,303,3,437.75,2023-02-02,Spain,Organic Search,699,145.91666666666666,1,4,3,8,At Risk
C51243,479,1,49.48,2023-09-10,Germany,Paid Social,479,49.48,1,1,1,3,Hibernating
C51246,425,3,368.74,2023-02-28,Germany,Paid Social,673,122.91333333333334,1,4,3,8,At Risk
C51248,65,2,659.43,2024-06-25,Germany,Direct,190,329.715,3,3,4,10,Loyal
C51250,598,1,150.85,2023-05-14,Spain,Organic Search,598,150.85,1,1,2,4,Hibernating
C51251,173,2,283.36,2024-07-11,Germany,Organic Search,174,141.68,2,3,2,7,At Risk
C51254,159,2,149.95,2023-01-02,Germany,Direct,730,74.975,2,3,2,7,At Risk
C51255,21,2,490.71000000000004,2024-03-03,Germany,Organic Search,304,245.35500000000002,5,3,3,11,Loyal
C51256,105,1,161.10999999999999,2024-09-18,Germany,Email,105,161.10999999999999,3,1,2,6,Needs Attention
C51258,465,1,56.49,2023-09-24,Germany,Email,465,56.49,1,1,1,3,Hibernating
C51259,33,2,1381.61,2024-01-07,Netherlands,Organic Search,360,690.805,4,3,5,12,Loyal
C51260,36,4,1706.28,2024-08-25,Spain,Email,129,426.57,4,5,5,14,Champions
C51261,160,1,140.95,2024-07-25,Germany,Email,160,140.95,2,1,2,5,Hibernating
C51267,35,1,865.29,2024-11-27,France,Paid Social,35,865.29,4,1,4,9,New / Promising
C51268,17,8,1735.6499999999999,2024-01-27,Germany,Organic Search,340,216.95624999999998,5,5,5,15,Champions
C51271,39,5,1114.95,2023-05-02,Italy,Direct,610,222.99,4,5,5,14,Champions
C51273,21,2,2324.92,2024-12-09,Germany,Paid Social,23,1162.46,5,3,5,13,Loyal
C51275,5,5,1186.09,2023-01-21,France,Organic Search,711,237.218,5,5,5,15,Champions
C51276,207,3,92.3,2023-08-31,France,Direct,489,30.766666666666666,2,4,1,7,At Risk
C51277,111,2,1570.46,2024-03-30,Germany,Email,277,785.23,3,3,5,11,Loyal
C51280,127,2,407.34,2024-04-26,Germany,Organic Search,250,203.67,3,3,3,9,Loyal
C51283,117,2,570.18,2024-03-06,Germany,Organic Search,301,285.09,3,3,4,10,Loyal
C51284,91,3,1835.69,2024-03-07,Italy,Referral,300,611.8966666666666,3,4,5,12,Loyal
C51285,412,1,234.42,2023-11-16,Austria,Organic Search,412,234.42,1,1,2,4,Hibernating
C51287,404,1,291.04,2023-11-24,Spain,Email,404,291.04,1,1,2,4,Hibernating
C51289,39,3,307.91,2024-07-22,Germany,Paid Social,163,102.63666666666667,4,4,3,11,Loyal
C51291,36,2,478.65,2023-07-24,Austria,Paid Social,527,239.325,4,3,3,10,Loyal
C51293,18,3,816.03,2024-05-20,Netherlands,Organic Search,226,272.01,5,4,4,13,Champions
C51296,59,1,17.19,2024-11-03,Italy,Direct,59,17.19,3,1,1,5,Needs Attention
C51298,314,3,172.82,2023-03-12,Netherlands,Paid Social,661,57.60666666666666,1,4,2,7,At Risk
C51300,200,1,702.01,2024-06-15,France,Email,200,702.01,2,1,4,7,Can't Lose Them
C51301,526,1,234.42,2023-07-25,Germany,Organic Search,526,234.42,1,1,2,4,Hibernating
C51302,32,2,251.07000000000002,2023-06-15,Italy,Email,566,125.53500000000001,4,3,2,9,Potential Loyal
C51303,209,1,127.02,2024-06-06,Netherlands,Email,209,127.02,2,1,1,4,Hibernating
C51305,33,2,126.78,2024-11-04,France,Organic Search,58,63.39,4,3,1,8,New / Promising
C51306,168,5,1778.98,2023-02-03,Germany,Direct,698,355.796,2,5,5,12,At Risk
C51307,81,1,234.42,2024-10-12,Germany,Organic Search,81,234.42,3,1,2,6,Needs Attention
C51308,381,1,233.84,2023-12-17,Germany,Email,381,233.84,1,1,2,4,Hibernating
C51309,40,3,263.92,2023-02-21,Germany,Organic Search,680,87.97333333333334,4,4,2,10,Potential Loyal
C51312,3,1,10.75,2024-12-29,Germany,Paid Social,3,10.75,5,1,1,7,New / Promising
C51313,165,2,185.23000000000002,2023-12-03,Germany,Email,395,92.61500000000001,2,3,2,7,At Risk
C51314,14,3,1374.63,2024-07-08,Netherlands,Paid Social,177,458.21000000000004,5,4,5,14,Champions
C51316,1,3,130.79,2024-12-30,Italy,Email,2,43.596666666666664,5,4,2,11,Potential Loyal
C51318,40,1,20.96,2024-11-22,Germany,Organic Search,40,20.96,4,1,1,6,New / Promising
C51319,15,4,1028.78,2024-10-14,Germany,Email,79,257.195,5,5,5,15,Champions
C51320,86,3,1209.6599999999999,2024-09-28,Italy,Email,95,403.21999999999997,3,4,5,12,Loyal
C51322,628,1,512.35,2023-04-14,Netherlands,Organic Search,628,512.35,1,1,3,5,Hibernating
C51327,2,3,734.8199999999999,2024-05-06,Germany,Email,240,244.93999999999997,5,4,4,13,Champions
C51329,151,1,86.16999999999999,2024-08-03,Spain,Email,151,86.16999999999999,2,1,1,4,Hibernating
C51330,82,3,952.3,2023-10-03,Germany,Organic Search,456,317.43333333333334,3,4,4,11,Loyal
C51333,67,2,509.34999999999997,2024-09-25,Netherlands,Email,98,254.67499999999998,3,3,3,9,Loyal
C51334,3,1,25.46,2024-12-29,Spain,Organic Search,3,25.46,5,1,1,7,New / Promising
C51335,39,2,149.81,2024-10-13,Austria,Organic Search,80,74.905,4,3,2,9,Potential Loyal
C51336,30,2,50.43,2024-11-24,Netherlands,Email,38,25.215,4,3,1,8,New / Promising
C51337,241,1,308.07,2024-05-05,Germany,Organic Search,241,308.07,2,1,3,6,Hibernating
C51338,18,3,1111.66,2023-04-06,Germany,Organic Search,636,370.55333333333334,5,4,5,14,Champions
C51339,329,1,129.99,2024-02-07,Austria,Referral,329,129.99,1,1,2,4,Hibernating
C51340,62,2,595.32,2024-07-07,Austria,Referral,178,297.66,3,3,4,10,Loyal
C51342,184,1,119.5,2024-07-01,France,Paid Social,184,119.5,2,1,1,4,Hibernating
C51343,16,4,496.89,2023-12-08,Germany,Paid Social,390,124.2225,5,5,3,13,Loyal
C51344,288,2,363.04,2023-02-17,France,Referral,684,181.52,1,3,3,7,At Risk
C51345,216,2,279.92,2024-05-11,Netherlands,Organic Search,235,139.96,2,3,2,7,At Risk
C51347,215,2,240.17999999999998,2023-06-08,Austria,Organic Search,573,120.08999999999999,2,3,2,7,At Risk
C51348,17,2,777.54,2024-11-23,Netherlands,Direct,39,388.77,5,3,4,12,Loyal
C51351,180,2,908.69,2024-05-22,Netherlands,Paid Social,224,454.345,2,3,4,9,At Risk
C51355,405,2,992.45,2023-11-23,France,Paid Social,405,496.225,1,3,5,9,At Risk
C51356,1,3,780.28,2024-11-28,France,Paid Social,34,260.0933333333333,5,4,4,13,Champions
C51358,188,1,98.04,2024-06-27,Spain,Email,188,98.04,2,1,1,4,Hibernating
C51360,472,1,466.41999999999996,2023-09-17,France,Organic Search,472,466.41999999999996,1,1,3,5,Hibernating
C51361,135,5,1977.27,2023-12-09,France,Direct,389,395.454,3,5,5,13,Loyal
C51364,23,1,211.02,2024-12-09,France,Direct,23,211.02,5,1,2,8,New / Promising
C51365,619,1,101.32999999999998,2023-04-23,Netherlands,Paid Social,619,101.32999999999998,1,1,1,3,Hibernating
C51369,187,3,510.26,2023-05-20,Netherlands,Organic Search,592,170.08666666666667,2,4,3,9,At Risk
C51370,39,2,362.96000000000004,2024-08-10,Netherlands,Organic Search,144,181.48000000000002,4,3,3,10,Loyal
C51371,75,2,181.9,2023-05-20,Germany,Paid Social,592,90.95,3,3,2,8,Potential Loyal
C51372,210,9,1347.6399999999999,2023-01-07,France,Organic Search,725,149.73777777777775,2,5,5,12,At Risk
C51374,3,1,418.57,2024-12-29,Netherlands,Email,3,418.57,5,1,3,9,New / Promising
C51375,83,1,101.75,2024-10-10,Germany,Email,83,101.75,3,1,1,5,Needs Attention
C51376,122,3,600.08,2023-03-07,France,Organic Search,666,200.02666666666667,3,4,4,11,Loyal
C51377,242,7,1331.49,2023-10-03,Germany,Referral,456,190.21285714285713,2,5,5,12,At Risk
C51378,105,1,910.13,2024-09-18,Netherlands,Direct,105,910.13,3,1,4,8,Needs Attention
C51379,359,1,107.76,2024-01-08,Netherlands,Referral,359,107.76,1,1,1,3,Hibernating
C51382,230,5,560.96,2023-03-24,Austria,Organic Search,649,112.19200000000001,2,5,4,11,At Risk
C51383,242,2,128.44,2024-04-02,Austria,Paid Social,274,64.22,2,3,2,7,At Risk
C51386,90,3,806.52,2023-11-27,France,Referral,401,268.84,3,4,4,11,Loyal
C51390,11,1,194.46,2024-12-21,Germany,Email,11,194.46,5,1,2,8,New / Promising
C51391,22,5,2175.08,2023-06-25,Netherlands,Organic Search,556,435.01599999999996,5,5,5,15,Champions
C51393,6,1,25.91,2024-12-26,Austria,Referral,6,25.91,5,1,1,7,New / Promising
C51394,351,2,627.39,2023-09-10,Germany,Email,479,313.695,1,3,4,8,At Risk
C51396,101,1,163.66000000000003,2024-09-22,Germany,Email,101,163.66000000000003,3,1,2,6,Needs Attention
C51397,175,2,196.55,2023-03-08,Austria,Organic Search,665,98.275,2,3,2,7,At Risk
C51398,392,3,492.99,2023-08-11,Germany,Direct,509,164.33,1,4,3,8,At Risk
C51400,22,1,403.85,2024-12-10,Netherlands,Direct,22,403.85,5,1,3,9,New / Promising
C51402,17,1,804.1199999999999,2024-12-15,Netherlands,Paid Social,17,804.1199999999999,5,1,4,10,New / Promising
C51405,78,1,762.86,2024-10-15,Germany,Paid Social,78,762.86,3,1,4,8,Needs Attention
C51406,12,4,2359.0299999999997,2023-07-08,Spain,Referral,543,589.7574999999999,5,5,5,15,Champions
C51407,11,5,423.4,2023-09-05,France,Referral,484,84.67999999999999,5,5,3,13,Loyal
C51409,21,3,418.77,2023-05-30,Germany,Email,582,139.59,5,4,3,12,Loyal
C51410,28,1,198.74,2024-12-04,Germany,Direct,28,198.74,4,1,2,7,New / Promising
C51415,647,2,532.25,2023-02-09,Austria,Paid Social,692,266.125,1,3,3,7,At Risk
C51418,29,2,175.2,2024-10-15,France,Organic Search,78,87.6,4,3,2,9,Potential Loyal
C51419,29,2,323.77,2024-12-02,Germany,Referral,30,161.885,4,3,3,10,Loyal
C51420,3,2,1253.1,2024-12-01,Germany,Organic Search,31,626.55,5,3,5,13,Loyal
C51422,121,1,186.25,2024-09-02,Germany,Direct,121,186.25,3,1,2,6,Needs Attention
C51423,31,7,963.38,2023-01-31,Spain,Direct,701,137.62571428571428,4,5,5,14,Champions
C51424,139,4,923.7,2023-10-26,Netherlands,Direct,433,230.925,2,5,4,11,At Risk
C51426,377,1,613.2,2023-12-21,Netherlands,Organic Search,377,613.2,1,1,4,6,Can't Lose Them
C51428,24,5,142.38,2024-05-17,Germany,Direct,229,28.476,4,5,2,11,Potential Loyal
C51430,14,5,1342.31,2024-08-12,France,Paid Social,142,268.462,5,5,5,15,Champions
C51432,146,1,749.11,2024-08-08,Germany,Email,146,749.11,2,1,4,7,Can't Lose Them
C51433,148,3,1346.15,2023-12-04,France,Email,394,448.7166666666667,2,4,5,11,At Risk
C51434,18,2,1006.9000000000001,2024-09-06,Austria,Paid Social,117,503.45000000000005,5,3,5,13,Loyal
C51435,49,4,1615.18,2023-12-06,Germany,Paid Social,392,403.795,4,5,5,14,Champions
C51436,144,2,466.22999999999996,2024-07-25,Spain,Email,160,233.11499999999998,2,3,3,8,At Risk
C51437,34,3,730.88,2024-10-29,Germany,Organic Search,64,243.62666666666667,4,4,4,12,Champions
C51440,149,1,535.85,2024-08-05,France,Organic Search,149,535.85,2,1,3,6,Hibernating
C51442,39,2,813.13,2023-12-20,Germany,Direct,378,406.565,4,3,4,11,Loyal
C51443,263,1,71.80000000000001,2024-04-13,Germany,Direct,263,71.80000000000001,1,1,1,3,Hibernating
C51444,134,2,803.81,2024-01-25,Austria,Organic Search,342,401.905,3,3,4,10,Loyal
C51445,55,5,2270.98,2023-08-30,Spain,Organic Search,490,454.196,3,5,5,13,Loyal
C51446,52,1,244.48999999999998,2024-11-10,France,Paid Social,52,244.48999999999998,4,1,2,7,New / Promising
C51447,39,1,449.07000000000005,2024-11-23,Germany,Organic Search,39,449.07000000000005,4,1,3,8,New / Promising
C51448,40,1,127.38,2024-11-22,France,Referral,40,127.38,4,1,2,7,New / Promising
C51451,23,1,220.23,2024-12-09,Germany,Paid Social,23,220.23,5,1,2,8,New / Promising
C51452,502,1,583.39,2023-08-18,Germany,Paid Social,502,583.39,1,1,4,6,Can't Lose Them
C51453,18,4,2483.36,2024-07-02,Spain,Paid Social,183,620.84,5,5,5,15,Champions
C51454,4,4,2145.79,2024-12-03,Spain,Organic Search,29,536.4475,5,5,5,15,Champions
C51458,299,1,159.18,2024-03-08,Germany,Direct,299,159.18,1,1,2,4,Hibernating
C51459,189,1,196.24,2024-06-26,Austria,Organic Search,189,196.24,2,1,2,5,Hibernating
C51460,33,2,774.16,2024-03-26,France,Organic Search,281,387.08,4,3,4,11,Loyal
C51463,26,2,180.7,2023-11-26,Spain,Direct,402,90.35,4,3,2,9,Potential Loyal
C51464,2,3,1938.48,2024-09-21,Germany,Referral,102,646.16,5,4,5,14,Champions
C51466,115,1,1060.22,2024-09-08,Austria,Referral,115,1060.22,3,1,5,9,Needs Attention
C51467,33,3,1091.1200000000001,2023-08-21,France,Paid Social,499,363.7066666666667,4,4,5,13,Champions
C51469,7,2,79.68,2024-09-12,Netherlands,Referral,111,39.84,5,3,1,9,New / Promising
C51471,164,2,348.13,2024-06-17,Germany,Paid Social,198,174.065,2,3,3,8,At Risk
C51473,40,1,38.93,2024-11-22,Italy,Organic Search,40,38.93,4,1,1,6,New / Promising
C51475,45,2,181.91000000000003,2024-11-07,Germany,Organic Search,55,90.95500000000001,4,3,2,9,Potential Loyal
C51476,26,2,729.0,2024-04-28,Austria,Referral,248,364.5,4,3,4,11,Loyal
C51477,242,3,338.72999999999996,2023-05-01,Germany,Direct,611,112.90999999999998,2,4,3,9,At Risk
C51480,16,4,298.07,2024-08-18,Austria,Email,136,74.5175,5,5,3,13,Loyal
C51481,536,1,658.25,2023-07-15,Spain,Referral,536,658.25,1,1,4,6,Can't Lose Them
C51482,71,3,506.44,2023-04-13,Netherlands,Organic Search,629,168.81333333333333,3,4,3,10,Loyal
C51483,35,1,265.90999999999997,2024-11-27,Germany,Organic Search,35,265.90999999999997,4,1,2,7,New / Promising
C51484,101,3,741.3299999999999,2023-07-18,Spain,Email,533,247.10999999999999,3,4,4,11,Loyal
C51485,392,1,61.44,2023-12-06,Germany,Direct,392,61.44,1,1,1,3,Hibernating
C51486,27,2,794.53,2024-11-21,Germany,Organic Search,41,397.265,4,3,4,11,Loyal
C51490,95,1,84.97,2024-09-28,Germany,Organic Search,95,84.97,3,1,1,5,Needs Attention
C51492,15,1,13.98,2024-12-17,Netherlands,Organic Search,15,13.98,5,1,1,7,New / Promising
C51493,10,2,1007.52,2024-06-25,Netherlands,Organic Search,190,503.76,5,3,5,13,Loyal
C51494,108,2,563.4,2023-08-27,Spain,Email,493,281.7,3,3,4,10,Loyal
C51496,220,2,99.25,2023-12-09,Austria,Paid Social,389,49.625,2,3,1,6,At Risk
C51497,529,1,234.42,2023-07-22,Netherlands,Paid Social,529,234.42,1,1,2,4,Hibernating
C51499,21,3,886.49,2024-11-23,Spain,Email,39,295.49666666666667,5,4,4,13,Champions
C51501,130,5,1117.1399999999999,2024-05-16,Germany,Referral,230,223.42799999999997,3,5,5,13,Loyal
C51502,115,2,1107.9199999999998,2024-05-31,Germany,Email,215,553.9599999999999,3,3,5,11,Loyal
C51503,482,1,155.59,2023-09-07,Italy,Direct,482,155.59,1,1,2,4,Hibernating
C51504,215,1,468.84,2024-05-31,Italy,Referral,215,468.84,2,1,3,6,Hibernating
C51505,323,1,85.12,2024-02-13,Italy,Organic Search,323,85.12,1,1,1,3,Hibernating
C51506,197,2,240.13,2024-06-12,Germany,Direct,203,120.065,2,3,2,7,At Risk
C51507,208,4,734.93,2023-04-23,Germany,Direct,619,183.7325,2,5,4,11,At Risk
C51508,20,11,3071.46,2024-09-24,Germany,Paid Social,99,279.2236363636364,5,5,5,15,Champions
C51509,2,1,534.26,2024-12-30,Austria,Organic Search,2,534.26,5,1,3,9,New / Promising
C51512,34,2,329.64,2024-06-29,Germany,Referral,186,164.82,4,3,3,10,Loyal
C51513,18,1,196.57999999999998,2024-12-14,France,Paid Social,18,196.57999999999998,5,1,2,8,New / Promising
C51514,83,1,68.39,2024-10-10,Germany,Organic Search,83,68.39,3,1,1,5,Needs Attention
C51515,17,2,367.64,2024-11-08,Germany,Organic Search,54,183.82,5,3,3,11,Loyal
C51517,489,1,290.83000000000004,2023-08-31,Spain,Organic Search,489,290.83000000000004,1,1,2,4,Hibernating
C51518,87,1,636.9399999999999,2024-10-06,Austria,Referral,87,636.9399999999999,3,1,4,8,Needs Attention
C51519,84,2,322.48,2023-08-17,Italy,Organic Search,503,161.24,3,3,3,9,Loyal
C51520,89,5,1485.48,2023-11-10,France,Paid Social,418,297.096,3,5,5,13,Loyal
C51522,2,1,769.18,2024-12-30,Germany,Organic Search,2,769.18,5,1,4,10,New / Promising
C51523,13,3,926.24,2024-08-03,Netherlands,Email,151,308.74666666666667,5,4,4,13,Champions
C51525,37,1,87.24,2024-11-25,Austria,Organic Search,37,87.24,4,1,1,6,New / Promising
C51528,23,1,292.44,2024-12-09,Germany,Email,23,292.44,5,1,2,8,New / Promising
C51529,76,1,168.69,2024-10-17,France,Paid Social,76,168.69,3,1,2,6,Needs Attention
C51530,12,1,196.17,2024-12-20,Germany,Referral,12,196.17,5,1,2,8,New / Promising
C51532,23,1,390.01,2024-12-09,Netherlands,Organic Search,23,390.01,5,1,3,9,New / Promising
C51534,689,1,60.88,2023-02-12,Austria,Email,689,60.88,1,1,1,3,Hibernating
C51538,253,2,958.01,2024-02-17,France,Email,319,479.005,2,3,4,9,At Risk
C51540,105,2,248.35,2023-05-03,Germany,Paid Social,609,124.175,3,3,2,8,Potential Loyal
C51541,57,2,207.8,2024-10-31,Austria,Email,62,103.9,3,3,2,8,Potential Loyal
C51542,397,1,11.19,2023-12-01,Spain,Organic Search,397,11.19,1,1,1,3,Hibernating
C51544,2,3,475.46000000000004,2024-10-23,Austria,Organic Search,70,158.48666666666668,5,4,3,12,Loyal
C51545,75,1,24.8,2024-10-18,France,Direct,75,24.8,3,1,1,5,Needs Attention
C51546,165,2,112.56,2024-06-14,Austria,Organic Search,201,56.28,2,3,1,6,At Risk
C51547,484,1,278.05,2023-09-05,Netherlands,Organic Search,484,278.05,1,1,2,4,Hibernating
C51549,19,1,26.92,2024-12-13,Germany,Organic Search,19,26.92,5,1,1,7,New / Promising
C51553,57,5,1246.36,2023-10-10,Spain,Organic Search,449,249.272,3,5,5,13,Loyal
C51554,32,5,1066.13,2023-11-28,Netherlands,Organic Search,400,213.22600000000003,4,5,5,14,Champions
C51556,6,5,1504.97,2024-01-11,Germany,Organic Search,356,300.994,5,5,5,15,Champions
C51557,22,2,315.81,2024-01-08,Netherlands,Email,359,157.905,5,3,3,11,Loyal
C51559,15,2,1004.1400000000001,2024-10-26,France,Referral,67,502.07000000000005,5,3,5,13,Loyal
C51560,243,1,67.35,2024-05-03,France,Organic Search,243,67.35,2,1,1,4,Hibernating
C51562,89,4,1871.06,2023-02-11,Netherlands,Email,690,467.765,3,5,5,13,Loyal
C51563,176,1,89.0,2024-07-09,Spain,Organic Search,176,89.0,2,1,1,4,Hibernating
C51564,597,1,103.69999999999999,2023-05-15,Germany,Paid Social,597,103.69999999999999,1,1,1,3,Hibernating
C51565,288,1,518.4,2024-03-19,Austria,Referral,288,518.4,1,1,3,5,Hibernating
C51566,264,4,984.56,2023-01-15,France,Paid Social,717,246.14,1,5,5,11,At Risk
C51567,18,4,690.64,2023-09-29,Germany,Paid Social,460,172.66,5,5,4,14,Champions
C51569,135,3,308.27,2023-06-17,Austria,Organic Search,564,102.75666666666666,3,4,3,10,Loyal
C51570,32,4,311.78,2024-07-28,France,Direct,157,77.945,4,5,3,12,Loyal
C51571,100,3,632.85,2023-11-19,Austria,Organic Search,409,210.95000000000002,3,4,4,11,Loyal
C51572,12,5,786.23,2024-06-07,Germany,Organic Search,208,157.246,5,5,4,14,Champions
C51574,60,4,507.21,2023-09-11,Germany,Paid Social,478,126.8025,3,5,3,11,Loyal
C51575,213,3,995.22,2024-05-03,Germany,Direct,243,331.74,2,4,5,11,At Risk
C51576,32,1,19.2,2024-11-30,Netherlands,Referral,32,19.2,4,1,1,6,New / Promising
C51577,14,5,2356.91,2023-07-06,Spain,Direct,545,471.38199999999995,5,5,5,15,Champions
C51578,36,3,533.62,2023-09-14,Austria,Paid Social,475,177.87333333333333,4,4,3,11,Loyal
C51579,12,2,583.53,2024-11-21,Germany,Paid Social,41,291.765,5,3,4,12,Loyal
C51580,224,1,612.73,2024-05-22,Germany,Paid Social,224,612.73,2,1,4,7,Can't Lose Them
C51582,97,5,723.49,2023-10-15,Netherlands,Direct,444,144.698,3,5,4,12,Loyal
C51583,173,3,832.26,2023-12-09,Germany,Paid Social,389,277.42,2,4,4,10,At Risk
C51584,28,2,277.39,2024-11-29,France,Paid Social,33,138.695,4,3,2,9,Potential Loyal
C51585,31,2,919.9200000000001,2024-11-16,Austria,Paid Social,46,459.96000000000004,4,3,4,11,Loyal
C51586,156,2,284.44,2023-09-17,Netherlands,Referral,472,142.22,2,3,2,7,At Risk
C51587,8,1,21.33,2024-12-24,Germany,Organic Search,8,21.33,5,1,1,7,New / Promising
C51590,549,1,78.87,2023-07-02,France,Referral,549,78.87,1,1,1,3,Hibernating
C51592,676,1,741.42,2023-02-25,Spain,Organic Search,676,741.42,1,1,4,6,Can't Lose Them
C51594,55,2,693.3,2024-09-01,France,Direct,122,346.65,3,3,4,10,Loyal
C51595,91,3,465.83,2024-05-02,Germany,Direct,244,155.27666666666667,3,4,3,10,Loyal
C51596,180,1,264.83,2024-07-05,Germany,Email,180,264.83,2,1,2,5,Hibernating
C51597,203,1,287.02,2024-06-12,Germany,Organic Search,203,287.02,2,1,2,5,Hibernating
C51598,82,2,1850.96,2023-12-30,Germany,Organic Search,368,925.48,3,3,5,11,Loyal
C51600,385,1,393.68,2023-12-13,France,Organic Search,385,393.68,1,1,3,5,Hibernating
C51601,201,1,47.24,2024-06-14,Spain,Email,201,47.24,2,1,1,4,Hibernating
C51602,262,1,205.17,2024-04-14,Italy,Referral,262,205.17,2,1,2,5,Hibernating
C51603,91,1,703.26,2024-10-02,Germany,Paid Social,91,703.26,3,1,4,8,Needs Attention
C51604,120,1,590.95,2024-09-03,Germany,Paid Social,120,590.95,3,1,4,8,Needs Attention
C51605,21,6,1360.6699999999998,2024-05-17,Austria,Organic Search,229,226.7783333333333,5,5,5,15,Champions
C51607,66,1,105.8,2024-10-27,Spain,Email,66,105.8,3,1,1,5,Needs Attention
C51608,245,2,75.06,2024-04-19,Germany,Paid Social,257,37.53,2,3,1,6,At Risk
C51609,23,1,311.59000000000003,2024-12-09,Germany,Organic Search,23,311.59000000000003,5,1,3,9,New / Promising
C51610,17,1,73.88,2024-12-15,Germany,Organic Search,17,73.88,5,1,1,7,New / Promising
C51611,1,4,679.0699999999999,2024-12-30,Spain,Organic Search,2,169.76749999999998,5,5,4,14,Champions
C51612,409,1,1272.96,2023-11-19,Netherlands,Email,409,1272.96,1,1,5,7,Can't Lose Them
C51613,543,1,87.86,2023-07-08,France,Email,543,87.86,1,1,1,3,Hibernating
C51614,29,1,42.59,2024-12-03,France,Paid Social,29,42.59,4,1,1,6,New / Promising
C51617,3,2,1266.29,2024-12-28,Germany,Paid Social,4,633.145,5,3,5,13,Loyal
C51618,6,3,512.38,2024-12-22,Netherlands,Organic Search,10,170.79333333333332,5,4,3,12,Loyal
C51620,244,1,305.36,2024-05-02,Netherlands,Organic Search,244,305.36,2,1,3,6,Hibernating
C51622,30,2,726.0,2024-12-01,Spain,Organic Search,31,363.0,4,3,4,11,Loyal
C51624,36,6,1753.11,2023-08-23,Germany,Organic Search,497,292.185,4,5,5,14,Champions
C51625,81,2,104.69999999999999,2024-09-26,Germany,Direct,97,52.349999999999994,3,3,1,7,Needs Attention
C51628,7,2,202.39,2024-12-24,Germany,Email,8,101.195,5,3,2,10,Potential Loyal
C51630,24,4,873.12,2024-10-12,Germany,Organic Search,81,218.28,4,5,4,13,Champions
C51631,120,1,764.54,2024-09-03,France,Paid Social,120,764.54,3,1,4,8,Needs Attention
C51632,192,1,164.98000000000002,2024-06-23,Netherlands,Referral,192,164.98000000000002,2,1,2,5,Hibernating
C51634,75,2,470.2,2024-06-06,Austria,Organic Search,209,235.1,3,3,3,9,Loyal
C51635,389,1,168.42000000000002,2023-12-09,Germany,Paid Social,389,168.42000000000002,1,1,2,4,Hibernating
C51636,138,6,735.3,2024-03-23,Germany,Organic Search,284,122.55,2,5,4,11,At Risk
C51640,301,1,1586.64,2024-03-06,France,Organic Search,301,1586.64,1,1,5,7,Can't Lose Them
C51641,67,4,1249.1799999999998,2023-07-10,Germany,Direct,541,312.29499999999996,3,5,5,13,Loyal
C51644,36,5,1340.9,2024-08-11,Spain,Organic Search,143,268.18,4,5,5,14,Champions
C51645,389,2,677.98,2023-05-23,Germany,Direct,589,338.99,1,3,4,8,At Risk
C51646,40,4,1565.76,2023-10-29,Italy,Email,430,391.44,4,5,5,14,Champions
C51649,49,2,229.26999999999998,2024-10-15,Spain,Direct,78,114.63499999999999,4,3,2,9,Potential Loyal
C51650,111,2,744.06,2024-06-10,Germany,Paid Social,205,372.03,3,3,4,10,Loyal
C51652,90,1,168.41,2024-10-03,Germany,Email,90,168.41,3,1,2,6,Needs Attention
C51654,533,1,86.88,2023-07-18,France,Email,533,86.88,1,1,1,3,Hibernating
C51655,29,2,787.0799999999999,2023-07-02,Germany,Direct,549,393.53999999999996,4,3,4,11,Loyal
C51656,187,1,617.01,2024-06-28,Spain,Organic Search,187,617.01,2,1,4,7,Can't Lose Them
C51658,135,1,232.11,2024-08-19,Germany,Email,135,232.11,3,1,2,6,Needs Attention
C51660,32,4,261.13,2024-02-03,France,Email,333,65.2825,4,5,2,11,Potential Loyal
C51663,203,4,997.95,2023-03-07,Netherlands,Referral,666,249.4875,2,5,5,12,At Risk
C51665,37,1,238.82,2024-11-25,Germany,Direct,37,238.82,4,1,2,7,New / Promising
C51666,160,1,45.61,2024-07-25,Italy,Organic Search,160,45.61,2,1,1,4,Hibernating
C51667,251,3,172.68,2023-04-08,Germany,Email,634,57.56,2,4,2,8,At Risk
C51669,22,4,803.23,2024-03-05,Germany,Organic Search,302,200.8075,5,5,4,14,Champions
C51670,31,3,733.79,2023-05-19,Germany,Paid Social,593,244.59666666666666,4,4,4,12,Champions
C51671,427,4,1497.49,2023-02-05,Netherlands,Organic Search,696,374.3725,1,5,5,11,At Risk
C51673,108,2,817.12,2024-06-01,Austria,Paid Social,214,408.56,3,3,4,10,Loyal
C51674,74,2,450.56,2024-10-02,Spain,Organic Search,91,225.28,3,3,3,9,Loyal
C51676,14,3,786.83,2024-08-30,France,Organic Search,124,262.2766666666667,5,4,4,13,Champions
C51678,9,2,328.08,2024-02-27,Austria,Email,309,164.04,5,3,3,11,Loyal
C51681,342,1,55.26,2024-01-25,Germany,Direct,342,55.26,1,1,1,3,Hibernating
C51682,262,3,265.57,2023-01-08,Austria,Email,724,88.52333333333333,2,4,2,8,At Risk
C51683,156,1,307.52,2024-07-29,Austria,Organic Search,156,307.52,2,1,3,6,Hibernating
C51684,137,1,1337.3100000000002,2024-08-17,Spain,Referral,137,1337.3100000000002,2,1,5,8,Can't Lose Them
C51687,36,2,305.31,2024-01-13,Germany,Email,354,152.655,4,3,3,10,Loyal
C51688,47,7,2086.17,2024-07-07,Germany,Paid Social,178,298.0242857142857,4,5,5,14,Champions
C51691,299,3,381.43,2023-01-03,France,Organic Search,729,127.14333333333333,1,4,3,8,At Risk
C51692,40,5,824.81,2023-06-10,Germany,Organic Search,571,164.962,4,5,4,13,Champions
C51693,10,1,971.01,2024-12-22,Germany,Organic Search,10,971.01,5,1,5,11,New / Promising
C51694,307,1,315.83,2024-02-29,Netherlands,Referral,307,315.83,1,1,3,5,Hibernating
C51695,114,1,77.57,2024-09-09,Spain,Email,114,77.57,3,1,1,5,Needs Attention
C51699,74,1,183.69,2024-10-19,Austria,Email,74,183.69,3,1,2,6,Needs Attention
C51703,14,1,210.68,2024-12-18,Netherlands,Organic Search,14,210.68,5,1,2,8,New / Promising
C51705,5,3,221.93,2024-11-22,Netherlands,Paid Social,40,73.97666666666667,5,4,2,11,Potential Loyal
C51706,16,2,509.31,2024-12-10,Germany,Organic Search,22,254.655,5,3,3,11,Loyal
C51707,191,2,892.46,2024-05-08,France,Direct,238,446.23,2,3,4,9,At Risk
C51710,33,1,28.59,2024-11-29,France,Email,33,28.59,4,1,1,6,New / Promising
C51711,21,2,132.94,2024-12-09,Netherlands,Paid Social,23,66.47,5,3,2,10,Potential Loyal
C51712,12,2,1530.9499999999998,2024-07-26,France,Referral,159,765.4749999999999,5,3,5,13,Loyal
C51714,15,2,293.02,2024-09-13,Netherlands,Paid Social,110,146.51,5,3,2,10,Potential Loyal
C51716,40,1,190.57999999999998,2024-11-22,Germany,Paid Social,40,190.57999999999998,4,1,2,7,New / Promising
C51717,32,3,570.23,2023-04-11,Germany,Paid Social,631,190.07666666666668,4,4,4,12,Champions
C51718,17,5,1349.73,2024-04-19,France,Organic Search,257,269.946,5,5,5,15,Champions
C51720,33,2,718.72,2024-04-25,Netherlands,Organic Search,251,359.36,4,3,4,11,Loyal
C51722,77,2,486.87,2024-04-22,Austria,Paid Social,254,243.435,3,3,3,9,Loyal
C51724,294,5,3081.59,2023-07-03,Netherlands,Organic Search,548,616.318,1,5,5,11,At Risk
C51729,221,1,40.32,2024-05-25,Italy,Paid Social,221,40.32,2,1,1,4,Hibernating
C51730,85,3,362.99,2023-12-19,Italy,Email,379,120.99666666666667,3,4,3,10,Loyal
C51732,164,1,309.15999999999997,2024-07-21,Austria,Email,164,309.15999999999997,2,1,3,6,Hibernating
C51733,21,4,928.51,2024-11-23,Germany,Referral,39,232.1275,5,5,4,14,Champions
C51734,187,1,85.12,2024-06-28,Germany,Organic Search,187,85.12,2,1,1,4,Hibernating
C51736,30,1,8.54,2024-12-02,France,Organic Search,30,8.54,4,1,1,6,New / Promising
C51741,5,3,479.46,2024-10-27,Germany,Direct,66,159.82,5,4,3,12,Loyal
C51743,186,2,799.08,2024-04-21,Germany,Referral,255,399.54,2,3,4,9,At Risk
C51744,3,1,21.33,2024-12-29,Italy,Paid Social,3,21.33,5,1,1,7,New / Promising
C51745,340,1,283.46,2024-01-27,France,Paid Social,340,283.46,1,1,2,4,Hibernating
C51746,234,1,309.34000000000003,2024-05-12,Germany,Organic Search,234,309.34000000000003,2,1,3,6,Hibernating
C51747,119,1,335.79,2024-09-04,Netherlands,Paid Social,119,335.79,3,1,3,7,Needs Attention
C51748,650,1,576.42,2023-03-23,Italy,Paid Social,650,576.42,1,1,4,6,Can't Lose Them
C51749,126,1,1191.95,2024-08-28,Spain,Organic Search,126,1191.95,3,1,5,9,Needs Attention
C51750,78,2,924.29,2024-06-15,France,Paid Social,200,462.145,3,3,4,10,Loyal
C51751,20,4,1084.96,2024-07-08,Germany,Paid Social,177,271.24,5,5,5,15,Champions
C51753,616,1,443.0,2023-04-26,Austria,Organic Search,616,443.0,1,1,3,5,Hibernating
C51754,15,3,1578.26,2024-09-25,Spain,Paid Social,98,526.0866666666667,5,4,5,14,Champions
C51756,34,1,158.70999999999998,2024-11-28,France,Email,34,158.70999999999998,4,1,2,7,New / Promising
C51759,247,2,1017.6800000000001,2024-04-19,Germany,Organic Search,257,508.84000000000003,2,3,5,10,At Risk
C51761,33,2,598.18,2024-09-18,France,Organic Search,105,299.09,4,3,4,11,Loyal
C51762,22,5,1172.16,2023-07-14,Netherlands,Paid Social,537,234.43200000000002,5,5,5,15,Champions
C51763,654,1,76.49,2023-03-19,Spain,Direct,654,76.49,1,1,1,3,Hibernating
C51764,34,2,373.57,2023-01-02,Austria,Organic Search,730,186.785,4,3,3,10,Loyal
C51766,3,4,1850.53,2023-12-11,Austria,Email,387,462.6325,5,5,5,15,Champions
C51767,31,2,184.35999999999999,2024-01-27,Germany,Paid Social,340,92.17999999999999,4,3,2,9,Potential Loyal
C51768,216,1,349.72,2024-05-30,Germany,Organic Search,216,349.72,2,1,3,6,Hibernating
C51769,25,2,299.85,2024-03-29,Netherlands,Organic Search,278,149.925,4,3,3,10,Loyal
C51770,50,2,459.08,2023-11-28,Germany,Direct,400,229.54,4,3,3,10,Loyal
C51771,155,2,389.6,2024-07-07,Germany,Organic Search,178,194.8,2,3,3,8,At Risk
C51772,320,3,910.6800000000001,2023-06-06,Germany,Email,575,303.56,1,4,4,9,At Risk
C51775,39,2,324.3,2024-01-15,Italy,Email,352,162.15,4,3,3,10,Loyal
C51776,288,1,76.29,2024-03-19,Italy,Organic Search,288,76.29,1,1,1,3,Hibernating
C51778,167,2,632.1,2024-07-02,Germany,Paid Social,183,316.05,2,3,4,9,At Risk
C51779,437,2,1701.33,2023-02-17,Spain,Direct,684,850.665,1,3,5,9,At Risk
C51780,220,1,29.5,2024-05-26,Spain,Organic Search,220,29.5,2,1,1,4,Hibernating
C51781,94,1,65.57,2024-09-29,Spain,Organic Search,94,65.57,3,1,1,5,Needs Attention
C51782,120,1,129.14000000000001,2024-09-03,Germany,Direct,120,129.14000000000001,3,1,2,6,Needs Attention
C51783,449,1,382.73,2023-10-10,Germany,Organic Search,449,382.73,1,1,3,5,Hibernating
C51784,112,2,1479.95,2023-12-14,Italy,Direct,384,739.975,3,3,5,11,Loyal
C51785,33,2,505.22,2024-10-23,Germany,Email,70,252.61,4,3,3,10,Loyal
C51787,36,1,137.38,2024-11-26,France,Referral,36,137.38,4,1,2,7,New / Promising
C51788,417,1,75.06,2023-11-11,Germany,Email,417,75.06,1,1,1,3,Hibernating
C51790,257,3,662.72,2023-06-03,Italy,Direct,578,220.90666666666667,2,4,4,10,At Risk
C51792,32,4,357.52,2024-11-24,Spain,Direct,38,89.38,4,5,3,12,Loyal
C51795,55,4,836.52,2024-07-08,France,Paid Social,177,209.13,3,5,4,12,Loyal
C51796,156,3,745.46,2024-06-26,France,Organic Search,189,248.48666666666668,2,4,4,10,At Risk
C51798,17,2,294.51,2024-12-06,Austria,Email,26,147.255,5,3,3,11,Loyal
C51799,18,3,648.53,2024-11-09,Italy,Email,53,216.17666666666665,5,4,4,13,Champions
C51800,6,1,336.97,2024-12-26,France,Paid Social,6,336.97,5,1,3,9,New / Promising
C51801,657,1,107.35,2023-03-16,Germany,Paid Social,657,107.35,1,1,1,3,Hibernating
C51802,20,3,116.94999999999999,2024-10-31,Germany,Email,62,38.98333333333333,5,4,1,10,New / Promising
C51803,220,2,474.52000000000004,2023-12-18,Germany,Paid Social,380,237.26000000000002,2,3,3,8,At Risk
C51804,372,1,98.13,2023-12-26,Germany,Direct,372,98.13,1,1,1,3,Hibernating
C51806,9,3,649.72,2024-12-20,France,Organic Search,12,216.57333333333335,5,4,4,13,Champions
C51809,19,1,211.11,2024-12-13,Germany,Paid Social,19,211.11,5,1,2,8,New / Promising
C51810,32,4,604.18,2023-08-21,Germany,Referral,499,151.045,4,5,4,13,Champions
C51811,27,2,143.22,2024-07-21,Germany,Organic Search,164,71.61,4,3,2,9,Potential Loyal
C51813,206,3,268.7,2023-11-22,France,Paid Social,406,89.56666666666666,2,4,2,8,At Risk
C51814,19,2,368.04999999999995,2024-09-30,Germany,Referral,93,184.02499999999998,5,3,3,11,Loyal
C51816,46,1,105.35000000000001,2024-11-16,Netherlands,Direct,46,105.35000000000001,4,1,1,6,New / Promising
C51817,48,8,2361.46,2023-07-17,Germany,Paid Social,534,295.1825,4,5,5,14,Champions
C51818,220,1,71.39,2024-05-26,Germany,Referral,220,71.39,2,1,1,4,Hibernating
C51819,100,2,507.36,2024-09-19,Germany,Organic Search,104,253.68,3,3,3,9,Loyal
C51820,63,1,143.28,2024-10-30,Germany,Email,63,143.28,3,1,2,6,Needs Attention
C51821,5,4,236.53,2024-11-20,Spain,Direct,42,59.1325,5,5,2,12,Potential Loyal
C51824,479,1,642.56,2023-09-10,Germany,Organic Search,479,642.56,1,1,4,6,Can't Lose Them
C51825,158,4,935.61,2023-08-02,Germany,Organic Search,518,233.9025,2,5,4,11,At Risk
C51826,35,10,1368.76,2024-08-20,Spain,Paid Social,134,136.876,4,5,5,14,Champions
C51827,536,1,32.89,2023-07-15,Germany,Direct,536,32.89,1,1,1,3,Hibernating
C51828,169,3,463.01,2023-04-24,Germany,Paid Social,618,154.33666666666667,2,4,3,9,At Risk
C51830,105,1,34.94,2024-09-18,Austria,Organic Search,105,34.94,3,1,1,5,Needs Attention
C51831,154,3,556.93,2023-12-01,France,Referral,397,185.64333333333332,2,4,4,10,At Risk
C51832,5,1,680.1699999999998,2024-12-27,Netherlands,Email,5,680.1699999999998,5,1,4,10,New / Promising
C51833,373,4,930.4000000000001,2023-05-06,Germany,Organic Search,606,232.60000000000002,1,5,4,10,At Risk
C51834,209,3,500.07000000000005,2023-06-27,Germany,Email,554,166.69000000000003,2,4,3,9,At Risk
C51835,480,2,676.85,2023-04-26,Spain,Email,616,338.425,1,3,4,8,At Risk
C51836,69,1,1124.31,2024-10-24,Germany,Paid Social,69,1124.31,3,1,5,9,Needs Attention
C51837,488,1,272.21,2023-09-01,Germany,Organic Search,488,272.21,1,1,2,4,Hibernating
C51838,140,3,1511.54,2024-02-25,France,Organic Search,311,503.84666666666664,2,4,5,11,At Risk
C51840,41,1,1241.1999999999998,2024-11-21,Germany,Email,41,1241.1999999999998,4,1,5,10,New / Promising
C51841,534,2,764.54,2023-05-08,Austria,Referral,604,382.27,1,3,4,8,At Risk
C51845,88,1,346.85,2024-10-05,Austria,Paid Social,88,346.85,3,1,3,7,Needs Attention
C51846,85,1,179.6,2024-10-08,Germany,Email,85,179.6,3,1,2,6,Needs Attention
C51848,102,2,1146.4099999999999,2024-01-25,Netherlands,Organic Search,342,573.2049999999999,3,3,5,11,Loyal
C51850,5,5,1223.1299999999999,2024-11-24,Italy,Direct,38,244.62599999999998,5,5,5,15,Champions
C51851,34,5,981.5799999999999,2023-06-23,Germany,Email,558,196.31599999999997,4,5,5,14,Champions
C51852,30,4,507.19,2024-04-14,Germany,Organic Search,262,126.7975,4,5,3,12,Loyal
C51853,74,1,382.78,2024-10-19,France,Direct,74,382.78,3,1,3,7,Needs Attention
C51856,26,5,930.31,2024-04-26,Germany,Direct,250,186.06199999999998,4,5,4,13,Champions
C51858,37,1,297.69,2024-11-25,Spain,Direct,37,297.69,4,1,3,8,New / Promising
C51859,14,2,379.32,2024-12-04,Spain,Referral,28,189.66,5,3,3,11,Loyal
C51860,329,1,57.35,2024-02-07,France,Email,329,57.35,1,1,1,3,Hibernating
C51863,4,2,228.82000000000002,2024-12-25,Germany,Direct,7,114.41000000000001,5,3,2,10,Potential Loyal
C51865,210,1,15.62,2024-06-05,Netherlands,Paid Social,210,15.62,2,1,1,4,Hibernating
C51867,97,2,230.09,2024-07-14,Germany,Organic Search,171,115.045,3,3,2,8,Potential Loyal
C51868,278,1,542.9300000000001,2024-03-29,Germany,Paid Social,278,542.9300000000001,1,1,3,5,Hibernating
C51869,251,1,85.44,2024-04-25,Italy,Direct,251,85.44,2,1,1,4,Hibernating
C51872,222,1,314.78,2024-05-24,Germany,Direct,222,314.78,2,2,3,7,Hibernating
C51873,41,3,145.46,2023-01-22,Germany,Paid Social,710,48.48666666666667,4,4,2,10,Potential Loyal
C51874,161,3,1189.17,2024-02-18,Spain,Paid Social,318,396.39000000000004,2,4,5,11,At Risk
C51875,38,5,1437.84,2023-03-25,Germany,Paid Social,648,287.568,4,5,5,14,Champions
C51876,79,6,1345.32,2023-05-14,Germany,Organic Search,598,224.22,3,5,5,13,Loyal
C51877,503,1,210.98,2023-08-17,Germany,Organic Search,503,210.98,1,2,2,5,Hibernating
C51880,29,1,900.49,2024-12-03,Germany,Organic Search,29,900.49,4,2,4,10,Potential Loyal
C51881,428,1,85.18,2023-10-31,Germany,Organic Search,428,85.18,1,2,1,4,Hibernating
C51882,673,1,59.55,2023-02-28,Germany,Organic Search,673,59.55,1,2,1,4,Hibernating
C51883,552,2,206.09,2023-03-03,Germany,Direct,670,103.045,1,3,2,6,At Risk
C51884,616,1,215.21,2023-04-26,France,Organic Search,616,215.21,1,2,2,5,Hibernating
C51885,248,5,1742.96,2023-03-25,Germany,Paid Social,648,348.592,2,5,5,12,At Risk
C51886,7,6,1423.05,2023-11-22,Germany,Direct,406,237.17499999999998,5,5,5,15,Champions
C51890,46,5,640.55,2023-11-26,Germany,Email,402,128.10999999999999,4,5,4,13,Champions
C51892,179,4,884.6,2024-01-29,Italy,Referral,338,221.15,2,5,4,11,At Risk
C51894,163,1,73.24,2024-07-22,Germany,Paid Social,163,73.24,2,2,1,5,Hibernating
C51895,42,1,61.839999999999996,2024-11-20,France,Organic Search,42,61.839999999999996,4,2,1,7,New / Promising
C51896,86,1,10.34,2024-10-07,Germany,Organic Search,86,10.34,3,2,1,6,Needs Attention
C51899,18,9,2638.87,2024-07-15,Netherlands,Organic Search,170,293.2077777777778,5,5,5,15,Champions
C51900,256,1,262.31,2024-04-20,Netherlands,Paid Social,256,262.31,2,2,2,6,Hibernating
C51901,5,6,865.47,2024-11-20,Netherlands,Direct,42,144.245,5,5,4,14,Champions
C51902,428,1,187.98,2023-10-31,Austria,Organic Search,428,187.98,1,2,2,5,Hibernating
C51903,1,2,489.89,2024-12-27,Germany,Organic Search,5,244.945,5,3,3,11,Loyal
C51905,93,3,287.87,2023-06-01,Austria,Email,580,95.95666666666666,3,4,2,9,Potential Loyal
C51906,225,1,291.19,2024-05-21,Austria,Paid Social,225,291.19,2,2,2,6,Hibernating
C51907,46,4,3034.56,2023-11-06,Austria,Direct,422,758.64,4,5,5,14,Champions
C51908,56,7,1675.26,2024-05-30,Germany,Organic Search,216,239.32285714285715,3,5,5,13,Loyal
C51909,95,3,583.79,2024-08-03,Germany,Paid Social,151,194.59666666666666,3,4,4,11,Loyal
C51910,59,3,1211.01,2023-12-13,France,Paid Social,385,403.67,3,4,5,12,Loyal
C51914,630,1,36.39,2023-04-12,Germany,Paid Social,630,36.39,1,2,1,4,Hibernating
C51915,143,6,1266.53,2023-04-30,Italy,Referral,612,211.08833333333334,2,5,5,12,At Risk
C51916,121,1,452.92,2024-09-02,Netherlands,Organic Search,121,452.92,3,2,3,8,Potential Loyal
C51918,92,2,85.99000000000001,2023-07-10,Germany,Paid Social,541,42.995000000000005,3,3,1,7,Needs Attention
C51919,125,3,1628.73,2023-08-05,France,Paid Social,515,542.91,3,4,5,12,Loyal
C51920,4,2,862.5799999999999,2024-11-29,Spain,Organic Search,33,431.28999999999996,5,3,4,12,Loyal
C51921,178,4,2413.0299999999997,2023-11-29,Netherlands,Direct,399,603.2574999999999,2,5,5,12,At Risk
C51923,137,2,161.6,2024-03-01,France,Referral,306,80.8,2,3,2,7,At Risk
C51924,96,1,501.0,2024-09-27,Germany,Direct,96,501.0,3,2,3,8,Potential Loyal
C51926,425,1,407.31999999999994,2023-11-03,Italy,Paid Social,425,407.31999999999994,1,2,3,6,Hibernating
C51927,21,3,989.61,2023-02-08,France,Paid Social,693,329.87,5,4,5,14,Champions
C51928,29,5,1505.3799999999999,2023-11-25,Germany,Direct,403,301.07599999999996,4,5,5,14,Champions
C51930,513,2,213.26999999999998,2023-07-27,France,Organic Search,524,106.63499999999999,1,3,2,6,At Risk
C51932,336,2,840.25,2023-06-24,Netherlands,Organic Search,557,420.125,1,3,4,8,At Risk
C51933,70,5,1340.9099999999999,2024-08-04,Germany,Referral,150,268.18199999999996,3,5,5,13,Loyal
C51934,264,1,146.56,2024-04-12,Germany,Organic Search,264,146.56,1,2,2,5,Hibernating
C51936,91,1,68.06,2024-10-02,Germany,Direct,91,68.06,3,2,1,6,Needs Attention
C51937,27,2,226.12,2024-12-01,France,Email,31,113.06,4,3,2,9,Potential Loyal
C51938,39,1,224.03,2024-11-23,Austria,Organic Search,39,224.03,4,2,2,8,Potential Loyal
C51939,135,1,788.11,2024-08-19,Netherlands,Organic Search,135,788.11,3,2,4,9,Potential Loyal
C51942,10,4,607.99,2024-10-14,Austria,Email,79,151.9975,5,5,4,14,Champions
C51943,36,7,1451.37,2024-03-30,Germany,Paid Social,277,207.3385714285714,4,5,5,14,Champions
C51944,577,1,168.96,2023-06-04,Netherlands,Organic Search,577,168.96,1,2,2,5,Hibernating
C51945,35,2,299.67,2024-11-01,Netherlands,Organic Search,61,149.835,4,3,3,10,Loyal
C51947,118,1,294.03,2024-09-05,Germany,Organic Search,118,294.03,3,2,2,7,Potential Loyal
C51948,202,1,882.04,2024-06-13,Germany,Organic Search,202,882.04,2,2,4,8,Can't Lose Them
C51949,382,1,358.79,2023-12-16,France,Paid Social,382,358.79,1,2,3,6,Hibernating
C51950,34,4,2058.3,2023-11-10,Germany,Organic Search,418,514.575,4,5,5,14,Champions
C51951,90,2,667.95,2024-07-15,Germany,Direct,170,333.975,3,3,4,10,Loyal
C51953,356,2,447.18,2023-12-12,Germany,Email,386,223.59,1,3,3,7,At Risk
C51954,26,7,2504.74,2023-08-20,France,Email,500,357.82,4,5,5,14,Champions
C51956,167,5,1619.28,2023-03-26,France,Email,647,323.856,2,5,5,12,At Risk
C51959,45,5,2040.95,2023-11-07,Germany,Paid Social,421,408.19,4,5,5,14,Champions
C51961,33,2,280.89,2024-07-12,Netherlands,Email,173,140.445,4,3,2,9,Potential Loyal
C51962,93,3,1570.03,2024-07-09,Germany,Paid Social,176,523.3433333333334,3,4,5,12,Loyal
C51964,160,1,60.73,2024-07-25,Germany,Organic Search,160,60.73,2,2,1,5,Hibernating
C51965,46,5,1752.87,2023-04-21,Spain,Paid Social,621,350.57399999999996,4,5,5,14,Champions
C51966,1,2,338.8,2024-12-31,Germany,Organic Search,1,169.4,5,3,3,11,Loyal
C51967,2,6,1322.66,2023-12-07,Austria,Paid Social,391,220.44333333333336,5,5,5,15,Champions
C51970,39,1,202.18,2024-11-23,Germany,Email,39,202.18,4,2,2,8,Potential Loyal
C51974,14,3,610.72,2024-11-24,Germany,Organic Search,38,203.57333333333335,5,4,4,13,Champions
C51975,22,2,107.48,2023-07-07,France,Email,544,53.74,5,3,1,9,New / Promising
C51978,101,2,874.49,2023-04-03,France,Email,639,437.245,3,3,4,10,Loyal
C51980,28,1,222.44,2024-12-04,France,Referral,28,222.44,4,2,2,8,Potential Loyal
C51981,39,2,663.45,2024-03-04,Germany,Email,303,331.725,4,3,4,11,Loyal
C51983,197,2,328.82,2023-02-21,Germany,Organic Search,680,164.41,2,3,3,8,At Risk
C51985,60,2,223.21999999999997,2024-06-14,France,Paid Social,201,111.60999999999999,3,3,2,8,Potential Loyal
C51986,623,1,51.2,2023-04-19,Spain,Paid Social,623,51.2,1,2,1,4,Hibernating
C51987,54,2,400.36,2024-05-18,France,Referral,228,200.18,3,3,3,9,Loyal
C51988,217,1,132.76999999999998,2024-05-29,Austria,Paid Social,217,132.76999999999998,2,2,2,6,Hibernating
C51989,41,1,143.03,2024-11-21,Germany,Organic Search,41,143.03,4,2,2,8,Potential Loyal
C51990,20,4,1110.77,2024-05-19,Germany,Referral,227,277.6925,5,5,5,15,Champions
C51991,12,4,1006.61,2024-09-05,Germany,Organic Search,118,251.6525,5,5,5,15,Champions
C51992,405,1,12.7,2023-11-23,France,Referral,405,12.7,1,2,1,4,Hibernating
C51993,591,1,286.31,2023-05-21,Netherlands,Organic Search,591,286.31,1,2,2,5,Hibernating
C51995,474,1,103.3,2023-09-15,France,Paid Social,474,103.3,1,2,1,4,Hibernating
C51996,40,5,755.06,2023-07-12,Netherlands,Organic Search,539,151.012,4,5,4,13,Champions
C51997,67,3,672.78,2024-01-28,Germany,Organic Search,339,224.26,3,4,4,11,Loyal
C51998,73,1,59.31,2024-10-20,Germany,Organic Search,73,59.31,3,2,1,6,Needs Attention
C51999,394,2,86.12,2023-11-04,Austria,Paid Social,424,43.06,1,3,1,5,At Risk
C52001,547,1,11.91,2023-07-04,Germany,Referral,547,11.91,1,2,1,4,Hibernating
C52002,529,1,43.11,2023-07-22,Italy,Organic Search,529,43.11,1,2,1,4,Hibernating
C52004,227,1,136.56,2024-05-19,Netherlands,Organic Search,227,136.56,2,2,2,6,Hibernating
C52005,22,1,25.0,2024-12-10,Germany,Direct,22,25.0,5,2,1,8,New / Promising
C52006,179,1,55.11,2024-07-06,Spain,Referral,179,55.11,2,2,1,5,Hibernating
C52007,63,3,909.7,2024-07-14,Germany,Direct,171,303.23333333333335,3,4,4,11,Loyal
C52008,524,2,2027.8099999999997,2023-04-28,France,Direct,614,1013.9049999999999,1,3,5,9,At Risk
C52009,22,4,469.21000000000004,2023-12-03,Germany,Paid Social,395,117.30250000000001,5,5,3,13,Loyal
C52011,39,7,1219.63,2023-11-18,Spain,Organic Search,410,174.23285714285717,4,5,5,14,Champions
C52013,53,3,228.71,2024-07-14,Germany,Paid Social,171,76.23666666666666,3,4,2,9,Potential Loyal
C52014,21,3,431.04,2023-11-20,France,Paid Social,408,143.68,5,4,3,12,Loyal
C52016,67,1,65.78,2024-10-26,Spain,Referral,67,65.78,3,2,1,6,Needs Attention
C52017,5,1,58.81,2024-12-27,Germany,Direct,5,58.81,5,2,1,8,New / Promising
C52018,568,1,613.58,2023-06-13,Germany,Organic Search,568,613.58,1,2,4,7,Can't Lose Them
C52019,645,1,92.27000000000001,2023-03-28,Netherlands,Organic Search,645,92.27000000000001,1,2,1,4,Hibernating
C52020,30,2,679.87,2024-05-02,France,Organic Search,244,339.935,4,3,4,11,Loyal
C52022,36,3,487.09,2024-05-22,Germany,Paid Social,224,162.36333333333332,4,4,3,11,Loyal
C52023,346,1,317.09000000000003,2024-01-21,Austria,Organic Search,346,317.09000000000003,1,2,3,6,Hibernating
C52025,12,2,170.23,2024-12-20,Germany,Organic Search,12,85.115,5,3,2,10,Potential Loyal
C52026,360,1,31.93,2024-01-07,France,Email,360,31.93,1,2,1,4,Hibernating
C52027,143,3,474.45,2024-01-15,Germany,Direct,352,158.15,2,4,3,9,At Risk
C52028,23,2,456.75,2024-05-20,Netherlands,Email,226,228.375,5,3,3,11,Loyal
C52030,12,1,711.5899999999999,2024-12-20,Germany,Organic Search,12,711.5899999999999,5,2,4,11,Potential Loyal
C52031,5,2,443.87999999999994,2024-06-11,Austria,Organic Search,204,221.93999999999997,5,3,3,11,Loyal
C52033,414,1,239.55,2023-11-14,Netherlands,Paid Social,414,239.55,1,2,2,5,Hibernating
C52036,340,2,933.0999999999999,2023-10-05,Austria,Email,454,466.54999999999995,1,3,4,8,At Risk
C52038,568,1,249.33999999999997,2023-06-13,Germany,Paid Social,568,249.33999999999997,1,2,2,5,Hibernating
C52040,714,1,65.78,2023-01-18,Spain,Organic Search,714,65.78,1,2,1,4,Hibernating
C52041,207,3,528.95,2023-01-19,France,Organic Search,713,176.3166666666667,2,4,3,9,At Risk
C52043,59,3,628.12,2024-06-21,Italy,Direct,194,209.37333333333333,3,4,4,11,Loyal
C52044,437,4,609.74,2023-02-01,Germany,Paid Social,700,152.435,1,5,4,10,At Risk
C52046,25,1,152.53,2024-12-07,Austria,Organic Search,25,152.53,4,2,2,8,Potential Loyal
C52048,97,4,2368.1299999999997,2024-01-04,Spain,Referral,363,592.0324999999999,3,5,5,13,Loyal
C52049,213,1,29.6,2024-06-02,Italy,Paid Social,213,29.6,2,2,1,5,Hibernating
C52050,401,1,744.22,2023-11-27,Germany,Organic Search,401,744.22,1,2,4,7,Can't Lose Them
C52051,33,4,1995.96,2023-12-23,Austria,Email,375,498.99,4,5,5,14,Champions
C52052,255,1,1071.8,2024-04-21,Austria,Referral,255,1071.8,2,2,5,9,Can't Lose Them
C52053,388,1,189.54000000000002,2023-12-10,Netherlands,Paid Social,388,189.54000000000002,1,2,2,5,Hibernating
C52055,4,2,82.16,2024-09-09,Italy,Direct,114,41.08,5,3,1,9,New / Promising
C52056,5,1,77.57,2024-12-27,Germany,Organic Search,5,77.57,5,2,1,8,New / Promising
C52057,215,1,49.86,2024-05-31,France,Email,215,49.86,2,2,1,5,Hibernating
C52058,13,2,612.81,2024-09-05,France,Email,118,306.405,5,3,4,12,Loyal
C52059,156,1,561.9,2024-07-29,Germany,Paid Social,156,561.9,2,2,4,8,Can't Lose Them
C52060,37,1,213.07999999999998,2024-11-25,Austria,Direct,37,213.07999999999998,4,2,2,8,Potential Loyal
C52061,64,4,757.9000000000001,2023-04-15,Germany,Email,627,189.47500000000002,3,5,4,12,Loyal
C52062,75,2,2501.74,2024-08-26,Netherlands,Paid Social,128,1250.87,3,3,5,11,Loyal
C52063,43,5,1493.74,2023-06-12,Spain,Organic Search,569,298.748,4,5,5,14,Champions
C52065,17,3,128.9,2024-11-24,Netherlands,Organic Search,38,42.96666666666667,5,4,2,11,Potential Loyal
C52066,3,1,19.2,2024-12-29,Germany,Organic Search,3,19.2,5,2,1,8,New / Promising
C52068,299,1,11.81,2024-03-08,Italy,Email,299,11.81,1,2,1,4,Hibernating
C52070,174,3,677.14,2024-01-13,Netherlands,Email,354,225.71333333333334,2,4,4,10,At Risk
C52071,112,2,499.86,2023-01-30,France,Referral,702,249.93,3,3,3,9,Loyal
C52072,379,2,703.8199999999999,2023-11-05,France,Paid Social,423,351.90999999999997,1,3,4,8,At Risk
C52073,212,1,175.09,2024-06-03,Netherlands,Paid Social,212,175.09,2,2,2,6,Hibernating
C52074,113,2,219.38,2024-05-14,France,Direct,232,109.69,3,3,2,8,Potential Loyal
C52076,168,5,1181.3799999999999,2023-01-02,Germany,Referral,730,236.27599999999998,2,5,5,12,At Risk
C52078,142,4,2744.16,2023-03-07,Spain,Organic Search,666,686.04,2,5,5,12,At Risk
C52082,244,2,442.19000000000005,2023-01-13,Spain,Organic Search,719,221.09500000000003,2,3,3,8,At Risk
C52083,252,1,78.85,2024-04-24,France,Organic Search,252,78.85,2,2,1,5,Hibernating
C52084,71,2,429.52,2024-05-29,Germany,Paid Social,217,214.76,3,3,3,9,Loyal
C52086,321,1,27.56,2024-02-15,France,Paid Social,321,27.56,1,2,1,4,Hibernating
C52087,168,1,305.83,2024-07-17,Italy,Referral,168,305.83,2,2,3,7,Hibernating
C52089,84,6,1518.1100000000001,2023-01-11,France,Organic Search,721,253.01833333333335,3,5,5,13,Loyal
C52093,232,2,1847.9699999999998,2024-04-20,Germany,Direct,256,923.9849999999999,2,3,5,10,At Risk
C52094,201,1,317.28,2024-06-14,Germany,Paid Social,201,317.28,2,2,3,7,Hibernating
C52095,423,2,326.64,2023-03-21,Austria,Email,652,163.32,1,3,3,7,At Risk
C52096,235,1,218.87,2024-05-11,Spain,Referral,235,218.87,2,2,2,6,Hibernating
C52097,609,1,758.14,2023-05-03,Spain,Direct,609,758.14,1,2,4,7,Can't Lose Them
C52098,20,2,502.83,2024-04-24,Spain,Organic Search,252,251.415,5,3,3,11,Loyal
C52099,70,4,1379.49,2023-09-24,France,Direct,465,344.8725,3,5,5,13,Loyal
C52101,23,4,948.29,2023-10-22,Netherlands,Referral,437,237.0725,5,5,4,14,Champions
C52102,132,1,567.02,2024-08-22,Italy,Paid Social,132,567.02,3,2,4,9,Potential Loyal
C52104,131,1,31.24,2024-08-23,France,Paid Social,131,31.24,3,2,1,6,Needs Attention
C52105,93,3,533.65,2023-09-03,Netherlands,Referral,486,177.88333333333333,3,4,3,10,Loyal
C52107,7,1,592.74,2024-12-25,Spain,Paid Social,7,592.74,5,2,4,11,Potential Loyal
C52108,399,3,916.83,2023-03-07,Austria,Email,666,305.61,1,4,4,9,At Risk
C52110,39,1,52.66,2024-11-23,Germany,Paid Social,39,52.66,4,2,1,7,New / Promising
C52112,36,5,1250.46,2023-07-27,Germany,Paid Social,524,250.092,4,5,5,14,Champions
C52113,462,1,185.97,2023-09-27,Italy,Email,462,185.97,1,2,2,5,Hibernating
C52114,9,1,222.56,2024-12-23,France,Email,9,222.56,5,2,2,9,Potential Loyal
C52116,35,2,184.25,2024-11-24,Germany,Referral,38,92.125,4,3,2,9,Potential Loyal
C52117,125,1,241.42000000000002,2024-08-29,Netherlands,Paid Social,125,241.42000000000002,3,2,2,7,Potential Loyal
C52119,24,2,712.5,2024-09-21,Germany,Email,102,356.25,4,3,4,11,Loyal
C52120,163,1,887.47,2024-07-22,Spain,Organic Search,163,887.47,2,2,4,8,Can't Lose Them
C52122,240,2,157.86,2023-10-04,France,Referral,455,78.93,2,3,2,7,At Risk
C52125,81,1,65.78,2024-10-12,Netherlands,Direct,81,65.78,3,2,1,6,Needs Attention
C52126,90,2,353.88,2023-08-02,Germany,Organic Search,518,176.94,3,3,3,9,Loyal
C52127,58,6,1330.65,2023-10-25,Germany,Organic Search,434,221.775,3,5,5,13,Loyal
C52129,4,5,1109.53,2024-02-23,Netherlands,Organic Search,313,221.906,5,5,5,15,Champions
C52130,185,1,176.61,2024-06-30,Germany,Email,185,176.61,2,2,2,6,Hibernating
C52131,139,1,217.94,2024-08-15,Germany,Referral,139,217.94,2,2,2,6,Hibernating
C52136,74,2,773.19,2024-09-17,Netherlands,Email,106,386.595,3,3,4,10,Loyal
C52138,277,1,343.49,2024-03-30,Netherlands,Organic Search,277,343.49,1,2,3,6,Hibernating
C52139,282,1,565.4,2024-03-25,Austria,Referral,282,565.4,1,2,4,7,Can't Lose Them
C52142,6,1,408.34,2024-12-26,Germany,Email,6,408.34,5,2,3,10,Potential Loyal
C52143,17,1,24.87,2024-12-15,Germany,Email,17,24.87,5,2,1,8,New / Promising
C52145,76,1,33.48,2024-10-17,Germany,Organic Search,76,33.48,3,2,1,6,Needs Attention
C52146,50,2,500.32,2024-11-11,Germany,Email,51,250.16,4,3,3,10,Loyal
C52148,119,2,868.65,2024-06-17,Germany,Email,198,434.325,3,3,4,10,Loyal
C52149,76,2,115.91,2023-08-16,Germany,Email,504,57.955,3,3,1,7,Needs Attention
C52150,297,1,407.96999999999997,2024-03-10,Netherlands,Email,297,407.96999999999997,1,2,3,6,Hibernating
C52151,3,4,1375.94,2024-12-24,Austria,Paid Social,8,343.985,5,5,5,15,Champions
C52152,183,1,60.96,2024-07-02,Austria,Organic Search,183,60.96,2,2,1,5,Hibernating
C52154,76,3,371.6,2023-01-14,France,Direct,718,123.86666666666667,3,4,3,10,Loyal
C52155,27,4,702.83,2024-01-13,Austria,Referral,354,175.7075,4,5,4,13,Champions
C52156,94,1,301.2,2024-09-29,Germany,Direct,94,301.2,3,2,3,8,Potential Loyal
C52157,38,2,261.72999999999996,2024-06-16,Germany,Organic Search,199,130.86499999999998,4,3,2,9,Potential Loyal
C52158,12,1,62.06,2024-12-20,Germany,Paid Social,12,62.06,5,2,1,8,New / Promising
C52159,28,1,273.68,2024-12-04,Germany,Email,28,273.68,4,2,2,8,Potential Loyal
C52162,2,2,671.73,2024-02-06,Italy,Referral,330,335.865,5,3,4,12,Loyal
C52163,546,1,501.36,2023-07-05,Germany,Email,546,501.36,1,2,3,6,Hibernating
C52167,19,2,280.58000000000004,2024-12-11,Austria,Organic Search,21,140.29000000000002,5,3,2,10,Potential Loyal
C52168,23,2,1501.81,2024-05-03,France,Organic Search,243,750.905,5,3,5,13,Loyal
C52169,364,1,25.47,2024-01-03,Italy,Paid Social,364,25.47,1,2,1,4,Hibernating
C52170,41,3,2511.9300000000003,2023-08-07,France,Organic Search,513,837.3100000000001,4,4,5,13,Champions
C52171,220,2,716.6,2024-05-05,Germany,Direct,241,358.3,2,3,4,9,At Risk
C52172,136,1,114.66,2024-08-18,France,Paid Social,136,114.66,2,2,1,5,Hibernating
C52175,15,5,1126.77,2024-10-30,Netherlands,Email,63,225.35399999999998,5,5,5,15,Champions
C52176,251,3,179.56,2023-12-06,Germany,Organic Search,392,59.85333333333333,2,4,2,8,At Risk
C52177,35,3,518.14,2023-10-01,France,Organic Search,458,172.71333333333334,4,4,3,11,Loyal
C52178,13,5,1185.99,2024-06-01,Netherlands,Paid Social,214,237.198,5,5,5,15,Champions
C52179,391,2,1374.99,2023-11-05,Austria,Organic Search,423,687.495,1,3,5,9,At Risk
C52180,32,1,35.89,2024-11-30,Germany,Email,32,35.89,4,2,1,7,New / Promising
C52182,131,6,1274.1599999999999,2023-02-06,Germany,Organic Search,695,212.35999999999999,3,5,5,13,Loyal
C52183,3,6,2104.66,2024-04-14,Germany,Referral,262,350.77666666666664,5,5,5,15,Champions
C52184,26,4,970.94,2024-05-29,France,Paid Social,217,242.735,4,5,5,14,Champions
C52185,28,9,2467.72,2024-06-02,Germany,Email,213,274.19111111111107,4,5,5,14,Champions
C52187,32,1,164.09,2024-11-30,France,Email,32,164.09,4,2,2,8,Potential Loyal
C52190,140,1,12.65,2024-08-14,Netherlands,Organic Search,140,12.65,2,2,1,5,Hibernating
C52194,574,2,955.33,2023-05-13,Spain,Direct,599,477.665,1,3,4,8,At Risk
C52195,28,1,18.83,2024-12-04,France,Paid Social,28,18.83,4,2,1,7,New / Promising
C52196,3,1,196.39,2024-12-29,France,Organic Search,3,196.39,5,2,2,9,Potential Loyal
C52200,103,2,337.09000000000003,2024-05-08,Germany,Paid Social,238,168.54500000000002,3,3,3,9,Loyal
C52201,330,1,199.87,2024-02-06,Germany,Organic Search,330,199.87,1,2,2,5,Hibernating
C52202,160,2,482.31,2023-03-20,Netherlands,Referral,653,241.155,2,3,3,8,At Risk
C52203,141,2,204.6,2023-04-30,France,Organic Search,612,102.3,2,3,2,7,At Risk
C52206,30,5,941.99,2024-05-02,Germany,Paid Social,244,188.398,4,5,4,13,Champions
C52207,107,1,157.79000000000002,2024-09-16,Germany,Direct,107,157.79000000000002,3,2,2,7,Potential Loyal
C52208,47,5,2176.85,2024-05-01,France,Referral,245,435.37,4,5,5,14,Champions
C52209,17,3,311.93,2024-06-22,Germany,Organic Search,193,103.97666666666667,5,4,3,12,Loyal
C52210,26,2,370.65,2024-03-02,Netherlands,Paid Social,305,185.325,4,3,3,10,Loyal
C52211,139,1,321.01,2024-08-15,Austria,Referral,139,321.01,2,2,3,7,Hibernating
C52212,51,3,562.86,2023-12-20,France,Paid Social,378,187.62,4,4,4,12,Champions
C52213,147,2,740.84,2023-12-28,Austria,Organic Search,370,370.42,2,3,4,9,At Risk
C52215,100,3,906.71,2023-12-30,Austria,Email,368,302.2366666666667,3,4,4,11,Loyal
C52216,110,1,796.6100000000001,2024-09-13,Germany,Direct,110,796.6100000000001,3,2,4,9,Potential Loyal
C52220,4,6,962.3199999999999,2023-07-17,France,Organic Search,534,160.38666666666666,5,5,5,15,Champions
C52222,134,1,128.94,2024-08-20,Germany,Paid Social,134,128.94,3,2,2,7,Potential Loyal
C52223,278,1,11.91,2024-03-29,Austria,Organic Search,278,11.91,1,2,1,4,Hibernating
C52224,96,2,1076.59,2024-02-13,Italy,Paid Social,323,538.295,3,3,5,11,Loyal
C52225,216,4,549.72,2023-05-21,Spain,Organic Search,591,137.43,2,5,4,11,At Risk
C52226,187,1,105.23,2024-06-28,Germany,Organic Search,187,105.23,2,2,1,5,Hibernating
C52227,72,2,945.21,2024-10-15,Netherlands,Email,78,472.605,3,3,4,10,Loyal
C52229,463,1,36.879999999999995,2023-09-26,France,Referral,463,36.879999999999995,1,2,1,4,Hibernating
C52230,17,3,587.27,2023-04-24,Germany,Paid Social,618,195.75666666666666,5,4,4,13,Champions
C52231,406,1,79.37,2023-11-22,Germany,Organic Search,406,79.37,1,2,1,4,Hibernating
C52232,186,3,1143.1399999999999,2023-03-24,Austria,Paid Social,649,381.0466666666666,2,4,5,11,At Risk
C52233,35,2,1484.5900000000001,2023-03-01,France,Paid Social,672,742.2950000000001,4,3,5,12,Loyal
C52234,399,1,202.04,2023-11-29,Germany,Organic Search,399,202.04,1,2,2,5,Hibernating
C52235,38,1,1007.99,2024-11-24,Germany,Direct,38,1007.99,4,2,5,11,Potential Loyal
C52236,444,1,178.33,2023-10-15,Austria,Direct,444,178.33,1,2,2,5,Hibernating
C52237,80,2,602.72,2023-05-19,France,Organic Search,593,301.36,3,3,4,10,Loyal
C52238,116,4,1747.04,2023-07-21,Spain,Referral,530,436.76,3,5,5,13,Loyal
C52239,388,1,49.7,2023-12-10,Austria,Email,388,49.7,1,2,1,4,Hibernating
C52240,87,3,515.93,2024-07-14,Italy,Organic Search,171,171.97666666666666,3,4,3,10,Loyal
C52241,4,1,45.03,2024-12-28,Spain,Email,4,45.03,5,2,1,8,New / Promising
C52245,123,1,74.77,2024-08-31,Italy,Email,123,74.77,3,2,1,6,Needs Attention
C52248,135,2,351.56,2023-02-27,Spain,Direct,674,175.78,2,3,3,8,At Risk
C52249,38,1,339.20000000000005,2024-11-24,Germany,Paid Social,38,339.20000000000005,4,2,3,9,Potential Loyal
C52252,76,1,329.96999999999997,2024-10-17,France,Paid Social,76,329.96999999999997,3,2,3,8,Potential Loyal
C52253,26,1,393.0,2024-12-06,France,Email,26,393.0,4,2,3,9,Potential Loyal
C52254,9,2,338.08,2024-07-13,Germany,Email,172,169.04,5,3,3,11,Loyal
C52256,469,2,140.37,2023-06-03,Spain,Paid Social,578,70.185,1,3,2,6,At Risk
C52259,35,2,591.89,2024-11-20,Spain,Email,42,295.945,4,3,4,11,Loyal
C52261,575,1,222.7,2023-06-06,Germany,Referral,575,222.7,1,2,2,5,Hibernating
C52263,37,5,694.64,2024-11-15,Germany,Organic Search,47,138.928,4,5,4,13,Champions
C52266,13,5,730.44,2023-07-13,Austria,Paid Social,538,146.08800000000002,5,5,4,14,Champions
C52268,238,2,675.2099999999999,2024-03-15,Germany,Organic Search,292,337.60499999999996,2,3,4,9,At Risk
C52269,85,5,705.48,2023-04-05,Austria,Paid Social,637,141.096,3,5,4,12,Loyal
C52270,318,1,101.8,2024-02-18,Germany,Direct,318,101.8,1,2,1,4,Hibernating
C52274,373,2,449.84,2023-10-05,Germany,Email,454,224.92,1,3,3,7,At Risk
C52277,1,1,296.35,2024-12-31,France,Referral,1,296.35,5,2,3,10,Potential Loyal
C52278,274,1,51.2,2024-04-02,Germany,Organic Search,274,51.2,1,2,1,4,Hibernating
C52279,355,1,72.89,2024-01-12,Germany,Paid Social,355,72.89,1,2,1,4,Hibernating
C52281,472,1,34.94,2023-09-17,Italy,Paid Social,472,34.94,1,2,1,4,Hibernating
C52284,15,2,361.49,2024-08-23,France,Organic Search,131,180.745,5,3,3,11,Loyal
C52285,49,1,1172.1,2024-11-13,Germany,Paid Social,49,1172.1,4,2,5,11,Potential Loyal
C52286,18,3,408.29999999999995,2024-05-15,Germany,Email,231,136.1,5,4,3,12,Loyal
C52287,35,2,145.58,2024-06-30,Italy,Organic Search,185,72.79,4,3,2,9,Potential Loyal
C52289,40,2,205.61,2024-10-12,Germany,Email,81,102.805,4,3,2,9,Potential Loyal
C52290,28,1,1020.7199999999999,2024-12-04,Germany,Organic Search,28,1020.7199999999999,4,2,5,11,Potential Loyal
C52291,31,8,1870.47,2023-11-30,Germany,Paid Social,398,233.80875,4,5,5,14,Champions
C52292,216,1,28.48,2024-05-30,Germany,Email,216,28.48,2,2,1,5,Hibernating
C52294,599,1,83.56,2023-05-13,France,Paid Social,599,83.56,1,2,1,4,Hibernating
C52296,525,1,58.04,2023-07-26,Spain,Direct,525,58.04,1,2,1,4,Hibernating
C52298,12,1,10.01,2024-12-20,Italy,Organic Search,12,10.01,5,2,1,8,New / Promising
C52299,389,4,1099.2,2023-04-27,France,Referral,615,274.8,1,5,5,11,At Risk
C52301,16,3,43.480000000000004,2023-11-24,Spain,Referral,404,14.493333333333334,5,4,1,10,New / Promising
C52302,21,1,280.57,2024-12-11,Germany,Email,21,280.57,5,2,2,9,Potential Loyal
C52304,307,2,513.5,2023-04-26,Austria,Email,616,256.75,1,3,3,7,At Risk
C52306,113,4,801.9200000000001,2023-11-25,Spain,Direct,403,200.48000000000002,3,5,4,12,Loyal
C52310,259,1,251.45,2024-04-17,Germany,Referral,259,251.45,2,2,2,6,Hibernating
C52311,43,3,692.0,2024-08-06,Germany,Direct,148,230.66666666666666,4,4,4,12,Champions
C52313,87,1,136.56,2024-10-06,Germany,Organic Search,87,136.56,3,2,2,7,Potential Loyal
C52314,33,6,1408.83,2024-01-21,Spain,Referral,346,234.80499999999998,4,5,5,14,Champions
C52316,6,3,865.41,2024-07-23,France,Paid Social,162,288.46999999999997,5,4,4,13,Champions
C52320,6,2,661.83,2024-05-22,France,Email,224,330.915,5,3,4,12,Loyal
C52321,542,1,66.52,2023-07-09,Netherlands,Paid Social,542,66.52,1,2,1,4,Hibernating
C52322,23,2,1015.4899999999999,2024-04-22,France,Organic Search,254,507.74499999999995,5,3,5,13,Loyal
C52324,102,2,585.23,2024-08-19,Netherlands,Paid Social,135,292.615,3,3,4,10,Loyal
C52327,11,2,492.69,2023-10-19,France,Paid Social,440,246.345,5,3,3,11,Loyal
C52328,142,1,45.81,2024-08-12,Netherlands,Paid Social,142,45.81,2,2,1,5,Hibernating
C52330,38,5,578.64,2023-12-04,France,Referral,394,115.728,4,5,4,13,Champions
C52332,22,2,155.22,2024-05-25,France,Referral,221,77.61,5,3,2,10,Potential Loyal
C52335,31,1,19.48,2024-12-01,Italy,Organic Search,31,19.48,4,2,1,7,New / Promising
C52337,38,1,72.78,2024-11-24,Netherlands,Paid Social,38,72.78,4,2,1,7,New / Promising
C52338,175,5,835.89,2023-01-03,Austria,Paid Social,729,167.178,2,5,4,11,At Risk
C52339,581,1,492.7,2023-05-31,Germany,Paid Social,581,492.7,1,2,3,6,Hibernating
C52342,72,1,79.09,2024-10-21,Germany,Email,72,79.09,3,2,1,6,Needs Attention
C52343,232,1,15.53,2024-05-14,Italy,Direct,232,15.53,2,2,1,5,Hibernating
C52344,39,1,19.06,2024-11-23,Spain,Organic Search,39,19.06,4,2,1,7,New / Promising
C52347,3,9,3058.28,2024-10-20,Netherlands,Referral,73,339.80888888888893,5,5,5,15,Champions
C52348,32,2,854.04,2024-11-10,France,Email,52,427.02,4,3,4,11,Loyal
C52349,718,1,108.14,2023-01-14,Austria,Paid Social,718,108.14,1,2,1,4,Hibernating
C52350,620,1,108.37,2023-04-22,Italy,Referral,620,108.37,1,2,1,4,Hibernating
C52352,8,3,390.13,2023-06-12,Germany,Organic Search,569,130.04333333333332,5,4,3,12,Loyal
C52353,279,3,729.47,2023-06-04,Germany,Paid Social,577,243.15666666666667,1,4,4,9,At Risk
C52354,42,1,210.32000000000002,2024-11-20,Germany,Organic Search,42,210.32000000000002,4,2,2,8,Potential Loyal
C52356,242,1,37.34,2024-05-04,Germany,Referral,242,37.34,2,2,1,5,Hibernating
C52357,12,3,571.98,2024-06-15,Germany,Referral,200,190.66,5,4,4,13,Champions
C52358,88,1,18.65,2024-10-05,Germany,Direct,88,18.65,3,2,1,6,Needs Attention
C52359,58,4,417.2,2024-06-08,Germany,Referral,207,104.3,3,5,3,11,Loyal
C52360,74,5,1710.03,2023-06-06,Austria,Paid Social,575,342.006,3,5,5,13,Loyal
C52363,74,2,50.739999999999995,2024-06-15,Germany,Direct,200,25.369999999999997,3,3,1,7,Needs Attention
C52364,19,11,2816.09,2024-04-01,Germany,Direct,275,256.0081818181818,5,5,5,15,Champions
C52366,19,3,601.0699999999999,2024-10-21,Austria,Organic Search,72,200.35666666666665,5,4,4,13,Champions
C52369,105,1,237.96,2024-09-18,Germany,Organic Search,105,237.96,3,2,2,7,Potential Loyal
C52370,78,3,1084.4299999999998,2023-09-24,Italy,Email,465,361.47666666666663,3,4,5,12,Loyal
C52371,242,1,90.93,2024-05-04,Germany,Paid Social,242,90.93,2,2,1,5,Hibernating
C52372,174,3,676.0799999999999,2023-09-10,Germany,Organic Search,479,225.35999999999999,2,4,4,10,At Risk
C52373,11,1,517.12,2024-12-21,Spain,Email,11,517.12,5,2,3,10,Potential Loyal
C52374,34,1,143.54,2024-11-28,Germany,Direct,34,143.54,4,2,2,8,Potential Loyal
C52375,86,1,749.87,2024-10-07,Germany,Referral,86,749.87,3,2,4,9,Potential Loyal
C52376,50,2,201.73,2024-11-02,Austria,Paid Social,60,100.865,4,3,2,9,Potential Loyal
C52377,1,2,731.55,2024-11-28,Germany,Paid Social,34,365.775,5,3,4,12,Loyal
C52378,454,2,1037.05,2023-05-11,Germany,Direct,601,518.525,1,3,5,9,At Risk
C52382,155,4,1339.5500000000002,2023-12-01,Netherlands,Organic Search,397,334.88750000000005,2,5,5,12,At Risk
C52383,390,1,10.12,2023-12-08,Netherlands,Organic Search,390,10.12,1,2,1,4,Hibernating
C52384,281,1,229.77999999999997,2024-03-26,Germany,Direct,281,229.77999999999997,1,2,2,5,Hibernating
C52387,21,3,982.29,2023-09-22,Germany,Organic Search,467,327.43,5,4,5,14,Champions
C52389,28,8,2763.34,2024-03-01,France,Email,306,345.4175,4,5,5,14,Champions
C52390,485,1,24.84,2023-09-04,Austria,Email,485,24.84,1,2,1,4,Hibernating
C52392,37,2,378.05,2024-11-24,Germany,Direct,38,189.025,4,3,3,10,Loyal
C52393,149,2,294.85,2023-12-12,Netherlands,Direct,386,147.425,2,3,3,8,At Risk
C52394,24,2,283.13,2024-09-01,Austria,Paid Social,122,141.565,4,3,2,9,Potential Loyal
C52395,160,2,491.09999999999997,2024-06-02,Germany,Organic Search,213,245.54999999999998,2,3,3,8,At Risk
C52396,16,1,446.25,2024-12-16,Germany,Email,16,446.25,5,2,3,10,Potential Loyal
C52397,11,3,563.54,2024-05-26,Austria,Referral,220,187.84666666666666,5,4,4,13,Champions
C52398,28,1,1424.02,2024-12-04,Germany,Referral,28,1424.02,4,2,5,11,Potential Loyal
C52399,47,1,24.16,2024-11-15,Germany,Direct,47,24.16,4,2,1,7,New / Promising
C52400,599,1,149.86,2023-05-13,Netherlands,Email,599,149.86,1,2,2,5,Hibernating
C52401,28,2,437.26,2024-12-01,Germany,Paid Social,31,218.63,4,3,3,10,Loyal
C52404,33,3,1082.7,2024-03-26,Spain,Organic Search,281,360.90000000000003,4,4,5,13,Champions
C52407,17,6,1247.71,2023-07-05,Italy,Paid Social,546,207.95166666666668,5,5,5,15,Champions
C52408,28,3,486.47999999999996,2024-07-04,Netherlands,Referral,181,162.16,4,4,3,11,Loyal
C52410,68,4,797.74,2024-01-05,France,Paid Social,362,199.435,3,5,4,12,Loyal
C52412,385,1,240.33999999999997,2023-12-13,Netherlands,Email,385,240.33999999999997,1,2,2,5,Hibernating
C52413,47,2,698.77,2024-09-07,Italy,Referral,116,349.385,4,3,4,11,Loyal
C52416,24,1,102.75,2024-12-08,Germany,Organic Search,24,102.75,4,2,1,7,New / Promising
C52417,491,1,222.45000000000002,2023-08-29,Spain,Email,491,222.45000000000002,1,2,2,5,Hibernating
C52418,201,1,60.28,2024-06-14,Germany,Direct,201,60.28,2,2,1,5,Hibernating
C52419,229,2,432.41,2023-08-26,Spain,Referral,494,216.205,2,3,3,8,At Risk
C52422,10,3,373.03000000000003,2024-11-10,Austria,Organic Search,52,124.34333333333335,5,4,3,12,Loyal
C52423,66,2,948.55,2023-09-14,France,Organic Search,475,474.275,3,3,4,10,Loyal
C52424,99,1,307.57,2024-09-24,Germany,Organic Search,99,307.57,3,2,3,8,Potential Loyal
C52425,224,1,32.89,2024-05-22,Spain,Organic Search,224,32.89,2,2,1,5,Hibernating
C52426,181,3,337.37,2024-02-23,Germany,Organic Search,313,112.45666666666666,2,4,3,9,At Risk
C52427,553,1,264.11,2023-06-28,Germany,Referral,553,264.11,1,2,2,5,Hibernating
C52428,167,2,346.15999999999997,2023-08-24,France,Organic Search,496,173.07999999999998,2,3,3,8,At Risk
C52432,39,3,436.74,2024-04-16,France,Paid Social,260,145.58,4,4,3,11,Loyal
C52433,144,1,718.8499999999999,2024-08-10,Spain,Referral,144,718.8499999999999,2,2,4,8,Can't Lose Them
C52435,162,1,90.53999999999999,2024-07-23,France,Paid Social,162,90.53999999999999,2,2,1,5,Hibernating
C52437,106,1,85.86,2024-09-17,Spain,Referral,106,85.86,3,2,1,6,Needs Attention
C52438,129,3,1880.3899999999999,2023-03-22,Netherlands,Referral,651,626.7966666666666,3,4,5,12,Loyal
C52439,305,2,176.98000000000002,2023-12-19,Spain,Referral,379,88.49000000000001,1,3,2,6,At Risk
C52442,89,4,1006.9300000000001,2023-01-14,Italy,Referral,718,251.73250000000002,3,5,5,13,Loyal
C52444,69,4,1229.78,2023-01-28,Germany,Paid Social,704,307.445,3,5,5,13,Loyal
C52446,10,2,492.27,2024-12-05,France,Direct,27,246.135,5,3,3,11,Loyal
C52454,38,9,2827.85,2023-03-01,Austria,Direct,672,314.2055555555555,4,5,5,14,Champions
C52456,243,1,244.60999999999999,2024-05-03,Germany,Referral,243,244.60999999999999,2,2,2,6,Hibernating
C52457,402,2,160.05,2023-11-20,Netherlands,Paid Social,408,80.025,1,3,2,6,At Risk
C52458,94,6,1331.1799999999998,2023-03-12,Italy,Organic Search,661,221.86333333333332,3,5,5,13,Loyal
C52459,87,5,1267.7,2024-08-03,Germany,Email,151,253.54000000000002,3,5,5,13,Loyal
C52460,18,7,1109.62,2024-08-06,France,Organic Search,148,158.51714285714283,5,5,5,15,Champions
C52461,100,5,1463.5,2023-08-14,France,Email,506,292.7,3,5,5,13,Loyal
C52464,118,2,1335.1699999999998,2024-05-26,Netherlands,Email,220,667.5849999999999,3,3,5,11,Loyal
C52465,59,2,295.76,2024-04-19,Germany,Email,257,147.88,3,3,3,9,Loyal
C52467,2,2,1457.58,2024-05-28,Spain,Paid Social,218,728.79,5,3,5,13,Loyal
C52468,627,1,753.64,2023-04-15,Germany,Paid Social,627,753.64,1,2,4,7,Can't Lose Them
C52469,121,3,915.84,2023-09-27,Netherlands,Organic Search,462,305.28000000000003,3,4,4,11,Loyal
C52470,83,1,136.72,2024-10-10,Netherlands,Email,83,136.72,3,2,2,7,Potential Loyal
C52471,163,1,184.87,2024-07-22,Spain,Organic Search,163,184.87,2,2,2,6,Hibernating
C52473,8,3,556.87,2024-12-23,Germany,Referral,9,185.62333333333333,5,4,4,13,Champions
C52475,45,2,640.31,2024-01-27,France,Email,340,320.155,4,3,4,11,Loyal
C52476,421,1,82.54,2023-11-07,Germany,Organic Search,421,82.54,1,2,1,4,Hibernating
C52477,24,3,1222.3700000000001,2024-07-02,Germany,Organic Search,183,407.4566666666667,4,4,5,13,Champions
C52478,39,4,273.78000000000003,2023-03-28,Germany,Organic Search,645,68.44500000000001,4,5,2,11,Potential Loyal
C52479,587,1,144.15,2023-05-25,Germany,Organic Search,587,144.15,1,2,2,5,Hibernating
C52480,226,1,165.94,2024-05-20,France,Direct,226,165.94,2,2,2,6,Hibernating
C52483,406,1,308.07,2023-11-22,Germany,Email,406,308.07,1,2,3,6,Hibernating
C52484,296,3,383.3,2023-11-27,Austria,Referral,401,127.76666666666667,1,4,3,8,At Risk
C52487,235,2,711.92,2023-05-19,France,Organic Search,593,355.96,2,3,4,9,At Risk
C52488,97,1,909.66,2024-09-26,Spain,Email,97,909.66,3,2,4,9,Potential Loyal
C52489,186,2,2078.77,2023-01-27,Austria,Direct,705,1039.385,2,3,5,10,At Risk
C52490,121,5,1394.68,2023-06-16,Germany,Organic Search,565,278.93600000000004,3,5,5,13,Loyal
C52493,221,1,222.8,2024-05-25,Netherlands,Paid Social,221,222.8,2,2,2,6,Hibernating
C52494,29,1,59.26,2024-12-03,Austria,Email,29,59.26,4,2,1,7,New / Promising
C52496,16,2,888.0899999999999,2024-12-08,Netherlands,Direct,24,444.04499999999996,5,3,4,12,Loyal
C52497,95,1,218.4,2024-09-28,Germany,Referral,95,218.4,3,2,2,7,Potential Loyal
C52499,226,1,46.61,2024-05-20,Germany,Referral,226,46.61,2,2,1,5,Hibernating
C52502,175,2,168.87,2023-08-12,Netherlands,Paid Social,508,84.435,2,3,2,7,At Risk
C52503,131,3,395.25,2023-01-05,France,Referral,727,131.75,3,4,3,10,Loyal
C52504,495,1,88.82,2023-08-25,France,Paid Social,495,88.82,1,2,1,4,Hibernating
C52506,215,3,933.88,2023-05-31,Germany,Paid Social,581,311.29333333333335,2,4,4,10,At Risk
C52507,28,2,1099.62,2024-08-25,Germany,Organic Search,129,549.81,4,3,5,12,Loyal
C52508,54,1,355.1,2024-11-08,Austria,Email,54,355.1,3,2,3,8,Potential Loyal
C52509,19,5,2039.34,2023-02-22,Spain,Organic Search,679,407.868,5,5,5,15,Champions
C52510,24,3,380.09,2024-10-09,France,Email,84,126.69666666666666,4,4,3,11,Loyal
C52512,85,1,272.27,2024-10-08,Austria,Referral,85,272.27,3,2,2,7,Potential Loyal
C52514,245,2,1064.59,2024-02-11,Germany,Direct,325,532.295,2,3,5,10,At Risk
C52515,64,4,1015.4,2024-05-12,Germany,Direct,234,253.85,3,5,5,13,Loyal
C52516,188,3,454.46999999999997,2024-03-09,Germany,Organic Search,298,151.48999999999998,2,4,3,9,At Risk
C52517,13,1,35.63,2024-12-19,Netherlands,Email,13,35.63,5,2,1,8,New / Promising
C52518,185,5,1937.42,2023-03-26,Spain,Organic Search,647,387.48400000000004,2,5,5,12,At Risk
C52519,592,2,258.53000000000003,2023-03-14,Netherlands,Referral,659,129.26500000000001,1,3,2,6,At Risk
C52520,95,6,2112.98,2023-01-14,Germany,Email,718,352.16333333333336,3,5,5,13,Loyal
C52522,404,1,74.27,2023-11-24,Spain,Organic Search,404,74.27,1,2,1,4,Hibernating
C52524,46,2,221.82,2024-08-10,Austria,Referral,144,110.91,4,3,2,9,Potential Loyal
C52525,9,1,36.62,2024-12-23,Germany,Referral,9,36.62,5,2,1,8,New / Promising
C52526,255,1,645.17,2024-04-21,Germany,Organic Search,255,645.17,2,2,4,8,Can't Lose Them
C52527,41,2,490.94,2024-08-14,Netherlands,Organic Search,140,245.47,4,3,3,10,Loyal
C52531,131,2,315.25,2024-05-06,Germany,Paid Social,240,157.625,3,3,3,9,Loyal
C52533,7,5,811.2,2024-07-17,France,Paid Social,168,162.24,5,5,4,14,Champions
C52534,399,1,10.12,2023-11-29,Germany,Referral,399,10.12,1,2,1,4,Hibernating
C52535,263,3,267.24,2023-10-24,Austria,Paid Social,435,89.08,1,4,2,7,At Risk
C52536,11,2,837.6999999999999,2023-11-25,Germany,Paid Social,403,418.84999999999997,5,3,4,12,Loyal
C52538,131,1,152.33,2024-08-23,Netherlands,Organic Search,131,152.33,3,2,2,7,Potential Loyal
C52540,315,2,203.46,2023-10-25,Netherlands,Direct,434,101.73,1,3,2,6,At Risk
C52543,74,2,1107.8,2024-10-06,Austria,Organic Search,87,553.9,3,3,5,11,Loyal
C52544,25,2,163.54000000000002,2024-10-31,Austria,Organic Search,62,81.77000000000001,4,3,2,9,Potential Loyal
C52547,38,5,1377.06,2023-01-27,Germany,Referral,705,275.412,4,5,5,14,Champions
C52550,11,1,432.95,2024-12-21,Netherlands,Organic Search,11,432.95,5,2,3,10,Potential Loyal
C52551,381,1,12.7,2023-12-17,France,Email,381,12.7,1,2,1,4,Hibernating
C52552,127,2,365.1,2024-06-22,Austria,Organic Search,193,182.55,3,3,3,9,Loyal
C52553,148,4,1686.4099999999999,2023-01-04,Germany,Organic Search,728,421.60249999999996,2,5,5,12,At Risk
C52554,34,3,310.89,2024-04-12,France,Direct,264,103.63,4,4,3,11,Loyal
C52555,146,1,85.12,2024-08-08,Germany,Direct,146,85.12,2,2,1,5,Hibernating
C52556,1,2,321.81,2024-12-30,Germany,Organic Search,2,160.905,5,3,3,11,Loyal
C52558,229,2,532.06,2024-01-31,Germany,Email,336,266.03,2,3,3,8,At Risk
C52560,121,3,363.41999999999996,2023-09-23,Spain,Email,466,121.13999999999999,3,4,3,10,Loyal
C52561,330,3,509.13,2023-05-02,Austria,Email,610,169.71,1,4,3,8,At Risk
C52563,24,2,486.88000000000005,2024-09-21,Italy,Organic Search,102,243.44000000000003,4,3,3,10,Loyal
C52564,148,2,211.35,2023-09-18,France,Organic Search,471,105.675,2,3,2,7,At Risk
C52565,427,3,249.2,2023-04-26,Austria,Direct,616,83.06666666666666,1,4,2,7,At Risk
C52566,290,2,449.15,2023-06-06,Germany,Paid Social,575,224.575,1,3,3,7,At Risk
C52567,20,7,1379.58,2024-09-12,Germany,Email,111,197.08285714285714,5,5,5,15,Champions
C52568,33,3,594.16,2024-09-18,Germany,Organic Search,105,198.0533333333333,4,4,4,12,Champions
C52570,507,1,296.79,2023-08-13,France,Organic Search,507,296.79,1,2,3,6,Hibernating
C52571,228,1,374.61,2024-05-18,Germany,Organic Search,228,374.61,2,2,3,7,Hibernating
C52572,404,3,1505.69,2023-06-05,Netherlands,Referral,576,501.8966666666667,1,4,5,10,At Risk
C52575,13,5,1048.49,2024-11-22,Italy,Paid Social,40,209.698,5,5,5,15,Champions
C52576,129,1,320.28,2024-08-25,Netherlands,Direct,129,320.28,3,2,3,8,Potential Loyal
C52577,85,2,87.66,2024-06-29,Italy,Organic Search,186,43.83,3,3,1,7,Needs Attention
C52578,429,1,185.13,2023-10-30,France,Organic Search,429,185.13,1,2,2,5,Hibernating
C52580,8,6,2921.49,2024-12-13,France,Organic Search,19,486.91499999999996,5,5,5,15,Champions
C52583,669,1,21.97,2023-03-04,Spain,Paid Social,669,21.97,1,2,1,4,Hibernating
C52584,96,1,36.62,2024-09-27,Netherlands,Email,96,36.62,3,2,1,6,Needs Attention
C52585,37,2,64.52,2024-06-03,Austria,Paid Social,212,32.26,4,3,1,8,New / Promising
C52588,34,1,365.28,2024-11-28,Germany,Paid Social,34,365.28,4,2,3,9,Potential Loyal
C52589,108,1,12.2,2024-09-15,Italy,Email,108,12.2,3,2,1,6,Needs Attention
C52590,309,1,238.5,2024-02-27,Germany,Paid Social,309,238.5,1,2,2,5,Hibernating
C52591,29,1,25.81,2024-12-03,Germany,Organic Search,29,25.81,4,2,1,7,New / Promising
C52592,37,1,57.31,2024-11-25,Germany,Paid Social,37,57.31,4,2,1,7,New / Promising
C52595,117,2,315.79,2023-11-14,Spain,Email,414,157.895,3,3,3,9,Loyal
C52598,565,1,47.7,2023-06-16,Austria,Organic Search,565,47.7,1,2,1,4,Hibernating
C52600,17,1,79.39,2024-12-15,Netherlands,Organic Search,17,79.39,5,2,1,8,New / Promising
C52602,328,1,263.82,2024-02-08,Germany,Email,328,263.82,1,2,2,5,Hibernating
C52603,414,1,983.96,2023-11-14,Germany,Organic Search,414,983.96,1,2,5,8,Can't Lose Them
C52605,127,1,407.24,2024-08-27,Italy,Paid Social,127,407.24,3,2,3,8,Potential Loyal
C52608,40,2,402.52,2024-07-12,Netherlands,Email,173,201.26,4,3,3,10,Loyal
C52609,23,2,79.52,2024-03-30,Germany,Email,277,39.76,5,3,1,9,New / Promising
C52610,197,1,129.12,2024-06-18,Germany,Direct,197,129.12,2,2,2,6,Hibernating
C52611,26,3,1030.26,2024-11-05,Germany,Organic Search,57,343.42,4,4,5,13,Champions
C52613,252,4,2631.71,2023-06-22,Germany,Email,559,657.9275,2,5,5,12,At Risk
C52614,9,5,2180.64,2024-06-09,Germany,Email,206,436.128,5,5,5,15,Champions
C52615,27,3,621.98,2023-06-03,Germany,Paid Social,578,207.32666666666668,4,4,4,12,Champions
C52616,398,2,223.37,2023-09-05,Germany,Paid Social,484,111.685,1,4,2,7,At Risk
C52622,197,1,70.84,2024-06-18,France,Organic Search,197,70.84,2,2,1,5,Hibernating
C52623,273,1,491.21999999999997,2024-04-03,Germany,Organic Search,273,491.21999999999997,1,2,3,6,Hibernating
C52624,12,3,2679.02,2024-10-29,Netherlands,Email,64,893.0066666666667,5,4,5,14,Champions
C52625,8,2,440.07,2024-11-10,France,Direct,52,220.035,5,4,3,12,Loyal
C52626,242,1,71.47999999999999,2024-05-04,Netherlands,Paid Social,242,71.47999999999999,2,2,1,5,Hibernating
C52627,509,1,136.83,2023-08-11,France,Organic Search,509,136.83,1,2,2,5,Hibernating
C52629,659,1,183.66000000000003,2023-03-14,Germany,Organic Search,659,183.66000000000003,1,2,2,5,Hibernating
C52630,67,7,1888.9399999999998,2023-11-21,Germany,Direct,407,269.8485714285714,3,5,5,13,Loyal
C52633,318,3,813.22,2023-06-05,Germany,Paid Social,576,271.0733333333333,1,4,4,9,At Risk
C52637,543,1,92.57000000000001,2023-07-08,Netherlands,Direct,543,92.57000000000001,1,2,1,4,Hibernating
C52639,8,2,731.8900000000001,2024-12-14,Austria,Direct,18,365.94500000000005,5,4,4,13,Champions
C52640,100,1,999.88,2024-09-23,Italy,Direct,100,999.88,3,2,5,10,Potential Loyal
C52641,89,3,2040.1499999999999,2023-04-15,Italy,Organic Search,627,680.05,3,4,5,12,Loyal
C52642,637,1,27.06,2023-04-05,France,Paid Social,637,27.06,1,2,1,4,Hibernating
C52644,153,2,66.12,2023-03-01,Netherlands,Paid Social,672,33.06,2,4,1,7,At Risk
C52645,27,4,954.65,2023-06-07,Netherlands,Organic Search,574,238.6625,4,5,4,13,Champions
C52646,99,6,2827.8399999999997,2023-04-03,Netherlands,Organic Search,639,471.3066666666666,3,5,5,13,Loyal
C52647,4,2,986.0699999999999,2024-12-16,Germany,Organic Search,16,493.03499999999997,5,4,5,14,Champions
C52649,2,2,561.92,2023-12-26,Germany,Paid Social,372,280.96,5,4,4,13,Champions
C52650,3,1,120.96,2024-12-29,Germany,Email,3,120.96,5,2,1,8,New / Promising
C52651,604,1,182.51000000000002,2023-05-08,Germany,Direct,604,182.51000000000002,1,2,2,5,Hibernating
C52652,6,4,564.44,2024-12-09,Italy,Organic Search,23,141.11,5,5,4,14,Champions
C52653,1,2,428.97,2024-12-14,Germany,Referral,18,214.485,5,4,3,12,Loyal
C52655,131,1,46.81,2024-08-23,Italy,Organic Search,131,46.81,3,2,1,6,Needs Attention
C52656,390,1,325.59,2023-12-08,Germany,Organic Search,390,325.59,1,2,3,6,Hibernating
C52658,602,1,10.19,2023-05-10,Netherlands,Paid Social,602,10.19,1,2,1,4,Hibernating
C52659,1,2,371.77,2024-12-30,Germany,Paid Social,2,185.885,5,4,3,12,Loyal
C52661,291,2,108.2,2024-01-13,Austria,Organic Search,354,54.1,1,4,1,6,At Risk
C52662,5,3,857.0799999999999,2024-12-18,Austria,Email,14,285.6933333333333,5,4,4,13,Champions
C52663,27,2,255.66,2024-03-03,Austria,Organic Search,304,127.83,4,4,2,10,Potential Loyal
C52665,9,5,1255.64,2023-10-16,Germany,Direct,443,251.12800000000001,5,5,5,15,Champions
C52666,187,1,17.6,2024-06-28,Austria,Email,187,17.6,2,2,1,5,Hibernating
C52667,535,3,729.63,2023-01-24,Germany,Email,708,243.21,1,4,4,9,At Risk
C52668,132,2,416.54,2023-10-31,Netherlands,Email,428,208.27,3,4,3,10,Loyal
C52669,29,1,103.77,2024-12-03,Austria,Email,29,103.77,4,2,1,7,New / Promising
C52670,220,1,197.52,2024-05-26,Austria,Direct,220,197.52,2,2,2,6,Hibernating
C52672,109,4,1113.72,2023-11-14,Germany,Paid Social,414,278.43,3,5,5,13,Loyal
C52675,29,3,1435.32,2024-11-19,Netherlands,Organic Search,43,478.44,4,4,5,13,Champions
C52676,1,2,119.30999999999999,2024-12-31,Austria,Paid Social,1,59.654999999999994,5,4,1,10,New / Promising
C52677,214,2,696.0400000000001,2024-04-06,Austria,Email,270,348.02000000000004,2,4,4,10,At Risk
C52678,21,1,272.21000000000004,2024-12-11,France,Email,21,272.21000000000004,5,2,2,9,Potential Loyal
C52680,321,1,400.37,2024-02-15,Germany,Organic Search,321,400.37,1,2,3,6,Hibernating
C52681,333,1,61.28,2024-02-03,Germany,Organic Search,333,61.28,1,2,1,4,Hibernating
C52683,221,2,1088.46,2024-05-07,Spain,Direct,239,544.23,2,4,5,11,At Risk
C52688,179,2,192.88,2024-05-19,France,Email,227,96.44,2,4,2,8,At Risk
C52690,13,4,2388.8900000000003,2024-05-16,Netherlands,Paid Social,230,597.2225000000001,5,5,5,15,Champions
C52692,483,2,81.92,2023-06-16,Spain,Referral,565,40.96,1,4,1,6,At Risk
C52695,38,3,483.31,2023-05-17,Germany,Direct,595,161.10333333333332,4,4,3,11,Loyal
C52696,6,4,710.72,2024-12-20,Netherlands,Email,12,177.68,5,5,4,14,Champions
C52700,291,3,682.4,2023-11-10,Germany,Direct,418,227.46666666666667,1,4,4,9,At Risk
C52702,167,2,395.41999999999996,2023-08-01,Austria,Direct,519,197.70999999999998,2,4,3,9,At Risk
C52703,31,1,1090.1,2024-12-01,Austria,Referral,31,1090.1,4,2,5,11,Potential Loyal
C52704,21,1,64.52,2024-12-11,Austria,Paid Social,21,64.52,5,2,1,8,New / Promising
C52705,14,5,997.27,2024-09-08,Spain,Organic Search,115,199.454,5,5,5,15,Champions
C52706,171,1,322.55,2024-07-14,Netherlands,Paid Social,171,322.55,2,2,3,7,Hibernating
C52707,10,1,70.65,2024-12-22,Italy,Direct,10,70.65,5,2,1,8,New / Promising
C52709,13,4,792.97,2024-10-10,Netherlands,Referral,83,198.2425,5,5,4,14,Champions
C52710,251,1,23.82,2024-04-25,Austria,Direct,251,23.82,2,2,1,5,Hibernating
C52711,77,2,1197.29,2024-01-30,France,Direct,337,598.645,3,4,5,12,Loyal
C52713,357,1,89.38,2024-01-10,France,Email,357,89.38,1,2,1,4,Hibernating
C52714,27,3,866.26,2023-08-21,Germany,Paid Social,499,288.75333333333333,4,4,4,12,Champions
C52716,140,1,483.98,2024-08-14,Germany,Organic Search,140,483.98,2,2,3,7,Hibernating
C52717,3,1,124.6,2024-12-29,Germany,Organic Search,3,124.6,5,2,1,8,New / Promising
C52719,233,1,231.57000000000002,2024-05-13,Germany,Email,233,231.57000000000002,2,2,2,6,Hibernating
C52720,718,1,455.31,2023-01-14,Germany,Paid Social,718,455.31,1,2,3,6,Hibernating
C52721,113,4,821.4300000000001,2024-01-06,France,Organic Search,361,205.35750000000002,3,5,4,12,Loyal
C52722,76,6,1383.81,2023-04-28,France,Paid Social,614,230.635,3,5,5,13,Loyal
C52723,81,1,185.64999999999998,2024-10-12,Germany,Direct,81,185.64999999999998,3,2,2,7,Potential Loyal
C52725,377,3,734.75,2023-03-09,Germany,Paid Social,664,244.91666666666666,1,4,4,9,At Risk
C52726,92,3,936.96,2024-06-14,Austria,Email,201,312.32,3,4,4,11,Loyal
C52727,221,1,18.83,2024-05-25,Germany,Direct,221,18.83,2,2,1,5,Hibernating
C52728,32,2,143.18,2024-09-17,Germany,Direct,106,71.59,4,4,2,10,Potential Loyal
C52730,32,3,498.05,2023-07-24,France,Email,527,166.01666666666668,4,4,3,11,Loyal
C52731,49,2,289.69,2024-10-16,Germany,Organic Search,77,144.845,4,4,2,10,Potential Loyal
C52732,25,9,4527.72,2024-02-28,Spain,Paid Social,308,503.08000000000004,4,5,5,14,Champions
C52733,242,2,117.97999999999999,2024-03-16,Germany,Organic Search,291,58.989999999999995,2,4,1,7,At Risk
C52734,135,1,201.6,2024-08-19,Austria,Paid Social,135,201.6,2,2,2,6,Hibernating
C52735,116,1,1499.86,2024-09-07,Netherlands,Email,116,1499.86,3,2,5,10,Potential Loyal
C52736,174,2,612.09,2024-02-10,Italy,Paid Social,326,306.045,2,4,4,10,At Risk
C52737,66,7,1378.22,2023-03-08,Italy,Organic Search,665,196.88857142857142,3,5,5,13,Loyal
C52738,88,1,84.65,2024-10-05,Germany,Organic Search,88,84.65,3,2,1,6,Needs Attention
C52739,400,1,40.38,2023-11-28,Austria,Organic Search,400,40.38,1,2,1,4,Hibernating
C52740,97,3,648.04,2023-08-12,Germany,Email,508,216.01333333333332,3,4,4,11,Loyal
C52741,522,1,304.66,2023-07-29,Netherlands,Organic Search,522,304.66,1,2,3,6,Hibernating
C52742,21,6,1480.77,2023-05-26,Netherlands,Organic Search,586,246.795,5,5,5,15,Champions
C52743,10,2,334.54,2024-01-30,Germany,Direct,337,167.27,5,4,3,12,Loyal
C52744,619,1,693.32,2023-04-23,Germany,Organic Search,619,693.32,1,2,4,7,Can't Lose Them
C52747,22,2,897.9399999999999,2024-11-25,Germany,Email,37,448.96999999999997,5,4,4,13,Champions
C52749,189,4,1022.57,2023-09-18,France,Organic Search,471,255.6425,2,5,5,12,At Risk
C52752,21,4,652.16,2024-06-19,Austria,Paid Social,196,163.04,5,5,4,14,Champions
C52753,2,6,2070.5499999999997,2023-05-19,Germany,Referral,593,345.09166666666664,5,5,5,15,Champions
C52755,131,6,1606.4299999999998,2023-03-27,Austria,Direct,646,267.7383333333333,3,5,5,13,Loyal
C52758,167,2,441.06,2023-11-23,Netherlands,Direct,405,220.53,2,4,3,9,At Risk
C52759,83,2,320.96000000000004,2024-06-23,France,Direct,192,160.48000000000002,3,4,3,10,Loyal
C52760,163,1,28.68,2024-07-22,Spain,Referral,163,28.68,2,2,1,5,Hibernating
C52762,284,1,166.5,2024-03-23,Austria,Referral,284,166.5,1,2,2,5,Hibernating
C52764,511,1,266.19,2023-08-09,Germany,Paid Social,511,266.19,1,2,2,5,Hibernating
C52768,132,1,30.56,2024-08-22,Germany,Email,132,30.56,3,2,1,6,Needs Attention
C52769,250,1,107.73,2024-04-26,Austria,Organic Search,250,107.73,2,2,1,5,Hibernating
C52770,444,1,366.22,2023-10-15,Germany,Direct,444,366.22,1,2,3,6,Hibernating
C52771,286,1,1189.8,2024-03-21,Italy,Email,286,1189.8,1,2,5,8,Can't Lose Them
C52772,35,1,15.24,2024-11-27,Germany,Paid Social,35,15.24,4,2,1,7,New / Promising
C52773,95,4,969.3399999999999,2023-06-14,Germany,Paid Social,567,242.33499999999998,3,5,5,13,Loyal
C52774,654,2,344.68,2023-01-29,Germany,Organic Search,703,172.34,1,4,3,8,At Risk
C52775,415,1,93.47999999999999,2023-11-13,France,Email,415,93.47999999999999,1,2,1,4,Hibernating
C52777,40,3,932.4,2024-09-02,Italy,Direct,121,310.8,4,4,4,12,Champions
C52779,30,2,1089.77,2024-11-30,France,Referral,32,544.885,4,4,5,13,Champions
C52781,629,1,411.78000000000003,2023-04-13,France,Email,629,411.78000000000003,1,2,3,6,Hibernating
C52782,620,1,46.86,2023-04-22,Netherlands,Organic Search,620,46.86,1,2,1,4,Hibernating
C52785,241,4,630.59,2024-02-15,Spain,Direct,321,157.6475,2,5,4,11,At Risk
C52787,14,2,342.48,2024-02-22,Germany,Organic Search,314,171.24,5,4,3,12,Loyal
C52789,10,3,732.11,2023-12-30,Germany,Paid Social,368,244.03666666666666,5,4,4,13,Champions
C52790,11,3,356.83,2024-12-19,Germany,Direct,13,118.94333333333333,5,4,3,12,Loyal
C52791,27,1,345.46,2024-12-05,Netherlands,Direct,27,345.46,4,2,3,9,Potential Loyal
C52793,22,4,994.65,2023-01-18,Austria,Paid Social,714,248.6625,5,5,5,15,Champions
C52794,275,1,809.55,2024-04-01,Spain,Email,275,809.55,1,2,4,7,Can't Lose Them
C52795,73,2,702.43,2024-05-14,Italy,Referral,232,351.215,3,4,4,11,Loyal
C52796,564,1,332.28999999999996,2023-06-17,Netherlands,Direct,564,332.28999999999996,1,2,3,6,Hibernating
C52798,171,1,31.26,2024-07-14,Germany,Referral,171,31.26,2,2,1,5,Hibernating
C52799,575,1,60.73,2023-06-06,Germany,Organic Search,575,60.73,1,2,1,4,Hibernating
C52800,151,1,22.43,2024-08-03,Italy,Email,151,22.43,2,2,1,5,Hibernating
C52801,23,1,58.06,2024-12-09,Italy,Referral,23,58.06,5,2,1,8,New / Promising
C52803,29,4,1893.94,2024-01-18,Germany,Paid Social,349,473.485,4,5,5,14,Champions
C52806,32,3,1335.2,2024-09-30,Italy,Organic Search,93,445.06666666666666,4,4,5,13,Champions
C52810,39,1,317.44,2024-11-23,Germany,Paid Social,39,317.44,4,2,3,9,Potential Loyal
C52812,394,1,47.87,2023-12-04,Spain,Organic Search,394,47.87,1,2,1,4,Hibernating
C52813,22,7,2273.5099999999998,2023-03-05,Germany,Organic Search,668,324.78714285714284,5,5,5,15,Champions
C52815,93,1,375.87,2024-09-30,Germany,Organic Search,93,375.87,3,2,3,8,Potential Loyal
C52818,39,1,35.599999999999994,2024-11-23,Germany,Organic Search,39,35.599999999999994,4,2,1,7,New / Promising
C52819,96,1,58.52,2024-09-27,Germany,Organic Search,96,58.52,3,2,1,6,Needs Attention
C52820,79,1,46.67,2024-10-14,Germany,Organic Search,79,46.67,3,2,1,6,Needs Attention
C52821,77,1,51.2,2024-10-16,Austria,Paid Social,77,51.2,3,2,1,6,Needs Attention
C52822,242,1,526.39,2024-05-04,Austria,Direct,242,526.39,2,2,3,7,Hibernating
C52825,108,1,128.5,2024-09-15,Netherlands,Paid Social,108,128.5,3,2,2,7,Potential Loyal
C52830,121,1,357.76,2024-09-02,Austria,Direct,121,357.76,3,2,3,8,Potential Loyal
C52831,5,2,142.33,2024-11-26,France,Paid Social,36,71.165,5,4,2,11,Potential Loyal
C52833,74,1,339.15999999999997,2024-10-19,Italy,Paid Social,74,339.15999999999997,3,2,3,8,Potential Loyal
C52834,144,2,353.34,2024-03-14,Germany,Organic Search,293,176.67,2,4,3,9,At Risk
C52835,542,1,285.53,2023-07-09,Italy,Referral,542,285.53,1,2,2,5,Hibernating
C52838,255,1,750.76,2024-04-21,Austria,Organic Search,255,750.76,2,2,4,8,Can't Lose Them
C52839,176,1,247.43,2024-07-09,Germany,Email,176,247.43,2,2,2,6,Hibernating
C52840,193,1,48.75,2024-06-22,Netherlands,Paid Social,193,48.75,2,2,1,5,Hibernating
C52841,45,5,3005.19,2023-10-01,Austria,Direct,458,601.038,4,5,5,14,Champions
C52842,559,1,455.97,2023-06-22,Austria,Referral,559,455.97,1,2,3,6,Hibernating
C52843,2,2,499.97,2023-06-12,Germany,Email,569,249.985,5,4,3,12,Loyal
C52844,24,3,1014.15,2023-12-26,Germany,Direct,372,338.05,4,4,5,13,Champions
C52845,4,3,437.18,2024-11-22,Germany,Email,40,145.72666666666666,5,4,3,12,Loyal
C52848,12,3,537.38,2024-12-01,Spain,Email,31,179.12666666666667,5,4,3,12,Loyal
C52849,1,7,1511.36,2024-11-30,Austria,Paid Social,32,215.9085714285714,5,5,5,15,Champions
C52852,278,2,652.1700000000001,2023-10-11,France,Organic Search,448,326.08500000000004,1,4,4,9,At Risk
C52853,216,1,580.97,2024-05-30,Germany,Email,216,580.97,2,2,4,8,Can't Lose Them
C52854,40,5,716.13,2023-04-29,Germany,Organic Search,613,143.226,4,5,4,13,Champions
C52855,24,4,890.77,2023-07-07,Germany,Paid Social,544,222.6925,4,5,4,13,Champions
C52856,17,2,113.57,2024-12-04,Germany,Direct,28,56.785,5,4,1,10,New / Promising
C52859,25,3,614.64,2024-05-10,Germany,Email,236,204.88,4,4,4,12,Champions
C52861,12,2,291.34000000000003,2024-05-15,Germany,Organic Search,231,145.67000000000002,5,4,2,11,Potential Loyal
C52862,78,3,281.58000000000004,2023-06-28,Netherlands,Referral,553,93.86000000000001,3,4,2,9,Potential Loyal
C52864,30,4,344.24,2023-03-08,Germany,Paid Social,665,86.06,4,5,3,12,Loyal
C52865,2,5,444.21,2024-11-14,Germany,Paid Social,48,88.842,5,5,3,13,Loyal
C52867,226,1,21.33,2024-05-20,Netherlands,Paid Social,226,21.33,2,2,1,5,Hibernating
C52871,256,1,542.34,2024-04-20,Spain,Paid Social,256,542.34,2,2,3,7,Hibernating
C52872,96,1,174.24,2024-09-27,Germany,Organic Search,96,174.24,3,2,2,7,Potential Loyal
C52874,35,6,2999.9500000000003,2023-01-04,Germany,Paid Social,728,499.99166666666673,4,5,5,14,Champions
C52875,127,1,84.93,2024-08-27,Netherlands,Email,127,84.93,3,2,1,6,Needs Attention
C52876,25,2,351.51,2023-11-29,Germany,Direct,399,175.755,4,4,3,11,Loyal
C52877,209,1,60.73,2024-06-06,Germany,Email,209,60.73,2,2,1,5,Hibernating
C52878,38,3,1454.08,2023-10-14,Italy,Email,445,484.6933333333333,4,4,5,13,Champions
C52879,361,2,657.75,2023-12-14,Spain,Organic Search,384,328.875,1,4,4,9,At Risk
C52880,324,1,523.34,2024-02-12,Germany,Direct,324,523.34,1,2,3,6,Hibernating
C52882,36,2,317.64,2023-12-16,Germany,Paid Social,382,158.82,4,4,3,11,Loyal
C52886,195,2,926.0699999999999,2023-11-24,France,Organic Search,404,463.03499999999997,2,4,4,10,At Risk
C52888,25,2,199.9,2023-03-27,Germany,Organic Search,646,99.95,4,4,2,10,Potential Loyal
C52890,15,2,276.99,2024-11-23,Germany,Referral,39,138.495,5,4,2,11,Potential Loyal
C52891,39,2,337.24,2024-08-17,Netherlands,Direct,137,168.62,4,4,3,11,Loyal
C52894,61,1,926.5899999999999,2024-11-01,Austria,Paid Social,61,926.5899999999999,3,2,4,9,Potential Loyal
C52895,228,3,235.35999999999999,2023-03-11,Germany,Organic Search,662,78.45333333333333,2,4,2,8,At Risk
C52897,151,1,41.93,2024-08-03,Austria,Organic Search,151,41.93,2,2,1,5,Hibernating
C52898,1,3,502.44999999999993,2024-12-28,Austria,Email,4,167.48333333333332,5,4,3,12,Loyal
C52899,131,2,1123.57,2023-04-23,Germany,Organic Search,619,561.785,3,4,5,12,Loyal
C52900,18,1,126.6,2024-12-14,Spain,Organic Search,18,126.6,5,2,1,8,New / Promising
C52901,212,1,223.44,2024-06-03,Austria,Email,212,223.44,2,2,2,6,Hibernating
C52905,167,2,788.5,2023-06-06,Netherlands,Email,575,394.25,2,4,4,10,At Risk
C52907,201,3,2188.61,2024-03-30,Austria,Organic Search,277,729.5366666666667,2,4,5,11,At Risk
C52909,283,2,793.65,2023-04-09,France,Referral,633,396.825,1,4,4,9,At Risk
C52911,35,4,981.7,2023-03-19,Austria,Organic Search,654,245.425,4,5,5,14,Champions
C52913,128,2,305.22,2024-04-14,Italy,Direct,262,152.61,3,4,3,10,Loyal
C52914,73,1,483.43,2024-10-20,Germany,Organic Search,73,483.43,3,2,3,8,Potential Loyal
C52915,38,2,316.1,2024-07-01,Germany,Organic Search,184,158.05,4,4,3,11,Loyal
C52920,223,1,90.63,2024-05-23,Italy,Referral,223,90.63,2,2,1,5,Hibernating
C52923,720,1,49.6,2023-01-12,Germany,Direct,720,49.6,1,2,1,4,Hibernating
C52925,22,4,741.39,2023-11-22,Germany,Referral,406,185.3475,5,5,4,14,Champions
C52929,2,3,532.95,2024-12-21,Netherlands,Direct,11,177.65,5,4,3,12,Loyal
C52930,122,2,151.31,2024-02-11,Germany,Email,325,75.655,3,4,2,9,Potential Loyal
C52931,104,1,27.56,2024-09-19,Germany,Paid Social,104,27.56,3,2,1,6,Needs Attention
C52933,472,1,27.56,2023-09-17,Italy,Email,472,27.56,1,2,1,4,Hibernating
C52936,43,1,312.38,2024-11-19,Germany,Organic Search,43,312.38,4,2,3,9,Potential Loyal
C52937,39,5,1156.51,2024-01-02,France,Organic Search,365,231.302,4,5,5,14,Champions
C52938,24,1,27.5,2024-12-08,Germany,Email,24,27.5,4,2,1,7,New / Promising
C52940,198,3,519.74,2023-12-07,Germany,Organic Search,391,173.24666666666667,2,4,3,9,At Risk
C52941,189,4,2428.68,2023-09-08,Germany,Paid Social,481,607.17,2,5,5,12,At Risk
C52944,181,3,629.34,2023-12-30,Germany,Organic Search,368,209.78,2,4,4,10,At Risk
C52945,87,4,1160.28,2023-04-24,Netherlands,Paid Social,618,290.07,3,5,5,13,Loyal
C52946,101,3,1578.45,2024-04-10,France,Paid Social,266,526.15,3,4,5,12,Loyal
C52947,601,1,1009.14,2023-05-11,Germany,Organic Search,601,1009.14,1,2,5,8,Can't Lose Them
C52948,225,2,242.56,2024-05-05,France,Email,241,121.28,2,4,2,8,At Risk
C52949,157,1,233.98999999999998,2024-07-28,France,Email,157,233.98999999999998,2,2,2,6,Hibernating
C52950,256,2,133.06,2024-03-03,Austria,Email,304,66.53,2,4,2,8,At Risk
C52951,32,1,574.72,2024-11-30,Italy,Email,32,574.72,4,2,4,10,Potential Loyal
C52952,40,2,256.09,2024-06-22,Germany,Organic Search,193,128.045,4,4,2,10,Potential Loyal
C52953,101,2,726.8199999999999,2024-06-13,Spain,Organic Search,202,363.40999999999997,3,4,4,11,Loyal
C52956,5,10,4260.33,2024-06-01,Germany,Referral,214,426.033,5,5,5,15,Champions
C52958,41,2,703.5899999999999,2024-10-24,Germany,Email,69,351.79499999999996,4,4,4,12,Champions
C52959,25,1,212.18,2024-12-07,Italy,Organic Search,25,212.18,4,2,2,8,Potential Loyal
C52960,7,1,230.27,2024-12-25,Netherlands,Organic Search,7,230.27,5,2,2,9,Potential Loyal
C52961,340,2,345.25,2023-10-07,Germany,Organic Search,452,172.625,1,4,3,8,At Risk
C52963,218,2,1298.93,2023-04-21,Germany,Email,621,649.465,2,4,5,11,At Risk
C52965,245,4,659.87,2023-07-14,Netherlands,Organic Search,537,164.9675,2,5,4,11,At Risk
C52968,137,1,202.38,2024-08-17,Netherlands,Paid Social,137,202.38,2,2,2,6,Hibernating
C52969,184,1,335.74,2024-07-01,Netherlands,Organic Search,184,335.74,2,2,3,7,Hibernating
C52970,333,2,391.9,2023-08-21,Austria,Organic Search,499,195.95,1,4,3,8,At Risk
C52973,33,1,61.44,2024-11-29,Austria,Paid Social,33,61.44,4,2,1,7,New / Promising
C52975,336,1,29.26,2024-01-31,Germany,Referral,336,29.26,1,2,1,4,Hibernating
C52976,75,3,342.78999999999996,2024-02-08,Germany,Paid Social,328,114.26333333333332,3,4,3,10,Loyal
C52977,39,4,344.87,2024-07-07,Germany,Email,178,86.2175,4,5,3,12,Loyal
C52978,39,2,145.91,2024-06-03,France,Organic Search,212,72.955,4,4,2,10,Potential Loyal
C52979,144,1,483.30999999999995,2024-08-10,Germany,Paid Social,144,483.30999999999995,2,2,3,7,Hibernating
C52980,220,1,224.16,2024-05-26,Netherlands,Organic Search,220,224.16,2,2,2,6,Hibernating
C52981,39,2,421.84,2024-09-19,Germany,Organic Search,104,210.92,4,4,3,11,Loyal
C52982,206,1,209.53,2024-06-09,Germany,Organic Search,206,209.53,2,2,2,6,Hibernating
C52983,140,2,325.67,2024-05-14,Germany,Email,232,162.835,2,4,3,9,At Risk
C52987,112,5,2719.41,2023-11-09,Germany,Direct,419,543.882,3,5,5,13,Loyal
C52991,408,1,58.89,2023-11-20,Austria,Email,408,58.89,1,2,1,4,Hibernating
C52993,200,3,1429.8700000000001,2023-05-24,Netherlands,Referral,588,476.6233333333334,2,4,5,11,At Risk
C52994,603,1,389.74,2023-05-09,France,Referral,603,389.74,1,2,3,6,Hibernating
C52996,35,1,500.07,2024-11-27,France,Referral,35,500.07,4,2,3,9,Potential Loyal
C52997,6,1,609.3499999999999,2024-12-26,Germany,Organic Search,6,609.3499999999999,5,2,4,11,Potential Loyal
C52998,5,7,979.88,2024-10-21,Netherlands,Paid Social,72,139.98285714285714,5,5,5,15,Champions
C52999,450,1,285.71,2023-10-09,Spain,Email,450,285.71,1,2,2,5,Hibernating
C53000,47,5,1180.97,2024-01-29,France,Referral,338,236.19400000000002,4,5,5,14,Champions
C53001,106,1,141.86,2024-09-17,Italy,Paid Social,106,141.86,3,2,2,7,Potential Loyal
C53005,246,1,21.33,2024-04-30,Netherlands,Paid Social,246,21.33,2,2,1,5,Hibernating
C53006,25,1,10.01,2024-12-07,France,Paid Social,25,10.01,4,2,1,7,New / Promising
C53007,72,1,61.14,2024-10-21,France,Referral,72,61.14,3,2,1,6,Needs Attention
C53008,177,2,1017.33,2023-10-25,Spain,Organic Search,434,508.665,2,4,5,11,At Risk
C53009,400,1,323.32,2023-11-28,Netherlands,Organic Search,400,323.32,1,2,3,6,Hibernating
C53011,46,1,652.53,2024-11-16,Germany,Organic Search,46,652.53,4,2,4,10,Potential Loyal
C53013,124,4,360.53,2023-03-28,Spain,Paid Social,645,90.1325,3,5,3,11,Loyal
C53014,222,2,322.55,2024-03-01,Austria,Paid Social,306,161.275,2,4,3,9,At Risk
C53016,115,3,1094.98,2023-02-03,Spain,Email,698,364.99333333333334,3,4,5,12,Loyal
C53017,278,1,92.44999999999999,2024-03-29,Spain,Direct,278,92.44999999999999,1,2,1,4,Hibernating
C53018,654,1,302.09,2023-03-19,France,Paid Social,654,302.09,1,2,3,6,Hibernating
C53020,358,2,436.07,2023-03-27,France,Organic Search,646,218.035,1,4,3,8,At Risk
C53021,187,2,162.47,2023-12-10,Germany,Organic Search,388,81.235,2,4,2,8,At Risk
C53023,25,3,827.98,2024-06-30,Netherlands,Email,185,275.99333333333334,4,4,4,12,Champions
C53025,15,2,346.88,2024-05-15,Germany,Organic Search,231,173.44,5,4,3,12,Loyal
C53026,16,2,643.7,2024-12-07,Spain,Paid Social,25,321.85,5,4,4,13,Champions
C53027,396,1,833.5200000000001,2023-12-02,Spain,Paid Social,396,833.5200000000001,1,2,4,7,Can't Lose Them
C53028,15,1,60.82,2024-12-17,Germany,Direct,15,60.82,5,2,1,8,New / Promising
C53030,17,3,462.59000000000003,2024-05-11,Netherlands,Organic Search,235,154.1966666666667,5,4,3,12,Loyal
C53031,163,1,112.74,2024-07-22,Austria,Paid Social,163,112.74,2,2,1,5,Hibernating
C53032,31,2,1503.3200000000002,2024-04-25,Germany,Organic Search,251,751.6600000000001,4,4,5,13,Champions
C53034,240,2,775.9200000000001,2023-02-12,Netherlands,Paid Social,689,387.96000000000004,2,4,4,10,At Risk
C53036,37,1,466.93,2024-11-25,Austria,Organic Search,37,466.93,4,2,3,9,Potential Loyal
C53038,402,1,42.88,2023-11-26,Germany,Paid Social,402,42.88,1,2,1,4,Hibernating
C53039,239,4,539.23,2023-03-10,Germany,Organic Search,663,134.8075,2,5,3,10,At Risk
C53041,49,4,1184.32,2024-02-05,Spain,Organic Search,331,296.08,4,5,5,14,Champions
C53042,21,2,284.24,2024-08-11,Austria,Direct,143,142.12,5,4,2,11,Potential Loyal
C53043,144,1,114.72,2024-08-10,Germany,Direct,144,114.72,2,2,1,5,Hibernating
C53045,149,2,747.78,2023-11-26,Germany,Organic Search,402,373.89,2,4,4,10,At Risk
C53049,277,1,113.69,2024-03-30,Germany,Email,277,113.69,1,2,1,4,Hibernating
C53050,118,4,695.3100000000001,2023-07-01,Netherlands,Paid Social,550,173.82750000000001,3,5,4,12,Loyal
C53052,238,1,198.17000000000002,2024-05-08,Netherlands,Email,238,198.17000000000002,2,2,2,6,Hibernating
C53053,497,1,241.26,2023-08-23,Germany,Direct,497,241.26,1,2,2,5,Hibernating
C53054,106,3,510.33,2023-07-05,Spain,Referral,546,170.10999999999999,3,4,3,10,Loyal
C53055,318,2,937.44,2023-03-29,Netherlands,Email,644,468.72,1,4,4,9,At Risk
C53058,133,3,1384.54,2023-04-05,Spain,Direct,637,461.5133333333333,3,4,5,12,Loyal
C53059,1,1,232.14,2024-12-31,France,Referral,1,232.14,5,2,2,9,Potential Loyal
C53060,72,2,570.76,2024-04-22,France,Referral,254,285.38,3,4,4,11,Loyal
C53061,391,2,848.2,2023-03-18,France,Email,655,424.1,1,4,4,9,At Risk
C53063,245,1,176.0,2024-05-01,Austria,Direct,245,176.0,2,2,2,6,Hibernating
C53064,311,1,619.06,2024-02-25,Germany,Organic Search,311,619.06,1,2,4,7,Can't Lose Them
C53065,85,5,548.17,2023-11-17,Germany,Organic Search,411,109.63399999999999,3,5,4,12,Loyal
C53066,14,8,800.27,2024-11-01,Germany,Paid Social,61,100.03375,5,5,4,14,Champions
C53067,21,1,74.16,2024-12-11,Germany,Email,21,74.16,5,2,1,8,New / Promising
C53068,122,3,625.26,2024-03-16,Germany,Email,291,208.42,3,4,4,11,Loyal
C53070,208,1,37.3,2024-06-07,Germany,Organic Search,208,37.3,2,2,1,5,Hibernating
C53074,61,2,1166.57,2023-04-01,France,Email,641,583.285,3,4,5,12,Loyal
C53075,422,1,1016.6600000000001,2023-11-06,Germany,Organic Search,422,1016.6600000000001,1,2,5,8,Can't Lose Them
C53077,5,6,874.14,2023-10-17,Germany,Paid Social,442,145.69,5,5,4,14,Champions
C53078,16,2,429.19,2024-09-10,Germany,Paid Social,113,214.595,5,4,3,12,Loyal
C53079,32,1,85.78,2024-11-30,Italy,Direct,32,85.78,4,2,1,7,New / Promising
C53080,31,1,61.82000000000001,2024-12-01,Austria,Organic Search,31,61.82000000000001,4,2,1,7,New / Promising
C53082,452,2,580.05,2023-07-02,Italy,Email,549,290.025,1,4,4,9,At Risk
C53083,39,2,210.42,2024-10-16,France,Organic Search,77,105.21,4,4,2,10,Potential Loyal
C53085,138,1,250.98999999999998,2024-08-16,France,Direct,138,250.98999999999998,2,2,2,6,Hibernating
C53088,425,1,1775.5,2023-11-03,Germany,Paid Social,425,1775.5,1,2,5,8,Can't Lose Them
C53089,86,2,707.16,2024-06-02,Netherlands,Paid Social,213,353.58,3,4,4,11,Loyal
C53090,77,5,1196.3700000000001,2023-11-03,Germany,Organic Search,425,239.27400000000003,3,5,5,13,Loyal
C53092,137,1,286.12,2024-08-17,Netherlands,Organic Search,137,286.12,2,2,2,6,Hibernating
C53093,51,1,36.33,2024-11-11,France,Paid Social,51,36.33,4,2,1,7,New / Promising
C53094,569,1,805.75,2023-06-12,Germany,Paid Social,569,805.75,1,2,4,7,Can't Lose Them
C53095,49,2,328.48,2023-12-02,Spain,Organic Search,396,164.24,4,4,3,11,Loyal
C53096,67,2,666.29,2023-08-07,France,Email,513,333.145,3,4,4,11,Loyal
C53097,42,1,76.03,2024-11-20,Germany,Organic Search,42,76.03,4,2,1,7,New / Promising
C53098,379,1,33.36,2023-12-19,Spain,Paid Social,379,33.36,1,2,1,4,Hibernating
C53102,18,7,992.33,2024-06-22,Germany,Referral,193,141.76142857142858,5,5,5,15,Champions
C53105,42,3,691.06,2023-09-04,Germany,Direct,485,230.35333333333332,4,5,4,13,Champions
C53106,491,1,436.27,2023-08-29,Germany,Organic Search,491,436.27,1,2,3,6,Hibernating
C53107,22,2,534.22,2024-06-29,Germany,Paid Social,186,267.11,5,4,3,12,Loyal
C53110,69,2,966.92,2024-04-04,France,Paid Social,272,483.46,3,4,5,12,Loyal
C53111,14,4,1721.2200000000003,2023-10-11,Germany,Organic Search,448,430.30500000000006,5,5,5,15,Champions
C53114,67,2,164.73000000000002,2024-02-27,Germany,Organic Search,309,82.36500000000001,3,4,2,9,Potential Loyal
C53115,240,2,540.63,2024-05-02,Netherlands,Organic Search,244,270.315,2,4,3,9,At Risk
C53117,227,1,214.92,2024-05-19,Austria,Paid Social,227,214.92,2,2,2,6,Hibernating
C53118,21,3,1840.9299999999998,2024-05-03,Spain,Direct,243,613.6433333333333,5,5,5,15,Champions
C53119,151,4,726.63,2024-01-06,Spain,Organic Search,361,181.6575,2,5,4,11,At Risk
C53121,212,1,46.61,2024-06-03,Germany,Direct,212,46.61,2,2,1,5,Hibernating
C53122,42,2,1629.34,2024-09-22,Germany,Organic Search,101,814.67,4,4,5,13,Champions
C53124,15,3,537.92,2024-09-17,Spain,Email,106,179.30666666666664,5,5,3,13,Loyal
C53125,263,1,137.1,2024-04-13,Italy,Referral,263,137.1,1,2,2,5,Hibernating
C53126,28,2,126.05000000000001,2024-11-14,Germany,Organic Search,48,63.025000000000006,4,4,1,9,New / Promising
C53130,165,3,633.07,2023-07-25,France,Organic Search,526,211.02333333333334,2,5,4,11,At Risk
C53131,35,4,705.51,2023-04-17,Germany,Organic Search,625,176.3775,4,5,4,13,Champions
C53132,406,1,321.40999999999997,2023-11-22,Germany,Direct,406,321.40999999999997,1,2,3,6,Hibernating
C53133,18,3,942.74,2024-10-25,Italy,Organic Search,68,314.24666666666667,5,5,4,14,Champions
C53139,117,1,40.32,2024-09-06,Germany,Paid Social,117,40.32,3,2,1,6,Needs Attention
C53140,250,2,348.49,2023-09-02,Germany,Paid Social,487,174.245,2,4,3,9,At Risk
C53141,43,1,171.04000000000002,2024-11-19,Austria,Organic Search,43,171.04000000000002,4,2,2,8,Potential Loyal
C53142,78,1,245.52999999999997,2024-10-15,France,Organic Search,78,245.52999999999997,3,2,2,7,Potential Loyal
C53143,34,2,1593.59,2024-11-25,Germany,Email,37,796.795,4,4,5,13,Champions
C53144,185,2,686.46,2023-12-26,Germany,Organic Search,372,343.23,2,4,4,10,At Risk
C53145,358,3,1724.86,2023-11-03,Germany,Organic Search,425,574.9533333333333,1,5,5,11,At Risk
C53149,25,5,682.98,2023-04-01,Austria,Paid Social,641,136.596,4,5,4,13,Champions
C53154,91,2,665.99,2024-09-10,Italy,Organic Search,113,332.995,3,4,4,11,Loyal
C53155,9,2,233.57,2024-06-28,Austria,Direct,187,116.785,5,4,2,11,Potential Loyal
C53156,626,1,265.65999999999997,2023-04-16,France,Referral,626,265.65999999999997,1,2,2,5,Hibernating
C53159,32,2,466.07,2024-11-19,France,Organic Search,43,233.035,4,4,3,11,Loyal
C53160,64,3,701.34,2024-09-29,France,Email,94,233.78,3,5,4,12,Loyal
C53161,83,2,221.05,2024-08-11,Germany,Paid Social,143,110.525,3,4,2,9,Potential Loyal
C53162,8,6,1161.49,2023-12-23,Italy,Email,375,193.58166666666668,5,5,5,15,Champions
C53164,41,3,993.61,2024-05-04,Netherlands,Paid Social,242,331.2033333333333,4,5,5,14,Champions
C53165,182,1,455.65,2024-07-03,Germany,Organic Search,182,455.65,2,2,3,7,Hibernating
C53166,20,8,3611.58,2024-02-27,Austria,Organic Search,309,451.4475,5,5,5,15,Champions
C53170,366,1,11.11,2024-01-01,Netherlands,Direct,366,11.11,1,2,1,4,Hibernating
C53171,360,3,570.51,2023-11-06,Spain,Referral,422,190.17,1,5,4,10,At Risk
C53172,20,1,265.67,2024-12-12,Germany,Referral,20,265.67,5,2,2,9,Potential Loyal
C53173,22,6,727.27,2024-06-07,Spain,Paid Social,208,121.21166666666666,5,5,4,14,Champions
C53175,3,3,1038.86,2024-08-31,Germany,Direct,123,346.28666666666663,5,5,5,15,Champions
C53176,28,4,606.0,2024-09-17,Germany,Email,106,151.5,4,5,4,13,Champions
C53180,226,1,393.6,2024-05-20,Austria,Organic Search,226,393.6,2,2,3,7,Hibernating
C53181,243,1,27.34,2024-05-03,Germany,Email,243,27.34,2,2,1,5,Hibernating
C53182,357,2,264.77,2023-05-13,Italy,Referral,599,132.385,1,4,2,7,At Risk
C53183,7,1,72.63,2024-12-25,Germany,Organic Search,7,72.63,5,2,1,8,New / Promising
C53184,20,1,406.49,2024-12-12,Netherlands,Organic Search,20,406.49,5,2,3,10,Potential Loyal
C53186,158,1,261.92,2024-07-27,Spain,Organic Search,158,261.92,2,2,2,6,Hibernating
C53187,49,2,1387.6,2024-11-05,Netherlands,Organic Search,57,693.8,4,4,5,13,Champions
C53188,3,2,465.35,2024-12-18,Austria,Email,14,232.675,5,4,3,12,Loyal
C53189,606,1,172.4,2023-05-06,Germany,Referral,606,172.4,1,2,2,5,Hibernating
C53192,116,1,157.06,2024-09-07,Germany,Paid Social,116,157.06,3,2,2,7,Potential Loyal
C53193,4,2,461.78999999999996,2024-04-04,Germany,Organic Search,272,230.89499999999998,5,4,3,12,Loyal
C53196,21,1,606.54,2024-12-11,Spain,Paid Social,21,606.54,5,2,4,11,Potential Loyal
C53199,34,6,661.45,2023-04-06,Germany,Organic Search,636,110.24166666666667,4,5,4,13,Champions
C53201,237,3,2295.1800000000003,2023-12-10,Netherlands,Organic Search,388,765.0600000000001,2,5,5,12,At Risk
C53203,75,1,234.42,2024-10-18,Germany,Organic Search,75,234.42,3,2,2,7,Potential Loyal
C53205,156,2,359.53,2024-07-21,France,Paid Social,164,179.765,2,4,3,9,At Risk
C53206,114,2,833.59,2024-03-26,Germany,Referral,281,416.795,3,4,4,11,Loyal
C53207,215,3,1185.76,2024-04-22,Germany,Direct,254,395.25333333333333,2,5,5,12,At Risk
C53208,118,2,492.35,2023-02-11,Germany,Paid Social,690,246.175,3,4,3,10,Loyal
C53213,27,1,52.93,2024-12-05,Austria,Organic Search,27,52.93,4,2,1,7,New / Promising
C53214,193,1,79.59,2024-06-22,Germany,Direct,193,79.59,2,2,1,5,Hibernating
C53215,36,6,1397.96,2024-06-16,Netherlands,Organic Search,199,232.99333333333334,4,5,5,14,Champions
C53217,11,2,231.23,2024-12-06,France,Paid Social,26,115.615,5,4,2,11,Potential Loyal
C53218,45,1,28.48,2024-11-17,Germany,Email,45,28.48,4,2,1,7,New / Promising
C53219,297,2,877.26,2023-03-20,Spain,Organic Search,653,438.63,1,4,4,9,At Risk
C53221,151,1,256.95,2024-08-03,Germany,Referral,151,256.95,2,2,2,6,Hibernating
C53222,99,2,177.06,2024-07-18,Germany,Paid Social,167,88.53,3,4,2,9,Potential Loyal
C53223,8,3,568.72,2024-08-01,Germany,Paid Social,153,189.57333333333335,5,5,4,14,Champions
C53224,512,1,45.61,2023-08-08,Austria,Referral,512,45.61,1,2,1,4,Hibernating
C53225,5,1,177.82,2024-12-27,Netherlands,Referral,5,177.82,5,2,2,9,Potential Loyal
C53226,43,2,422.36,2024-08-06,Germany,Paid Social,148,211.18,4,4,3,11,Loyal
C53228,347,1,49.269999999999996,2024-01-20,Germany,Organic Search,347,49.269999999999996,1,2,1,4,Hibernating
C53229,346,2,231.29,2023-08-05,France,Organic Search,515,115.645,1,4,2,7,At Risk
C53230,450,1,234.42,2023-10-09,Germany,Organic Search,450,234.42,1,2,2,5,Hibernating
C53232,114,1,216.93,2024-09-09,France,Organic Search,114,216.93,3,2,2,7,Potential Loyal
C53236,565,1,204.97,2023-06-16,France,Email,565,204.97,1,2,2,5,Hibernating
C53237,132,1,668.1,2024-08-22,Spain,Email,132,668.1,3,2,4,9,Potential Loyal
C53240,104,2,207.16,2024-04-13,Germany,Organic Search,263,103.58,3,4,2,9,Potential Loyal
C53241,27,1,1215.11,2024-12-05,Austria,Paid Social,27,1215.11,4,2,5,11,Potential Loyal
C53243,118,3,510.23,2024-05-18,Germany,Direct,228,170.07666666666668,3,5,3,11,Loyal
C53244,177,7,3508.56,2023-04-23,Germany,Organic Search,619,501.22285714285715,2,5,5,12,At Risk
C53245,17,2,106.94,2024-05-28,Germany,Referral,218,53.47,5,4,1,10,New / Promising
C53248,25,1,115.58,2024-12-07,Austria,Organic Search,25,115.58,4,2,1,7,New / Promising
C53249,100,2,621.3699999999999,2024-05-24,Germany,Organic Search,222,310.68499999999995,3,4,4,11,Loyal
C53251,4,1,105.41,2024-12-28,Austria,Paid Social,4,105.41,5,2,1,8,New / Promising
C53252,135,2,974.8699999999999,2024-05-26,Germany,Organic Search,220,487.43499999999995,2,4,5,11,At Risk
C53253,17,5,532.41,2024-05-07,France,Direct,239,106.482,5,5,3,13,Loyal
C53254,155,1,563.5,2024-07-30,Netherlands,Paid Social,155,563.5,2,2,4,8,Can't Lose Them
C53255,98,1,18.83,2024-09-25,Germany,Paid Social,98,18.83,3,2,1,6,Needs Attention
C53257,16,1,88.11,2024-12-16,Austria,Paid Social,16,88.11,5,2,1,8,New / Promising
C53258,60,3,1312.79,2023-06-04,Germany,Paid Social,577,437.59666666666664,3,5,5,13,Loyal
C53261,149,5,2613.08,2023-10-20,Austria,Organic Search,439,522.616,2,5,5,12,At Risk
C53262,98,1,100.2,2024-09-25,Italy,Paid Social,98,100.2,3,2,1,6,Needs Attention
C53263,80,2,230.48,2024-09-11,Spain,Organic Search,112,115.24,3,4,2,9,Potential Loyal
C53264,23,5,1679.74,2024-03-04,Netherlands,Direct,303,335.948,5,5,5,15,Champions
C53265,13,3,1226.82,2023-06-17,Netherlands,Organic Search,564,408.94,5,5,5,15,Champions
C53268,1,2,129.15,2024-12-21,Germany,Email,11,64.575,5,4,2,11,Potential Loyal
C53269,24,1,132.38,2024-12-08,Netherlands,Organic Search,24,132.38,4,2,2,8,Potential Loyal
C53270,15,1,361.56,2024-12-17,Austria,Organic Search,15,361.56,5,2,3,10,Potential Loyal
C53272,208,1,84.11,2024-06-07,Spain,Direct,208,84.11,2,2,1,5,Hibernating
C53273,47,2,229.13,2024-08-01,Netherlands,Paid Social,153,114.565,4,4,2,10,Potential Loyal
C53275,92,4,791.76,2024-06-10,Germany,Email,205,197.94,3,5,4,12,Loyal
C53276,227,4,829.53,2023-12-07,Germany,Paid Social,391,207.3825,2,5,4,11,At Risk
C53277,59,3,1003.04,2024-08-29,Germany,Organic Search,125,334.34666666666664,3,5,5,13,Loyal
C53279,59,3,198.67000000000002,2023-06-18,Germany,Organic Search,563,66.22333333333334,3,5,2,10,Potential Loyal
C53281,120,1,17.47,2024-09-03,Germany,Referral,120,17.47,3,2,1,6,Needs Attention
C53282,328,1,22.43,2024-02-08,Austria,Organic Search,328,22.43,1,2,1,4,Hibernating
C53283,312,3,389.12,2023-08-16,Austria,Email,504,129.70666666666668,1,5,3,9,At Risk
C53284,19,1,520.1999999999999,2024-12-13,Germany,Referral,19,520.1999999999999,5,2,3,10,Potential Loyal
C53285,189,2,77.91,2023-10-01,Germany,Email,458,38.955,2,4,1,7,At Risk
C53287,539,1,499.95,2023-07-12,Germany,Organic Search,539,499.95,1,2,3,6,Hibernating
C53289,294,3,1868.6299999999999,2023-04-30,Germany,Email,612,622.8766666666667,1,5,5,11,At Risk
C53291,186,1,80.75,2024-06-29,Italy,Organic Search,186,80.75,2,2,1,5,Hibernating
C53295,336,2,657.66,2023-12-08,Germany,Referral,390,328.83,1,4,4,9,At Risk
C53296,12,1,256.71,2024-12-20,Italy,Referral,12,256.71,5,2,2,9,Potential Loyal
C53298,14,2,524.79,2024-12-02,Netherlands,Paid Social,30,262.395,5,4,3,12,Loyal
C53300,23,4,822.1500000000001,2023-01-17,France,Paid Social,715,205.53750000000002,5,5,4,14,Champions
C53302,184,2,848.53,2024-03-28,France,Email,279,424.265,2,4,4,10,At Risk
C53304,424,3,668.69,2023-04-10,Germany,Organic Search,632,222.89666666666668,1,5,4,10,At Risk
C53305,60,2,144.66,2024-08-24,Germany,Email,130,72.33,3,4,2,9,Potential Loyal
C53309,159,1,90.68,2024-07-26,Germany,Organic Search,159,90.68,2,2,1,5,Hibernating
C53310,528,2,894.22,2023-01-05,Netherlands,Email,727,447.11,1,4,4,9,At Risk
C53311,10,4,1982.13,2024-06-23,Spain,Paid Social,192,495.5325,5,5,5,15,Champions
C53312,39,5,1610.56,2024-04-17,Germany,Organic Search,259,322.11199999999997,4,5,5,14,Champions
C53313,45,1,160.51,2024-11-17,Germany,Direct,45,160.51,4,2,2,8,Potential Loyal
C53315,40,2,430.33000000000004,2024-10-31,Spain,Email,62,215.16500000000002,4,4,3,11,Loyal
C53316,111,2,98.13,2024-06-08,Spain,Referral,207,49.065,3,4,1,8,Needs Attention
C53317,213,1,267.4,2024-06-02,Germany,Paid Social,213,267.4,2,2,2,6,Hibernating
C53318,32,2,197.0,2024-11-25,Germany,Paid Social,37,98.5,4,4,2,10,Potential Loyal
C53319,360,2,285.99,2023-03-28,France,Organic Search,645,142.995,1,4,2,7,At Risk
C53320,16,3,164.73,2024-12-06,Germany,Organic Search,26,54.91,5,5,2,12,Potential Loyal
C53321,108,1,144.87,2024-09-15,Spain,Paid Social,108,144.87,3,2,2,7,Potential Loyal
C53323,290,1,165.93,2024-03-17,Netherlands,Referral,290,165.93,1,2,2,5,Hibernating
C53324,139,1,732.45,2024-08-15,Spain,Paid Social,139,732.45,2,2,4,8,Can't Lose Them
C53325,317,2,430.59000000000003,2023-08-29,Italy,Email,491,215.29500000000002,1,4,3,8,At Risk
C53326,236,1,203.51,2024-05-10,Netherlands,Referral,236,203.51,2,2,2,6,Hibernating
C53327,129,1,1730.4899999999998,2024-08-25,Italy,Direct,129,1730.4899999999998,3,2,5,10,Potential Loyal
C53330,229,3,827.39,2024-03-09,Germany,Referral,298,275.7966666666667,2,5,4,11,At Risk
C53331,420,1,552.3599999999999,2023-11-08,Italy,Organic Search,420,552.3599999999999,1,2,4,7,Can't Lose Them
C53332,104,2,720.79,2024-08-02,Spain,Paid Social,152,360.395,3,4,4,11,Loyal
C53333,123,1,397.40999999999997,2024-08-31,Germany,Organic Search,123,397.40999999999997,3,2,3,8,Potential Loyal
C53334,23,3,594.14,2024-10-05,Germany,Email,88,198.04666666666665,5,5,4,14,Champions
C53335,208,2,816.49,2023-08-10,Germany,Email,510,408.245,2,4,4,10,At Risk
C53336,92,4,1553.51,2024-05-31,Germany,Paid Social,215,388.3775,3,5,5,13,Loyal
C53337,194,1,489.56,2024-06-21,Spain,Referral,194,489.56,2,2,3,7,Hibernating
C53338,405,1,223.35000000000002,2023-11-23,Germany,Paid Social,405,223.35000000000002,1,2,2,5,Hibernating
C53339,6,6,2425.7999999999997,2024-04-04,Austria,Paid Social,272,404.29999999999995,5,5,5,15,Champions
C53341,76,1,43.11,2024-10-17,Germany,Direct,76,43.11,3,2,1,6,Needs Attention
C53342,529,2,389.13,2023-06-16,Germany,Referral,565,194.565,1,4,3,8,At Risk
C53343,417,1,97.05,2023-11-11,Italy,Organic Search,417,97.05,1,2,1,4,Hibernating
C53345,407,1,47.44,2023-11-21,France,Organic Search,407,47.44,1,2,1,4,Hibernating
C53346,150,1,177.92,2024-08-04,Germany,Paid Social,150,177.92,2,2,2,6,Hibernating
C53348,27,4,930.0799999999999,2024-09-11,Spain,Direct,112,232.51999999999998,4,5,4,13,Champions
C53349,210,1,23.49,2024-06-05,Austria,Email,210,23.49,2,2,1,5,Hibernating
C53350,3,3,167.54,2023-10-13,Netherlands,Paid Social,446,55.846666666666664,5,5,2,12,Potential Loyal
C53351,1,3,321.81,2024-12-31,Spain,Organic Search,1,107.27,5,5,3,13,Loyal
C53352,24,1,183.3,2024-12-08,Germany,Paid Social,24,183.3,4,2,2,8,Potential Loyal
C53354,26,2,636.1400000000001,2024-11-30,Germany,Email,32,318.07000000000005,4,4,4,12,Champions
C53356,419,1,506.64,2023-11-09,Italy,Referral,419,506.64,1,2,3,6,Hibernating
C53358,185,1,277.41999999999996,2024-06-30,France,Organic Search,185,277.41999999999996,2,2,2,6,Hibernating
C53362,98,1,67.7,2024-09-25,Austria,Email,98,67.7,3,2,1,6,Needs Attention
C53363,403,1,147.42,2023-11-25,Germany,Paid Social,403,147.42,1,2,2,5,Hibernating
C53365,133,2,1462.35,2024-03-14,Spain,Organic Search,293,731.175,3,4,5,12,Loyal
C53366,262,1,113.68,2024-04-14,Austria,Organic Search,262,113.68,2,2,1,5,Hibernating
C53368,71,3,887.22,2023-12-13,Netherlands,Organic Search,385,295.74,3,5,4,12,Loyal
C53371,223,2,24.560000000000002,2024-03-08,Austria,Organic Search,299,12.280000000000001,2,4,1,7,At Risk
C53372,183,4,403.01,2023-01-16,Germany,Paid Social,716,100.7525,2,5,3,10,At Risk
C53373,234,1,183.66,2024-05-12,Netherlands,Organic Search,234,183.66,2,2,2,6,Hibernating
C53375,11,2,402.63,2024-12-01,Spain,Organic Search,31,201.315,5,4,3,12,Loyal
C53377,408,1,180.16,2023-11-20,Austria,Paid Social,408,180.16,1,2,2,5,Hibernating
C53378,17,6,2085.87,2023-08-06,Germany,Paid Social,514,347.645,5,5,5,15,Champions
C53379,20,1,206.17000000000002,2024-12-12,Germany,Email,20,206.17000000000002,5,2,2,9,Potential Loyal
C53380,189,2,1003.95,2024-03-16,Germany,Referral,291,501.975,2,4,5,11,At Risk
C53381,72,3,758.16,2023-12-18,Germany,Organic Search,380,252.72,3,5,4,12,Loyal
C53383,61,3,487.88,2024-06-04,Spain,Direct,211,162.62666666666667,3,5,3,11,Loyal
C53384,78,4,855.03,2024-07-29,Germany,Paid Social,156,213.7575,3,5,4,12,Loyal
C53385,210,1,88.21,2024-06-05,Spain,Email,210,88.21,2,2,1,5,Hibernating
C53386,110,3,297.13,2023-09-23,France,Email,466,99.04333333333334,3,5,3,11,Loyal
C53387,30,1,465.35,2024-12-02,Netherlands,Paid Social,30,465.35,4,2,3,9,Potential Loyal
C53388,96,1,68.03999999999999,2024-09-27,Spain,Organic Search,96,68.03999999999999,3,2,1,6,Needs Attention
C53392,65,1,58.97,2024-10-28,France,Referral,65,58.97,3,2,1,6,Needs Attention
C53393,40,1,67.52,2024-11-22,Italy,Email,40,67.52,4,2,1,7,New / Promising
C53395,17,1,73.58,2024-12-15,Germany,Direct,17,73.58,5,2,1,8,New / Promising
C53396,67,2,250.54,2024-03-24,Germany,Email,283,125.27,3,4,2,9,Potential Loyal
C53397,148,1,16.6,2024-08-06,Spain,Organic Search,148,16.6,2,2,1,5,Hibernating
C53398,111,1,34.14,2024-09-12,Germany,Paid Social,111,34.14,3,2,1,6,Needs Attention
C53399,719,1,48.379999999999995,2023-01-13,Netherlands,Email,719,48.379999999999995,1,2,1,4,Hibernating
C53401,25,8,3199.77,2024-05-04,Germany,Organic Search,242,399.97125,4,5,5,14,Champions
C53403,99,4,324.66999999999996,2023-08-24,Germany,Paid Social,496,81.16749999999999,3,5,3,11,Loyal
C53404,95,4,932.9300000000001,2024-05-23,Germany,Paid Social,223,233.23250000000002,3,5,4,12,Loyal
C53406,577,1,198.54000000000002,2023-06-04,Austria,Paid Social,577,198.54000000000002,1,2,2,5,Hibernating
C53409,372,1,54.68,2023-12-26,Germany,Email,372,54.68,1,2,1,4,Hibernating
C53411,363,1,30.59,2024-01-04,Austria,Email,363,30.59,1,2,1,4,Hibernating
C53413,633,1,21.33,2023-04-09,Austria,Email,633,21.33,1,2,1,4,Hibernating
C53414,57,1,160.48,2024-11-05,Germany,Organic Search,57,160.48,3,2,2,7,Potential Loyal
C53416,530,1,583.44,2023-07-21,France,Referral,530,583.44,1,2,4,7,Can't Lose Them
C53417,34,2,755.17,2024-10-15,Italy,Paid Social,78,377.585,4,4,4,12,Champions
C53420,521,1,544.73,2023-07-30,Germany,Email,521,544.73,1,2,4,7,Can't Lose Them
C53421,501,1,48.91,2023-08-19,France,Email,501,48.91,1,2,1,4,Hibernating
C53422,108,2,690.73,2024-08-30,Austria,Email,124,345.365,3,4,4,11,Loyal
C53423,209,1,131.68,2024-06-06,Germany,Direct,209,131.68,2,2,2,6,Hibernating
C53424,541,1,294.11,2023-07-10,Netherlands,Paid Social,541,294.11,1,2,3,6,Hibernating
C53425,111,2,246.93,2024-08-04,France,Email,150,123.465,3,4,2,9,Potential Loyal
C53426,523,1,544.3199999999999,2023-07-28,Italy,Paid Social,523,544.3199999999999,1,2,3,6,Hibernating
C53427,361,1,108.91000000000001,2024-01-06,Germany,Email,361,108.91000000000001,1,2,1,4,Hibernating
C53428,378,2,408.88,2023-12-15,Italy,Paid Social,383,204.44,1,4,3,8,At Risk
C53429,322,3,884.89,2023-05-25,Germany,Referral,587,294.9633333333333,1,5,4,10,At Risk
C53432,13,4,1049.37,2024-03-08,Germany,Organic Search,299,262.3425,5,5,5,15,Champions
C53436,45,3,390.85,2024-07-16,Italy,Paid Social,169,130.28333333333333,4,5,3,12,Loyal
C53437,234,1,65.53999999999999,2024-05-12,Netherlands,Paid Social,234,65.53999999999999,2,2,1,5,Hibernating
C53441,207,2,400.91999999999996,2024-05-19,Spain,Referral,227,200.45999999999998,2,4,3,9,At Risk
C53444,83,1,101.28,2024-10-10,Germany,Email,83,101.28,3,2,1,6,Needs Attention
C53446,86,3,778.56,2023-05-07,Germany,Organic Search,605,259.52,3,5,4,12,Loyal
C53448,283,1,286.18,2024-03-24,Germany,Organic Search,283,286.18,1,2,2,5,Hibernating
C53450,12,2,1297.02,2024-06-02,Germany,Organic Search,213,648.51,5,4,5,14,Champions
C53453,11,1,770.06,2024-12-21,Spain,Paid Social,11,770.06,5,2,4,11,Potential Loyal
C53454,311,1,89.33,2024-02-25,Germany,Referral,311,89.33,1,2,1,4,Hibernating
C53458,15,3,481.74,2024-03-02,France,Organic Search,305,160.58,5,5,3,13,Loyal
C53460,462,2,365.90000000000003,2023-08-14,France,Organic Search,506,182.95000000000002,1,4,3,8,At Risk
C53461,43,2,417.15999999999997,2023-11-27,France,Paid Social,401,208.57999999999998,4,4,3,11,Loyal
C53462,17,1,1028.93,2024-12-15,Germany,Paid Social,17,1028.93,5,2,5,12,Potential Loyal
C53464,383,1,77.65,2023-12-15,Germany,Paid Social,383,77.65,1,2,1,4,Hibernating
C53466,128,1,532.49,2024-08-26,France,Email,128,532.49,3,2,3,8,Potential Loyal
C53467,14,2,1181.44,2024-06-30,Austria,Organic Search,185,590.72,5,4,5,14,Champions
C53469,58,1,331.93,2024-11-04,Germany,Paid Social,58,331.93,3,2,3,8,Potential Loyal
C53470,31,1,47.16,2024-12-01,Germany,Referral,31,47.16,4,2,1,7,New / Promising
C53471,8,5,550.54,2024-07-29,Germany,Direct,156,110.10799999999999,5,5,4,14,Champions
C53472,2,5,2492.74,2024-07-14,France,Organic Search,171,498.54799999999994,5,5,5,15,Champions
C53473,38,1,504.99,2024-11-24,Spain,Email,38,504.99,4,2,3,9,Potential Loyal
C53474,30,2,150.15,2024-11-27,Austria,Email,35,75.075,4,4,2,10,Potential Loyal
C53475,137,2,282.62,2024-07-27,France,Direct,158,141.31,2,4,2,8,At Risk
C53476,39,5,1157.59,2024-04-30,Germany,Organic Search,246,231.51799999999997,4,5,5,14,Champions
C53478,75,4,384.71000000000004,2024-08-20,Germany,Email,134,96.17750000000001,3,5,3,11,Loyal
C53479,126,3,1051.71,2023-06-11,Germany,Organic Search,570,350.57,3,5,5,13,Loyal
C53481,31,2,135.1,2024-08-26,Germany,Organic Search,128,67.55,4,4,2,10,Potential Loyal
C53482,1,5,709.5699999999999,2024-11-28,Germany,Paid Social,34,141.914,5,5,4,14,Champions
C53488,16,1,29.3,2024-12-16,Germany,Direct,16,29.3,5,2,1,8,New / Promising
C53489,133,2,141.63,2024-02-21,Germany,Organic Search,315,70.815,3,4,2,9,Potential Loyal
C53492,115,1,117.08000000000001,2024-09-08,Austria,Referral,115,117.08000000000001,3,2,1,6,Needs Attention
C53493,110,3,931.8199999999999,2024-06-03,France,Referral,212,310.6066666666666,3,5,4,12,Loyal
C53495,100,1,226.78,2024-09-23,France,Email,100,226.78,3,2,2,7,Potential Loyal
C53496,70,3,279.58000000000004,2023-08-08,France,Email,512,93.19333333333334,3,5,2,10,Potential Loyal
C53498,1,2,1334.08,2024-12-07,Austria,Direct,25,667.04,5,4,5,14,Champions
C53499,298,1,94.52,2024-03-09,Spain,Organic Search,298,94.52,1,2,1,4,Hibernating
C53500,607,1,698.67,2023-05-05,Germany,Paid Social,607,698.67,1,2,4,7,Can't Lose Them
C53503,68,1,15.62,2024-10-25,Netherlands,Organic Search,68,15.62,3,2,1,6,Needs Attention
C53504,205,5,1363.96,2023-04-17,Germany,Organic Search,625,272.79200000000003,2,5,5,12,At Risk
C53507,38,3,221.16,2023-12-12,Germany,Organic Search,386,73.72,4,5,2,11,Potential Loyal
C53508,35,3,570.54,2023-12-25,Spain,Email,373,190.17999999999998,4,5,4,13,Champions
C53509,116,2,1210.1599999999999,2024-08-31,Spain,Email,123,605.0799999999999,3,4,5,12,Loyal
C53510,52,1,429.28,2024-11-10,France,Email,52,429.28,3,2,3,8,Potential Loyal
C53511,30,1,186.12,2024-12-02,Spain,Email,30,186.12,4,2,2,8,Potential Loyal
C53512,504,1,284.73999999999995,2023-08-16,Germany,Direct,504,284.73999999999995,1,2,2,5,Hibernating
C53513,125,2,387.73,2024-06-02,Germany,Paid Social,213,193.865,3,4,3,10,Loyal
C53514,2,3,927.37,2024-12-03,Germany,Organic Search,29,309.12333333333333,5,5,4,14,Champions
C53515,243,2,781.35,2023-11-03,France,Email,425,390.675,2,4,4,10,At Risk
C53516,1,5,688.93,2024-12-20,Germany,Paid Social,12,137.786,5,5,4,14,Champions
C53517,245,2,74.35,2023-01-15,Italy,Paid Social,717,37.175,2,4,1,7,At Risk
C53519,32,2,321.73,2024-03-02,Germany,Organic Search,305,160.865,4,4,3,11,Loyal
C53520,12,1,281.98,2024-12-20,Netherlands,Direct,12,281.98,5,2,2,9,Potential Loyal
C53521,135,1,187.98,2024-08-19,Germany,Organic Search,135,187.98,2,2,2,6,Hibernating
C53522,93,6,1767.13,2023-12-27,Austria,Email,371,294.5216666666667,3,5,5,13,Loyal
C53525,269,1,16.74,2024-04-07,Netherlands,Organic Search,269,16.74,1,2,1,4,Hibernating
C53526,44,1,144.63,2024-11-18,Germany,Paid Social,44,144.63,4,2,2,8,Potential Loyal
C53527,3,2,600.68,2024-12-04,Germany,Paid Social,28,300.34,5,4,4,13,Champions
C53529,93,1,445.4,2024-09-30,Italy,Email,93,445.4,3,2,3,8,Potential Loyal
C53530,45,1,154.17,2024-11-17,Netherlands,Organic Search,45,154.17,4,2,2,8,Potential Loyal
C53531,46,2,474.09999999999997,2023-12-18,France,Organic Search,380,237.04999999999998,4,4,3,11,Loyal
C53532,100,1,499.4,2024-09-23,Germany,Organic Search,100,499.4,3,2,3,8,Potential Loyal
C53533,26,1,42.7,2024-12-06,Spain,Paid Social,26,42.7,4,2,1,7,New / Promising
C53534,102,2,287.94,2024-07-24,Germany,Paid Social,161,143.97,3,4,2,9,Potential Loyal
C53535,32,2,323.91999999999996,2024-11-28,Netherlands,Direct,34,161.95999999999998,4,4,3,11,Loyal
C53536,113,3,194.57999999999998,2023-06-28,Austria,Organic Search,553,64.86,3,5,2,10,Potential Loyal
C53538,22,2,703.34,2024-12-08,France,Email,24,351.67,5,4,4,13,Champions
C53539,139,2,397.58,2024-01-29,Germany,Email,338,198.79,2,4,3,9,At Risk
C53542,21,1,37.34,2024-12-11,Netherlands,Email,21,37.34,5,2,1,8,New / Promising
C53543,28,1,130.69,2024-12-04,Spain,Paid Social,28,130.69,4,2,2,8,Potential Loyal
C53545,28,2,929.45,2024-11-10,Germany,Organic Search,52,464.725,4,4,4,12,Champions
C53546,7,7,1732.4499999999998,2023-06-01,Austria,Email,580,247.4928571428571,5,5,5,15,Champions
C53547,315,1,68.39,2024-02-21,France,Email,315,68.39,1,2,1,4,Hibernating
C53548,98,2,610.4100000000001,2024-08-01,Germany,Email,153,305.20500000000004,3,4,4,11,Loyal
C53549,553,1,415.83,2023-06-28,Germany,Organic Search,553,415.83,1,2,3,6,Hibernating
C53550,262,1,229.39,2024-04-14,Netherlands,Email,262,229.39,2,2,2,6,Hibernating
C53551,201,1,41.93,2024-06-14,Austria,Referral,201,41.93,2,2,1,5,Hibernating
C53552,291,1,115.85,2024-03-16,Germany,Paid Social,291,115.85,1,2,1,4,Hibernating
C53555,155,2,844.47,2023-04-03,Germany,Organic Search,639,422.235,2,4,4,10,At Risk
C53556,79,1,410.56,2024-10-14,Germany,Referral,79,410.56,3,2,3,8,Potential Loyal
C53557,5,9,2405.27,2023-02-07,Austria,Paid Social,694,267.2522222222222,5,5,5,15,Champions
C53558,300,1,556.3,2024-03-07,Germany,Email,300,556.3,1,2,4,7,Can't Lose Them
C53560,294,2,310.45,2023-06-01,Germany,Email,580,155.225,1,4,3,8,At Risk
C53561,92,1,22.32,2024-10-01,Netherlands,Email,92,22.32,3,2,1,6,Needs Attention
C53567,385,2,703.47,2023-12-01,Netherlands,Paid Social,397,351.735,1,4,4,9,At Risk
C53571,21,5,1167.8,2023-09-06,Germany,Email,483,233.56,5,5,5,15,Champions
C53572,221,1,86.27000000000001,2024-05-25,France,Email,221,86.27000000000001,2,2,1,5,Hibernating
C53573,342,1,172.28,2024-01-25,Netherlands,Organic Search,342,172.28,1,2,2,5,Hibernating
C53574,220,1,678.21,2024-05-26,Italy,Organic Search,220,678.21,2,2,4,8,Can't Lose Them
C53575,125,1,148.26,2024-08-29,France,Paid Social,125,148.26,3,2,2,7,Potential Loyal
C53576,1,6,1242.56,2024-05-19,Netherlands,Referral,227,207.09333333333333,5,5,5,15,Champions
C53581,447,1,747.3100000000001,2023-10-12,Germany,Organic Search,447,747.3100000000001,1,2,4,7,Can't Lose Them
C53583,229,1,234.42,2024-05-17,Germany,Organic Search,229,234.42,2,2,2,6,Hibernating
C53584,17,1,189.67000000000002,2024-12-15,Austria,Organic Search,17,189.67000000000002,5,2,2,9,Potential Loyal
C53585,33,3,860.02,2024-02-05,Germany,Organic Search,331,286.67333333333335,4,5,4,13,Champions
C53587,18,3,1000.53,2024-05-05,Netherlands,Organic Search,241,333.51,5,5,5,15,Champions
C53588,274,1,333.67,2024-04-02,Germany,Email,274,333.67,1,2,3,6,Hibernating
C53589,284,3,1220.39,2023-09-20,Netherlands,Paid Social,469,406.7966666666667,1,5,5,11,At Risk
C53591,71,2,237.94,2024-01-10,Germany,Direct,357,118.97,3,4,2,9,Potential Loyal
C53592,24,3,863.6599999999999,2024-07-23,Germany,Paid Social,162,287.8866666666666,4,5,4,13,Champions
C53594,33,1,90.62,2024-11-29,Austria,Email,33,90.62,4,2,1,7,New / Promising
C53595,702,1,258.05,2023-01-30,Germany,Organic Search,702,258.05,1,2,2,5,Hibernating
C53596,25,1,180.87,2024-12-07,Spain,Direct,25,180.87,4,2,2,8,Potential Loyal
C53597,28,3,319.46,2024-03-25,Germany,Direct,282,106.48666666666666,4,5,3,12,Loyal
C53598,312,1,274.57,2024-02-24,Germany,Email,312,274.57,1,2,2,5,Hibernating
C53599,165,1,250.04,2024-07-20,Netherlands,Paid Social,165,250.04,2,2,2,6,Hibernating
C53600,27,1,26.31,2024-12-05,Germany,Paid Social,27,26.31,4,2,1,7,New / Promising
C53601,297,1,177.98,2024-03-10,Germany,Paid Social,297,177.98,1,2,2,5,Hibernating
C53602,25,2,316.77,2024-11-26,France,Referral,36,158.385,4,4,3,11,Loyal
C53605,8,1,852.1,2024-12-24,Netherlands,Organic Search,8,852.1,5,2,4,11,Potential Loyal
C53606,551,1,198.63,2023-06-30,France,Organic Search,551,198.63,1,2,2,5,Hibernating
C53607,64,6,607.54,2023-01-07,Spain,Organic Search,725,101.25666666666666,3,5,4,12,Loyal
C53608,178,2,228.57,2023-05-13,Netherlands,Paid Social,599,114.285,2,4,2,8,At Risk
C53609,222,2,619.71,2023-03-25,France,Direct,648,309.855,2,4,4,10,At Risk
C53610,32,4,777.3699999999999,2023-12-04,Germany,Organic Search,394,194.34249999999997,4,5,4,13,Champions
C53613,111,4,591.66,2023-07-07,Germany,Paid Social,544,147.915,3,5,4,12,Loyal
C53614,27,2,252.07000000000002,2024-05-04,Spain,Email,242,126.03500000000001,4,4,2,10,Potential Loyal
C53615,421,1,183.59,2023-11-07,Austria,Paid Social,421,183.59,1,2,2,5,Hibernating
C53617,185,2,1639.9299999999998,2024-04-24,Germany,Direct,252,819.9649999999999,2,4,5,11,At Risk
C53619,34,1,225.39000000000001,2024-11-28,France,Referral,34,225.39000000000001,4,2,2,8,Potential Loyal
C53620,2,3,493.5,2024-11-23,Austria,Paid Social,39,164.5,5,5,3,13,Loyal
C53622,151,1,800.15,2024-08-03,Germany,Paid Social,151,800.15,2,2,4,8,Can't Lose Them
C53623,592,1,364.21,2023-05-20,Germany,Referral,592,364.21,1,2,3,6,Hibernating
C53624,168,1,372.79,2024-07-17,Netherlands,Organic Search,168,372.79,2,2,3,7,Hibernating
C53625,346,1,476.68000000000006,2024-01-21,Netherlands,Organic Search,346,476.68000000000006,1,2,3,6,Hibernating
C53627,36,2,392.11,2024-11-12,Germany,Email,50,196.055,4,4,3,11,Loyal
C53629,8,5,1728.81,2023-04-08,Germany,Organic Search,634,345.762,5,5,5,15,Champions
C53630,1,1,204.1,2024-12-31,France,Paid Social,1,204.1,5,2,2,9,Potential Loyal
C53631,399,4,856.94,2023-04-05,Germany,Paid Social,637,214.235,1,5,4,10,At Risk
C53633,15,1,21.97,2024-12-17,Austria,Organic Search,15,21.97,5,2,1,8,New / Promising
C53634,103,3,582.72,2023-08-23,Italy,Organic Search,497,194.24,3,5,4,12,Loyal
C53636,11,4,448.62,2024-05-16,Germany,Email,230,112.155,5,5,3,13,Loyal
C53637,32,1,160.13,2024-11-30,Germany,Referral,32,160.13,4,2,2,8,Potential Loyal
C53639,35,3,924.4300000000001,2023-09-01,Netherlands,Direct,488,308.1433333333334,4,5,4,13,Champions
C53640,4,1,248.57,2024-12-28,Germany,Paid Social,4,248.57,5,2,2,9,Potential Loyal
C53642,7,3,849.93,2024-12-23,Germany,Direct,9,283.31,5,5,4,14,Champions
C53644,60,1,56.96,2024-11-02,Netherlands,Referral,60,56.96,3,2,1,6,Needs Attention
C53645,260,2,287.23,2023-08-13,Netherlands,Organic Search,507,143.615,2,4,2,8,At Risk
C53646,448,2,203.45999999999998,2023-07-09,France,Paid Social,542,101.72999999999999,1,4,2,7,At Risk
C53648,164,3,447.49,2024-02-03,Germany,Email,333,149.16333333333333,2,5,3,10,At Risk
C53649,25,3,589.6800000000001,2024-06-27,Germany,Referral,188,196.56000000000003,4,5,4,13,Champions
C53650,49,1,36.32,2024-11-13,Germany,Organic Search,49,36.32,4,2,1,7,New / Promising
C53654,193,3,423.06,2024-04-17,Italy,Paid Social,259,141.02,2,5,3,10,At Risk
C53656,581,1,44.95,2023-05-31,Germany,Organic Search,581,44.95,1,2,1,4,Hibernating
C53657,19,2,852.29,2024-09-08,Netherlands,Paid Social,115,426.145,5,4,4,13,Champions
C53658,26,3,1818.62,2024-04-24,Italy,Paid Social,252,606.2066666666666,4,5,5,14,Champions
C53662,9,2,86.91,2024-07-05,Netherlands,Email,180,43.455,5,4,1,10,New / Promising
C53663,16,1,71.92,2024-12-16,Spain,Referral,16,71.92,5,2,1,8,New / Promising
C53664,39,3,352.77,2023-12-06,France,Paid Social,392,117.58999999999999,4,5,3,12,Loyal
C53665,37,1,255.44000000000003,2024-11-25,Germany,Email,37,255.44000000000003,4,2,2,8,Potential Loyal
C53666,325,1,374.82,2024-02-11,Italy,Direct,325,374.82,1,2,3,6,Hibernating
C53667,43,3,127.53999999999999,2024-05-09,Germany,Direct,237,42.51333333333333,4,5,2,11,Potential Loyal
C53668,94,2,154.17,2024-09-18,Germany,Direct,105,77.085,3,4,2,9,Potential Loyal
C53669,84,1,1713.3000000000002,2024-10-09,Spain,Organic Search,84,1713.3000000000002,3,2,5,10,Potential Loyal
C53671,397,1,60.57,2023-12-01,Italy,Referral,397,60.57,1,2,1,4,Hibernating
C53672,220,1,258.7,2024-05-26,Spain,Referral,220,258.7,2,2,2,6,Hibernating
C53675,149,4,545.89,2023-08-13,France,Paid Social,507,136.4725,2,5,4,11,At Risk
C53678,37,1,44.79,2024-11-25,Austria,Referral,37,44.79,4,2,1,7,New / Promising
C53679,59,1,341.24,2024-11-03,France,Referral,59,341.24,3,2,3,8,Potential Loyal
C53680,23,4,524.01,2023-11-24,Spain,Organic Search,404,131.0025,5,5,3,13,Loyal
C53681,195,1,44.02,2024-06-20,Germany,Paid Social,195,44.02,2,3,1,6,At Risk
C53682,22,3,268.01,2024-11-07,Germany,Paid Social,55,89.33666666666666,5,5,2,12,Potential Loyal
C53683,31,3,1673.6399999999999,2024-11-22,France,Referral,40,557.88,4,5,5,14,Champions
C53686,73,1,55.11,2024-10-20,Germany,Referral,73,55.11,3,3,1,7,Needs Attention
C53687,87,3,440.06,2024-01-07,France,Email,360,146.68666666666667,3,5,3,11,Loyal
C53688,17,8,2169.2599999999998,2023-10-01,Germany,Organic Search,458,271.15749999999997,5,5,5,15,Champions
C53689,605,2,1410.25,2023-02-16,Germany,Email,685,705.125,1,4,5,10,At Risk
C53690,391,1,217.63,2023-12-07,Netherlands,Direct,391,217.63,1,3,2,6,At Risk
C53691,112,1,86.24,2024-09-11,Germany,Email,112,86.24,3,3,1,7,Needs Attention
C53692,490,1,485.71999999999997,2023-08-30,Germany,Direct,490,485.71999999999997,1,3,3,7,At Risk
C53693,275,1,49.42,2024-04-01,Germany,Direct,275,49.42,1,3,1,5,At Risk
C53695,172,6,1122.89,2023-05-22,Netherlands,Email,590,187.14833333333334,2,5,5,12,At Risk
C53697,16,2,780.36,2024-05-17,Germany,Paid Social,229,390.18,5,4,4,13,Champions
C53700,156,1,333.46,2024-07-29,Netherlands,Organic Search,156,333.46,2,3,3,8,At Risk
C53701,22,1,105.72,2024-12-10,Germany,Email,22,105.72,5,3,1,9,New / Promising
C53703,15,2,388.67,2023-11-26,Germany,Paid Social,402,194.335,5,4,3,12,Loyal
C53704,27,2,370.36,2024-09-12,Germany,Paid Social,111,185.18,4,4,3,11,Loyal
C53706,142,3,1313.83,2023-06-30,Netherlands,Direct,551,437.9433333333333,2,5,5,12,At Risk
C53707,24,2,505.48,2024-12-01,Netherlands,Paid Social,31,252.74,4,4,3,11,Loyal
C53708,29,2,550.04,2024-11-24,Spain,Organic Search,38,275.02,4,4,4,12,Champions
C53709,263,1,587.74,2024-04-13,Germany,Direct,263,587.74,1,3,4,8,At Risk
C53710,388,2,771.52,2023-03-03,Spain,Referral,670,385.76,1,4,4,9,At Risk
C53712,1,2,312.82,2024-12-25,Germany,Referral,7,156.41,5,4,3,12,Loyal
C53713,5,11,2908.42,2024-11-14,Germany,Organic Search,48,264.4018181818182,5,5,5,15,Champions
C53714,264,3,528.71,2023-12-07,Germany,Referral,391,176.23666666666668,1,5,3,9,At Risk
C53715,214,1,85.12,2024-06-01,Italy,Organic Search,214,85.12,2,3,1,6,At Risk
C53716,35,1,10.01,2024-11-27,Germany,Paid Social,35,10.01,4,3,1,8,New / Promising
C53718,225,2,394.54,2024-05-07,Netherlands,Referral,239,197.27,2,4,3,9,At Risk
C53721,187,2,632.81,2023-06-21,Austria,Organic Search,560,316.405,2,4,4,10,At Risk
C53723,19,4,1920.01,2023-10-16,Spain,Organic Search,443,480.0025,5,5,5,15,Champions
C53725,23,3,951.73,2023-05-18,Germany,Paid Social,594,317.24333333333334,5,5,4,14,Champions
C53730,434,1,35.42,2023-10-25,Austria,Organic Search,434,35.42,1,3,1,5,At Risk
C53733,214,1,502.65999999999997,2024-06-01,Italy,Paid Social,214,502.65999999999997,2,3,3,8,At Risk
C53735,236,4,558.9200000000001,2024-01-13,France,Direct,354,139.73000000000002,2,5,4,11,At Risk
C53736,15,1,368.48999999999995,2024-12-17,Germany,Paid Social,15,368.48999999999995,5,3,3,11,Loyal
C53742,235,5,540.6800000000001,2023-06-16,Italy,Organic Search,565,108.13600000000001,2,5,3,10,At Risk
C53743,68,2,528.42,2024-05-12,Italy,Organic Search,234,264.21,3,4,3,10,Loyal
C53744,8,1,64.89,2024-12-24,Netherlands,Direct,8,64.89,5,3,1,9,New / Promising
C53746,4,4,334.65999999999997,2024-12-14,France,Direct,18,83.66499999999999,5,5,3,13,Loyal
C53748,282,1,98.32,2024-03-25,Germany,Direct,282,98.32,1,3,1,5,At Risk
C53749,417,1,143.57,2023-11-11,Spain,Paid Social,417,143.57,1,3,2,6,At Risk
C53751,57,2,664.84,2023-06-20,Germany,Referral,561,332.42,3,4,4,11,Loyal
C53752,356,3,659.3,2023-03-24,Germany,Organic Search,649,219.76666666666665,1,5,4,10,At Risk
C53753,27,5,1427.23,2023-09-18,France,Paid Social,471,285.446,4,5,5,14,Champions
C53754,375,2,440.19,2023-05-28,Germany,Referral,584,220.095,1,4,3,8,At Risk
C53755,55,2,341.38,2024-06-01,Italy,Email,214,170.69,3,4,3,10,Loyal
C53756,86,1,379.6,2024-10-07,France,Paid Social,86,379.6,3,3,3,9,Loyal
C53757,649,1,106.41,2023-03-24,Spain,Paid Social,649,106.41,1,3,1,5,At Risk
C53759,447,1,406.51,2023-10-12,Germany,Direct,447,406.51,1,3,3,7,At Risk
C53760,300,1,60.76,2024-03-07,Austria,Organic Search,300,60.76,1,3,1,5,At Risk
C53761,399,1,186.12,2023-11-29,Netherlands,Organic Search,399,186.12,1,3,2,6,At Risk
C53762,25,1,9.53,2024-12-07,France,Organic Search,25,9.53,4,3,1,8,New / Promising
C53763,329,6,3476.88,2023-02-06,Austria,Direct,695,579.48,1,5,5,11,At Risk
C53765,41,1,300.64,2024-11-21,Netherlands,Paid Social,41,300.64,4,3,3,10,Loyal
C53767,491,1,11.91,2023-08-29,Austria,Organic Search,491,11.91,1,3,1,5,At Risk
C53770,203,1,1106.21,2024-06-12,Germany,Paid Social,203,1106.21,2,3,5,10,At Risk
C53771,168,3,662.97,2024-02-17,Germany,Organic Search,319,220.99,2,5,4,11,At Risk
C53772,112,4,1078.13,2024-01-05,Austria,Direct,362,269.5325,3,5,5,13,Loyal
C53774,249,1,627.98,2024-04-27,Germany,Email,249,627.98,2,3,4,9,At Risk
C53775,157,1,157.74,2024-07-28,Netherlands,Organic Search,157,157.74,2,3,2,7,At Risk
C53776,168,1,29.26,2024-07-17,Germany,Organic Search,168,29.26,2,3,1,6,At Risk
C53778,35,3,877.77,2023-01-05,Italy,Paid Social,727,292.59,4,5,4,13,Champions
C53780,34,5,1246.83,2024-09-10,Germany,Email,113,249.36599999999999,4,5,5,14,Champions
C53784,427,2,1284.85,2023-09-10,Italy,Paid Social,479,642.425,1,4,5,10,At Risk
C53785,88,1,263.06,2024-10-05,Netherlands,Paid Social,88,263.06,3,3,2,8,Potential Loyal
C53788,20,3,379.6,2024-07-01,France,Referral,184,126.53333333333335,5,5,3,13,Loyal
C53789,390,1,423.03,2023-12-08,Germany,Organic Search,390,423.03,1,3,3,7,At Risk
C53790,222,4,986.86,2023-02-27,Germany,Paid Social,674,246.715,2,5,5,12,At Risk
C53791,552,2,1500.32,2023-06-02,Spain,Direct,579,750.16,1,4,5,10,At Risk
C53792,311,1,11.91,2024-02-25,France,Paid Social,311,11.91,1,3,1,5,At Risk
C53793,46,1,164.45,2024-11-16,France,Paid Social,46,164.45,4,3,2,9,Potential Loyal
C53794,523,1,109.3,2023-07-28,Germany,Email,523,109.3,1,3,1,5,At Risk
C53799,42,1,152.33,2024-11-20,France,Organic Search,42,152.33,4,3,2,9,Potential Loyal
C53801,480,1,46.59,2023-09-09,Germany,Email,480,46.59,1,3,1,5,At Risk
C53802,20,2,817.33,2023-05-16,Austria,Email,596,408.665,5,4,4,13,Champions
C53803,191,2,421.86,2023-04-21,Italy,Paid Social,621,210.93,2,4,3,9,At Risk
C53805,181,1,502.62,2024-07-04,Netherlands,Email,181,502.62,2,3,3,8,At Risk
C53806,37,2,183.49,2024-11-24,Germany,Paid Social,38,91.745,4,4,2,10,Potential Loyal
C53807,19,1,235.89,2024-12-13,Austria,Organic Search,19,235.89,5,3,2,10,Potential Loyal
C53808,402,1,470.2,2023-11-26,Spain,Organic Search,402,470.2,1,3,3,7,At Risk
C53810,19,2,1131.3,2024-12-08,Italy,Direct,24,565.65,5,4,5,14,Champions
C53811,31,2,497.72999999999996,2024-11-03,Netherlands,Email,59,248.86499999999998,4,4,3,11,Loyal
C53812,92,5,1361.96,2023-02-19,France,Paid Social,682,272.392,3,5,5,13,Loyal
C53813,37,1,109.36,2024-11-25,Germany,Direct,37,109.36,4,3,1,8,New / Promising
C53815,187,1,222.07,2024-06-28,Spain,Paid Social,187,222.07,2,3,2,7,At Risk
C53817,240,1,1383.13,2024-05-06,Germany,Referral,240,1383.13,2,3,5,10,At Risk
C53818,314,1,310.15,2024-02-22,France,Email,314,310.15,1,3,3,7,At Risk
C53819,40,4,721.9399999999999,2024-07-23,Austria,Referral,162,180.48499999999999,4,5,4,13,Champions
C53820,222,1,1038.72,2024-05-24,Italy,Paid Social,222,1038.72,2,3,5,10,At Risk
C53823,20,4,1051.42,2024-06-09,Germany,Direct,206,262.855,5,5,5,15,Champions
C53824,29,4,806.36,2024-10-20,Germany,Organic Search,73,201.59,4,5,4,13,Champions
C53825,380,2,929.27,2023-02-13,Italy,Email,688,464.635,1,4,4,9,At Risk
C53826,142,1,1187.9,2024-08-12,France,Email,142,1187.9,2,3,5,10,At Risk
C53827,177,2,249.67,2024-05-27,France,Organic Search,219,124.835,2,4,2,8,At Risk
C53830,79,3,593.12,2024-04-14,Italy,Email,262,197.70666666666668,3,5,4,12,Loyal
C53831,558,1,438.20000000000005,2023-06-23,France,Direct,558,438.20000000000005,1,3,3,7,At Risk
C53832,242,1,154.28,2024-05-04,Germany,Paid Social,242,154.28,2,3,2,7,At Risk
C53833,344,1,101.8,2024-01-23,Germany,Direct,344,101.8,1,3,1,5,At Risk
C53834,52,2,1346.28,2024-08-26,Italy,Organic Search,128,673.14,3,4,5,12,Loyal
C53838,34,1,181.65,2024-11-28,Germany,Paid Social,34,181.65,4,3,2,9,Potential Loyal
C53839,268,2,1091.07,2023-07-16,France,Email,535,545.535,1,4,5,10,At Risk
C53841,27,4,694.5,2024-10-21,Austria,Referral,72,173.625,4,5,4,13,Champions
C53842,45,2,105.45,2024-02-21,Italy,Email,315,52.725,4,4,1,9,New / Promising
C53843,111,1,207.22000000000003,2024-09-12,Germany,Organic Search,111,207.22000000000003,3,3,2,8,Potential Loyal
C53845,337,1,41.87,2024-01-30,Germany,Email,337,41.87,1,3,1,5,At Risk
C53849,169,4,748.48,2023-01-04,Italy,Paid Social,728,187.12,2,5,4,11,At Risk
C53850,394,1,39.54,2023-12-04,Germany,Paid Social,394,39.54,1,3,1,5,At Risk
C53851,563,2,412.87,2023-03-05,Spain,Paid Social,668,206.435,1,4,3,8,At Risk
C53852,107,3,558.0,2024-04-18,Germany,Paid Social,258,186.0,3,5,4,12,Loyal
C53853,291,1,24.87,2024-03-16,France,Organic Search,291,24.87,1,3,1,5,At Risk
C53855,23,2,1220.22,2024-11-14,Italy,Email,48,610.11,5,4,5,14,Champions
C53856,32,4,1086.3600000000001,2023-02-25,Germany,Organic Search,676,271.59000000000003,4,5,5,14,Champions
C53857,12,1,71.11,2024-12-20,Germany,Paid Social,12,71.11,5,3,1,9,New / Promising
C53859,359,1,114.05000000000001,2024-01-08,Austria,Email,359,114.05000000000001,1,3,1,5,At Risk
C53860,5,9,3206.61,2024-10-13,Netherlands,Email,80,356.29,5,5,5,15,Champions
C53861,339,4,1189.45,2023-11-15,Germany,Email,413,297.3625,1,5,5,11,At Risk
C53862,38,1,435.29999999999995,2024-11-24,Germany,Email,38,435.29999999999995,4,3,3,10,Loyal
C53863,213,1,355.1,2024-06-02,Spain,Organic Search,213,355.1,2,3,3,8,At Risk
C53865,85,2,209.62,2024-09-19,Netherlands,Organic Search,104,104.81,3,4,2,9,Potential Loyal
C53867,13,3,380.16999999999996,2024-09-16,Germany,Paid Social,107,126.72333333333331,5,5,3,13,Loyal
C53868,22,4,674.4100000000001,2024-05-30,Italy,Referral,216,168.60250000000002,5,5,4,14,Champions
C53870,120,2,319.52,2024-06-18,Germany,Email,197,159.76,3,4,3,10,Loyal
C53871,191,5,2413.2999999999997,2023-11-06,Italy,Organic Search,422,482.65999999999997,2,5,5,12,At Risk
C53873,129,1,269.67,2024-08-25,Germany,Email,129,269.67,3,3,2,8,Potential Loyal
C53875,393,1,149.17,2023-12-05,Austria,Paid Social,393,149.17,1,3,2,6,At Risk
C53876,30,2,123.47,2024-11-23,Germany,Paid Social,39,61.735,4,4,1,9,New / Promising
C53878,90,1,327.76,2024-10-03,Austria,Organic Search,90,327.76,3,3,3,9,Loyal
C53879,271,1,113.64,2024-04-05,Germany,Direct,271,113.64,1,3,1,5,At Risk
C53881,388,3,670.15,2023-03-19,Germany,Referral,654,223.38333333333333,1,5,4,10,At Risk
C53882,263,1,276.86,2024-04-13,Germany,Organic Search,263,276.86,1,3,2,6,At Risk
C53883,85,1,959.67,2024-10-08,Netherlands,Email,85,959.67,3,3,4,10,Loyal
C53884,129,1,206.51999999999998,2024-08-25,Netherlands,Organic Search,129,206.51999999999998,3,3,2,8,Potential Loyal
C53885,25,1,116.96000000000001,2024-12-07,France,Direct,25,116.96000000000001,4,3,1,8,New / Promising
C53886,150,3,1178.91,2024-06-10,Netherlands,Paid Social,205,392.97,2,5,5,12,At Risk
C53887,250,1,176.36,2024-04-26,Spain,Organic Search,250,176.36,2,3,2,7,At Risk
C53889,114,2,950.31,2023-11-28,Spain,Referral,400,475.155,3,4,4,11,Loyal
C53892,13,3,683.32,2024-03-13,France,Paid Social,294,227.77333333333334,5,5,4,14,Champions
C53893,1,7,1654.1499999999999,2024-08-23,Germany,Referral,131,236.30714285714285,5,5,5,15,Champions
C53897,191,1,310.58,2024-06-24,Germany,Email,191,310.58,2,3,3,8,At Risk
C53899,33,1,434.84,2024-11-29,Germany,Organic Search,33,434.84,4,3,3,10,Loyal
C53901,19,6,1071.66,2023-01-31,Netherlands,Organic Search,701,178.61,5,5,5,15,Champions
C53902,56,1,771.21,2024-11-06,Germany,Paid Social,56,771.21,3,3,4,10,Loyal
C53903,1,3,525.9300000000001,2024-06-27,Germany,Referral,188,175.31000000000003,5,5,3,13,Loyal
C53904,22,3,617.68,2024-08-13,Spain,Organic Search,141,205.89333333333332,5,5,4,14,Champions
C53905,87,2,600.14,2023-11-27,Germany,Paid Social,401,300.07,3,4,4,11,Loyal
C53908,184,2,628.49,2023-05-15,France,Referral,597,314.245,2,4,4,10,At Risk
C53909,93,4,705.9399999999999,2023-10-07,Spain,Paid Social,452,176.48499999999999,3,5,4,12,Loyal
C53910,54,2,506.42,2023-11-25,Netherlands,Email,403,253.21,3,4,3,10,Loyal
C53914,556,1,142.56,2023-06-25,Germany,Organic Search,556,142.56,1,3,2,6,At Risk
C53916,345,1,183.73,2024-01-22,Germany,Organic Search,345,183.73,1,3,2,6,At Risk
C53919,60,4,1485.1100000000001,2023-08-09,Germany,Email,511,371.27750000000003,3,5,5,13,Loyal
C53920,65,1,41.43,2024-10-28,Germany,Organic Search,65,41.43,3,3,1,7,Needs Attention
C53921,221,1,389.53999999999996,2024-05-25,Netherlands,Organic Search,221,389.53999999999996,2,3,3,8,At Risk
C53923,33,1,137.71,2024-11-29,Italy,Direct,33,137.71,4,3,2,9,Potential Loyal
C53927,46,1,395.10999999999996,2024-11-16,Netherlands,Referral,46,395.10999999999996,4,3,3,10,Loyal
C53928,1,8,2653.66,2024-12-28,Germany,Organic Search,4,331.7075,5,5,5,15,Champions
C53929,33,3,934.2099999999999,2023-02-06,France,Email,695,311.4033333333333,4,5,4,13,Champions
C53931,65,3,638.56,2023-11-23,Spain,Paid Social,405,212.85333333333332,3,5,4,12,Loyal
C53934,26,1,79.37,2024-12-06,France,Paid Social,26,79.37,4,3,1,8,New / Promising
C53935,1,1,678.9200000000001,2024-12-31,Germany,Paid Social,1,678.9200000000001,5,3,4,12,Loyal
C53937,202,1,76.2,2024-06-13,Austria,Referral,202,76.2,2,3,1,6,At Risk
C53938,98,2,1459.79,2024-07-17,France,Direct,168,729.895,3,4,5,12,Loyal
C53939,115,2,314.53,2023-07-28,Germany,Email,523,157.265,3,4,3,10,Loyal
C53940,41,3,1453.8100000000002,2024-10-22,Germany,Email,71,484.6033333333334,4,5,5,14,Champions
C53941,37,4,1734.23,2024-07-07,Italy,Paid Social,178,433.5575,4,5,5,14,Champions
C53942,392,2,267.72,2023-11-24,Germany,Organic Search,404,133.86,1,4,2,7,At Risk
C53943,245,2,289.07,2023-04-13,Germany,Organic Search,629,144.535,2,4,2,8,At Risk
C53944,39,4,799.12,2023-12-01,Netherlands,Organic Search,397,199.78,4,5,4,13,Champions
C53945,476,2,569.45,2023-09-12,Austria,Organic Search,477,284.725,1,4,4,9,At Risk
C53946,506,1,835.4399999999999,2023-08-14,Netherlands,Email,506,835.4399999999999,1,3,4,8,At Risk
C53948,357,1,158.43,2024-01-10,Germany,Organic Search,357,158.43,1,3,2,6,At Risk
C53949,28,1,158.64,2024-12-04,Italy,Paid Social,28,158.64,4,3,2,9,Potential Loyal
C53952,171,1,26.9,2024-07-14,Netherlands,Organic Search,171,26.9,2,3,1,6,At Risk
C53953,18,3,783.65,2024-09-22,Germany,Organic Search,101,261.21666666666664,5,5,4,14,Champions
C53955,125,4,296.07,2023-04-21,Germany,Referral,621,74.0175,3,5,3,11,Loyal
C53957,136,2,378.46000000000004,2024-07-18,Italy,Referral,167,189.23000000000002,2,4,3,9,At Risk
C53959,66,1,234.42,2024-10-27,Netherlands,Direct,66,234.42,3,3,2,8,Potential Loyal
C53960,62,1,11.81,2024-10-31,Germany,Paid Social,62,11.81,3,3,1,7,Needs Attention
C53961,24,2,257.78,2024-10-17,Germany,Email,76,128.89,4,4,2,10,Potential Loyal
C53963,222,2,611.21,2023-03-18,Germany,Paid Social,655,305.605,2,4,4,10,At Risk
C53964,83,4,801.9,2023-07-01,Netherlands,Paid Social,550,200.475,3,5,4,12,Loyal
C53965,121,2,815.89,2023-11-11,Italy,Organic Search,417,407.945,3,4,4,11,Loyal
C53967,162,1,143.04,2024-07-23,Italy,Organic Search,162,143.04,2,3,2,7,At Risk
C53968,308,2,59.760000000000005,2023-09-03,Netherlands,Email,486,29.880000000000003,1,4,1,6,At Risk
C53969,153,5,1450.36,2023-06-27,Netherlands,Direct,554,290.072,2,5,5,12,At Risk
C53970,18,2,1004.8699999999999,2024-11-25,Germany,Paid Social,37,502.43499999999995,5,4,5,14,Champions
C53973,220,1,377.27,2024-05-26,France,Paid Social,220,377.27,2,3,3,8,At Risk
C53974,4,2,564.61,2024-12-24,Germany,Direct,8,282.305,5,4,4,13,Champions
C53975,51,2,185.88,2024-10-14,Austria,Email,79,92.94,4,4,2,10,Potential Loyal
C53976,99,3,835.68,2023-03-25,Germany,Email,648,278.56,3,5,4,12,Loyal
C53977,254,2,458.47,2023-03-15,Austria,Paid Social,658,229.235,2,4,3,9,At Risk
C53980,530,2,871.65,2023-03-24,Germany,Organic Search,649,435.825,1,4,4,9,At Risk
C53982,152,1,29.26,2024-08-02,Netherlands,Organic Search,152,29.26,2,3,1,6,At Risk
C53983,18,5,974.23,2023-04-10,Germany,Paid Social,632,194.846,5,5,5,15,Champions
C53984,163,4,1167.29,2023-10-10,Italy,Direct,449,291.8225,2,5,5,12,At Risk
C53986,16,1,108.72,2024-12-16,Germany,Paid Social,16,108.72,5,3,1,9,New / Promising
C53987,12,4,1846.23,2023-06-13,Germany,Direct,568,461.5575,5,5,5,15,Champions
C53988,100,6,2224.79,2024-04-29,Italy,Organic Search,247,370.79833333333335,3,5,5,13,Loyal
C53992,37,5,747.0400000000001,2023-05-10,Italy,Email,602,149.40800000000002,4,5,4,13,Champions
C53996,30,2,450.7,2024-11-03,Germany,Email,59,225.35,4,4,3,11,Loyal
C53997,33,2,1492.42,2024-09-22,Italy,Organic Search,101,746.21,4,4,5,13,Champions
C53998,193,1,1164.52,2024-06-22,Italy,Paid Social,193,1164.52,2,3,5,10,At Risk
